timestamp,users_holding
"2018-05-02 04:55:26",15
"2018-05-02 06:40:37",15
"2018-05-03 00:37:25",14
"2018-05-03 06:35:44",14
"2018-05-03 06:50:43",14
"2018-05-03 07:08:58",14
"2018-05-03 07:36:13",14
"2018-05-03 07:45:25",14
"2018-05-03 11:21:20",14
"2018-05-03 12:44:43",14
"2018-05-03 13:44:44",14
"2018-05-03 14:44:44",14
"2018-05-03 15:44:44",14
"2018-05-03 16:44:44",14
"2018-05-03 17:44:45",14
"2018-05-03 18:44:44",14
"2018-05-03 19:44:44",14
"2018-05-03 20:44:44",14
"2018-05-03 21:44:43",14
"2018-05-03 22:44:45",14
"2018-05-03 23:44:43",14
"2018-05-04 00:44:44",14
"2018-05-04 01:44:44",14
"2018-05-04 02:44:45",14
"2018-05-04 03:44:44",14
"2018-05-04 04:44:44",14
"2018-05-04 05:44:44",14
"2018-05-04 06:44:44",14
"2018-05-04 07:44:44",14
"2018-05-04 08:44:45",14
"2018-05-04 09:44:45",14
"2018-05-04 10:44:44",14
"2018-05-04 11:44:44",14
"2018-05-04 12:44:43",14
"2018-05-04 20:49:28",14
"2018-05-04 20:55:28",14
"2018-05-04 21:01:27",14
"2018-05-04 21:07:27",14
"2018-05-04 21:13:27",14
"2018-05-04 21:19:26",14
"2018-05-04 21:25:26",14
"2018-05-04 21:31:25",14
"2018-05-04 21:44:43",14
"2018-05-04 22:44:44",14
"2018-05-04 23:44:44",14
"2018-05-05 00:44:43",14
"2018-05-05 01:44:44",14
"2018-05-05 02:44:44",14
"2018-05-05 03:44:44",14
"2018-05-05 04:44:44",14
"2018-05-05 05:44:43",14
"2018-05-05 06:44:45",14
"2018-05-05 07:44:45",14
"2018-05-05 08:44:44",14
"2018-05-05 09:44:43",14
"2018-05-05 10:44:45",14
"2018-05-05 11:44:43",14
"2018-05-05 12:44:44",14
"2018-05-05 13:44:45",14
"2018-05-05 14:44:44",14
"2018-05-05 15:44:45",14
"2018-05-05 16:44:45",14
"2018-05-05 17:44:45",14
"2018-05-05 18:44:44",14
"2018-05-05 19:44:44",14
"2018-05-05 20:44:44",14
"2018-05-05 21:44:43",14
"2018-05-05 22:44:44",14
"2018-05-05 23:44:43",14
"2018-05-06 00:44:43",14
"2018-05-06 01:44:44",14
"2018-05-06 02:44:44",14
"2018-05-06 03:44:43",14
"2018-05-06 04:44:44",14
"2018-05-06 05:44:44",14
"2018-05-06 06:44:44",14
"2018-05-06 07:44:48",14
"2018-05-06 08:44:42",14
"2018-05-06 09:44:43",14
"2018-05-06 10:44:43",14
"2018-05-06 11:44:44",14
"2018-05-06 12:44:43",14
"2018-05-06 13:44:44",14
"2018-05-06 14:44:44",14
"2018-05-06 15:44:44",14
"2018-05-06 16:44:44",14
"2018-05-06 17:44:43",14
"2018-05-06 18:44:45",14
"2018-05-06 19:44:44",14
"2018-05-06 20:44:45",14
"2018-05-06 21:44:44",14
"2018-05-06 22:44:43",14
"2018-05-06 23:44:44",14
"2018-05-07 00:44:43",14
"2018-05-07 01:44:43",14
"2018-05-07 01:58:20",14
"2018-05-07 02:44:44",14
"2018-05-07 03:44:44",14
"2018-05-07 04:44:43",14
"2018-05-07 05:44:44",14
"2018-05-07 06:44:43",14
"2018-05-07 07:44:44",14
"2018-05-07 08:44:46",14
"2018-05-07 09:44:43",14
"2018-05-07 10:44:43",14
"2018-05-07 11:44:43",14
"2018-05-07 12:44:43",14
"2018-05-07 13:44:54",14
"2018-05-07 14:44:43",15
"2018-05-07 15:44:44",15
"2018-05-07 16:44:49",15
"2018-05-07 22:44:43",15
"2018-05-07 23:44:43",15
"2018-05-08 00:44:46",15
"2018-05-08 01:44:49",15
"2018-05-08 02:44:43",15
"2018-05-08 03:44:43",15
"2018-05-08 04:44:44",15
"2018-05-08 05:44:43",15
"2018-05-08 06:44:44",15
"2018-05-08 07:44:44",15
"2018-05-08 08:44:44",15
"2018-05-08 09:44:43",15
"2018-05-08 10:44:43",15
"2018-05-08 11:44:42",15
"2018-05-08 12:44:42",15
"2018-05-08 13:44:44",15
"2018-05-08 14:44:44",15
"2018-05-08 15:44:43",15
"2018-05-08 16:44:43",15
"2018-05-08 17:44:43",15
"2018-05-08 18:44:44",15
"2018-05-08 19:44:43",15
"2018-05-08 20:44:43",15
"2018-05-08 21:44:42",15
"2018-05-08 22:44:43",15
"2018-05-08 23:44:48",15
"2018-05-09 00:44:44",15
"2018-05-09 01:44:43",15
"2018-05-09 02:44:43",15
"2018-05-09 03:44:43",15
"2018-05-09 04:44:44",15
"2018-05-09 05:44:44",15
"2018-05-09 06:44:43",15
"2018-05-09 07:44:44",15
"2018-05-09 08:44:44",15
"2018-05-09 09:44:42",15
"2018-05-09 10:44:43",15
"2018-05-09 11:44:43",15
"2018-05-09 12:44:42",15
"2018-05-09 13:44:45",15
"2018-05-09 14:44:43",15
"2018-05-09 15:44:43",15
"2018-05-09 16:44:43",15
"2018-05-09 17:44:45",15
"2018-05-09 18:44:43",15
"2018-05-09 19:44:44",15
"2018-05-09 20:44:42",16
"2018-05-09 21:44:44",16
"2018-05-09 22:44:43",16
"2018-05-09 23:44:42",16
"2018-05-10 00:44:44",16
"2018-05-10 01:44:44",16
"2018-05-10 02:44:44",16
"2018-05-10 03:44:45",16
"2018-05-10 04:44:45",16
"2018-05-10 05:44:45",16
"2018-05-10 06:44:44",16
"2018-05-10 07:44:46",16
"2018-05-10 08:44:45",16
"2018-05-10 09:44:43",16
"2018-05-10 10:44:45",16
"2018-05-10 11:44:44",16
"2018-05-10 12:44:44",16
"2018-05-10 13:44:55",16
"2018-05-10 14:44:45",16
"2018-05-10 15:44:45",16
"2018-05-10 16:44:45",16
"2018-05-10 17:44:45",16
"2018-05-10 18:44:45",16
"2018-05-10 19:44:46",16
"2018-05-10 20:44:46",16
"2018-05-10 21:44:45",16
"2018-05-10 22:44:45",16
"2018-05-10 23:44:46",16
"2018-05-11 00:44:46",16
"2018-05-11 01:44:47",16
"2018-05-11 02:44:46",16
"2018-05-11 03:44:46",16
"2018-05-11 04:44:46",16
"2018-05-11 05:44:47",16
"2018-05-11 06:44:45",16
"2018-05-11 07:44:45",16
"2018-05-11 08:44:45",16
"2018-05-11 09:44:45",16
"2018-05-11 10:44:44",16
"2018-05-11 11:44:44",16
"2018-05-11 12:44:43",16
"2018-05-11 13:44:47",16
"2018-05-11 14:44:46",16
"2018-05-11 15:44:46",16
"2018-05-11 16:44:46",16
"2018-05-11 17:44:46",16
"2018-05-11 18:44:46",16
"2018-05-11 19:44:46",16
"2018-05-11 20:44:45",16
"2018-05-11 21:44:45",16
"2018-05-11 22:44:45",16
"2018-05-11 23:44:45",16
"2018-05-12 00:44:46",16
"2018-05-12 01:44:46",16
"2018-05-12 02:44:47",16
"2018-05-12 03:44:46",16
"2018-05-12 04:44:46",16
"2018-05-12 05:44:46",16
"2018-05-12 06:44:46",16
"2018-05-12 07:44:46",16
"2018-05-12 08:44:46",16
"2018-05-12 09:44:45",16
"2018-05-12 10:44:46",16
"2018-05-12 11:44:45",16
"2018-05-12 12:44:45",16
"2018-05-12 13:44:47",16
"2018-05-12 14:44:46",16
"2018-05-12 15:44:47",16
"2018-05-12 16:44:45",16
"2018-05-12 17:44:47",16
"2018-05-12 18:44:45",16
"2018-05-12 19:44:47",16
"2018-05-12 20:44:45",16
"2018-05-12 21:44:45",16
"2018-05-12 22:44:45",16
"2018-05-12 23:44:46",16
"2018-05-13 00:44:46",16
"2018-05-13 01:44:45",16
"2018-05-13 02:44:45",16
"2018-05-13 03:44:45",16
"2018-05-13 04:44:46",16
"2018-05-13 05:44:46",16
"2018-05-13 06:44:47",16
"2018-05-13 07:44:45",16
"2018-05-13 08:44:45",16
"2018-05-13 09:44:46",16
"2018-05-13 10:44:44",16
"2018-05-13 11:44:44",16
"2018-05-13 12:44:46",16
"2018-05-13 13:44:45",16
"2018-05-13 14:44:45",16
"2018-05-13 15:44:45",16
"2018-05-13 16:44:46",16
"2018-05-13 17:44:46",16
"2018-05-13 18:44:46",16
"2018-05-13 19:44:44",16
"2018-05-13 20:44:46",16
"2018-05-13 21:44:46",16
"2018-05-13 22:44:47",16
"2018-05-13 23:44:46",16
"2018-05-14 00:44:46",16
"2018-05-14 01:44:46",16
"2018-05-14 02:44:46",16
"2018-05-14 03:44:46",16
"2018-05-14 04:44:47",16
"2018-05-14 05:44:46",16
"2018-05-14 06:44:45",16
"2018-05-14 07:44:45",16
"2018-05-14 08:44:45",16
"2018-05-14 09:44:45",16
"2018-05-14 10:44:45",16
"2018-05-14 11:44:45",16
"2018-05-14 12:44:44",16
"2018-05-14 13:44:47",16
"2018-05-14 14:44:46",17
"2018-05-14 15:44:45",17
"2018-05-14 16:44:45",17
"2018-05-14 17:44:45",17
"2018-05-14 18:44:47",17
"2018-05-14 19:44:45",17
"2018-05-14 20:44:45",20
"2018-05-14 21:44:45",20
"2018-05-14 22:44:46",20
"2018-05-14 23:44:46",20
"2018-05-15 00:44:46",20
"2018-05-15 01:44:46",20
"2018-05-15 02:44:46",20
"2018-05-15 03:44:46",20
"2018-05-15 04:44:46",20
"2018-05-15 05:44:45",20
"2018-05-15 06:44:45",20
"2018-05-15 07:44:45",20
"2018-05-15 08:44:45",20
"2018-05-15 09:44:45",20
"2018-05-15 10:44:46",20
"2018-05-15 11:44:45",20
"2018-05-15 12:44:45",20
"2018-05-15 13:44:46",20
"2018-05-15 14:44:46",20
"2018-05-15 15:44:45",20
"2018-05-15 16:44:45",20
"2018-05-15 17:44:44",20
"2018-05-15 18:44:49",20
"2018-05-15 19:44:44",20
"2018-05-15 20:44:44",20
"2018-05-15 21:44:43",20
"2018-05-15 22:44:45",20
"2018-05-15 23:44:45",20
"2018-05-16 00:44:44",20
"2018-05-16 01:44:45",20
"2018-05-16 02:44:45",20
"2018-05-16 03:44:45",20
"2018-05-16 04:44:46",20
"2018-05-16 05:44:45",20
"2018-05-16 06:44:45",20
"2018-05-16 07:44:45",20
"2018-05-16 08:44:46",20
"2018-05-16 09:44:43",20
"2018-05-16 10:44:44",20
"2018-05-16 11:44:45",20
"2018-05-16 12:44:46",20
"2018-05-16 13:44:46",20
"2018-05-16 14:44:44",19
"2018-05-16 15:44:45",19
"2018-05-16 16:44:44",19
"2018-05-16 17:44:46",19
"2018-05-16 18:44:44",19
"2018-05-16 19:44:44",19
"2018-05-16 20:44:44",20
"2018-05-16 21:44:43",20
"2018-05-16 22:44:44",20
"2018-05-16 23:44:44",20
"2018-05-17 00:44:47",20
"2018-05-17 01:44:44",20
"2018-05-17 02:44:44",20
"2018-05-17 03:44:45",20
"2018-05-17 04:44:45",20
"2018-05-17 05:44:45",20
"2018-05-17 06:44:46",20
"2018-05-17 07:44:45",20
"2018-05-17 08:44:49",20
"2018-05-17 09:44:45",20
"2018-05-17 10:44:44",20
"2018-05-17 11:44:45",20
"2018-05-17 12:44:44",20
"2018-05-17 13:44:46",20
"2018-05-17 14:44:45",20
"2018-05-17 15:44:45",20
"2018-05-18 07:44:45",20
"2018-05-18 08:44:45",20
"2018-05-18 09:44:43",20
"2018-05-18 10:44:43",20
"2018-05-18 11:44:43",20
"2018-05-18 12:44:44",20
"2018-05-18 13:44:46",20
"2018-05-18 14:44:45",19
"2018-05-18 15:44:44",19
"2018-05-18 16:44:44",19
"2018-05-18 17:44:43",19
"2018-05-18 18:44:43",19
"2018-05-18 19:44:45",19
"2018-05-18 20:44:45",19
"2018-05-18 21:44:43",19
"2018-05-18 22:44:44",19
"2018-05-18 23:44:44",19
"2018-05-19 00:44:43",19
"2018-05-19 01:44:45",19
"2018-05-19 02:44:46",19
"2018-05-19 03:44:45",19
"2018-05-19 04:44:44",19
"2018-05-19 05:44:45",19
"2018-05-19 06:44:46",19
"2018-05-19 07:44:43",19
"2018-05-19 08:44:44",19
"2018-05-19 09:44:45",19
"2018-05-19 10:44:43",19
"2018-05-19 11:44:44",19
"2018-05-19 12:44:44",19
"2018-05-19 13:44:45",19
"2018-05-19 14:44:45",19
"2018-05-19 15:44:45",19
"2018-05-19 16:44:45",19
"2018-05-19 17:44:45",19
"2018-05-19 18:44:44",19
"2018-05-19 19:44:44",19
"2018-05-19 20:44:44",19
"2018-05-19 21:44:45",19
"2018-05-19 22:44:44",19
"2018-05-19 23:44:44",19
"2018-05-20 00:44:44",19
"2018-05-20 01:44:45",19
"2018-05-20 02:44:44",19
"2018-05-20 03:44:44",19
"2018-05-20 04:44:45",19
"2018-05-20 05:44:44",19
"2018-05-20 06:44:43",19
"2018-05-20 07:44:43",19
"2018-05-20 08:44:44",19
"2018-05-20 09:44:44",19
"2018-05-20 10:44:44",19
"2018-05-20 11:44:44",19
"2018-05-20 12:44:43",19
"2018-05-20 13:44:43",19
"2018-05-20 14:44:46",19
"2018-05-20 15:44:45",19
"2018-05-20 16:44:44",19
"2018-05-20 17:44:45",19
"2018-05-20 18:44:44",19
"2018-05-20 19:44:44",19
"2018-05-20 20:44:44",19
"2018-05-20 21:44:43",19
"2018-05-20 22:44:44",19
"2018-05-20 23:44:44",19
"2018-05-21 00:44:45",19
"2018-05-21 01:44:58",19
"2018-05-21 02:44:52",19
"2018-05-21 03:44:45",19
"2018-05-21 04:44:50",19
"2018-05-21 05:44:44",19
"2018-05-21 06:44:45",19
"2018-05-21 07:44:45",19
"2018-05-21 08:44:47",19
"2018-05-21 09:44:45",19
"2018-05-21 10:44:44",19
"2018-05-21 11:44:44",19
"2018-05-21 12:44:49",19
"2018-05-21 13:44:46",19
"2018-05-21 14:44:45",19
"2018-05-21 15:44:45",19
"2018-05-21 16:44:45",19
"2018-05-21 17:44:43",19
"2018-05-21 18:44:45",19
"2018-05-21 19:44:44",19
"2018-05-21 20:44:44",19
"2018-05-21 21:44:45",19
"2018-05-21 22:44:43",19
"2018-05-21 23:44:44",19
"2018-05-22 00:44:45",19
"2018-05-22 01:44:45",19
"2018-05-22 02:44:44",19
"2018-05-22 03:44:45",19
"2018-05-22 04:44:45",19
"2018-05-22 05:44:43",19
"2018-05-22 06:44:43",19
"2018-05-22 07:44:44",19
"2018-05-22 08:44:50",19
"2018-05-22 09:44:44",19
"2018-05-22 10:44:44",19
"2018-05-22 11:44:43",19
"2018-05-22 12:44:44",19
"2018-05-22 13:44:47",19
"2018-05-22 14:44:45",19
"2018-05-22 15:44:45",19
"2018-05-22 16:44:45",19
"2018-05-22 17:44:44",19
"2018-05-22 18:44:44",19
"2018-05-22 19:44:45",19
"2018-05-22 20:44:45",19
"2018-05-22 21:44:44",19
"2018-05-22 22:44:44",19
"2018-05-22 23:44:45",19
"2018-05-23 00:44:44",19
"2018-05-23 01:44:44",19
"2018-05-23 02:44:44",19
"2018-05-23 03:44:45",19
"2018-05-23 04:44:45",19
"2018-05-23 05:44:45",19
"2018-05-23 06:44:45",19
"2018-05-23 07:44:48",19
"2018-05-23 08:44:44",19
"2018-05-23 09:44:44",19
"2018-05-23 10:44:46",19
"2018-05-23 11:44:44",19
"2018-05-23 12:44:43",19
"2018-05-23 13:44:45",19
"2018-05-23 14:44:44",19
"2018-05-23 15:44:44",19
"2018-05-23 16:44:46",18
"2018-05-23 17:44:44",18
"2018-05-23 18:44:43",18
"2018-05-23 19:44:44",18
"2018-05-23 20:44:45",18
"2018-05-23 21:44:44",18
"2018-05-23 22:44:45",18
"2018-05-23 23:44:44",18
"2018-05-24 00:44:44",18
"2018-05-24 01:44:45",18
"2018-05-24 02:44:45",18
"2018-05-24 03:44:44",18
"2018-05-24 04:44:44",18
"2018-05-24 06:44:45",18
"2018-05-24 07:44:45",18
"2018-05-24 08:44:45",18
"2018-05-24 09:44:45",18
"2018-05-24 10:44:45",18
"2018-05-24 11:44:44",18
"2018-05-24 12:44:44",18
"2018-05-24 20:13:53",17
"2018-05-24 20:44:44",17
"2018-05-24 21:44:46",17
"2018-05-24 22:44:45",17
"2018-05-24 23:44:46",17
"2018-05-25 00:44:45",17
"2018-05-25 01:44:46",17
"2018-05-25 02:44:45",17
"2018-05-25 03:44:45",17
"2018-05-25 04:44:46",17
"2018-05-25 05:44:46",17
"2018-05-25 06:44:46",17
"2018-05-25 07:44:46",17
"2018-05-25 08:44:45",17
"2018-05-25 09:44:45",17
"2018-05-25 10:44:45",17
"2018-05-25 11:44:44",17
"2018-05-25 12:44:44",17
"2018-05-25 13:44:46",17
"2018-05-25 14:44:45",17
"2018-05-25 15:44:45",17
"2018-05-25 16:44:46",17
"2018-05-25 17:44:45",17
"2018-05-25 18:44:45",17
"2018-05-25 19:44:45",17
"2018-05-25 20:44:45",17
"2018-05-25 21:44:45",17
"2018-05-25 22:44:44",17
"2018-05-25 23:44:46",17
"2018-05-26 00:44:46",17
"2018-05-26 01:44:45",17
"2018-05-26 02:44:46",17
"2018-05-26 03:44:45",17
"2018-05-26 04:44:45",17
"2018-05-26 05:44:45",17
"2018-05-26 06:44:45",17
"2018-05-26 07:44:46",17
"2018-05-26 08:44:46",17
"2018-05-26 09:44:44",17
"2018-05-26 10:44:45",17
"2018-05-26 11:44:45",17
"2018-05-26 12:44:46",17
"2018-05-26 13:44:46",17
"2018-05-26 14:44:45",17
"2018-05-26 15:44:46",17
"2018-05-26 16:44:45",17
"2018-05-26 17:44:46",17
"2018-05-26 18:44:46",17
"2018-05-26 19:44:49",17
"2018-05-26 20:44:46",17
"2018-05-26 21:44:45",17
"2018-05-26 22:44:46",17
"2018-05-26 23:44:45",17
"2018-05-27 00:44:45",17
"2018-05-27 01:44:46",17
"2018-05-27 02:44:45",17
"2018-05-27 03:44:45",17
"2018-05-27 04:44:45",17
"2018-05-27 05:44:46",17
"2018-05-27 06:44:45",17
"2018-05-27 07:44:44",17
"2018-05-27 08:44:45",17
"2018-05-27 09:44:44",17
"2018-05-27 10:44:44",17
"2018-05-27 11:44:45",17
"2018-05-27 12:44:44",17
"2018-05-27 13:44:46",17
"2018-05-27 14:44:45",17
"2018-05-27 15:44:46",17
"2018-05-27 16:44:45",17
"2018-05-27 17:44:45",17
"2018-05-27 18:44:45",17
"2018-05-27 19:44:44",17
"2018-05-27 20:44:46",17
"2018-05-27 21:44:46",17
"2018-05-27 22:44:46",17
"2018-05-27 23:44:46",17
"2018-05-28 00:44:45",17
"2018-05-28 01:44:45",17
"2018-05-28 02:44:45",17
"2018-05-28 03:44:46",17
"2018-05-28 04:44:45",17
"2018-05-28 05:44:45",17
"2018-05-28 06:44:46",17
"2018-05-28 07:44:45",17
"2018-05-28 08:44:45",17
"2018-05-28 09:44:45",17
"2018-05-28 10:44:45",17
"2018-05-28 11:44:45",17
"2018-05-28 12:44:45",17
"2018-05-28 13:44:45",17
"2018-05-28 14:44:45",17
"2018-05-28 15:44:45",17
"2018-05-28 16:44:44",17
"2018-05-28 17:44:46",17
"2018-05-28 18:44:45",17
"2018-05-28 19:44:46",17
"2018-05-28 20:44:45",17
"2018-05-28 21:44:45",17
"2018-05-28 22:44:46",17
"2018-05-28 23:44:45",17
"2018-05-29 00:44:45",17
"2018-05-29 01:44:44",17
"2018-05-29 02:44:46",17
"2018-05-29 03:44:45",17
"2018-05-29 04:44:46",17
"2018-05-29 05:44:45",17
"2018-05-29 06:44:45",17
"2018-05-29 07:44:45",17
"2018-05-29 08:44:52",17
"2018-05-29 09:44:45",17
"2018-05-29 10:44:43",17
"2018-05-29 11:44:43",17
"2018-05-29 12:44:44",17
"2018-05-30 19:55:26",16
"2018-05-30 20:44:45",16
"2018-05-30 21:44:45",16
"2018-05-30 22:44:44",16
"2018-05-30 23:44:45",16
"2018-05-31 00:44:45",16
"2018-05-31 01:44:46",16
"2018-05-31 02:44:44",16
"2018-05-31 03:44:48",16
"2018-05-31 04:44:44",16
"2018-05-31 05:44:44",16
"2018-05-31 06:44:45",16
"2018-05-31 07:44:44",16
"2018-05-31 08:44:44",16
"2018-05-31 09:44:44",16
"2018-05-31 10:44:44",16
"2018-05-31 11:44:44",16
"2018-05-31 12:44:44",16
"2018-05-31 13:44:46",16
"2018-05-31 14:44:46",16
"2018-05-31 15:44:45",16
"2018-05-31 16:44:45",16
"2018-05-31 17:44:45",16
"2018-05-31 18:44:46",16
"2018-05-31 19:44:45",16
"2018-05-31 20:44:46",17
"2018-05-31 21:44:45",17
"2018-05-31 22:44:46",17
"2018-05-31 23:44:45",17
"2018-06-01 00:44:45",17
"2018-06-01 01:44:45",17
"2018-06-01 02:44:46",17
"2018-06-01 03:44:45",17
"2018-06-01 04:44:45",17
"2018-06-01 05:44:44",17
"2018-06-01 06:44:46",17
"2018-06-01 07:44:47",17
"2018-06-01 08:44:48",17
"2018-06-01 09:44:45",17
"2018-06-01 10:44:43",17
"2018-06-01 11:44:44",17
"2018-06-01 12:44:44",17
"2018-06-01 13:44:54",17
"2018-06-01 14:44:46",17
"2018-06-01 15:44:46",17
"2018-06-01 16:44:47",17
"2018-06-01 17:44:48",17
"2018-06-01 18:44:46",17
"2018-06-01 19:44:47",17
"2018-06-01 20:44:46",17
"2018-06-01 21:44:47",17
"2018-06-01 22:44:47",17
"2018-06-01 23:44:46",17
"2018-06-02 00:44:46",17
"2018-06-02 01:44:46",17
"2018-06-02 02:44:46",17
"2018-06-02 03:44:46",17
"2018-06-02 04:44:45",17
"2018-06-02 05:44:46",17
"2018-06-02 06:44:45",17
"2018-06-02 07:44:45",17
"2018-06-02 08:44:44",17
"2018-06-02 09:44:47",17
"2018-06-02 10:44:44",17
"2018-06-02 11:44:44",17
"2018-06-02 12:44:46",17
"2018-06-02 13:44:46",17
"2018-06-02 14:44:46",17
"2018-06-02 15:44:47",17
"2018-06-02 16:44:46",17
"2018-06-02 17:44:46",17
"2018-06-02 18:44:45",17
"2018-06-02 19:44:46",17
"2018-06-02 20:44:46",17
"2018-06-02 21:44:46",17
"2018-06-02 22:44:45",17
"2018-06-02 23:44:47",17
"2018-06-03 00:44:45",17
"2018-06-03 01:44:46",17
"2018-06-03 02:44:46",17
"2018-06-03 03:44:45",17
"2018-06-03 04:44:44",17
"2018-06-03 05:44:46",17
"2018-06-03 06:44:45",17
"2018-06-03 19:47:01",17
"2018-06-03 20:44:46",17
"2018-06-03 21:44:45",17
"2018-06-03 22:44:45",17
"2018-06-03 23:44:45",17
"2018-06-04 00:44:45",17
"2018-06-04 01:44:45",17
"2018-06-04 02:44:46",17
"2018-06-04 03:44:45",17
"2018-06-04 04:44:48",17
"2018-06-04 05:44:45",17
"2018-06-04 06:44:45",17
"2018-06-04 07:44:46",17
"2018-06-04 08:44:45",17
"2018-06-04 09:44:46",17
"2018-06-04 10:44:38",17
"2018-06-04 11:44:38",17
"2018-06-04 12:44:38",17
"2018-06-04 13:44:41",17
"2018-06-04 14:44:40",17
"2018-06-04 15:44:40",17
"2018-06-04 16:44:40",17
"2018-06-04 17:44:40",17
"2018-06-04 18:44:40",17
"2018-06-04 19:44:41",17
"2018-06-04 20:44:41",17
"2018-06-04 21:44:41",17
"2018-06-04 22:44:42",17
"2018-06-04 23:44:43",17
"2018-06-05 00:44:42",17
"2018-06-05 01:44:42",17
"2018-06-05 02:44:42",17
"2018-06-05 03:44:41",17
"2018-06-05 04:44:43",17
"2018-06-05 05:44:43",17
"2018-06-05 06:44:42",17
"2018-06-05 07:44:41",17
"2018-06-05 08:44:42",17
"2018-06-05 09:44:42",17
"2018-06-05 10:44:41",17
"2018-06-05 11:44:40",17
"2018-06-05 12:44:40",17
"2018-06-05 13:45:21",17
"2018-06-05 14:44:44",17
"2018-06-05 15:44:42",17
"2018-06-05 16:44:42",17
"2018-06-05 17:44:41",17
"2018-06-05 18:44:41",17
"2018-06-05 19:44:43",17
"2018-06-05 20:44:42",17
"2018-06-05 21:44:42",17
"2018-06-05 22:44:43",17
"2018-06-05 23:44:42",17
"2018-06-06 00:44:43",17
"2018-06-06 01:44:42",17
"2018-06-06 02:44:43",17
"2018-06-06 03:44:43",17
"2018-06-06 04:44:43",17
"2018-06-06 05:44:42",17
"2018-06-06 06:44:42",17
"2018-06-06 07:44:41",17
"2018-06-06 08:44:42",17
"2018-06-06 09:44:42",17
"2018-06-06 10:44:41",17
"2018-06-06 11:44:42",17
"2018-06-06 12:44:42",17
"2018-06-06 13:44:43",17
"2018-06-06 14:44:42",17
"2018-06-06 15:44:43",17
"2018-06-06 16:44:43",17
"2018-06-06 17:44:43",17
"2018-06-06 18:44:43",17
"2018-06-06 19:44:42",17
"2018-06-06 20:44:42",17
"2018-06-06 21:44:43",17
"2018-06-06 22:44:44",17
"2018-06-06 23:44:46",17
"2018-06-07 00:44:46",17
"2018-06-07 01:44:46",17
"2018-06-07 02:44:47",17
"2018-06-07 03:44:46",17
"2018-06-07 04:44:46",17
"2018-06-07 05:44:48",17
"2018-06-07 06:44:47",17
"2018-06-07 07:44:46",17
"2018-06-07 08:44:46",17
"2018-06-07 09:44:46",17
"2018-06-07 10:44:46",17
"2018-06-07 11:44:46",17
"2018-06-07 12:44:47",17
"2018-06-07 13:44:47",17
"2018-06-07 14:44:48",17
"2018-06-07 15:44:46",17
"2018-06-07 16:44:48",17
"2018-06-07 17:44:47",17
"2018-06-07 18:44:46",17
"2018-06-07 19:44:47",17
"2018-06-07 20:44:46",17
"2018-06-07 21:44:46",17
"2018-06-07 22:44:47",17
"2018-06-07 23:44:47",17
"2018-06-08 00:44:47",17
"2018-06-08 01:44:45",17
"2018-06-08 02:44:47",17
"2018-06-08 03:44:47",17
"2018-06-08 04:44:48",17
"2018-06-08 05:44:46",17
"2018-06-08 06:44:48",17
"2018-06-08 07:44:47",17
"2018-06-08 08:44:46",17
"2018-06-08 09:44:45",17
"2018-06-08 10:44:46",17
"2018-06-08 11:44:46",17
"2018-06-08 12:44:47",17
"2018-06-08 13:44:48",17
"2018-06-08 14:44:47",17
"2018-06-08 15:44:45",17
"2018-06-08 16:44:47",17
"2018-06-08 17:44:46",17
"2018-06-08 18:44:46",17
"2018-06-08 19:44:46",17
"2018-06-08 20:44:47",17
"2018-06-08 21:44:46",17
"2018-06-08 22:44:46",17
"2018-06-08 23:44:46",17
"2018-06-09 00:44:46",17
"2018-06-09 01:44:47",17
"2018-06-09 02:44:46",17
"2018-06-09 03:44:46",17
"2018-06-09 04:44:47",17
"2018-06-09 05:44:46",17
"2018-06-09 06:44:48",17
"2018-06-09 07:44:46",17
"2018-06-09 08:44:46",17
"2018-06-09 09:44:46",17
"2018-06-09 10:44:47",17
"2018-06-09 11:44:47",17
"2018-06-09 12:44:47",17
"2018-06-09 13:44:47",17
"2018-06-09 14:44:47",17
"2018-06-09 15:44:49",17
"2018-06-09 16:44:47",17
"2018-06-09 17:44:48",17
"2018-06-09 18:44:48",17
"2018-06-09 19:44:47",17
"2018-06-09 20:44:48",17
"2018-06-09 21:44:47",17
"2018-06-09 22:44:46",17
"2018-06-09 23:44:46",17
"2018-06-10 00:44:46",17
"2018-06-10 01:44:47",17
"2018-06-10 02:44:46",17
"2018-06-10 03:44:47",17
"2018-06-10 04:44:47",17
"2018-06-10 05:44:46",17
"2018-06-10 06:44:46",17
"2018-06-10 07:44:48",17
"2018-06-10 08:44:47",17
"2018-06-10 09:44:46",17
"2018-06-10 10:44:48",17
"2018-06-10 11:44:46",17
"2018-06-10 12:44:46",17
"2018-06-10 13:44:46",17
"2018-06-10 14:44:47",17
"2018-06-10 15:44:45",17
"2018-06-10 16:44:47",17
"2018-06-10 17:44:47",17
"2018-06-10 18:44:47",17
"2018-06-10 19:44:46",17
"2018-06-10 20:44:46",17
"2018-06-10 21:44:46",17
"2018-06-10 22:44:47",17
"2018-06-10 23:44:47",17
"2018-06-11 00:44:46",17
"2018-06-11 01:44:46",17
"2018-06-11 02:44:46",17
"2018-06-11 03:44:46",17
"2018-06-11 04:44:46",17
"2018-06-11 06:44:45",17
"2018-06-11 07:44:46",17
"2018-06-11 08:44:46",17
"2018-06-11 09:44:46",17
"2018-06-11 10:44:47",17
"2018-06-11 11:44:46",17
"2018-06-11 12:44:47",17
"2018-06-11 13:44:48",17
"2018-06-11 14:44:46",17
"2018-06-11 15:44:47",17
"2018-06-11 16:44:46",17
"2018-06-11 17:44:46",17
"2018-06-11 18:44:46",17
"2018-06-11 19:44:46",17
"2018-06-11 20:44:47",17
"2018-06-11 21:44:46",17
"2018-06-11 22:44:45",17
"2018-06-11 23:44:46",17
"2018-06-12 00:44:47",17
"2018-06-12 01:44:47",17
"2018-06-12 02:44:46",17
"2018-06-12 03:44:47",17
"2018-06-12 04:44:46",17
"2018-06-12 05:44:46",17
"2018-06-12 06:44:47",17
"2018-06-12 07:44:47",17
"2018-06-12 08:44:46",17
"2018-06-12 09:44:46",17
"2018-06-12 10:44:46",17
"2018-06-12 11:44:46",17
"2018-06-12 12:44:47",17
"2018-06-12 13:44:49",17
"2018-06-12 14:44:46",18
"2018-06-12 15:44:46",18
"2018-06-12 16:44:46",18
"2018-06-12 17:44:46",18
"2018-06-12 18:44:47",18
"2018-06-12 19:44:46",18
"2018-06-12 20:44:46",18
"2018-06-12 21:44:46",18
"2018-06-12 22:44:45",18
"2018-06-12 23:44:47",18
"2018-06-13 00:44:46",18
"2018-06-13 01:44:46",18
"2018-06-13 02:44:46",18
"2018-06-13 03:44:46",18
"2018-06-13 04:44:47",18
"2018-06-13 05:44:46",18
"2018-06-13 06:44:47",18
"2018-06-13 07:44:46",18
"2018-06-13 08:44:48",18
"2018-06-13 09:44:46",18
"2018-06-13 10:44:46",18
"2018-06-13 11:44:46",18
"2018-06-13 12:44:46",18
"2018-06-13 13:44:49",18
"2018-06-13 14:44:47",18
"2018-06-13 15:44:46",18
"2018-06-13 16:44:46",18
"2018-06-13 17:44:47",18
"2018-06-13 18:44:48",18
"2018-06-13 19:44:47",18
"2018-06-13 20:44:46",18
"2018-06-13 21:44:47",18
"2018-06-13 22:44:45",18
"2018-06-13 23:44:46",18
"2018-06-14 00:44:47",18
"2018-06-14 01:44:47",18
"2018-06-14 02:44:46",18
"2018-06-14 03:44:47",18
"2018-06-14 04:44:46",18
"2018-06-14 05:44:48",18
"2018-06-14 06:44:46",18
"2018-06-14 07:44:47",18
"2018-06-14 08:44:46",18
"2018-06-14 09:44:45",18
"2018-06-14 10:44:46",18
"2018-06-14 11:44:47",18
"2018-06-14 12:44:47",18
"2018-06-14 13:44:49",18
"2018-06-14 14:44:47",18
"2018-06-14 15:44:48",18
"2018-06-14 16:44:47",18
"2018-06-14 17:44:47",18
"2018-06-14 18:44:48",18
"2018-06-14 19:44:48",18
"2018-06-14 20:44:48",18
"2018-06-14 21:44:48",18
"2018-06-14 22:44:49",18
"2018-06-14 23:44:48",18
"2018-06-15 00:44:47",18
"2018-06-15 01:44:47",18
"2018-06-15 02:44:47",18
"2018-06-15 03:44:48",18
"2018-06-15 04:44:48",18
"2018-06-15 05:44:50",18
"2018-06-15 06:44:48",18
"2018-06-15 07:44:47",18
"2018-06-15 08:44:47",18
"2018-06-15 09:44:47",18
"2018-06-15 10:44:47",18
"2018-06-15 11:44:46",18
"2018-06-15 12:44:47",18
"2018-06-15 13:44:49",18
"2018-06-15 14:44:49",18
"2018-06-15 15:44:48",18
"2018-06-15 16:44:47",18
"2018-06-15 17:44:47",18
"2018-06-15 18:44:48",18
"2018-06-15 19:44:47",18
"2018-06-15 20:44:47",18
"2018-06-15 21:44:46",18
"2018-06-15 22:44:47",18
"2018-06-15 23:44:47",18
"2018-06-16 00:44:47",18
"2018-06-16 01:44:47",18
"2018-06-16 02:44:51",18
"2018-06-16 03:44:48",18
"2018-06-16 04:44:50",18
"2018-06-16 05:44:50",18
"2018-06-16 06:44:48",18
"2018-06-16 07:44:47",18
"2018-06-16 08:44:48",18
"2018-06-16 09:44:48",18
"2018-06-16 10:44:47",18
"2018-06-16 11:44:48",18
"2018-06-16 12:44:47",18
"2018-06-16 13:44:48",18
"2018-06-16 14:44:48",18
"2018-06-16 15:44:47",18
"2018-06-16 16:44:48",18
"2018-06-16 17:44:47",18
"2018-06-16 18:44:47",18
"2018-06-16 19:44:48",18
"2018-06-16 20:44:47",18
"2018-06-16 21:44:47",18
"2018-06-16 22:44:48",18
"2018-06-16 23:44:47",18
"2018-06-17 00:44:48",18
"2018-06-17 01:44:47",18
"2018-06-17 02:44:51",18
"2018-06-17 03:44:48",18
"2018-06-17 04:44:48",18
"2018-06-17 05:44:48",18
"2018-06-17 06:44:47",18
"2018-06-17 07:44:47",18
"2018-06-17 08:44:47",18
"2018-06-17 09:44:46",18
"2018-06-17 10:44:46",18
"2018-06-17 11:44:46",18
"2018-06-17 12:44:47",18
"2018-06-17 13:44:48",18
"2018-06-17 14:44:48",18
"2018-06-17 15:44:46",18
"2018-06-17 16:44:47",18
"2018-06-17 17:44:47",18
"2018-06-17 18:44:46",18
"2018-06-17 19:44:49",18
"2018-06-17 20:44:48",18
"2018-06-17 21:44:47",18
"2018-06-17 22:44:47",18
"2018-06-17 23:44:48",18
"2018-06-18 00:44:49",18
"2018-06-18 01:44:48",18
"2018-06-18 02:44:49",18
"2018-06-18 03:44:47",18
"2018-06-18 04:44:47",18
"2018-06-18 05:44:48",18
"2018-06-18 06:44:46",18
"2018-06-18 07:44:46",18
"2018-06-18 08:44:54",18
"2018-06-18 09:44:47",18
"2018-06-18 10:44:47",18
"2018-06-18 11:44:48",18
"2018-06-18 12:44:47",18
"2018-06-18 13:44:49",18
"2018-06-18 14:44:47",18
"2018-06-18 15:44:47",18
"2018-06-18 16:44:47",18
"2018-06-18 17:44:47",18
"2018-06-18 18:44:49",18
"2018-06-18 19:44:48",18
"2018-06-18 20:44:48",18
"2018-06-18 21:44:47",18
"2018-06-18 22:44:47",18
"2018-06-18 23:44:48",18
"2018-06-19 00:44:47",18
"2018-06-19 01:44:47",18
"2018-06-19 02:44:48",18
"2018-06-19 03:44:48",18
"2018-06-19 04:44:47",18
"2018-06-19 05:44:48",18
"2018-06-19 06:44:47",18
"2018-06-19 07:44:50",18
"2018-06-19 08:44:49",18
"2018-06-19 09:44:46",18
"2018-06-19 10:44:48",18
"2018-06-19 11:44:47",18
"2018-06-19 12:44:47",18
"2018-06-19 13:44:51",18
"2018-06-19 14:44:48",18
"2018-06-19 15:44:48",18
"2018-06-19 16:44:47",18
"2018-06-19 17:44:48",18
"2018-06-19 18:44:48",18
"2018-06-19 19:44:47",18
"2018-06-19 20:44:47",18
"2018-06-19 21:44:48",18
"2018-06-19 22:44:47",18
"2018-06-19 23:44:48",18
"2018-06-20 00:44:57",18
"2018-06-20 01:44:50",18
"2018-06-20 02:44:47",18
"2018-06-20 03:44:48",18
"2018-06-20 04:44:48",18
"2018-06-20 05:44:47",18
"2018-06-20 06:44:47",18
"2018-06-20 07:44:47",18
"2018-06-20 08:44:47",18
"2018-06-20 09:44:46",18
"2018-06-20 10:44:47",18
"2018-06-20 11:44:47",18
"2018-06-20 12:44:47",18
"2018-06-20 14:09:22",18
"2018-06-20 14:44:49",18
"2018-06-20 15:44:49",18
"2018-06-20 16:44:49",18
"2018-06-20 17:44:48",18
"2018-06-20 18:44:48",18
"2018-06-20 19:44:48",18
"2018-06-20 20:44:46",18
"2018-06-20 21:44:47",18
"2018-06-20 22:44:47",18
"2018-06-20 23:44:48",18
"2018-06-21 00:44:47",18
"2018-06-21 01:44:47",18
"2018-06-21 02:44:47",18
"2018-06-21 03:44:48",18
"2018-06-21 04:44:48",18
"2018-06-21 05:44:50",18
"2018-06-21 06:44:47",18
"2018-06-21 07:44:47",18
"2018-06-21 08:44:50",18
"2018-06-21 09:44:46",18
"2018-06-21 10:44:47",18
"2018-06-21 11:44:47",18
"2018-06-21 12:44:47",18
"2018-06-21 13:44:48",18
"2018-06-21 14:44:48",18
"2018-06-21 15:44:48",18
"2018-06-21 16:44:48",18
"2018-06-21 17:44:48",18
"2018-06-21 18:44:48",18
"2018-06-21 19:44:48",18
"2018-06-21 20:44:48",18
"2018-06-21 21:44:48",18
"2018-06-21 22:44:48",18
"2018-06-21 23:44:47",18
"2018-06-22 00:44:47",18
"2018-06-22 01:44:46",18
"2018-06-22 02:44:47",18
"2018-06-22 03:44:48",18
"2018-06-22 04:44:47",18
"2018-06-22 05:44:49",18
"2018-06-22 06:44:47",18
"2018-06-22 07:44:47",18
"2018-06-22 08:44:48",18
"2018-06-22 09:44:47",18
"2018-06-22 10:44:47",18
"2018-06-22 11:44:47",18
"2018-06-22 12:44:47",18
"2018-06-22 13:44:49",18
"2018-06-22 15:08:50",18
"2018-06-22 15:44:49",18
"2018-06-22 16:44:49",18
"2018-06-22 17:44:49",18
"2018-06-22 18:44:49",18
"2018-06-22 19:44:50",18
"2018-06-22 20:44:48",18
"2018-06-22 21:44:48",18
"2018-06-22 22:44:48",18
"2018-06-22 23:44:48",18
"2018-06-23 00:45:14",18
"2018-06-23 01:46:04",18
"2018-06-23 02:44:49",18
"2018-06-23 03:44:49",18
"2018-06-23 04:44:48",18
"2018-06-23 05:44:49",18
"2018-06-23 06:44:48",18
"2018-06-23 07:44:49",18
"2018-06-23 08:44:48",18
"2018-06-23 09:44:48",18
"2018-06-23 10:44:48",18
"2018-06-23 11:44:49",18
"2018-06-23 12:44:48",18
"2018-06-23 13:44:48",18
"2018-06-23 14:44:48",18
"2018-06-23 15:44:50",18
"2018-06-23 16:44:49",18
"2018-06-23 17:44:49",18
"2018-06-23 18:44:48",18
"2018-06-23 19:44:50",18
"2018-06-23 20:44:49",18
"2018-06-23 21:44:48",18
"2018-06-23 22:44:48",18
"2018-06-23 23:44:48",18
"2018-06-24 00:45:08",18
"2018-06-24 01:44:48",18
"2018-06-24 02:44:48",18
"2018-06-24 03:44:53",18
"2018-06-24 04:44:49",18
"2018-06-24 05:44:48",18
"2018-06-24 06:44:49",18
"2018-06-24 07:44:49",18
"2018-06-24 08:44:48",18
"2018-06-24 09:44:48",18
"2018-06-24 10:45:40",18
"2018-06-24 11:44:48",18
"2018-06-24 12:44:52",18
"2018-06-24 13:44:48",18
"2018-06-24 14:45:06",18
"2018-06-24 15:45:14",18
"2018-06-24 16:44:48",18
"2018-06-24 17:44:48",18
"2018-06-24 18:44:49",18
"2018-06-24 19:44:48",18
"2018-06-24 20:44:48",18
"2018-06-24 21:44:49",18
"2018-06-24 22:44:48",18
"2018-06-24 23:44:49",18
"2018-06-25 00:44:49",18
"2018-06-25 01:44:49",18
"2018-06-25 02:44:50",18
"2018-06-25 03:45:00",18
"2018-06-25 04:44:57",18
"2018-06-25 05:44:51",18
"2018-06-25 06:44:48",18
"2018-06-25 07:44:48",18
"2018-06-25 08:44:49",18
"2018-06-25 09:44:49",18
"2018-06-25 10:44:48",18
"2018-06-25 11:44:49",18
"2018-06-25 12:44:47",18
"2018-06-25 13:44:51",18
"2018-06-25 14:44:48",18
"2018-06-25 15:44:48",18
"2018-06-25 16:44:47",18
"2018-06-25 17:44:48",18
"2018-06-25 18:44:48",18
"2018-06-25 19:44:49",18
"2018-06-25 20:44:50",18
"2018-06-25 21:44:49",18
"2018-06-25 22:44:47",18
"2018-06-26 01:13:14",18
"2018-06-26 01:44:49",18
"2018-06-26 02:44:49",18
"2018-06-26 03:45:05",18
"2018-06-26 04:45:03",18
"2018-06-26 05:44:51",18
"2018-06-26 06:44:48",18
"2018-06-26 07:44:50",18
"2018-06-26 08:44:49",18
"2018-06-26 09:44:51",18
"2018-06-26 10:44:53",18
"2018-06-26 11:44:59",18
"2018-06-26 12:45:06",18
"2018-06-26 13:44:50",18
"2018-06-26 14:44:49",18
"2018-06-26 15:45:10",18
"2018-06-26 16:44:48",18
"2018-06-26 17:44:47",18
"2018-06-26 18:44:48",18
"2018-06-26 19:44:49",18
"2018-06-26 20:44:48",18
"2018-06-26 21:44:48",18
"2018-06-26 22:44:47",18
"2018-06-26 23:44:47",18
"2018-06-27 00:44:48",18
"2018-06-27 01:44:47",18
"2018-06-27 02:44:47",18
"2018-06-27 03:44:51",18
"2018-06-27 04:44:56",18
"2018-06-27 05:44:50",18
"2018-06-27 06:44:48",18
"2018-06-27 07:44:47",18
"2018-06-27 08:44:47",18
"2018-06-27 09:44:48",18
"2018-06-27 10:44:47",18
"2018-06-27 11:44:47",18
"2018-06-27 12:44:48",18
"2018-06-27 13:45:14",18
"2018-06-27 14:45:13",18
"2018-06-27 15:45:13",18
"2018-06-27 16:44:50",18
"2018-06-27 17:44:49",18
"2018-06-27 18:44:49",18
"2018-06-27 19:44:51",18
"2018-06-27 20:44:48",18
"2018-06-27 21:44:48",18
"2018-06-27 22:44:47",18
"2018-06-27 23:44:49",18
"2018-06-28 00:44:49",18
"2018-06-28 01:44:49",18
"2018-06-28 02:45:00",18
"2018-06-28 03:45:09",18
"2018-06-28 04:45:06",18
"2018-06-28 05:45:02",18
"2018-06-28 06:44:50",18
"2018-06-28 07:44:49",18
"2018-06-28 08:44:49",18
"2018-06-28 09:44:47",18
"2018-06-28 10:44:48",18
"2018-06-28 11:44:47",18
"2018-06-28 12:44:47",18
"2018-06-28 13:44:51",18
"2018-06-28 14:45:08",18
"2018-06-28 15:45:12",18
"2018-06-28 16:44:48",18
"2018-06-28 17:44:50",18
"2018-06-28 18:44:48",18
"2018-06-28 19:44:53",18
"2018-06-28 20:44:48",18
"2018-06-28 21:44:49",18
"2018-06-28 22:44:48",18
"2018-06-28 23:44:49",18
"2018-06-29 00:44:49",18
"2018-06-29 01:44:48",18
"2018-06-29 02:44:49",18
"2018-06-29 03:45:00",18
"2018-06-29 04:44:53",18
"2018-06-29 05:44:52",18
"2018-06-29 06:44:50",18
"2018-06-29 07:44:50",18
"2018-06-29 08:44:51",18
"2018-06-29 09:44:49",18
"2018-06-29 10:44:48",18
"2018-06-29 11:44:49",18
"2018-06-29 12:44:57",18
"2018-06-29 13:44:51",18
"2018-06-29 14:44:49",18
"2018-06-29 15:44:50",18
"2018-06-29 16:44:49",18
"2018-06-29 17:44:48",18
"2018-06-29 18:44:49",18
"2018-06-29 19:44:55",18
"2018-06-29 20:44:49",18
"2018-06-29 21:44:52",18
"2018-06-29 22:44:51",18
"2018-06-29 23:44:52",18
"2018-06-30 00:44:51",18
"2018-06-30 01:44:48",18
"2018-06-30 02:44:50",18
"2018-06-30 03:45:02",18
"2018-06-30 04:44:57",18
"2018-06-30 05:44:55",18
"2018-06-30 06:44:54",18
"2018-06-30 07:44:49",18
"2018-06-30 08:44:48",18
"2018-06-30 09:44:48",18
"2018-06-30 10:44:50",18
"2018-06-30 11:44:51",18
"2018-06-30 12:44:58",18
"2018-06-30 13:45:11",18
"2018-06-30 14:44:53",18
"2018-06-30 15:45:09",18
"2018-06-30 16:44:54",18
"2018-06-30 17:44:48",18
"2018-06-30 18:44:48",18
"2018-06-30 19:44:59",18
"2018-06-30 20:44:48",18
"2018-06-30 21:44:48",18
"2018-06-30 22:44:49",18
"2018-06-30 23:44:49",18
"2018-07-01 00:44:48",18
"2018-07-01 01:44:49",18
"2018-07-01 02:44:49",18
"2018-07-01 03:44:49",18
"2018-07-01 04:44:48",18
"2018-07-01 05:44:49",18
"2018-07-01 06:44:48",18
"2018-07-01 07:44:48",18
"2018-07-01 08:44:48",18
"2018-07-01 09:44:49",18
"2018-07-01 10:44:48",18
"2018-07-01 11:44:49",18
"2018-07-01 12:44:49",18
"2018-07-01 13:44:49",18
"2018-07-01 14:44:48",18
"2018-07-01 15:44:49",18
"2018-07-01 16:44:53",18
"2018-07-01 17:44:50",18
"2018-07-01 18:44:48",18
"2018-07-01 19:44:52",18
"2018-07-01 20:44:50",18
"2018-07-01 21:44:49",18
"2018-07-01 22:44:48",18
"2018-07-01 23:44:49",18
"2018-07-02 00:44:49",18
"2018-07-02 01:44:51",18
"2018-07-02 02:44:50",18
"2018-07-02 03:44:49",18
"2018-07-02 04:44:48",18
"2018-07-02 05:44:49",18
"2018-07-02 06:44:50",18
"2018-07-02 07:44:48",18
"2018-07-02 08:44:50",18
"2018-07-02 09:44:49",18
"2018-07-02 10:44:48",18
"2018-07-02 11:44:48",18
"2018-07-02 12:44:48",18
"2018-07-02 13:44:50",18
"2018-07-02 14:44:49",18
"2018-07-02 15:44:50",18
"2018-07-02 16:44:50",18
"2018-07-02 17:44:50",18
"2018-07-02 18:44:49",18
"2018-07-02 19:44:51",18
"2018-07-02 20:44:48",18
"2018-07-02 21:44:48",18
"2018-07-02 22:44:49",18
"2018-07-02 23:44:49",18
"2018-07-03 00:54:24",18
"2018-07-03 01:44:49",18
"2018-07-03 02:44:49",18
"2018-07-03 03:44:49",18
"2018-07-03 04:44:49",18
"2018-07-03 05:44:49",18
"2018-07-03 06:44:48",18
"2018-07-03 07:44:49",18
"2018-07-03 08:44:49",18
"2018-07-03 09:44:49",18
"2018-07-03 10:44:48",18
"2018-07-03 11:44:49",18
"2018-07-03 12:44:48",18
"2018-07-03 13:44:50",18
"2018-07-03 14:44:49",18
"2018-07-03 15:44:48",18
"2018-07-03 16:44:49",18
"2018-07-03 17:44:49",18
"2018-07-03 18:44:47",18
"2018-07-03 19:44:54",18
"2018-07-03 20:44:48",18
"2018-07-03 21:44:48",18
"2018-07-03 22:44:49",18
"2018-07-03 23:44:48",18
"2018-07-04 00:44:48",18
"2018-07-04 01:44:49",18
"2018-07-04 02:44:50",18
"2018-07-04 03:44:49",18
"2018-07-04 04:44:48",18
"2018-07-04 05:44:48",18
"2018-07-04 06:44:49",18
"2018-07-04 07:44:49",18
"2018-07-04 08:44:51",18
"2018-07-04 09:44:49",18
"2018-07-04 10:44:49",18
"2018-07-04 11:44:48",18
"2018-07-04 12:44:48",18
"2018-07-04 13:44:49",18
"2018-07-04 14:44:48",18
"2018-07-04 15:44:48",18
"2018-07-04 16:44:49",18
"2018-07-04 17:44:49",18
"2018-07-04 18:44:48",18
"2018-07-04 19:44:50",18
"2018-07-04 20:44:49",18
"2018-07-04 21:44:49",18
"2018-07-04 22:44:48",18
"2018-07-04 23:44:49",18
"2018-07-05 00:44:47",18
"2018-07-05 01:44:48",18
"2018-07-05 02:44:49",18
"2018-07-05 03:44:49",18
"2018-07-05 04:44:49",18
"2018-07-05 05:44:47",18
"2018-07-05 06:44:48",18
"2018-07-05 07:44:48",18
"2018-07-05 08:44:49",18
"2018-07-05 09:44:48",18
"2018-07-05 10:44:48",18
"2018-07-05 11:44:49",18
"2018-07-05 12:44:48",18
"2018-07-05 13:44:50",18
"2018-07-05 14:44:49",18
"2018-07-05 15:44:49",18
"2018-07-05 16:44:49",18
"2018-07-05 17:44:51",18
"2018-07-05 18:44:48",18
"2018-07-05 19:44:57",18
"2018-07-05 20:44:48",18
"2018-07-05 21:44:49",18
"2018-07-05 22:44:49",18
"2018-07-05 23:44:49",18
"2018-07-06 00:44:48",18
"2018-07-06 01:44:49",18
"2018-07-06 02:44:49",18
"2018-07-06 03:44:49",18
"2018-07-06 04:44:50",18
"2018-07-06 05:44:48",18
"2018-07-06 06:44:48",18
"2018-07-06 07:44:49",18
"2018-07-06 08:44:50",18
"2018-07-06 09:44:49",18
"2018-07-06 10:44:49",18
"2018-07-06 11:44:53",18
"2018-07-06 12:44:49",18
"2018-07-06 13:44:53",18
"2018-07-06 14:44:52",18
"2018-07-06 15:44:51",18
"2018-07-06 16:44:51",18
"2018-07-06 17:44:50",18
"2018-07-06 18:44:48",18
"2018-07-06 19:44:55",18
"2018-07-06 20:44:50",18
"2018-07-06 21:44:49",18
"2018-07-06 22:44:48",18
"2018-07-06 23:44:48",18
"2018-07-07 00:44:49",18
"2018-07-07 01:44:49",18
"2018-07-07 02:44:50",18
"2018-07-07 03:44:49",18
"2018-07-07 04:44:49",18
"2018-07-07 05:44:48",18
"2018-07-07 06:44:49",18
"2018-07-07 07:44:48",18
"2018-07-07 08:44:49",18
"2018-07-07 09:44:49",18
"2018-07-07 10:44:49",18
"2018-07-07 11:44:49",18
"2018-07-07 12:44:49",18
"2018-07-07 13:44:49",18
"2018-07-07 14:44:50",18
"2018-07-07 15:44:49",18
"2018-07-07 16:44:50",18
"2018-07-07 17:44:50",18
"2018-07-07 18:44:51",18
"2018-07-07 19:44:55",18
"2018-07-07 20:44:49",18
"2018-07-07 21:44:48",18
"2018-07-07 22:44:50",18
"2018-07-07 23:44:49",18
"2018-07-08 00:44:50",18
"2018-07-08 01:44:50",18
"2018-07-08 02:44:50",18
"2018-07-08 03:44:51",18
"2018-07-08 04:44:51",18
"2018-07-08 05:44:50",18
"2018-07-08 06:44:50",18
"2018-07-08 07:44:49",18
"2018-07-08 08:44:48",18
"2018-07-08 09:44:49",18
"2018-07-08 10:44:48",18
"2018-07-08 11:44:49",18
"2018-07-08 12:44:50",18
"2018-07-08 13:44:49",18
"2018-07-08 14:44:49",18
"2018-07-08 15:44:49",18
"2018-07-08 16:44:49",18
"2018-07-08 17:44:49",18
"2018-07-08 18:44:50",18
"2018-07-08 19:45:00",18
"2018-07-08 20:44:50",18
"2018-07-08 21:44:50",18
"2018-07-08 22:44:49",18
"2018-07-08 23:44:49",18
"2018-07-09 00:44:49",18
"2018-07-09 01:44:49",18
"2018-07-09 02:44:50",18
"2018-07-09 03:44:51",18
"2018-07-09 04:44:48",18
"2018-07-09 05:44:50",18
"2018-07-09 06:44:48",18
"2018-07-09 07:44:48",18
"2018-07-09 08:44:50",18
"2018-07-09 09:44:49",18
"2018-07-09 10:44:49",18
"2018-07-09 11:44:48",18
"2018-07-09 12:44:49",18
"2018-07-09 13:44:57",18
"2018-07-09 14:44:50",18
"2018-07-09 15:44:51",18
"2018-07-09 16:44:50",18
"2018-07-09 17:44:50",18
"2018-07-09 18:44:51",18
"2018-07-09 19:45:14",18
"2018-07-09 20:44:49",18
"2018-07-09 21:44:49",18
"2018-07-09 22:44:49",18
"2018-07-09 23:44:49",18
"2018-07-10 00:44:49",18
"2018-07-10 01:44:51",18
"2018-07-10 02:44:49",18
"2018-07-10 03:44:50",18
"2018-07-10 04:44:50",18
"2018-07-10 05:44:50",18
"2018-07-10 06:44:50",18
"2018-07-10 07:44:49",18
"2018-07-10 08:44:49",18
"2018-07-10 09:44:49",18
"2018-07-10 10:44:49",18
"2018-07-10 11:44:49",18
"2018-07-10 12:44:48",18
"2018-07-10 13:44:58",18
"2018-07-10 14:44:54",18
"2018-07-10 15:44:51",18
"2018-07-10 16:44:50",18
"2018-07-10 17:44:51",18
"2018-07-10 18:44:49",18
"2018-07-10 19:44:57",18
"2018-07-10 20:44:50",18
"2018-07-10 21:44:50",18
"2018-07-10 22:44:57",18
"2018-07-10 23:44:51",18
"2018-07-11 00:44:52",18
"2018-07-11 01:44:52",18
"2018-07-11 02:44:51",18
"2018-07-11 03:44:51",18
"2018-07-11 04:44:51",18
"2018-07-11 05:44:52",18
"2018-07-11 06:44:51",18
"2018-07-11 07:44:50",18
"2018-07-11 08:44:51",18
"2018-07-11 09:44:51",18
"2018-07-11 10:44:49",18
"2018-07-11 11:44:48",18
"2018-07-11 12:44:49",18
"2018-07-11 13:44:53",18
"2018-07-11 14:44:53",18
"2018-07-11 15:44:52",18
"2018-07-11 16:44:51",18
"2018-07-11 17:44:50",18
"2018-07-11 18:44:50",18
"2018-07-11 19:44:54",18
"2018-07-11 20:44:50",18
"2018-07-11 21:44:50",18
"2018-07-11 22:44:50",18
"2018-07-11 23:44:51",18
"2018-07-12 00:44:51",18
"2018-07-12 01:44:50",18
"2018-07-12 02:44:51",18
"2018-07-12 03:44:50",18
"2018-07-12 04:44:52",18
"2018-07-12 05:44:53",18
"2018-07-12 06:44:51",18
"2018-07-12 07:44:51",18
"2018-07-12 08:44:51",18
"2018-07-12 09:44:51",18
"2018-07-12 10:44:49",18
"2018-07-12 11:44:50",18
"2018-07-12 12:44:50",18
"2018-07-12 13:44:55",18
"2018-07-12 14:44:54",18
"2018-07-12 15:44:53",18
"2018-07-12 16:44:55",18
"2018-07-12 17:44:52",18
"2018-07-12 18:44:53",18
"2018-07-12 19:45:07",18
"2018-07-12 20:44:50",18
"2018-07-12 21:44:50",18
"2018-07-12 22:44:51",18
"2018-07-12 23:44:52",18
"2018-07-13 00:44:51",18
"2018-07-13 01:44:51",18
"2018-07-13 02:44:51",18
"2018-07-13 03:44:51",18
"2018-07-13 04:44:52",18
"2018-07-13 05:44:52",18
"2018-07-13 06:44:51",18
"2018-07-13 07:44:50",18
"2018-07-13 08:44:52",18
"2018-07-13 09:44:50",18
"2018-07-13 10:44:49",18
"2018-07-13 11:44:50",18
"2018-07-13 12:44:51",18
"2018-07-13 13:44:58",18
"2018-07-13 14:44:53",18
"2018-07-13 15:44:54",18
"2018-07-13 16:44:52",18
"2018-07-13 17:44:51",18
"2018-07-13 18:44:53",18
"2018-07-13 19:44:53",18
"2018-07-13 20:44:50",18
"2018-07-13 21:44:49",18
"2018-07-13 22:44:50",18
"2018-07-13 23:44:52",18
"2018-07-14 00:44:51",18
"2018-07-14 01:44:49",18
"2018-07-14 02:44:50",18
"2018-07-14 03:44:51",18
"2018-07-14 04:44:50",18
"2018-07-14 05:44:50",18
"2018-07-14 06:44:50",18
"2018-07-14 07:44:50",18
"2018-07-14 08:44:50",18
"2018-07-14 09:44:50",18
"2018-07-14 10:44:51",18
"2018-07-14 11:44:50",18
"2018-07-14 12:44:51",18
"2018-07-14 13:44:51",18
"2018-07-14 14:44:51",18
"2018-07-14 15:44:50",18
"2018-07-14 16:44:51",18
"2018-07-14 17:44:51",18
"2018-07-14 18:44:51",18
"2018-07-14 19:44:54",18
"2018-07-14 20:44:50",18
"2018-07-14 21:44:51",18
"2018-07-14 22:44:52",18
"2018-07-14 23:44:51",18
"2018-07-15 00:44:50",18
"2018-07-15 01:44:50",18
"2018-07-15 02:44:51",18
"2018-07-15 03:44:50",18
"2018-07-15 04:44:50",18
"2018-07-15 05:44:50",18
"2018-07-15 06:44:51",18
"2018-07-15 07:44:50",18
"2018-07-15 08:44:50",18
"2018-07-15 09:44:50",18
"2018-07-15 10:44:50",18
"2018-07-15 11:44:50",18
"2018-07-15 12:44:50",18
"2018-07-15 13:44:51",18
"2018-07-15 14:44:49",18
"2018-07-15 15:44:52",18
"2018-07-15 16:44:51",18
"2018-07-15 17:44:50",18
"2018-07-15 18:44:50",18
"2018-07-15 19:45:03",18
"2018-07-15 20:44:52",18
"2018-07-15 21:45:03",18
"2018-07-15 22:44:51",18
"2018-07-15 23:44:51",18
"2018-07-16 00:44:51",18
"2018-07-16 01:44:50",18
"2018-07-16 02:44:51",18
"2018-07-16 03:44:51",18
"2018-07-16 04:44:52",18
"2018-07-16 05:44:50",18
"2018-07-16 06:44:52",18
"2018-07-16 07:44:59",18
"2018-07-16 08:44:53",18
"2018-07-16 09:44:49",18
"2018-07-16 10:44:50",18
"2018-07-16 11:44:50",18
"2018-07-16 12:44:49",18
"2018-07-16 13:45:06",18
"2018-07-16 14:44:51",18
"2018-07-16 15:44:53",18
"2018-07-16 16:44:52",18
"2018-07-16 17:44:53",18
"2018-07-16 18:44:52",18
"2018-07-16 19:45:34",18
"2018-07-16 20:44:51",18
"2018-07-16 21:44:51",18
"2018-07-16 22:44:50",18
"2018-07-16 23:44:51",18
"2018-07-17 00:45:06",18
"2018-07-17 01:44:51",18
"2018-07-17 02:44:51",18
"2018-07-17 03:44:50",18
"2018-07-17 04:44:51",18
"2018-07-17 05:44:52",18
"2018-07-17 06:44:51",18
"2018-07-17 07:45:02",18
"2018-07-17 08:44:51",18
"2018-07-17 09:44:50",18
"2018-07-17 10:44:50",18
"2018-07-17 11:44:50",18
"2018-07-17 12:44:51",18
"2018-07-17 13:44:56",18
"2018-07-17 14:44:53",17
"2018-07-17 15:44:52",17
"2018-07-17 16:44:52",17
"2018-07-17 17:44:52",17
"2018-07-17 18:44:53",17
"2018-07-17 19:45:15",17
"2018-07-17 20:44:51",17
"2018-07-17 21:44:50",17
"2018-07-17 22:44:49",17
"2018-07-17 23:44:55",17
"2018-07-18 00:44:56",17
"2018-07-18 01:44:55",17
"2018-07-18 02:45:06",17
"2018-07-18 03:44:57",17
"2018-07-18 04:44:55",17
"2018-07-18 05:44:58",17
"2018-07-18 06:44:55",17
"2018-07-18 07:44:55",17
"2018-07-18 08:44:59",17
"2018-07-18 09:44:54",17
"2018-07-18 10:44:54",17
"2018-07-18 11:44:55",17
"2018-07-18 12:44:54",17
"2018-07-18 13:45:00",17
"2018-07-18 14:44:58",17
"2018-07-18 15:44:56",17
"2018-07-18 16:44:56",17
"2018-07-18 17:44:57",17
"2018-07-18 18:44:56",17
"2018-07-18 19:45:06",17
"2018-07-18 20:44:55",17
"2018-07-18 21:44:56",17
"2018-07-18 22:44:56",17
"2018-07-18 23:44:55",17
"2018-07-19 00:44:56",17
"2018-07-19 01:44:56",17
"2018-07-19 02:44:56",17
"2018-07-19 03:45:02",17
"2018-07-19 04:45:04",17
"2018-07-19 05:45:00",17
"2018-07-19 06:45:02",17
"2018-07-19 07:45:08",17
"2018-07-19 08:44:56",17
"2018-07-19 09:44:56",17
"2018-07-19 10:44:55",17
"2018-07-19 11:44:56",17
"2018-07-19 12:44:54",17
"2018-07-19 13:45:00",17
"2018-07-19 14:44:58",17
"2018-07-19 15:44:59",17
"2018-07-19 16:44:57",17
"2018-07-19 17:44:58",17
"2018-07-19 18:44:59",17
"2018-07-19 19:45:02",17
"2018-07-19 20:44:57",17
"2018-07-19 21:44:56",17
"2018-07-19 22:44:58",17
"2018-07-19 23:45:00",17
"2018-07-20 00:44:57",17
"2018-07-20 01:44:57",17
"2018-07-20 02:44:58",17
"2018-07-20 03:45:02",17
"2018-07-20 04:45:03",17
"2018-07-20 05:45:02",17
"2018-07-20 06:45:01",17
"2018-07-20 07:45:00",17
"2018-07-20 08:44:56",17
"2018-07-20 09:45:09",17
"2018-07-20 10:44:55",17
"2018-07-20 11:44:55",17
"2018-07-20 12:44:54",17
"2018-07-20 14:08:31",17
"2018-07-20 14:44:58",17
"2018-07-20 15:44:59",17
"2018-07-20 16:44:58",17
"2018-07-20 17:44:57",17
"2018-07-20 18:44:59",17
"2018-07-20 19:45:09",17
"2018-07-20 20:44:56",17
"2018-07-20 21:44:56",17
"2018-07-20 22:44:54",17
"2018-07-20 23:44:58",17
"2018-07-21 00:44:57",17
"2018-07-21 01:44:58",17
"2018-07-21 02:44:59",17
"2018-07-21 03:45:05",17
"2018-07-21 04:44:57",17
"2018-07-21 05:44:56",17
"2018-07-21 06:44:56",17
"2018-07-21 07:44:55",17
"2018-07-21 08:44:55",17
"2018-07-21 09:44:57",17
"2018-07-21 10:44:56",17
"2018-07-21 11:44:54",17
"2018-07-21 12:44:55",17
"2018-07-21 13:44:57",17
"2018-07-21 14:44:57",17
"2018-07-21 15:44:57",17
"2018-07-21 16:44:59",17
"2018-07-21 17:44:56",17
"2018-07-21 18:44:59",17
"2018-07-21 19:45:02",17
"2018-07-21 20:44:56",17
"2018-07-21 21:44:56",17
"2018-07-21 22:44:55",17
"2018-07-21 23:44:57",17
"2018-07-22 00:44:56",17
"2018-07-22 01:44:55",17
"2018-07-22 02:44:57",17
"2018-07-22 03:44:58",17
"2018-07-22 04:44:56",17
"2018-07-22 05:44:56",17
"2018-07-22 06:45:11",17
"2018-07-22 07:45:07",17
"2018-07-22 08:44:56",17
"2018-07-22 09:44:54",17
"2018-07-22 10:44:54",17
"2018-07-22 11:44:55",17
"2018-07-22 12:44:57",17
"2018-07-22 13:44:56",17
"2018-07-22 14:45:00",17
"2018-07-22 15:44:56",17
"2018-07-22 16:44:56",17
"2018-07-22 17:44:55",17
"2018-07-22 18:44:55",17
"2018-07-22 19:45:06",17
"2018-07-22 20:44:56",17
"2018-07-22 21:44:56",17
"2018-07-22 22:44:56",17
"2018-07-22 23:44:55",17
"2018-07-23 00:44:56",17
"2018-07-23 01:44:55",17
"2018-07-23 02:44:57",17
"2018-07-23 03:44:56",17
"2018-07-23 04:44:55",17
"2018-07-23 05:44:54",17
"2018-07-23 06:44:55",17
"2018-07-23 07:44:56",17
"2018-07-23 08:44:58",17
"2018-07-23 09:45:01",17
"2018-07-23 23:45:10",17
"2018-07-24 00:44:56",17
"2018-07-24 01:44:57",17
"2018-07-24 02:44:58",17
"2018-07-24 03:44:56",17
"2018-07-24 04:44:55",17
"2018-07-24 05:44:55",17
"2018-07-24 06:44:56",17
"2018-07-24 07:44:55",17
"2018-07-24 08:44:55",17
"2018-07-24 09:44:54",17
"2018-07-24 10:44:54",17
"2018-07-24 11:44:54",17
"2018-07-24 12:44:56",17
"2018-07-24 13:45:09",17
"2018-07-24 14:44:57",17
"2018-07-24 15:44:57",17
"2018-07-24 16:44:58",17
"2018-07-24 17:44:57",17
"2018-07-24 18:44:56",17
"2018-07-24 19:44:57",17
"2018-07-24 20:44:55",17
"2018-07-24 21:44:55",17
"2018-07-24 22:44:55",17
"2018-07-24 23:44:55",17
"2018-07-25 00:44:56",17
"2018-07-25 01:44:56",17
"2018-07-25 02:44:55",17
"2018-07-25 03:44:56",17
"2018-07-25 04:44:56",17
"2018-07-25 05:44:55",17
"2018-07-25 06:44:56",17
"2018-07-25 07:44:55",17
"2018-07-25 08:44:56",17
"2018-07-25 09:44:56",17
"2018-07-25 10:44:54",17
"2018-07-25 11:44:54",17
"2018-07-25 12:44:55",17
"2018-07-25 13:45:03",17
"2018-07-25 14:44:58",17
"2018-07-25 15:44:59",17
"2018-07-25 16:44:58",18
"2018-07-25 17:45:04",18
"2018-07-25 18:44:59",18
"2018-07-25 19:44:59",18
"2018-07-25 20:44:58",18
"2018-07-25 21:44:58",18
"2018-07-25 22:44:56",18
"2018-07-25 23:44:55",18
"2018-07-26 00:44:55",18
"2018-07-26 01:44:56",18
"2018-07-26 02:44:57",18
"2018-07-26 03:44:57",18
"2018-07-26 04:44:57",18
"2018-07-26 05:44:59",18
"2018-07-26 06:44:56",18
"2018-07-26 07:44:55",18
"2018-07-26 08:44:55",18
"2018-07-26 09:44:56",18
"2018-07-26 10:44:56",18
"2018-07-26 11:44:55",18
"2018-07-26 12:44:56",18
"2018-07-26 14:45:00",18
"2018-07-26 15:45:00",18
"2018-07-26 16:44:59",18
"2018-07-26 17:44:59",18
"2018-07-26 18:44:59",18
"2018-07-26 19:45:00",18
"2018-07-26 20:44:58",18
"2018-07-26 21:44:56",18
"2018-07-26 22:44:57",18
"2018-07-26 23:44:58",18
"2018-07-27 00:44:57",18
"2018-07-27 01:44:58",18
"2018-07-27 02:44:57",18
"2018-07-27 03:44:57",18
"2018-07-27 04:44:58",18
"2018-07-27 05:44:59",18
"2018-07-27 06:44:57",18
"2018-07-27 07:44:57",18
"2018-07-27 08:44:56",18
"2018-07-27 09:44:56",18
"2018-07-27 10:44:57",18
"2018-07-27 11:44:56",18
"2018-07-27 12:44:56",18
"2018-07-27 13:45:05",18
"2018-07-27 14:44:59",18
"2018-07-27 15:44:58",18
"2018-07-27 16:44:57",18
"2018-07-27 17:44:58",18
"2018-07-27 18:44:57",18
"2018-07-27 19:44:58",18
"2018-07-27 20:44:56",18
"2018-07-27 21:44:57",18
"2018-07-27 22:44:56",18
"2018-07-27 23:44:56",18
"2018-07-28 00:44:57",18
"2018-07-28 01:44:57",18
"2018-07-28 02:44:56",18
"2018-07-28 03:44:58",18
"2018-07-28 04:44:56",18
"2018-07-28 05:44:57",18
"2018-07-28 06:44:57",18
"2018-07-28 07:44:56",18
"2018-07-28 08:44:57",18
"2018-07-28 09:44:57",18
"2018-07-28 10:44:56",18
"2018-07-28 11:44:56",18
"2018-07-28 12:44:56",18
"2018-07-28 13:44:56",18
"2018-07-28 14:44:56",18
"2018-07-28 15:44:57",18
"2018-07-28 16:44:57",18
"2018-07-28 17:44:57",18
"2018-07-28 18:44:58",18
"2018-07-28 19:45:21",18
"2018-07-28 20:45:10",18
"2018-07-28 21:44:57",18
"2018-07-28 22:44:57",18
"2018-07-28 23:44:58",18
"2018-07-29 00:44:56",18
"2018-07-29 01:44:58",18
"2018-07-29 02:44:57",18
"2018-07-29 03:44:56",18
"2018-07-29 04:44:58",18
"2018-07-29 05:44:58",18
"2018-07-29 06:44:57",18
"2018-07-29 07:44:56",18
"2018-07-29 08:44:56",18
"2018-07-29 09:44:57",18
"2018-07-29 10:44:57",18
"2018-07-29 11:44:56",18
"2018-07-29 12:44:57",18
"2018-07-29 13:44:58",18
"2018-07-29 14:44:57",18
"2018-07-29 15:44:56",18
"2018-07-29 16:44:58",18
"2018-07-29 17:44:57",18
"2018-07-29 18:44:56",18
"2018-07-29 19:44:58",18
"2018-07-29 20:44:57",18
"2018-07-29 21:44:58",18
"2018-07-29 22:44:58",18
"2018-07-29 23:44:58",18
"2018-07-30 00:44:56",18
"2018-07-30 01:44:58",18
"2018-07-30 02:44:56",18
"2018-07-30 03:44:58",18
"2018-07-30 04:44:57",18
"2018-07-30 05:44:57",18
"2018-07-30 06:44:55",18
"2018-07-30 07:44:56",18
"2018-07-30 08:44:57",18
"2018-07-30 09:44:57",18
"2018-07-30 10:44:55",18
"2018-07-30 11:44:57",18
"2018-07-30 12:44:57",18
"2018-07-30 13:45:05",18
"2018-07-30 14:45:00",18
"2018-07-30 15:44:59",19
"2018-07-30 16:45:00",19
"2018-07-30 17:44:59",19
"2018-07-30 18:44:56",19
"2018-07-30 19:45:00",19
"2018-07-30 20:44:56",19
"2018-07-30 21:44:57",19
"2018-07-30 22:44:58",19
"2018-07-30 23:44:56",19
"2018-07-31 00:44:59",19
"2018-07-31 01:44:57",19
"2018-07-31 02:44:57",19
"2018-07-31 03:44:57",19
"2018-07-31 04:44:57",19
"2018-07-31 05:44:57",19
"2018-07-31 06:44:57",19
"2018-07-31 07:44:57",19
"2018-07-31 08:45:25",19
"2018-07-31 09:51:53",19
"2018-07-31 10:44:57",19
"2018-07-31 11:44:56",19
"2018-07-31 12:44:57",19
"2018-07-31 13:45:06",19
"2018-07-31 14:44:59",19
"2018-07-31 15:44:58",19
"2018-07-31 16:44:58",19
"2018-07-31 17:44:57",19
"2018-07-31 18:44:58",19
"2018-07-31 19:44:59",19
"2018-07-31 20:44:58",19
"2018-07-31 21:44:56",19
"2018-07-31 22:44:58",19
"2018-07-31 23:44:58",19
"2018-08-01 00:44:58",19
"2018-08-01 01:44:57",19
"2018-08-01 02:44:57",19
"2018-08-01 03:44:57",19
"2018-08-01 04:44:57",19
"2018-08-01 05:44:58",19
"2018-08-01 06:44:56",19
"2018-08-01 07:44:57",19
"2018-08-01 08:44:57",19
"2018-08-01 09:44:57",19
"2018-08-01 10:44:55",19
"2018-08-01 11:44:56",19
"2018-08-01 12:44:56",19
"2018-08-01 14:10:05",19
"2018-08-01 14:44:59",19
"2018-08-01 15:44:59",19
"2018-08-01 16:44:59",19
"2018-08-01 17:44:59",19
"2018-08-01 18:44:58",19
"2018-08-01 19:46:27",19
"2018-08-01 20:44:57",19
"2018-08-01 21:44:57",19
"2018-08-01 22:44:56",19
"2018-08-01 23:44:56",19
"2018-08-02 00:44:58",19
"2018-08-02 01:44:58",19
"2018-08-02 02:44:58",19
"2018-08-02 03:44:57",19
"2018-08-02 04:44:58",19
"2018-08-02 05:44:57",19
"2018-08-02 06:44:56",19
"2018-08-02 07:44:56",19
"2018-08-02 08:44:56",19
"2018-08-02 09:44:57",19
"2018-08-02 10:44:57",19
"2018-08-02 11:44:56",19
"2018-08-02 12:44:57",19
"2018-08-02 13:45:03",19
"2018-08-02 14:45:02",19
"2018-08-02 15:45:01",19
"2018-08-02 16:44:58",18
"2018-08-02 17:45:00",18
"2018-08-02 18:44:58",18
"2018-08-02 19:44:59",18
"2018-08-02 20:44:57",18
"2018-08-02 21:44:57",18
"2018-08-02 22:44:57",18
"2018-08-02 23:44:56",18
"2018-08-03 00:44:57",18
"2018-08-03 01:44:59",18
"2018-08-03 02:44:58",18
"2018-08-03 03:44:58",18
"2018-08-03 04:44:57",18
"2018-08-03 05:44:57",18
"2018-08-03 06:44:58",18
"2018-08-03 07:44:56",18
"2018-08-03 08:44:57",18
"2018-08-03 09:44:57",18
"2018-08-03 10:44:57",18
"2018-08-03 11:46:58",18
"2018-08-03 13:09:56",18
"2018-08-03 13:45:04",18
"2018-08-03 14:44:58",18
"2018-08-03 15:44:57",18
"2018-08-03 16:44:58",18
"2018-08-03 17:44:57",18
"2018-08-03 18:44:57",18
"2018-08-03 19:44:57",18
"2018-08-03 20:44:58",18
"2018-08-03 21:44:56",18
"2018-08-03 22:44:56",18
"2018-08-03 23:44:57",18
"2018-08-04 00:44:56",18
"2018-08-04 01:44:57",18
"2018-08-04 02:44:57",18
"2018-08-04 03:44:57",18
"2018-08-04 04:44:56",18
"2018-08-04 05:44:57",18
"2018-08-04 06:44:57",18
"2018-08-04 07:44:58",18
"2018-08-04 08:44:56",18
"2018-08-04 09:44:57",18
"2018-08-04 10:44:57",18
"2018-08-04 11:44:56",18
"2018-08-04 12:44:56",18
"2018-08-04 13:44:58",18
"2018-08-04 14:44:56",18
"2018-08-04 15:44:57",18
"2018-08-04 16:44:56",18
"2018-08-04 17:44:57",18
"2018-08-04 18:44:58",18
"2018-08-04 19:44:57",18
"2018-08-04 20:44:56",18
"2018-08-04 21:44:56",18
"2018-08-04 22:44:56",18
"2018-08-04 23:44:58",18
"2018-08-05 00:44:55",18
"2018-08-05 01:44:57",18
"2018-08-05 02:44:58",18
"2018-08-05 03:44:57",18
"2018-08-05 04:44:56",18
"2018-08-05 05:44:57",18
"2018-08-05 06:44:57",18
"2018-08-05 07:44:56",18
"2018-08-05 08:44:56",18
"2018-08-05 09:44:56",18
"2018-08-05 10:44:57",18
"2018-08-05 11:44:56",18
"2018-08-05 12:44:56",18
"2018-08-05 13:44:56",18
"2018-08-05 14:44:56",18
"2018-08-05 15:44:57",18
"2018-08-05 16:44:58",18
"2018-08-05 17:44:57",18
"2018-08-05 18:44:57",18
"2018-08-05 19:44:57",18
"2018-08-05 20:44:56",18
"2018-08-05 21:44:58",18
"2018-08-05 22:44:56",18
"2018-08-05 23:44:58",18
"2018-08-06 00:44:57",18
"2018-08-06 01:44:55",18
"2018-08-06 02:44:57",18
"2018-08-06 03:44:56",18
"2018-08-06 04:44:56",18
"2018-08-06 05:44:56",18
"2018-08-06 06:44:56",18
"2018-08-06 07:44:57",18
"2018-08-06 08:44:57",18
"2018-08-06 09:44:57",18
"2018-08-06 10:44:57",18
"2018-08-06 11:44:55",18
"2018-08-06 12:44:56",18
"2018-08-06 13:45:01",18
"2018-08-06 14:44:59",18
"2018-08-06 15:44:58",18
"2018-08-06 16:45:26",18
"2018-08-06 17:44:59",18
"2018-08-06 18:44:59",18
"2018-08-06 19:44:58",18
"2018-08-06 20:44:58",18
"2018-08-06 21:45:00",18
"2018-08-06 22:44:58",18
"2018-08-06 23:44:58",18
"2018-08-07 00:44:58",18
"2018-08-07 01:44:58",18
"2018-08-07 02:44:59",18
"2018-08-07 03:45:01",18
"2018-08-07 04:44:59",18
"2018-08-07 05:44:57",18
"2018-08-07 06:44:57",18
"2018-08-07 07:44:58",18
"2018-08-07 08:44:57",18
"2018-08-07 09:44:56",18
"2018-08-07 10:44:57",18
"2018-08-07 11:44:57",18
"2018-08-07 12:44:57",18
"2018-08-07 13:45:05",18
"2018-08-07 14:44:59",17
"2018-08-07 15:44:59",17
"2018-08-07 16:44:58",17
"2018-08-07 17:45:00",17
"2018-08-07 18:44:59",17
"2018-08-07 19:45:01",17
"2018-08-07 20:44:59",17
"2018-08-07 21:44:58",17
"2018-08-07 22:44:58",17
"2018-08-07 23:44:58",17
"2018-08-08 00:44:58",17
"2018-08-08 01:45:00",17
"2018-08-08 02:44:59",17
"2018-08-08 03:44:58",17
"2018-08-08 04:44:57",17
"2018-08-08 05:44:59",17
"2018-08-08 06:44:59",17
"2018-08-08 07:44:59",17
"2018-08-08 08:44:59",17
"2018-08-08 09:44:59",17
"2018-08-08 10:44:59",17
"2018-08-08 11:44:59",17
"2018-08-08 12:44:59",17
"2018-08-08 13:45:03",17
"2018-08-08 14:44:59",17
"2018-08-08 15:45:00",17
"2018-08-08 16:45:00",17
"2018-08-08 17:44:59",17
"2018-08-08 18:44:58",17
"2018-08-08 19:44:59",17
"2018-08-08 20:44:57",17
"2018-08-08 21:44:57",17
"2018-08-08 22:44:57",17
"2018-08-10 00:23:15",17
"2018-08-10 00:45:03",17
"2018-08-10 01:45:04",17
"2018-08-10 02:45:03",17
"2018-08-10 03:44:59",17
"2018-08-10 04:45:03",17
"2018-08-10 05:45:05",17
"2018-08-10 06:45:01",17
"2018-08-10 07:45:03",17
"2018-08-10 08:45:03",17
"2018-08-10 09:45:01",17
"2018-08-10 10:45:01",17
"2018-08-10 11:45:01",17
"2018-08-10 12:45:00",17
"2018-08-10 13:45:06",17
"2018-08-10 14:45:04",17
"2018-08-10 15:45:03",17
"2018-08-10 16:45:04",17
"2018-08-10 17:45:02",17
"2018-08-10 18:45:02",17
"2018-08-10 19:45:02",18
"2018-08-10 20:45:02",18
"2018-08-10 21:45:02",18
"2018-08-10 22:45:01",18
"2018-08-10 23:45:03",18
"2018-08-11 00:45:02",18
"2018-08-11 01:45:02",18
"2018-08-11 02:45:03",18
"2018-08-11 03:45:03",18
"2018-08-11 04:45:01",18
"2018-08-11 05:45:03",18
"2018-08-11 06:45:01",18
"2018-08-11 07:45:01",18
"2018-08-11 08:45:01",18
"2018-08-11 09:45:01",18
"2018-08-11 10:45:01",18
"2018-08-11 11:45:01",18
"2018-08-11 12:45:01",18
"2018-08-11 13:45:01",18
"2018-08-11 14:45:01",18
"2018-08-11 15:45:02",18
"2018-08-11 16:45:02",18
"2018-08-11 17:45:02",18
"2018-08-11 18:45:03",18
"2018-08-11 19:45:02",18
"2018-08-11 20:45:02",18
"2018-08-11 21:45:02",18
"2018-08-11 22:45:02",18
"2018-08-11 23:45:02",18
"2018-08-12 00:45:02",18
"2018-08-12 01:45:01",18
"2018-08-12 02:45:01",18
"2018-08-12 03:45:01",18
"2018-08-12 04:45:02",18
"2018-08-12 05:45:02",18
"2018-08-12 06:45:00",18
"2018-08-12 07:45:00",18
"2018-08-12 08:45:01",18
"2018-08-12 09:45:00",18
"2018-08-12 10:45:00",18
"2018-08-12 11:45:00",18
"2018-08-12 12:45:02",18
"2018-08-12 13:45:03",18
"2018-08-12 14:45:02",18
"2018-08-12 15:45:03",18
"2018-08-12 16:45:03",18
"2018-08-12 17:45:02",18
"2018-08-12 18:45:02",18
"2018-08-12 19:45:02",18
"2018-08-12 20:45:02",18
"2018-08-12 21:45:02",18
"2018-08-12 22:45:01",18
"2018-08-12 23:45:02",18
"2018-08-13 00:45:01",18
"2018-08-13 01:45:02",18
"2018-08-13 02:45:03",18
"2018-08-13 03:45:02",18
"2018-08-13 04:45:03",18
"2018-08-13 05:45:01",18
"2018-08-13 06:45:01",18
"2018-08-13 07:45:02",18
"2018-08-13 08:45:03",18
"2018-08-13 09:45:03",18
"2018-08-13 10:45:01",18
"2018-08-13 11:45:01",18
"2018-08-13 12:45:01",18
"2018-08-13 13:45:05",18
"2018-08-13 14:45:05",18
"2018-08-13 15:45:05",18
"2018-08-13 16:45:04",18
"2018-08-13 17:45:02",18
"2018-08-13 18:45:02",18
"2018-08-13 19:45:04",18
"2018-08-13 20:45:02",18
"2018-08-13 21:45:02",18
"2018-08-13 22:45:01",18
"2018-08-13 23:45:01",18
"2018-08-14 00:45:03",18
"2018-08-14 01:45:04",18
"2018-08-14 02:45:02",18
"2018-08-14 03:45:02",18
"2018-08-14 04:45:03",18
"2018-08-14 05:45:02",18
"2018-08-14 06:45:02",18
"2018-08-14 07:45:03",18
"2018-08-14 08:45:03",18
"2018-08-14 09:45:02",18
"2018-08-14 10:45:03",18
"2018-08-14 11:45:01",18
"2018-08-14 12:45:02",18
"2018-08-14 13:45:04",18
"2018-08-14 14:45:03",18
"2018-08-14 15:45:04",18
"2018-08-14 16:45:02",18
"2018-08-14 17:45:01",18
"2018-08-14 18:45:02",18
"2018-08-14 19:45:03",18
"2018-08-14 20:45:02",18
"2018-08-14 21:45:02",18
"2018-08-14 22:45:02",18
"2018-08-14 23:45:01",18
"2018-08-15 00:45:02",18
"2018-08-15 01:45:03",18
"2018-08-15 02:45:03",18
"2018-08-15 03:45:03",18
"2018-08-15 04:45:02",18
"2018-08-15 05:45:01",18
"2018-08-15 06:45:03",18
"2018-08-15 07:45:00",18
"2018-08-15 08:45:02",18
"2018-08-15 09:45:02",18
"2018-08-15 10:45:02",18
"2018-08-15 11:45:02",18
"2018-08-15 12:45:01",18
"2018-08-15 14:10:38",18
"2018-08-15 14:45:03",18
"2018-08-15 15:45:04",18
"2018-08-15 16:45:05",18
"2018-08-15 17:45:01",18
"2018-08-15 18:45:01",18
"2018-08-15 19:45:02",18
"2018-08-15 20:45:01",18
"2018-08-15 21:45:01",18
"2018-08-15 22:45:01",18
"2018-08-15 23:45:02",18
"2018-08-16 00:45:03",18
"2018-08-16 01:45:02",18
"2018-08-16 02:45:04",18
"2018-08-16 03:45:03",18
"2018-08-16 04:45:02",18
"2018-08-16 05:45:02",18
"2018-08-16 06:45:01",18
"2018-08-16 07:45:02",18
"2018-08-16 08:45:02",18
"2018-08-16 09:45:01",18
"2018-08-16 10:45:02",18
"2018-08-16 11:45:01",18
"2018-08-16 12:45:01",18
"2018-08-16 13:45:06",18
"2018-08-16 14:45:03",18
"2018-08-16 15:45:04",18
"2018-08-16 16:45:02",17
"2018-08-16 17:45:02",17
"2018-08-16 18:45:01",17
"2018-08-16 19:45:04",17
"2018-08-16 20:45:01",17
"2018-08-16 21:45:01",17
"2018-08-16 22:45:00",17
"2018-08-16 23:45:01",17
"2018-08-17 00:45:01",17
"2018-08-17 01:45:01",17
"2018-08-17 02:45:03",17
"2018-08-17 03:45:02",17
"2018-08-17 04:45:03",17
"2018-08-17 05:45:01",17
"2018-08-17 06:45:00",17
"2018-08-17 07:45:00",17
"2018-08-17 08:45:02",17
"2018-08-17 09:45:01",17
"2018-08-17 10:45:00",17
"2018-08-17 11:45:00",17
"2018-08-17 12:45:00",17
"2018-08-17 13:45:05",17
"2018-08-17 14:45:04",18
"2018-08-17 15:45:03",18
"2018-08-17 16:45:01",18
"2018-08-17 17:45:01",18
"2018-08-17 18:45:02",18
"2018-08-17 19:45:02",18
"2018-08-17 20:46:30",18
"2018-08-17 21:45:01",18
"2018-08-17 22:45:01",18
"2018-08-17 23:45:00",18
"2018-08-18 00:45:01",18
"2018-08-18 01:45:02",18
"2018-08-18 02:45:02",18
"2018-08-18 03:45:02",18
"2018-08-18 04:45:01",18
"2018-08-18 05:45:01",18
"2018-08-18 06:45:02",18
"2018-08-18 07:45:01",18
"2018-08-18 08:45:00",18
"2018-08-18 09:45:01",18
"2018-08-18 10:44:59",18
"2018-08-18 11:45:00",18
"2018-08-18 12:45:03",18
"2018-08-18 13:45:03",18
"2018-08-18 14:45:02",18
"2018-08-18 15:45:02",18
"2018-08-18 16:45:02",18
"2018-08-18 17:45:01",18
"2018-08-18 18:45:01",18
"2018-08-18 19:45:01",18
"2018-08-18 20:45:02",18
"2018-08-18 21:45:01",18
"2018-08-18 22:45:00",18
"2018-08-18 23:45:00",18
"2018-08-19 00:45:01",18
"2018-08-19 01:45:01",18
"2018-08-19 02:45:01",18
"2018-08-19 03:45:00",18
"2018-08-19 04:45:01",18
"2018-08-19 05:45:00",18
"2018-08-19 06:45:00",18
"2018-08-19 07:45:01",18
"2018-08-19 08:45:01",18
"2018-08-19 09:45:00",18
"2018-08-19 10:45:00",18
"2018-08-19 11:45:00",18
"2018-08-19 12:45:01",18
"2018-08-19 13:45:01",18
"2018-08-19 14:45:00",18
"2018-08-19 15:45:02",18
"2018-08-19 16:45:00",18
"2018-08-19 17:45:02",18
"2018-08-19 18:45:02",18
"2018-08-19 19:45:01",18
"2018-08-19 20:45:03",18
"2018-08-19 21:45:03",18
"2018-08-19 22:45:01",18
"2018-08-19 23:45:04",18
"2018-08-20 00:45:02",18
"2018-08-20 01:45:02",18
"2018-08-20 02:45:01",18
"2018-08-20 03:45:00",18
"2018-08-20 04:45:01",18
"2018-08-20 05:45:00",18
"2018-08-20 06:45:01",18
"2018-08-20 07:45:01",18
"2018-08-20 08:45:05",18
"2018-08-20 09:45:00",18
"2018-08-20 10:45:01",18
"2018-08-20 11:45:02",18
"2018-08-20 12:45:00",18
"2018-08-20 13:45:07",18
"2018-08-20 14:45:06",18
"2018-08-20 15:45:04",18
"2018-08-20 16:45:03",18
"2018-08-20 17:45:01",18
"2018-08-20 18:45:02",18
"2018-08-20 19:45:02",18
"2018-08-20 20:45:01",18
"2018-08-20 21:45:00",18
"2018-08-20 22:45:01",18
"2018-08-20 23:45:00",18
"2018-08-21 00:45:02",18
"2018-08-21 01:45:02",18
"2018-08-21 02:45:02",18
"2018-08-21 03:45:02",18
"2018-08-21 04:45:01",18
"2018-08-21 05:45:00",18
"2018-08-21 06:45:01",18
"2018-08-21 07:45:00",18
"2018-08-21 08:45:01",18
"2018-08-21 09:45:00",18
"2018-08-21 10:45:02",18
"2018-08-21 11:45:00",18
"2018-08-21 12:45:01",18
"2018-08-21 13:45:07",18
"2018-08-21 14:45:03",18
"2018-08-21 15:45:02",18
"2018-08-21 16:45:01",18
"2018-08-21 17:45:00",18
"2018-08-21 18:45:01",18
"2018-08-21 19:45:02",18
"2018-08-21 20:45:01",18
"2018-08-21 21:44:59",18
"2018-08-21 22:45:01",18
"2018-08-21 23:45:01",18
"2018-08-22 00:45:01",18
"2018-08-22 01:45:01",18
"2018-08-22 02:45:01",18
"2018-08-22 03:45:01",18
"2018-08-22 04:45:01",18
"2018-08-22 05:45:00",18
"2018-08-22 06:45:00",18
"2018-08-22 07:45:00",18
"2018-08-22 08:45:00",18
"2018-08-22 09:45:00",18
"2018-08-22 10:45:00",18
"2018-08-22 11:45:00",18
"2018-08-22 12:44:59",18
"2018-08-22 13:45:08",18
"2018-08-22 14:45:01",18
"2018-08-22 15:45:01",18
"2018-08-22 16:45:01",19
"2018-08-22 17:45:00",19
"2018-08-22 18:45:01",19
"2018-08-22 19:45:01",19
"2018-08-22 20:44:58",19
"2018-08-22 21:44:59",19
"2018-08-22 22:45:00",19
"2018-08-22 23:45:00",19
"2018-08-23 00:45:01",19
"2018-08-23 01:45:01",19
"2018-08-23 02:45:00",19
"2018-08-23 03:45:01",19
"2018-08-23 04:45:01",19
"2018-08-23 05:45:00",19
"2018-08-23 06:45:00",19
"2018-08-23 07:45:00",19
"2018-08-23 08:45:00",19
"2018-08-23 09:45:00",19
"2018-08-23 10:44:59",19
"2018-08-23 11:45:00",19
"2018-08-23 12:45:01",19
"2018-08-23 13:45:08",19
"2018-08-23 14:45:02",18
"2018-08-23 15:45:03",18
"2018-08-23 16:45:03",18
"2018-08-23 17:45:01",18
"2018-08-23 18:45:03",18
"2018-08-23 19:45:03",18
"2018-08-23 20:45:03",18
"2018-08-23 21:45:01",18
"2018-08-23 22:45:01",18
"2018-08-23 23:45:01",18
"2018-08-24 00:45:02",18
"2018-08-24 01:45:03",18
"2018-08-24 02:45:02",18
"2018-08-24 03:45:01",18
"2018-08-24 20:03:22",17
"2018-08-24 20:45:02",17
"2018-08-24 21:45:02",17
"2018-08-24 22:45:01",17
"2018-08-24 23:45:01",17
"2018-08-25 00:45:02",17
"2018-08-25 01:45:01",17
"2018-08-25 02:45:02",17
"2018-08-25 03:45:02",17
"2018-08-25 04:45:01",17
"2018-08-25 05:45:01",17
"2018-08-25 06:45:01",17
"2018-08-25 07:45:00",17
"2018-08-25 08:45:01",17
"2018-08-25 09:45:00",17
"2018-08-25 10:45:02",17
"2018-08-25 11:45:00",17
"2018-08-25 12:45:01",17
"2018-08-25 13:45:03",17
"2018-08-25 14:45:03",17
"2018-08-25 15:45:02",17
"2018-08-25 16:45:01",17
"2018-08-25 17:45:03",17
"2018-08-25 18:45:02",17
"2018-08-25 19:45:01",17
"2018-08-25 20:45:02",17
"2018-08-25 21:45:02",17
"2018-08-25 22:45:02",17
"2018-08-25 23:45:01",17
"2018-08-26 00:45:02",17
"2018-08-26 01:45:01",17
"2018-08-26 02:45:03",17
"2018-08-26 03:45:01",17
"2018-08-26 04:45:01",17
"2018-08-26 05:45:00",17
"2018-08-26 06:45:01",17
"2018-08-26 07:45:01",17
"2018-08-26 08:45:00",17
"2018-08-26 09:45:00",17
"2018-08-26 10:45:01",17
"2018-08-26 11:45:01",17
"2018-08-26 12:45:02",17
"2018-08-26 13:45:02",17
"2018-08-26 14:45:01",17
"2018-08-26 15:45:00",17
"2018-08-26 16:45:01",17
"2018-08-26 17:45:01",17
"2018-08-26 18:45:01",17
"2018-08-26 19:45:02",17
"2018-08-26 20:45:02",17
"2018-08-26 21:45:00",17
"2018-08-26 22:45:02",17
"2018-08-26 23:45:01",17
"2018-08-27 00:45:02",17
"2018-08-27 01:45:02",17
"2018-08-27 02:45:01",17
"2018-08-27 03:45:01",17
"2018-08-27 04:45:02",17
"2018-08-27 05:45:02",17
"2018-08-27 06:45:02",17
"2018-08-27 07:45:01",17
"2018-08-27 08:45:02",17
"2018-08-27 09:45:00",17
"2018-08-27 10:45:00",17
"2018-08-27 11:44:59",17
"2018-08-27 12:45:00",17
"2018-08-27 14:09:07",17
"2018-08-27 14:45:03",17
"2018-08-27 15:45:02",16
"2018-08-27 16:45:03",16
"2018-08-27 17:45:02",16
"2018-08-27 18:45:01",16
"2018-08-27 19:45:03",16
"2018-08-27 20:45:01",16
"2018-08-27 21:45:00",16
"2018-08-27 22:45:01",16
"2018-08-27 23:45:00",16
"2018-08-28 00:45:01",16
"2018-08-28 01:45:02",16
"2018-08-28 02:45:00",16
"2018-08-28 03:45:00",16
"2018-08-28 04:45:02",16
"2018-08-28 05:45:00",16
"2018-08-28 06:45:01",16
"2018-08-28 07:45:00",16
"2018-08-28 08:44:59",16
"2018-08-28 09:45:00",16
"2018-08-28 10:45:01",16
"2018-08-28 11:45:01",16
"2018-08-28 12:45:01",16
"2018-08-28 13:45:20",16
"2018-08-28 14:45:14",16
"2018-08-28 15:45:15",16
"2018-08-28 16:45:15",16
"2018-08-28 17:45:15",16
"2018-08-28 18:45:17",17
"2018-08-28 19:45:14",17
"2018-08-28 20:45:14",17
"2018-08-28 21:45:13",17
"2018-08-28 22:45:14",17
"2018-08-28 23:45:13",17
"2018-08-29 00:45:15",17
"2018-08-29 01:45:15",17
"2018-08-29 02:45:13",17
"2018-08-29 03:45:13",17
"2018-08-29 04:45:14",17
"2018-08-29 05:45:13",17
"2018-08-29 06:45:12",17
"2018-08-29 07:45:13",17
"2018-08-29 08:45:13",17
"2018-08-29 09:45:12",17
"2018-08-29 10:45:12",17
"2018-08-29 11:45:11",17
"2018-08-29 12:45:13",17
"2018-08-29 14:08:53",16
"2018-08-29 14:45:17",16
"2018-08-29 15:45:16",16
"2018-08-29 16:45:14",16
"2018-08-29 17:45:17",16
"2018-08-29 18:45:18",16
"2018-08-29 19:45:15",16
"2018-08-29 20:45:13",16
"2018-08-29 21:45:13",16
"2018-08-29 22:45:12",16
"2018-08-29 23:45:13",16
"2018-08-30 00:45:59",16
"2018-08-30 01:45:58",16
"2018-08-30 02:45:14",16
"2018-08-30 03:45:14",16
"2018-08-30 04:45:13",16
"2018-08-30 05:45:13",16
"2018-08-30 06:45:13",16
"2018-08-30 07:45:13",16
"2018-08-30 08:45:17",16
"2018-08-30 09:45:13",16
"2018-08-30 10:45:13",16
"2018-08-30 11:45:13",16
"2018-08-30 12:45:12",16
"2018-08-30 13:45:23",16
"2018-08-30 14:45:15",16
"2018-08-30 15:45:13",16
"2018-08-30 16:45:15",16
"2018-08-30 17:45:14",16
"2018-08-30 18:45:16",16
"2018-08-30 19:45:15",16
"2018-08-30 20:45:11",16
"2018-08-30 21:45:13",16
"2018-08-30 22:45:12",16
"2018-08-30 23:45:13",16
"2018-08-31 00:45:18",16
"2018-08-31 01:45:14",16
"2018-08-31 02:45:13",16
"2018-08-31 03:45:13",16
"2018-08-31 04:45:13",16
"2018-08-31 05:45:14",16
"2018-08-31 06:45:14",16
"2018-08-31 07:45:13",16
"2018-08-31 08:45:13",16
"2018-08-31 09:45:14",16
"2018-08-31 10:45:12",16
"2018-08-31 11:45:14",16
"2018-08-31 12:45:14",16
"2018-08-31 13:45:19",16
"2018-08-31 14:45:14",16
"2018-08-31 15:45:15",16
"2018-08-31 16:45:13",16
"2018-08-31 17:45:15",16
"2018-08-31 18:45:15",15
"2018-08-31 19:45:15",15
"2018-08-31 20:45:14",15
"2018-08-31 21:45:13",15
"2018-08-31 22:45:13",15
"2018-08-31 23:45:12",15
"2018-09-01 00:45:14",15
"2018-09-01 01:45:14",15
"2018-09-01 02:45:14",15
"2018-09-01 03:45:13",15
"2018-09-01 04:45:15",15
"2018-09-01 05:45:14",15
"2018-09-01 06:45:14",15
"2018-09-01 07:45:14",15
"2018-09-01 08:45:13",15
"2018-09-01 09:45:13",15
"2018-09-01 10:45:13",15
"2018-09-01 11:45:13",15
"2018-09-01 12:45:14",15
"2018-09-01 13:45:15",15
"2018-09-01 14:45:17",15
"2018-09-01 15:45:14",15
"2018-09-01 16:45:13",15
"2018-09-01 17:45:13",15
"2018-09-01 18:45:14",15
"2018-09-01 19:45:13",15
"2018-09-01 20:45:12",15
"2018-09-01 21:45:13",15
"2018-09-01 22:45:14",15
"2018-09-01 23:45:13",15
"2018-09-02 00:45:15",15
"2018-09-02 01:45:14",15
"2018-09-02 02:45:13",15
"2018-09-02 03:45:15",15
"2018-09-02 04:45:14",15
"2018-09-02 05:45:13",15
"2018-09-02 06:45:13",15
"2018-09-02 07:45:12",15
"2018-09-02 08:45:13",15
"2018-09-02 09:45:12",15
"2018-09-02 10:45:12",15
"2018-09-02 11:45:13",15
"2018-09-02 12:45:13",15
"2018-09-02 13:45:14",15
"2018-09-02 14:45:15",15
"2018-09-02 15:45:14",15
"2018-09-02 16:45:14",15
"2018-09-02 17:45:14",15
"2018-09-02 18:45:12",15
"2018-09-02 19:45:13",15
"2018-09-02 20:45:13",15
"2018-09-02 21:45:14",15
"2018-09-02 22:45:14",15
"2018-09-02 23:45:14",15
"2018-09-03 00:45:13",15
"2018-09-03 01:45:15",15
"2018-09-03 02:45:15",15
"2018-09-03 03:45:13",15
"2018-09-03 04:45:13",15
"2018-09-03 05:45:13",15
"2018-09-03 06:45:13",15
"2018-09-03 07:45:13",15
"2018-09-03 08:45:17",15
"2018-09-03 09:45:13",15
"2018-09-03 10:45:12",15
"2018-09-03 11:45:14",15
"2018-09-03 12:45:12",15
"2018-09-03 13:45:14",15
"2018-09-03 14:45:12",15
"2018-09-03 15:45:12",15
"2018-09-03 16:45:13",15
"2018-09-03 17:45:13",15
"2018-09-03 18:45:14",15
"2018-09-03 19:45:12",15
"2018-09-03 20:45:14",15
"2018-09-03 21:45:12",15
"2018-09-03 22:45:13",15
"2018-09-03 23:45:11",15
"2018-09-04 00:45:13",15
"2018-09-04 01:45:14",15
"2018-09-04 02:45:14",15
"2018-09-04 03:45:14",15
"2018-09-04 04:45:13",15
"2018-09-04 05:45:13",15
"2018-09-04 06:45:13",15
"2018-09-04 07:45:15",15
"2018-09-04 08:45:14",15
"2018-09-04 09:45:12",15
"2018-09-04 10:45:14",15
"2018-09-04 11:45:12",15
"2018-09-04 12:45:14",15
"2018-09-04 13:45:22",15
"2018-09-04 14:45:15",15
"2018-09-04 15:45:15",15
"2018-09-04 16:45:18",15
"2018-09-04 17:45:15",15
"2018-09-04 18:45:17",15
"2018-09-04 19:45:18",15
"2018-09-04 20:45:15",15
"2018-09-04 21:45:13",15
"2018-09-04 22:45:14",15
"2018-09-04 23:45:13",15
"2018-09-05 00:45:14",15
"2018-09-05 01:45:14",15
"2018-09-05 02:45:14",15
"2018-09-05 03:45:12",15
"2018-09-05 04:45:13",15
"2018-09-05 05:45:14",15
"2018-09-05 06:45:13",15
"2018-09-05 07:45:14",15
"2018-09-05 08:45:13",15
"2018-09-05 09:45:13",15
"2018-09-05 10:45:12",15
"2018-09-05 11:45:16",15
"2018-09-05 12:45:12",15
"2018-09-05 13:45:26",15
"2018-09-05 14:45:20",16
"2018-09-05 15:45:15",16
"2018-09-05 16:45:15",16
"2018-09-05 17:45:16",16
"2018-09-05 18:45:17",16
"2018-09-05 19:45:15",16
"2018-09-05 20:45:13",16
"2018-09-05 21:45:12",16
"2018-09-05 22:45:12",16
"2018-09-05 23:45:14",16
"2018-09-06 00:45:14",16
"2018-09-06 01:45:13",16
"2018-09-06 02:45:14",16
"2018-09-06 03:45:14",16
"2018-09-06 04:45:15",16
"2018-09-06 05:45:15",16
"2018-09-06 06:45:13",16
"2018-09-06 07:45:12",16
"2018-09-06 08:45:13",16
"2018-09-06 09:45:13",16
"2018-09-06 10:45:12",16
"2018-09-06 11:45:14",16
"2018-09-06 13:10:17",16
"2018-09-06 13:45:22",16
"2018-09-06 14:45:15",16
"2018-09-06 15:45:15",16
"2018-09-06 16:45:15",16
"2018-09-06 17:45:14",16
"2018-09-06 18:45:14",16
"2018-09-06 19:45:14",16
"2018-09-06 20:45:12",16
"2018-09-06 21:45:12",16
"2018-09-06 22:45:13",16
"2018-09-06 23:45:14",16
"2018-09-07 00:45:13",16
"2018-09-07 01:45:14",16
"2018-09-07 02:45:14",16
"2018-09-07 03:45:13",16
"2018-09-07 04:45:14",16
"2018-09-07 05:45:18",16
"2018-09-07 06:45:18",16
"2018-09-07 08:45:17",16
"2018-09-07 09:45:17",16
"2018-09-07 10:45:17",16
"2018-09-07 11:45:15",16
"2018-09-07 12:45:13",16
"2018-09-07 13:45:24",16
"2018-09-07 14:45:14",16
"2018-09-07 15:45:16",16
"2018-09-07 16:45:16",16
"2018-09-07 17:45:15",16
"2018-09-07 18:45:19",16
"2018-09-07 19:45:14",16
"2018-09-07 20:45:13",16
"2018-09-07 21:45:12",16
"2018-09-07 22:45:12",16
"2018-09-07 23:45:13",16
"2018-09-08 00:45:13",16
"2018-09-08 01:45:13",16
"2018-09-08 02:45:14",16
"2018-09-08 03:45:14",16
"2018-09-08 04:45:13",16
"2018-09-08 05:45:14",16
"2018-09-08 06:45:13",16
"2018-09-08 07:45:12",16
"2018-09-08 08:45:12",16
"2018-09-08 09:45:12",16
"2018-09-08 10:45:12",16
"2018-09-08 11:45:13",16
"2018-09-08 12:45:13",16
"2018-09-08 13:45:14",16
"2018-09-08 14:45:12",16
"2018-09-08 15:45:14",16
"2018-09-08 16:45:13",16
"2018-09-08 17:45:13",16
"2018-09-08 18:45:13",16
"2018-09-08 19:45:14",16
"2018-09-08 20:45:13",16
"2018-09-08 21:45:13",16
"2018-09-08 22:45:13",16
"2018-09-08 23:45:15",16
"2018-09-09 00:45:12",16
"2018-09-09 01:45:15",16
"2018-09-09 02:45:14",16
"2018-09-09 03:45:13",16
"2018-09-09 04:45:13",16
"2018-09-09 05:45:12",16
"2018-09-09 06:45:13",16
"2018-09-09 07:45:13",16
"2018-09-09 08:45:14",16
"2018-09-09 09:45:13",16
"2018-09-09 10:45:13",16
"2018-09-09 11:45:14",16
"2018-09-09 12:45:13",16
"2018-09-09 13:45:14",16
"2018-09-09 14:45:14",16
"2018-09-09 15:45:13",16
"2018-09-09 16:45:13",16
"2018-09-09 17:45:14",16
"2018-09-09 18:45:14",16
"2018-09-09 19:45:14",16
"2018-09-09 20:45:13",16
"2018-09-09 21:45:13",16
"2018-09-09 22:45:13",16
"2018-09-09 23:45:13",16
"2018-09-10 00:45:14",16
"2018-09-10 01:45:15",16
"2018-09-10 02:45:15",16
"2018-09-10 03:45:14",16
"2018-09-10 04:45:14",16
"2018-09-10 05:45:12",16
"2018-09-10 06:45:12",16
"2018-09-10 07:45:12",16
"2018-09-10 08:45:12",16
"2018-09-10 09:45:13",16
"2018-09-10 10:45:13",16
"2018-09-10 11:45:13",16
"2018-09-10 12:45:13",16
"2018-09-10 13:45:20",16
"2018-09-10 14:45:15",16
"2018-09-10 15:45:16",16
"2018-09-10 16:45:17",16
"2018-09-10 17:45:14",16
"2018-09-10 18:45:17",16
"2018-09-10 19:45:14",16
"2018-09-10 20:45:13",16
"2018-09-10 21:45:12",16
"2018-09-10 22:45:13",16
"2018-09-10 23:45:13",16
"2018-09-11 00:45:14",16
"2018-09-11 01:45:14",16
"2018-09-11 02:45:15",16
"2018-09-11 03:45:14",16
"2018-09-11 04:45:13",16
"2018-09-11 05:45:15",16
"2018-09-11 06:45:14",16
"2018-09-11 07:45:13",16
"2018-09-11 08:45:13",16
"2018-09-11 09:45:13",16
"2018-09-11 10:45:13",16
"2018-09-11 11:45:12",16
"2018-09-11 12:45:13",16
"2018-09-11 13:45:20",16
"2018-09-11 14:45:15",16
"2018-09-11 15:45:15",16
"2018-09-11 16:45:14",16
"2018-09-11 17:45:15",16
"2018-09-11 18:45:16",16
"2018-09-11 19:45:15",16
"2018-09-11 20:45:12",16
"2018-09-11 21:45:12",16
"2018-09-11 22:45:12",16
"2018-09-11 23:45:13",16
"2018-09-12 00:45:14",16
"2018-09-12 01:45:16",16
"2018-09-12 20:45:19",16
"2018-09-12 21:45:14",16
"2018-09-12 22:45:13",16
"2018-09-12 23:45:13",16
"2018-09-13 00:45:14",16
"2018-09-13 01:45:15",16
"2018-09-13 02:45:19",16
"2018-09-13 03:45:14",16
"2018-09-13 04:45:14",16
"2018-09-13 05:45:15",16
"2018-09-13 06:45:22",16
"2018-09-13 07:45:14",16
"2018-09-13 08:45:14",16
"2018-09-13 09:45:13",16
"2018-09-13 10:45:14",16
"2018-09-13 11:45:13",16
"2018-09-13 12:45:14",16
"2018-09-13 14:45:17",16
"2018-09-13 15:45:17",16
"2018-09-13 16:45:21",16
"2018-09-13 17:45:15",16
"2018-09-13 18:45:16",16
"2018-09-13 19:45:15",16
"2018-09-13 20:45:14",16
"2018-09-13 21:45:14",16
"2018-09-13 22:45:14",16
"2018-09-13 23:45:14",16
"2018-09-14 00:45:15",16
"2018-09-14 01:45:15",16
"2018-09-14 02:45:16",16
"2018-09-14 03:45:15",16
"2018-09-14 04:45:15",16
"2018-09-14 05:45:15",16
"2018-09-14 06:45:13",16
"2018-09-14 07:45:22",16
"2018-09-14 08:45:18",16
"2018-09-14 09:45:16",16
"2018-09-14 10:45:15",16
"2018-09-14 11:45:13",16
"2018-09-14 12:45:18",16
"2018-09-14 13:45:24",16
"2018-09-14 14:45:20",16
"2018-09-14 15:45:22",16
"2018-09-14 16:45:18",16
"2018-09-14 17:45:18",16
"2018-09-14 18:45:16",16
"2018-09-14 19:45:16",16
"2018-09-14 20:45:14",16
"2018-09-14 21:45:14",16
"2018-09-14 22:45:14",16
"2018-09-14 23:45:14",16
"2018-09-15 00:45:15",16
"2018-09-15 01:45:15",16
"2018-09-15 02:45:15",16
"2018-09-15 03:45:14",16
"2018-09-15 04:45:13",16
"2018-09-15 05:45:14",16
"2018-09-15 06:45:13",16
"2018-09-15 07:45:14",16
"2018-09-15 08:45:13",16
"2018-09-15 09:45:14",16
"2018-09-15 10:45:13",16
"2018-09-15 11:45:13",16
"2018-09-15 12:45:15",16
"2018-09-15 13:45:15",16
"2018-09-15 14:45:13",16
"2018-09-15 15:45:14",16
"2018-09-15 16:45:14",16
"2018-09-15 17:45:13",16
"2018-09-15 18:45:13",16
"2018-09-15 19:45:14",16
"2018-09-15 20:45:14",16
"2018-09-15 21:45:13",16
"2018-09-15 22:45:13",16
"2018-09-15 23:45:13",16
"2018-09-16 00:45:13",16
"2018-09-16 01:45:14",16
"2018-09-16 02:45:15",16
"2018-09-16 03:45:14",16
"2018-09-16 04:45:15",16
"2018-09-16 05:45:13",16
"2018-09-16 06:45:14",16
"2018-09-16 07:45:13",16
"2018-09-16 08:45:14",16
"2018-09-16 09:45:14",16
"2018-09-16 10:45:13",16
"2018-09-16 11:45:13",16
"2018-09-16 12:45:14",16
"2018-09-16 13:45:14",16
"2018-09-16 14:45:14",16
"2018-09-16 15:45:15",16
"2018-09-16 16:45:15",16
"2018-09-16 17:45:14",16
"2018-09-16 18:45:15",16
"2018-09-16 19:45:13",16
"2018-09-16 20:45:14",16
"2018-09-16 21:45:14",16
"2018-09-16 22:45:14",16
"2018-09-16 23:45:14",16
"2018-09-17 00:45:15",16
"2018-09-17 01:45:15",16
"2018-09-17 02:45:14",16
"2018-09-17 03:45:14",16
"2018-09-17 04:45:15",16
"2018-09-17 05:45:13",16
"2018-09-17 06:45:13",16
"2018-09-17 07:45:15",16
"2018-09-17 08:45:15",16
"2018-09-17 09:45:14",16
"2018-09-17 10:45:14",16
"2018-09-17 11:45:14",16
"2018-09-17 12:45:13",16
"2018-09-17 13:45:22",16
"2018-09-17 14:45:16",16
"2018-09-17 15:45:22",16
"2018-09-17 16:45:17",16
"2018-09-17 17:45:14",16
"2018-09-17 18:45:14",16
"2018-09-17 19:45:16",16
"2018-09-17 20:45:14",16
"2018-09-17 21:45:14",16
"2018-09-17 22:45:13",16
"2018-09-17 23:45:14",16
"2018-09-18 00:45:14",16
"2018-09-18 01:45:14",16
"2018-09-18 02:45:14",16
"2018-09-18 03:45:14",16
"2018-09-18 04:45:15",16
"2018-09-18 05:45:14",16
"2018-09-18 06:45:14",16
"2018-09-18 07:45:13",16
"2018-09-18 08:45:14",16
"2018-09-18 09:45:13",16
"2018-09-18 10:45:13",16
"2018-09-18 11:45:13",16
"2018-09-18 12:45:14",16
"2018-09-18 13:45:19",16
"2018-09-18 14:45:19",16
"2018-09-18 15:45:15",16
"2018-09-18 16:45:16",16
"2018-09-18 17:45:17",15
"2018-09-18 18:45:21",15
"2018-09-18 19:45:20",15
"2018-09-18 20:45:14",15
"2018-09-18 21:45:13",15
"2018-09-18 22:45:14",15
"2018-09-18 23:45:14",15
"2018-09-19 00:45:16",15
"2018-09-19 01:45:15",15
"2018-09-19 02:45:16",15
"2018-09-19 03:45:15",15
"2018-09-19 04:45:14",15
"2018-09-19 05:45:14",15
"2018-09-19 06:45:15",15
"2018-09-19 07:45:14",15
"2018-09-19 08:45:14",15
"2018-09-19 09:45:14",15
"2018-09-19 10:45:13",15
"2018-09-19 11:45:13",15
"2018-09-19 12:45:14",15
"2018-09-19 13:46:30",15
"2018-09-19 14:45:23",15
"2018-09-19 15:45:21",15
"2018-09-19 16:45:16",15
"2018-09-19 17:45:16",15
"2018-09-19 18:45:15",15
"2018-09-19 19:45:26",15
"2018-09-19 20:45:14",15
"2018-09-19 21:45:15",15
"2018-09-19 22:45:13",15
"2018-09-19 23:45:14",15
"2018-09-20 00:45:14",15
"2018-09-20 01:45:19",15
"2018-09-20 02:45:17",15
"2018-09-20 03:45:19",15
"2018-09-20 04:45:15",15
"2018-09-20 05:45:15",15
"2018-09-20 06:45:15",15
"2018-09-20 07:45:13",15
"2018-09-20 08:45:19",15
"2018-09-20 09:45:59",15
"2018-09-20 10:45:14",15
"2018-09-20 11:45:14",15
"2018-09-20 13:11:22",15
"2018-09-20 14:45:24",15
"2018-09-20 15:45:19",15
"2018-09-20 16:45:17",15
"2018-09-20 17:45:17",15
"2018-09-20 18:45:16",15
"2018-09-20 19:45:18",15
"2018-09-20 20:45:17",15
"2018-09-20 21:45:15",15
"2018-09-20 22:45:14",15
"2018-09-20 23:45:15",15
"2018-09-21 00:45:17",15
"2018-09-21 01:45:16",15
"2018-09-21 02:45:17",15
"2018-09-21 03:45:15",15
"2018-09-21 04:45:18",15
"2018-09-21 06:45:15",15
"2018-09-21 07:45:46",15
"2018-09-21 08:45:16",15
"2018-09-21 09:45:16",15
"2018-09-21 10:45:13",15
"2018-09-21 11:45:15",15
"2018-09-21 13:12:49",15
"2018-09-21 13:45:25",15
"2018-09-21 14:45:17",15
"2018-09-21 15:45:18",15
"2018-09-21 16:45:19",15
"2018-09-21 17:45:18",15
"2018-09-21 18:45:47",15
"2018-09-21 19:45:18",15
"2018-09-21 20:45:15",15
"2018-09-21 21:45:15",15
"2018-09-21 22:45:14",15
"2018-09-21 23:45:15",15
"2018-09-22 00:45:15",15
"2018-09-22 01:45:15",15
"2018-09-22 02:45:15",15
"2018-09-22 03:45:15",15
"2018-09-22 04:45:16",15
"2018-09-22 05:45:16",15
"2018-09-22 06:45:15",15
"2018-09-22 07:45:15",15
"2018-09-22 08:45:14",15
"2018-09-22 09:45:15",15
"2018-09-22 10:45:15",15
"2018-09-22 11:45:15",15
"2018-09-22 12:45:15",15
"2018-09-22 13:45:16",15
"2018-09-22 14:45:17",15
"2018-09-22 15:45:16",15
"2018-09-22 16:45:16",15
"2018-09-22 17:45:16",15
"2018-09-22 18:45:15",15
"2018-09-22 19:45:16",15
"2018-09-22 20:45:15",15
"2018-09-22 21:45:14",15
"2018-09-22 22:45:15",15
"2018-09-22 23:45:15",15
"2018-09-23 00:45:46",15
"2018-09-23 01:45:16",15
"2018-09-23 02:45:15",15
"2018-09-23 03:45:17",15
"2018-09-23 04:45:18",15
"2018-09-23 05:45:15",15
"2018-09-23 06:45:14",15
"2018-09-23 07:45:16",15
"2018-09-23 08:45:14",15
"2018-09-23 09:45:15",15
"2018-09-23 10:45:15",15
"2018-09-23 11:45:16",15
"2018-09-23 12:45:14",15
"2018-09-23 13:45:15",15
"2018-09-23 14:45:16",15
"2018-09-23 15:45:15",15
"2018-09-23 16:45:16",15
"2018-09-23 17:45:15",15
"2018-09-23 18:45:16",15
"2018-09-23 19:45:15",15
"2018-09-23 20:45:14",15
"2018-09-23 21:45:17",15
"2018-09-23 22:45:16",15
"2018-09-23 23:45:16",15
"2018-09-24 00:45:15",15
"2018-09-24 01:45:17",15
"2018-09-24 02:45:16",15
"2018-09-24 03:45:15",15
"2018-09-24 04:45:18",15
"2018-09-24 05:45:15",15
"2018-09-24 06:45:14",15
"2018-09-24 07:45:16",15
"2018-09-24 08:45:15",15
"2018-09-24 09:45:14",15
"2018-09-24 10:45:14",15
"2018-09-24 11:45:16",15
"2018-09-24 12:45:15",15
"2018-09-24 13:45:25",15
"2018-09-24 14:45:18",15
"2018-09-24 15:45:16",15
"2018-09-24 16:45:16",15
"2018-09-24 17:45:16",15
"2018-09-24 18:45:17",15
"2018-09-24 19:45:17",15
"2018-09-24 20:45:16",15
"2018-09-24 21:45:15",15
"2018-09-24 22:45:15",15
"2018-09-24 23:45:16",15
"2018-09-25 00:45:16",15
"2018-09-25 01:45:14",15
"2018-09-25 02:45:14",15
"2018-09-25 03:45:15",15
"2018-09-25 04:45:18",15
"2018-09-25 05:45:15",15
"2018-09-25 06:45:16",15
"2018-09-25 07:45:15",15
"2018-09-25 08:45:15",15
"2018-09-25 09:45:14",15
"2018-09-25 10:45:15",15
"2018-09-25 11:45:16",15
"2018-09-25 12:45:16",15
"2018-09-25 13:45:23",15
"2018-09-25 14:45:20",15
"2018-09-25 15:45:17",15
"2018-09-25 16:45:18",15
"2018-09-25 17:45:16",15
"2018-09-25 18:45:19",15
"2018-09-25 19:45:17",15
"2018-09-25 20:45:16",15
"2018-09-25 21:45:16",15
"2018-09-25 22:45:16",15
"2018-09-25 23:45:17",15
"2018-09-26 00:45:19",15
"2018-09-26 01:45:22",15
"2018-09-26 02:45:20",15
"2018-09-26 03:45:20",15
"2018-09-26 04:45:17",15
"2018-09-26 05:45:17",15
"2018-09-26 06:45:16",15
"2018-09-26 07:45:16",15
"2018-09-26 08:45:17",15
"2018-09-26 09:45:16",15
"2018-09-26 10:45:15",15
"2018-09-26 11:45:15",15
"2018-09-26 13:11:52",15
"2018-09-26 13:45:25",15
"2018-09-26 14:45:17",15
"2018-09-26 15:45:18",15
"2018-09-26 16:45:19",15
"2018-09-26 17:45:17",15
"2018-09-26 18:45:19",15
"2018-09-26 19:45:17",15
"2018-09-26 20:45:16",15
"2018-09-26 21:45:16",15
"2018-09-26 22:45:15",15
"2018-09-26 23:45:17",15
"2018-09-27 00:45:18",15
"2018-09-27 01:45:16",15
"2018-09-27 02:45:18",15
"2018-09-27 03:45:16",15
"2018-09-27 04:45:16",15
"2018-09-27 05:45:16",15
"2018-09-27 06:45:16",15
"2018-09-27 07:45:16",15
"2018-09-27 08:45:15",15
"2018-09-27 09:45:16",15
"2018-09-27 10:45:16",15
"2018-09-27 11:45:15",15
"2018-09-27 12:45:16",15
"2018-09-27 13:45:22",15
"2018-09-27 14:45:18",15
"2018-09-27 15:45:18",15
"2018-09-27 17:11:01",15
"2018-09-27 17:45:19",15
"2018-09-27 18:45:23",15
"2018-09-27 19:45:20",15
"2018-09-27 20:45:19",15
"2018-09-27 21:45:17",15
"2018-09-27 22:45:16",15
"2018-09-27 23:45:18",15
"2018-09-28 00:45:20",15
"2018-09-28 01:45:17",15
"2018-09-28 02:45:16",15
"2018-09-28 03:45:18",15
"2018-09-28 04:45:17",15
"2018-09-28 05:45:17",15
"2018-09-28 06:45:18",15
"2018-09-28 07:45:18",15
"2018-09-28 08:45:16",15
"2018-09-28 09:45:19",15
"2018-09-28 10:45:18",15
"2018-09-28 11:45:17",15
"2018-09-28 12:45:17",15
"2018-09-28 13:45:24",15
"2018-09-28 14:45:20",15
"2018-09-28 15:45:25",15
"2018-09-28 16:45:21",15
"2018-09-28 17:45:22",15
"2018-09-28 18:45:22",15
"2018-09-28 19:45:22",15
"2018-09-28 20:45:19",15
"2018-09-28 21:45:18",15
"2018-09-28 22:45:18",15
"2018-09-28 23:45:16",15
"2018-09-29 00:45:16",15
"2018-09-29 01:45:23",15
"2018-09-29 02:45:24",15
"2018-09-29 03:45:18",15
"2018-09-29 04:45:16",15
"2018-09-29 05:45:16",15
"2018-09-29 06:45:15",15
"2018-09-29 07:45:17",15
"2018-09-29 08:45:17",15
"2018-09-29 09:45:16",15
"2018-09-29 10:45:17",15
"2018-09-29 11:45:18",15
"2018-09-29 12:45:17",15
"2018-09-29 13:45:18",15
"2018-09-29 14:45:18",15
"2018-09-29 15:45:18",15
"2018-09-29 16:45:17",15
"2018-09-29 17:45:17",15
"2018-09-29 18:45:18",15
"2018-09-29 19:45:17",15
"2018-09-29 20:45:18",15
"2018-09-29 21:45:18",15
"2018-09-29 22:45:16",15
"2018-09-29 23:45:16",15
"2018-09-30 00:45:17",15
"2018-09-30 01:45:17",15
"2018-09-30 02:45:15",15
"2018-09-30 03:45:17",15
"2018-09-30 04:45:16",15
"2018-09-30 05:45:14",15
"2018-09-30 06:45:15",15
"2018-09-30 07:45:15",15
"2018-09-30 08:45:15",15
"2018-09-30 09:45:14",15
"2018-09-30 10:45:15",15
"2018-09-30 11:45:15",15
"2018-09-30 12:45:16",15
"2018-09-30 13:45:16",15
"2018-09-30 14:45:15",15
"2018-09-30 15:45:15",15
"2018-09-30 16:45:16",15
"2018-09-30 17:45:15",15
"2018-09-30 18:45:15",15
"2018-09-30 19:45:16",15
"2018-09-30 20:45:15",15
"2018-09-30 21:45:14",15
"2018-09-30 22:45:17",15
"2018-09-30 23:45:18",15
"2018-10-01 00:45:19",15
"2018-10-01 01:45:17",15
"2018-10-01 02:45:19",15
"2018-10-01 03:45:18",15
"2018-10-01 04:45:18",15
"2018-10-01 05:45:18",15
"2018-10-01 06:45:17",15
"2018-10-01 07:45:17",15
"2018-10-01 08:45:18",15
"2018-10-01 09:45:15",15
"2018-10-01 10:45:15",15
"2018-10-01 11:45:16",15
"2018-10-01 12:45:16",15
"2018-10-01 14:10:34",15
"2018-10-01 14:45:21",15
"2018-10-01 15:45:17",15
"2018-10-01 16:45:18",15
"2018-10-01 17:45:22",15
"2018-10-01 18:45:17",15
"2018-10-01 19:45:20",15
"2018-10-01 20:45:16",15
"2018-10-01 21:45:16",15
"2018-10-01 22:45:15",15
"2018-10-01 23:45:19",15
"2018-10-02 00:45:22",15
"2018-10-02 01:45:17",15
"2018-10-02 02:45:17",15
"2018-10-02 03:45:17",15
"2018-10-02 04:45:18",15
"2018-10-02 05:45:15",15
"2018-10-02 06:45:16",15
"2018-10-02 07:45:17",15
"2018-10-02 08:45:15",15
"2018-10-02 09:45:16",15
"2018-10-02 10:45:15",15
"2018-10-02 11:45:17",15
"2018-10-02 12:45:16",15
"2018-10-02 13:45:22",15
"2018-10-02 14:45:50",15
"2018-10-02 15:45:19",15
"2018-10-02 16:45:19",15
"2018-10-02 17:45:18",15
"2018-10-02 18:45:18",15
"2018-10-02 19:45:18",15
"2018-10-02 20:45:17",15
"2018-10-02 21:45:17",15
"2018-10-02 22:45:16",15
"2018-10-02 23:45:17",15
"2018-10-03 00:45:16",15
"2018-10-03 01:45:15",15
"2018-10-03 02:45:48",15
"2018-10-03 03:45:18",15
"2018-10-03 04:45:21",15
"2018-10-03 05:45:19",15
"2018-10-03 06:45:16",15
"2018-10-03 07:45:19",15
"2018-10-03 08:45:18",15
"2018-10-03 09:45:19",15
"2018-10-03 10:45:18",15
"2018-10-03 11:45:19",15
"2018-10-03 12:45:18",15
"2018-10-03 13:46:33",15
"2018-10-03 15:10:27",15
"2018-10-03 15:45:20",15
"2018-10-03 16:45:21",15
"2018-10-03 17:45:20",15
"2018-10-03 18:45:20",15
"2018-10-03 19:45:18",15
"2018-10-03 20:45:17",15
"2018-10-03 21:45:18",15
"2018-10-03 22:45:19",15
"2018-10-03 23:45:17",15
"2018-10-04 00:46:37",15
"2018-10-04 01:45:19",15
"2018-10-04 02:45:17",15
"2018-10-04 03:45:15",15
"2018-10-04 04:45:16",15
"2018-10-04 05:45:17",15
"2018-10-04 06:45:15",15
"2018-10-04 07:45:17",15
"2018-10-04 08:45:15",15
"2018-10-04 09:45:16",15
"2018-10-04 10:45:16",15
"2018-10-04 11:45:14",15
"2018-10-04 12:45:17",15
"2018-10-04 14:11:29",15
"2018-10-04 14:45:19",15
"2018-10-04 15:45:17",15
"2018-10-04 16:45:21",15
"2018-10-04 17:45:21",15
"2018-10-04 18:45:19",15
"2018-10-04 19:45:20",15
"2018-10-04 20:45:18",15
"2018-10-04 21:45:18",15
"2018-10-04 22:45:17",15
"2018-10-04 23:45:16",15
"2018-10-05 00:45:17",15
"2018-10-05 01:45:18",15
"2018-10-05 02:45:17",15
"2018-10-05 03:45:18",15
"2018-10-05 04:45:18",15
"2018-10-05 05:45:19",15
"2018-10-05 06:45:17",15
"2018-10-05 07:45:17",15
"2018-10-05 08:45:16",15
"2018-10-05 09:45:17",15
"2018-10-05 10:45:17",15
"2018-10-05 11:45:17",15
"2018-10-05 12:45:17",15
"2018-10-05 13:45:25",15
"2018-10-05 14:45:19",15
"2018-10-05 15:45:20",15
"2018-10-05 16:45:23",15
"2018-10-05 17:45:23",15
"2018-10-05 18:45:22",15
"2018-10-05 19:45:19",15
"2018-10-05 20:45:17",15
"2018-10-05 21:45:16",15
"2018-10-05 22:45:17",15
"2018-10-05 23:45:16",15
"2018-10-06 00:45:18",15
"2018-10-06 01:45:18",15
"2018-10-06 02:45:19",15
"2018-10-06 03:45:18",15
"2018-10-06 04:45:18",15
"2018-10-06 05:45:17",15
"2018-10-06 06:45:19",15
"2018-10-06 07:45:18",15
"2018-10-06 08:45:17",15
"2018-10-06 09:45:17",15
"2018-10-06 10:45:18",15
"2018-10-06 11:45:16",15
"2018-10-06 12:45:17",15
"2018-10-06 13:45:17",15
"2018-10-06 14:45:18",15
"2018-10-06 15:45:18",15
"2018-10-06 16:45:18",15
"2018-10-06 17:45:17",15
"2018-10-06 18:45:17",15
"2018-10-06 19:45:19",15
"2018-10-06 20:45:17",15
"2018-10-06 21:45:48",15
"2018-10-06 22:45:17",15
"2018-10-06 23:45:17",15
"2018-10-07 00:45:17",15
"2018-10-07 01:45:17",15
"2018-10-07 02:45:18",15
"2018-10-07 03:45:18",15
"2018-10-07 04:45:17",15
"2018-10-07 05:45:18",15
"2018-10-07 06:45:18",15
"2018-10-07 07:45:19",15
"2018-10-07 08:45:16",15
"2018-10-07 09:45:16",15
"2018-10-07 10:45:17",15
"2018-10-07 11:45:16",15
"2018-10-07 12:45:17",15
"2018-10-07 13:45:18",15
"2018-10-07 14:45:19",15
"2018-10-07 15:45:18",15
"2018-10-07 16:45:18",15
"2018-10-07 17:45:18",15
"2018-10-07 18:45:18",15
"2018-10-07 19:45:18",15
"2018-10-07 20:45:18",15
"2018-10-07 21:45:18",15
"2018-10-07 22:45:18",15
"2018-10-07 23:45:18",15
"2018-10-08 00:45:16",15
"2018-10-08 01:45:16",15
"2018-10-08 02:45:19",15
"2018-10-08 03:45:17",15
"2018-10-08 04:45:16",15
"2018-10-08 05:45:16",15
"2018-10-08 06:45:18",15
"2018-10-08 07:45:16",15
"2018-10-08 08:45:16",15
"2018-10-08 09:45:16",15
"2018-10-08 10:45:16",15
"2018-10-08 11:45:16",15
"2018-10-08 12:45:16",15
"2018-10-08 13:45:30",15
"2018-10-08 14:45:23",15
"2018-10-08 15:45:51",15
"2018-10-08 16:45:21",15
"2018-10-08 17:45:20",15
"2018-10-08 18:45:19",15
"2018-10-08 19:45:19",15
"2018-10-08 20:45:16",15
"2018-10-08 21:45:17",15
"2018-10-08 22:45:15",15
"2018-10-08 23:45:19",15
"2018-10-09 00:45:16",15
"2018-10-09 01:45:47",15
"2018-10-09 02:45:16",15
"2018-10-09 03:45:21",15
"2018-10-09 04:45:15",15
"2018-10-09 05:45:16",15
"2018-10-09 06:45:15",15
"2018-10-09 07:45:15",15
"2018-10-09 08:45:15",15
"2018-10-09 09:45:14",15
"2018-10-09 10:45:15",15
"2018-10-09 11:45:16",15
"2018-10-09 12:45:16",15
"2018-10-09 13:45:25",15
"2018-10-09 14:45:22",15
"2018-10-09 15:45:20",15
"2018-10-09 16:45:16",15
"2018-10-09 17:45:17",15
"2018-10-09 18:45:17",15
"2018-10-09 19:45:15",15
"2018-10-09 21:45:14",15
"2018-10-09 22:45:17",15
"2018-10-09 23:45:15",15
"2018-10-10 00:45:15",15
"2018-10-10 01:45:16",15
"2018-10-10 02:45:17",15
"2018-10-10 03:45:24",15
"2018-10-10 04:45:17",15
"2018-10-10 05:45:16",15
"2018-10-10 06:45:16",15
"2018-10-10 07:45:16",15
"2018-10-10 08:45:17",15
"2018-10-10 09:45:16",15
"2018-10-10 10:45:16",15
"2018-10-10 11:45:15",15
"2018-10-10 12:45:15",15
"2018-10-10 13:45:23",15
"2018-10-10 14:45:21",15
"2018-10-10 15:45:22",15
"2018-10-10 16:45:17",15
"2018-10-10 17:45:17",15
"2018-10-10 18:45:24",15
"2018-10-10 19:45:25",15
"2018-10-10 20:45:19",15
"2018-10-10 21:45:16",15
"2018-10-10 22:45:17",15
"2018-10-10 23:45:17",15
"2018-10-11 00:45:19",15
"2018-10-11 01:45:17",15
"2018-10-11 02:45:15",15
"2018-10-11 03:45:15",15
"2018-10-11 04:45:14",15
"2018-10-11 05:45:14",15
"2018-10-11 06:45:15",15
"2018-10-11 07:45:14",15
"2018-10-11 08:45:16",15
"2018-10-11 09:45:16",15
"2018-10-11 10:45:18",15
"2018-10-11 11:45:15",15
"2018-10-11 12:45:15",15
"2018-10-11 13:45:24",15
"2018-10-11 14:45:16",15
"2018-10-11 15:45:18",15
"2018-10-11 16:45:20",15
"2018-10-11 17:45:18",15
"2018-10-11 18:45:23",15
"2018-10-11 19:45:19",15
"2018-10-11 20:45:17",15
"2018-10-11 21:45:17",15
"2018-10-11 22:45:15",15
"2018-10-11 23:45:18",15
"2018-10-12 00:45:15",15
"2018-10-12 01:45:16",15
"2018-10-12 02:45:18",15
"2018-10-12 03:45:15",15
"2018-10-12 04:45:17",15
"2018-10-12 05:45:15",15
"2018-10-12 06:45:14",15
"2018-10-12 07:45:15",15
"2018-10-12 08:45:15",15
"2018-10-12 09:45:16",15
"2018-10-12 10:45:15",15
"2018-10-12 11:45:16",15
"2018-10-12 12:45:17",15
"2018-10-12 13:45:25",15
"2018-10-12 14:45:17",15
"2018-10-12 15:45:20",15
"2018-10-12 16:45:21",15
"2018-10-12 17:45:16",15
"2018-10-12 18:45:15",15
"2018-10-12 19:45:18",15
"2018-10-12 20:45:15",15
"2018-10-12 21:45:16",15
"2018-10-12 22:45:16",15
"2018-10-12 23:45:15",15
"2018-10-13 00:45:16",15
"2018-10-13 01:45:17",15
"2018-10-13 02:45:17",15
"2018-10-13 03:45:17",15
"2018-10-13 04:45:17",15
"2018-10-13 05:45:15",15
"2018-10-13 06:45:15",15
"2018-10-13 07:45:17",15
"2018-10-13 08:45:18",15
"2018-10-13 09:45:16",15
"2018-10-13 10:45:16",15
"2018-10-13 11:45:14",15
"2018-10-13 12:45:16",15
"2018-10-13 13:45:16",15
"2018-10-13 14:45:16",15
"2018-10-13 15:45:16",15
"2018-10-13 16:45:15",15
"2018-10-13 17:45:16",15
"2018-10-13 18:45:16",15
"2018-10-13 19:45:16",15
"2018-10-13 20:45:17",15
"2018-10-13 21:45:16",15
"2018-10-13 22:45:19",15
"2018-10-13 23:45:17",15
"2018-10-14 00:45:18",15
"2018-10-14 01:45:17",15
"2018-10-14 02:45:16",15
"2018-10-14 03:45:16",15
"2018-10-14 04:45:17",15
"2018-10-14 05:45:15",15
"2018-10-14 06:45:15",15
"2018-10-14 07:45:16",15
"2018-10-14 08:45:14",15
"2018-10-14 09:45:15",15
"2018-10-14 10:45:15",15
"2018-10-14 11:45:16",15
"2018-10-14 12:45:17",15
"2018-10-14 13:45:14",15
"2018-10-14 14:45:15",15
"2018-10-14 15:45:16",15
"2018-10-14 16:45:14",15
"2018-10-14 17:45:15",15
"2018-10-14 18:45:16",15
"2018-10-14 19:45:16",15
"2018-10-14 20:45:15",15
"2018-10-14 21:45:17",15
"2018-10-14 22:45:15",15
"2018-10-14 23:45:16",15
"2018-10-15 00:45:18",15
"2018-10-15 01:45:16",15
"2018-10-15 02:45:15",15
"2018-10-15 03:45:17",15
"2018-10-15 04:45:15",15
"2018-10-15 05:45:16",15
"2018-10-15 06:45:18",15
"2018-10-15 07:45:16",15
"2018-10-15 08:45:28",15
"2018-10-15 09:45:15",15
"2018-10-15 10:45:16",15
"2018-10-15 11:45:15",15
"2018-10-15 12:45:15",15
"2018-10-15 13:45:22",15
"2018-10-15 14:45:19",15
"2018-10-15 15:45:19",15
"2018-10-15 16:45:20",15
"2018-10-15 17:45:19",15
"2018-10-15 18:45:17",15
"2018-10-15 19:45:19",15
"2018-10-15 20:45:20",15
"2018-10-15 21:45:20",15
"2018-10-15 22:45:17",15
"2018-10-15 23:45:18",15
"2018-10-16 00:45:20",15
"2018-10-16 01:45:21",15
"2018-10-16 02:45:18",15
"2018-10-16 03:45:17",15
"2018-10-16 04:45:19",15
"2018-10-16 09:45:15",15
"2018-10-16 10:45:16",15
"2018-10-16 11:45:14",15
"2018-10-16 12:45:16",15
"2018-10-16 13:45:24",15
"2018-10-16 14:45:20",15
"2018-10-16 15:45:22",15
"2018-10-16 16:45:17",15
"2018-10-16 17:45:23",15
"2018-10-16 18:45:22",15
"2018-10-16 19:45:21",15
"2018-10-16 20:45:18",15
"2018-10-16 21:45:17",15
"2018-10-16 22:45:18",15
"2018-10-16 23:45:18",15
"2018-10-17 00:45:17",15
"2018-10-17 01:45:18",15
"2018-10-17 02:45:18",15
"2018-10-17 03:45:17",15
"2018-10-17 04:45:17",15
"2018-10-17 05:45:18",15
"2018-10-17 06:45:17",15
"2018-10-17 07:45:17",15
"2018-10-17 08:45:17",15
"2018-10-17 09:45:17",15
"2018-10-17 10:45:16",15
"2018-10-17 11:45:16",15
"2018-10-17 12:45:17",15
"2018-10-17 14:11:24",15
"2018-10-17 14:45:19",15
"2018-10-17 15:45:22",15
"2018-10-17 16:45:20",15
"2018-10-17 17:45:22",15
"2018-10-17 18:45:21",15
"2018-10-17 19:45:20",15
"2018-10-17 20:45:21",15
"2018-10-17 21:45:19",15
"2018-10-17 22:45:18",15
"2018-10-17 23:45:18",15
"2018-10-18 00:45:20",15
"2018-10-18 01:45:19",15
"2018-10-18 02:45:19",15
"2018-10-18 03:45:20",15
"2018-10-18 04:45:15",15
"2018-10-18 05:45:16",15
"2018-10-18 06:45:16",15
"2018-10-18 07:45:16",15
"2018-10-18 08:45:16",15
"2018-10-18 09:45:15",15
"2018-10-18 10:45:16",15
"2018-10-18 11:45:14",15
"2018-10-18 13:10:19",15
"2018-10-18 13:45:22",15
"2018-10-18 14:45:21",15
"2018-10-18 15:45:23",15
"2018-10-18 16:45:18",15
"2018-10-18 17:45:18",15
"2018-10-18 18:45:17",15
"2018-10-18 19:45:17",15
"2018-10-18 20:45:18",15
"2018-10-18 21:45:18",15
"2018-10-18 22:45:16",15
"2018-10-18 23:45:16",15
"2018-10-19 00:45:18",15
"2018-10-19 01:45:19",15
"2018-10-19 02:45:18",15
"2018-10-19 03:45:18",15
"2018-10-19 04:45:17",15
"2018-10-19 05:45:15",15
"2018-10-19 06:45:17",15
"2018-10-19 07:45:18",15
"2018-10-19 08:45:15",15
"2018-10-19 09:45:16",15
"2018-10-19 10:45:16",15
"2018-10-19 11:45:16",15
"2018-10-19 13:09:52",15
"2018-10-19 13:45:23",15
"2018-10-19 14:45:19",15
"2018-10-19 15:45:20",15
"2018-10-19 16:45:18",15
"2018-10-19 17:45:17",15
"2018-10-19 18:45:18",15
"2018-10-19 19:45:19",15
"2018-10-19 20:45:19",15
"2018-10-19 21:45:16",15
"2018-10-19 22:45:17",15
"2018-10-19 23:45:46",15
"2018-10-20 00:45:17",15
"2018-10-20 01:45:19",15
"2018-10-20 02:45:16",15
"2018-10-20 03:45:16",15
"2018-10-20 04:45:16",15
"2018-10-20 05:45:18",15
"2018-10-20 06:45:18",15
"2018-10-20 07:45:15",15
"2018-10-20 08:45:16",15
"2018-10-20 09:45:16",15
"2018-10-20 10:45:17",15
"2018-10-20 11:45:16",15
"2018-10-20 12:45:16",15
"2018-10-20 13:45:18",15
"2018-10-20 14:45:20",15
"2018-10-20 15:45:19",15
"2018-10-20 16:45:18",15
"2018-10-20 17:45:17",15
"2018-10-20 18:45:17",15
"2018-10-20 19:45:17",15
"2018-10-20 20:45:18",15
"2018-10-20 21:45:19",15
"2018-10-20 22:45:17",15
"2018-10-20 23:45:17",15
"2018-10-21 00:45:17",15
"2018-10-21 01:45:18",15
"2018-10-21 02:45:17",15
"2018-10-21 03:45:18",15
"2018-10-21 04:45:16",15
"2018-10-21 05:45:17",15
"2018-10-21 06:45:16",15
"2018-10-21 07:45:22",15
"2018-10-21 08:45:16",15
"2018-10-21 09:45:16",15
"2018-10-21 10:45:15",15
"2018-10-21 11:45:15",15
"2018-10-21 12:45:15",15
"2018-10-21 13:45:22",15
"2018-10-21 14:45:19",15
"2018-10-21 15:45:18",15
"2018-10-21 16:45:16",15
"2018-10-21 17:45:17",15
"2018-10-21 18:45:18",15
"2018-10-21 19:45:17",15
"2018-10-21 20:45:17",15
"2018-10-21 21:45:16",15
"2018-10-21 22:45:18",15
"2018-10-21 23:45:17",15
"2018-10-22 00:45:21",15
"2018-10-22 01:45:22",15
"2018-10-22 02:45:21",15
"2018-10-22 03:45:21",15
"2018-10-22 04:45:21",15
"2018-10-22 05:45:18",15
"2018-10-22 06:45:17",15
"2018-10-22 07:45:21",15
"2018-10-22 08:45:17",15
"2018-10-22 09:45:18",15
"2018-10-22 10:45:19",15
"2018-10-22 11:45:18",15
"2018-10-22 12:45:19",15
"2018-10-22 13:45:23",15
"2018-10-22 14:45:23",14
"2018-10-22 15:45:20",14
"2018-10-22 16:45:18",14
"2018-10-22 17:45:19",14
"2018-10-22 18:45:16",14
"2018-10-22 19:45:19",14
"2018-10-22 20:45:18",14
"2018-10-22 21:45:18",14
"2018-10-22 22:45:18",14
"2018-10-22 23:45:18",14
"2018-10-23 00:45:19",14
"2018-10-23 01:45:18",14
"2018-10-23 02:45:18",14
"2018-10-23 03:45:17",14
"2018-10-23 04:45:17",14
"2018-10-23 05:45:17",14
"2018-10-23 06:45:17",14
"2018-10-23 07:45:20",14
"2018-10-23 08:45:15",14
"2018-10-23 09:45:17",14
"2018-10-23 10:45:16",14
"2018-10-23 11:45:17",14
"2018-10-23 12:45:16",14
"2018-10-23 13:45:23",14
"2018-10-23 14:45:19",14
"2018-10-23 15:45:17",14
"2018-10-23 16:45:18",14
"2018-10-23 17:45:17",14
"2018-10-23 18:45:18",14
"2018-10-23 19:45:18",14
"2018-10-23 20:45:17",14
"2018-10-23 21:45:19",14
"2018-10-23 22:45:17",14
"2018-10-23 23:45:17",14
"2018-10-24 00:45:17",14
"2018-10-24 01:45:18",14
"2018-10-24 02:45:20",14
"2018-10-24 03:45:18",14
"2018-10-24 04:45:19",14
"2018-10-24 05:45:19",14
"2018-10-24 06:45:20",14
"2018-10-24 07:45:19",14
"2018-10-24 08:45:18",14
"2018-10-24 09:45:16",14
"2018-10-24 10:45:17",14
"2018-10-24 11:45:16",14
"2018-10-24 12:45:15",14
"2018-10-24 13:45:21",14
"2018-10-24 14:45:21",14
"2018-10-24 15:45:20",14
"2018-10-24 16:45:18",14
"2018-10-24 17:45:17",14
"2018-10-24 18:45:18",14
"2018-10-24 19:45:18",14
"2018-10-24 20:45:22",14
"2018-10-24 21:45:19",14
"2018-10-24 22:45:18",14
"2018-10-24 23:45:16",14
"2018-10-25 00:45:17",14
"2018-10-25 01:45:17",14
"2018-10-25 02:45:18",14
"2018-10-25 03:45:16",14
"2018-10-25 04:45:18",14
"2018-10-25 05:45:18",14
"2018-10-25 06:45:18",14
"2018-10-25 07:45:18",14
"2018-10-25 08:45:18",14
"2018-10-25 09:45:17",14
"2018-10-25 10:45:18",14
"2018-10-25 11:45:19",14
"2018-10-25 14:11:31",14
"2018-10-25 14:45:23",14
"2018-10-25 15:45:23",14
"2018-10-25 16:45:20",14
"2018-10-25 17:45:21",14
"2018-10-25 18:45:22",14
"2018-10-25 19:45:19",14
"2018-10-25 20:45:20",14
"2018-10-25 21:45:20",14
"2018-10-25 22:45:19",14
"2018-10-25 23:45:21",14
"2018-10-26 00:45:19",14
"2018-10-26 01:45:19",14
"2018-10-26 02:45:21",14
"2018-10-26 03:45:23",14
"2018-10-26 04:45:22",14
"2018-10-26 05:45:18",14
"2018-10-26 06:45:18",14
"2018-10-26 07:45:18",14
"2018-10-26 08:45:16",14
"2018-10-26 09:45:17",14
"2018-10-26 10:45:16",14
"2018-10-26 11:45:16",14
"2018-10-26 12:45:18",14
"2018-10-26 13:45:19",14
"2018-10-26 14:45:20",14
"2018-10-26 15:45:19",14
"2018-10-26 16:45:19",14
"2018-10-26 17:45:18",14
"2018-10-26 18:45:18",14
"2018-10-26 19:45:17",14
"2018-10-26 20:45:18",14
"2018-10-26 21:45:18",14
"2018-10-26 22:45:17",14
"2018-10-26 23:45:17",14
"2018-10-27 00:45:17",14
"2018-10-27 01:45:18",14
"2018-10-27 02:45:17",14
"2018-10-27 03:45:16",14
"2018-10-27 04:45:16",14
"2018-10-27 05:45:17",14
"2018-10-27 06:45:17",14
"2018-10-27 07:45:18",14
"2018-10-27 08:45:18",14
"2018-10-27 09:45:17",14
"2018-10-27 10:45:18",14
"2018-10-27 11:45:17",14
"2018-10-27 12:45:17",14
"2018-10-27 13:45:16",14
"2018-10-27 14:45:17",14
"2018-10-27 15:45:19",14
"2018-10-27 16:45:18",14
"2018-10-27 17:45:18",14
"2018-10-27 18:45:17",14
"2018-10-27 19:45:17",14
"2018-10-27 20:45:17",14
"2018-10-27 21:45:17",14
"2018-10-27 22:45:16",14
"2018-10-27 23:45:17",14
"2018-10-28 00:45:17",14
"2018-10-28 01:45:17",14
"2018-10-28 02:45:17",14
"2018-10-28 03:45:17",14
"2018-10-28 04:45:16",14
"2018-10-28 05:45:18",14
"2018-10-28 06:45:17",14
"2018-10-28 07:45:16",14
"2018-10-28 08:45:17",14
"2018-10-28 09:45:18",14
"2018-10-28 10:45:17",14
"2018-10-28 11:45:16",14
"2018-10-28 12:45:16",14
"2018-10-28 13:45:17",14
"2018-10-28 14:45:17",14
"2018-10-28 15:45:16",14
"2018-10-28 16:45:18",14
"2018-10-28 17:45:16",14
"2018-10-28 18:45:17",14
"2018-10-28 19:45:16",14
"2018-10-28 20:45:17",14
"2018-10-28 21:45:16",14
"2018-10-28 22:45:16",14
"2018-10-28 23:45:16",14
"2018-10-29 00:45:17",14
"2018-10-29 01:45:17",14
"2018-10-29 02:45:17",14
"2018-10-29 03:45:15",14
"2018-10-29 04:45:18",14
"2018-10-29 05:45:16",14
"2018-10-29 06:45:17",14
"2018-10-29 07:45:16",14
"2018-10-29 08:45:17",14
"2018-10-29 09:45:17",14
"2018-10-29 10:45:17",14
"2018-10-29 11:45:16",14
"2018-10-29 12:45:17",14
"2018-10-29 13:45:22",14
"2018-10-29 14:45:20",14
"2018-10-29 15:45:16",14
"2018-10-29 16:45:19",14
"2018-10-29 17:45:18",14
"2018-10-29 18:45:18",14
"2018-10-29 19:45:19",14
"2018-10-29 20:45:18",14
"2018-10-29 21:45:18",14
"2018-10-29 22:45:19",14
"2018-10-29 23:45:17",14
"2018-10-30 00:45:17",14
"2018-10-30 01:45:17",14
"2018-10-30 02:45:19",14
"2018-10-30 03:45:18",14
"2018-10-30 04:45:19",14
"2018-10-30 05:45:16",14
"2018-10-30 06:45:17",14
"2018-10-30 07:45:16",14
"2018-10-30 08:45:16",14
"2018-10-30 09:45:17",14
"2018-10-30 10:45:17",14
"2018-10-30 11:45:18",14
"2018-10-30 12:45:17",14
"2018-10-30 13:45:23",14
"2018-10-30 14:45:23",14
"2018-10-30 15:45:22",14
"2018-10-30 16:45:19",14
"2018-10-30 17:45:17",14
"2018-10-30 18:45:18",14
"2018-10-30 19:45:18",14
"2018-10-30 20:45:17",14
"2018-10-30 21:45:18",14
"2018-10-30 22:45:17",14
"2018-10-30 23:45:17",14
"2018-10-31 00:45:17",14
"2018-10-31 01:45:19",14
"2018-10-31 02:45:19",14
"2018-10-31 03:45:16",14
"2018-10-31 04:45:17",14
"2018-10-31 05:45:17",14
"2018-10-31 06:45:16",14
"2018-10-31 07:45:16",14
"2018-10-31 08:45:18",14
"2018-10-31 09:45:17",14
"2018-10-31 10:45:16",14
"2018-10-31 11:45:17",14
"2018-10-31 12:45:19",14
"2018-10-31 14:11:54",14
"2018-10-31 14:45:19",14
"2018-10-31 15:45:18",14
"2018-10-31 16:45:19",14
"2018-10-31 17:45:17",14
"2018-10-31 18:45:18",14
"2018-10-31 19:45:18",14
"2018-10-31 20:45:16",14
"2018-10-31 21:45:17",14
"2018-10-31 22:45:16",14
"2018-10-31 23:45:17",14
"2018-11-01 00:45:17",14
"2018-11-01 01:45:17",14
"2018-11-01 02:45:17",14
"2018-11-01 03:45:17",14
"2018-11-01 04:45:17",14
"2018-11-01 05:45:17",14
"2018-11-01 06:45:17",14
"2018-11-01 07:45:16",14
"2018-11-01 08:45:17",14
"2018-11-01 09:45:18",14
"2018-11-01 10:45:18",14
"2018-11-01 11:45:17",14
"2018-11-01 12:45:17",14
"2018-11-01 13:45:19",14
"2018-11-01 14:45:23",14
"2018-11-01 15:45:22",14
"2018-11-01 16:45:21",14
"2018-11-01 17:45:19",14
"2018-11-01 18:45:22",14
"2018-11-01 19:45:23",14
"2018-11-01 20:45:23",14
"2018-11-01 21:45:20",14
"2018-11-01 22:45:19",14
"2018-11-01 23:45:18",14
"2018-11-02 00:45:17",14
"2018-11-02 01:45:18",14
"2018-11-02 02:45:19",14
"2018-11-02 03:45:21",14
"2018-11-02 04:45:18",14
"2018-11-02 05:45:18",14
"2018-11-02 06:45:17",14
"2018-11-02 07:45:17",14
"2018-11-02 08:45:17",14
"2018-11-02 09:45:18",14
"2018-11-02 10:45:16",14
"2018-11-02 11:45:16",14
"2018-11-02 12:45:17",14
"2018-11-02 14:09:55",14
"2018-11-02 14:45:22",14
"2018-11-02 15:45:21",14
"2018-11-02 16:45:21",14
"2018-11-02 17:45:24",14
"2018-11-02 18:45:18",14
"2018-11-02 19:45:19",14
"2018-11-02 20:45:20",14
"2018-11-02 21:45:19",14
"2018-11-02 22:45:19",14
"2018-11-02 23:45:18",14
"2018-11-03 00:45:20",14
"2018-11-03 01:45:18",14
"2018-11-03 02:45:21",14
"2018-11-03 03:45:18",14
"2018-11-03 04:45:18",14
"2018-11-03 05:45:18",14
"2018-11-03 06:45:17",14
"2018-11-03 07:45:16",14
"2018-11-03 08:45:18",14
"2018-11-03 09:45:19",14
"2018-11-03 10:45:17",14
"2018-11-03 11:45:18",14
"2018-11-03 12:45:18",14
"2018-11-03 13:45:17",14
"2018-11-03 14:45:18",14
"2018-11-03 15:45:18",14
"2018-11-03 16:45:17",14
"2018-11-03 17:45:27",14
"2018-11-03 18:45:23",14
"2018-11-03 19:45:18",14
"2018-11-03 20:45:26",14
"2018-11-03 21:46:21",14
"2018-11-03 22:45:18",14
"2018-11-03 23:45:19",14
"2018-11-04 00:45:19",14
"2018-11-04 01:45:18",14
"2018-11-04 02:45:18",14
"2018-11-04 03:45:19",14
"2018-11-04 04:45:20",14
"2018-11-04 05:45:17",14
"2018-11-04 06:45:18",14
"2018-11-04 07:45:18",14
"2018-11-04 08:45:19",14
"2018-11-04 09:45:17",14
"2018-11-04 10:45:17",14
"2018-11-04 11:45:17",14
"2018-11-04 12:45:18",14
"2018-11-04 13:45:17",14
"2018-11-04 14:45:17",14
"2018-11-04 15:45:18",14
"2018-11-04 16:45:17",14
"2018-11-04 17:45:18",14
"2018-11-04 18:45:18",14
"2018-11-04 19:45:19",14
"2018-11-04 20:45:17",14
"2018-11-04 21:45:17",14
"2018-11-04 22:45:19",14
"2018-11-04 23:45:19",14
"2018-11-05 00:45:18",14
"2018-11-05 01:45:18",14
"2018-11-05 02:45:17",14
"2018-11-05 03:46:05",14
"2018-11-05 04:45:20",14
"2018-11-05 05:45:20",14
"2018-11-05 06:45:17",14
"2018-11-05 07:45:21",14
"2018-11-05 08:45:17",14
"2018-11-05 09:45:18",14
"2018-11-05 10:45:17",14
"2018-11-05 11:45:17",14
"2018-11-05 12:45:17",14
"2018-11-05 13:45:17",14
"2018-11-05 14:45:26",14
"2018-11-05 15:45:21",14
"2018-11-05 16:45:25",14
"2018-11-05 17:45:18",14
"2018-11-05 18:45:17",14
"2018-11-05 19:45:17",14
"2018-11-05 20:45:20",14
"2018-11-05 21:45:21",14
"2018-11-05 22:45:21",14
"2018-11-05 23:45:18",14
"2018-11-06 00:45:17",14
"2018-11-06 01:45:18",14
"2018-11-06 02:45:18",14
"2018-11-06 03:45:19",14
"2018-11-06 04:45:18",14
"2018-11-06 05:45:19",14
"2018-11-06 06:45:18",14
"2018-11-06 07:45:19",14
"2018-11-06 08:45:19",14
"2018-11-06 09:45:19",14
"2018-11-06 10:45:20",14
"2018-11-06 11:45:19",14
"2018-11-06 12:45:19",14
"2018-11-06 13:45:19",14
"2018-11-06 14:45:27",14
"2018-11-06 15:45:28",14
"2018-11-06 16:45:24",14
"2018-11-06 17:45:31",14
"2018-11-06 18:45:24",14
"2018-11-06 19:45:21",14
"2018-11-06 20:45:23",14
"2018-11-06 21:45:20",14
"2018-11-06 22:45:23",14
"2018-11-06 23:45:20",14
"2018-11-07 00:45:22",14
"2018-11-07 01:45:20",14
"2018-11-07 02:45:21",14
"2018-11-07 03:45:21",14
"2018-11-07 04:45:19",14
"2018-11-07 05:45:20",14
"2018-11-07 06:45:20",14
"2018-11-07 07:45:20",14
"2018-11-07 08:45:20",14
"2018-11-07 09:45:19",14
"2018-11-07 10:45:20",14
"2018-11-07 11:45:20",14
"2018-11-07 12:45:20",14
"2018-11-07 13:45:20",14
"2018-11-07 14:45:28",14
"2018-11-07 15:45:22",14
"2018-11-07 16:45:21",14
"2018-11-07 17:45:26",14
"2018-11-07 18:45:25",14
"2018-11-07 19:45:25",14
"2018-11-07 20:45:24",14
"2018-11-07 21:45:20",14
"2018-11-07 22:45:22",14
"2018-11-07 23:45:20",14
"2018-11-08 00:45:19",14
"2018-11-08 01:45:21",14
"2018-11-08 02:45:20",14
"2018-11-08 03:45:20",14
"2018-11-08 04:45:20",14
"2018-11-08 05:45:21",14
"2018-11-08 06:45:33",14
"2018-11-08 07:45:20",14
"2018-11-08 08:45:21",14
"2018-11-08 09:45:20",14
"2018-11-08 10:45:20",14
"2018-11-08 11:45:19",14
"2018-11-08 12:45:20",14
"2018-11-08 13:45:19",14
"2018-11-08 14:45:25",14
"2018-11-08 15:45:25",14
"2018-11-08 16:45:24",14
"2018-11-08 17:45:21",14
"2018-11-08 18:45:20",14
"2018-11-08 19:45:21",14
"2018-11-08 20:45:26",14
"2018-11-08 21:45:24",14
"2018-11-08 22:45:20",14
"2018-11-08 23:45:20",14
"2018-11-09 00:45:21",14
"2018-11-09 01:45:21",14
"2018-11-09 02:45:22",14
"2018-11-09 03:45:21",14
"2018-11-09 04:45:22",14
"2018-11-09 05:45:22",14
"2018-11-09 06:45:20",14
"2018-11-09 07:45:20",14
"2018-11-09 08:45:20",14
"2018-11-09 09:45:20",14
"2018-11-09 10:45:19",14
"2018-11-09 11:45:20",14
"2018-11-09 12:45:20",14
"2018-11-09 13:45:19",14
"2018-11-09 15:09:25",15
"2018-11-09 15:45:23",15
"2018-11-09 16:45:23",15
"2018-11-09 17:45:22",15
"2018-11-09 18:45:21",15
"2018-11-09 19:45:47",15
"2018-11-09 20:45:24",16
"2018-11-09 21:45:23",16
"2018-11-09 22:45:22",16
"2018-11-09 23:45:20",16
"2018-11-10 00:45:20",16
"2018-11-10 01:45:22",16
"2018-11-10 02:45:20",16
"2018-11-10 03:45:20",16
"2018-11-10 04:45:21",16
"2018-11-10 05:45:20",16
"2018-11-10 06:45:20",16
"2018-11-10 07:45:19",16
"2018-11-10 08:45:20",16
"2018-11-10 09:45:20",16
"2018-11-10 10:45:19",16
"2018-11-10 11:45:20",16
"2018-11-10 12:45:19",16
"2018-11-10 13:45:20",16
"2018-11-10 14:45:20",16
"2018-11-10 15:45:24",16
"2018-11-10 16:45:21",16
"2018-11-10 17:45:21",16
"2018-11-10 18:45:23",16
"2018-11-10 19:45:23",16
"2018-11-10 20:45:21",16
"2018-11-10 21:45:21",16
"2018-11-10 22:45:22",16
"2018-11-10 23:45:21",16
"2018-11-11 00:45:22",16
"2018-11-11 01:45:21",16
"2018-11-11 02:45:19",16
"2018-11-11 03:45:22",16
"2018-11-11 04:45:20",16
"2018-11-11 05:45:21",16
"2018-11-11 06:45:20",16
"2018-11-11 07:45:22",16
"2018-11-11 08:45:20",16
"2018-11-11 09:45:22",16
"2018-11-11 10:45:21",16
"2018-11-11 11:45:20",16
"2018-11-11 12:45:21",16
"2018-11-11 13:45:20",16
"2018-11-11 14:45:22",16
"2018-11-11 15:45:22",16
"2018-11-11 16:45:20",16
"2018-11-11 17:45:21",16
"2018-11-11 18:45:20",16
"2018-11-11 19:45:19",16
"2018-11-11 20:45:21",16
"2018-11-11 21:45:19",16
"2018-11-11 22:45:21",16
"2018-11-11 23:45:20",16
"2018-11-12 00:45:22",16
"2018-11-12 01:45:19",16
"2018-11-12 02:45:21",16
"2018-11-12 03:45:22",16
"2018-11-12 04:45:21",16
"2018-11-12 05:45:21",16
"2018-11-12 06:45:22",16
"2018-11-12 07:45:20",16
"2018-11-12 08:45:21",16
"2018-11-12 09:45:21",16
"2018-11-12 10:45:21",16
"2018-11-12 11:45:22",16
"2018-11-12 12:45:19",16
"2018-11-12 13:45:20",16
"2018-11-12 14:45:24",16
"2018-11-12 15:45:21",16
"2018-11-12 16:45:23",16
"2018-11-12 17:45:19",16
"2018-11-12 18:45:20",16
"2018-11-12 19:45:23",16
"2018-11-12 20:45:22",16
"2018-11-12 21:45:20",16
"2018-11-12 22:46:05",16
"2018-11-12 23:45:20",16
"2018-11-13 00:45:22",16
"2018-11-13 01:45:21",16
"2018-11-13 02:45:22",16
"2018-11-13 03:45:22",16
"2018-11-13 04:45:21",16
"2018-11-13 05:45:20",16
"2018-11-13 06:45:20",16
"2018-11-13 07:45:22",16
"2018-11-13 08:45:23",16
"2018-11-13 09:45:22",16
"2018-11-13 10:45:22",16
"2018-11-13 11:45:22",16
"2018-11-13 12:45:20",16
"2018-11-13 13:45:20",16
"2018-11-13 14:45:25",16
"2018-11-13 15:45:22",16
"2018-11-13 16:45:22",16
"2018-11-13 17:45:22",15
"2018-11-13 18:45:19",15
"2018-11-13 19:45:20",15
"2018-11-13 20:45:20",15
"2018-11-13 21:45:20",14
"2018-11-13 22:45:20",14
"2018-11-13 23:45:21",14
"2018-11-14 00:45:20",14
"2018-11-14 01:45:21",14
"2018-11-14 02:45:20",14
"2018-11-14 03:45:21",14
"2018-11-14 04:45:20",14
"2018-11-14 05:45:21",14
"2018-11-14 06:45:21",14
"2018-11-14 07:45:21",14
"2018-11-14 08:45:20",14
"2018-11-14 09:45:21",14
"2018-11-14 10:45:21",14
"2018-11-14 11:45:23",14
"2018-11-14 12:45:20",14
"2018-11-14 13:45:20",14
"2018-11-14 14:45:24",14
"2018-11-14 15:45:24",14
"2018-11-14 16:45:25",14
"2018-11-14 17:45:23",14
"2018-11-14 18:45:26",14
"2018-11-14 19:45:23",14
"2018-11-14 20:45:23",14
"2018-11-14 21:45:24",14
"2018-11-14 22:45:24",14
"2018-11-14 23:45:22",14
"2018-11-15 00:45:21",14
"2018-11-15 01:45:21",14
"2018-11-15 02:45:21",14
"2018-11-15 03:45:21",14
"2018-11-15 04:45:21",14
"2018-11-15 05:45:22",14
"2018-11-15 06:45:20",14
"2018-11-15 07:45:19",14
"2018-11-15 08:45:20",14
"2018-11-15 09:45:21",14
"2018-11-15 10:45:21",14
"2018-11-15 11:45:20",14
"2018-11-15 12:45:20",14
"2018-11-15 13:45:21",14
"2018-11-15 14:45:24",14
"2018-11-15 15:45:23",14
"2018-11-15 16:45:21",14
"2018-11-15 17:45:26",14
"2018-11-15 18:45:22",14
"2018-11-15 19:45:20",14
"2018-11-15 20:45:25",14
"2018-11-15 21:45:27",14
"2018-11-15 22:45:24",14
"2018-11-15 23:45:21",14
"2018-11-16 00:45:20",14
"2018-11-16 01:45:20",14
"2018-11-16 02:45:20",14
"2018-11-16 03:45:21",14
"2018-11-16 04:45:20",14
"2018-11-16 05:45:20",14
"2018-11-16 06:45:21",14
"2018-11-16 07:45:21",14
"2018-11-16 08:45:20",14
"2018-11-16 09:45:21",14
"2018-11-16 10:45:20",14
"2018-11-16 11:45:20",14
"2018-11-16 12:45:19",14
"2018-11-16 13:45:20",14
"2018-11-16 14:45:24",14
"2018-11-16 15:45:21",14
"2018-11-16 16:45:21",14
"2018-11-16 17:45:21",14
"2018-11-16 18:45:19",14
"2018-11-16 19:45:19",14
"2018-11-16 20:45:32",14
"2018-11-16 21:45:22",14
"2018-11-16 22:45:23",14
"2018-11-16 23:45:21",14
"2018-11-17 00:45:22",14
"2018-11-17 01:45:20",14
"2018-11-17 02:45:18",14
"2018-11-17 03:45:23",14
"2018-11-17 04:45:19",14
"2018-11-17 05:45:21",14
"2018-11-17 06:45:22",14
"2018-11-17 07:45:18",14
"2018-11-17 08:45:20",14
"2018-11-17 09:45:20",14
"2018-11-17 10:45:20",14
"2018-11-17 11:45:20",14
"2018-11-17 12:45:20",14
"2018-11-17 13:45:20",14
"2018-11-17 14:45:23",14
"2018-11-17 15:45:21",14
"2018-11-17 16:45:19",14
"2018-11-17 17:45:23",14
"2018-11-17 18:45:19",14
"2018-11-17 19:45:20",14
"2018-11-17 20:45:19",14
"2018-11-17 21:45:19",14
"2018-11-17 22:45:19",14
"2018-11-17 23:45:19",14
"2018-11-18 00:45:19",14
"2018-11-18 01:45:19",14
"2018-11-18 02:45:19",14
"2018-11-18 03:45:21",14
"2018-11-18 04:45:19",14
"2018-11-18 05:45:19",14
"2018-11-18 06:45:20",14
"2018-11-18 07:45:19",14
"2018-11-18 08:45:18",14
"2018-11-18 09:45:20",14
"2018-11-18 10:45:18",14
"2018-11-18 11:45:19",14
"2018-11-18 12:45:18",14
"2018-11-18 13:45:19",14
"2018-11-18 14:45:20",14
"2018-11-18 15:45:20",14
"2018-11-18 16:45:19",14
"2018-11-18 17:45:19",14
"2018-11-18 18:45:20",14
"2018-11-18 19:45:19",14
"2018-11-18 20:45:20",14
"2018-11-18 21:45:19",14
"2018-11-18 22:45:19",14
"2018-11-18 23:45:20",14
"2018-11-19 00:45:19",14
"2018-11-19 01:45:19",14
"2018-11-19 02:45:19",14
"2018-11-19 03:45:19",14
"2018-11-19 04:45:19",14
"2018-11-19 05:45:19",14
"2018-11-19 06:45:19",14
"2018-11-19 07:45:19",14
"2018-11-19 08:45:19",14
"2018-11-19 09:45:19",14
"2018-11-19 10:45:20",14
"2018-11-19 12:45:20",14
"2018-11-19 13:45:20",14
"2018-11-19 14:45:23",14
"2018-11-19 15:45:19",14
"2018-11-19 16:45:24",14
"2018-11-19 17:45:23",14
"2018-11-19 18:45:22",14
"2018-11-19 19:45:21",14
"2018-11-19 20:45:21",14
"2018-11-19 21:45:20",14
"2018-11-19 22:45:21",14
"2018-11-19 23:45:21",14
"2018-11-20 00:45:20",14
"2018-11-20 01:45:20",14
"2018-11-20 02:45:22",14
"2018-11-20 03:45:21",14
"2018-11-20 04:45:19",14
"2018-11-20 05:45:19",14
"2018-11-20 06:45:20",14
"2018-11-20 07:45:19",14
"2018-11-20 08:45:20",14
"2018-11-20 09:45:20",14
"2018-11-20 10:45:19",14
"2018-11-20 11:45:19",14
"2018-11-20 12:45:20",14
"2018-11-20 13:45:22",14
"2018-11-20 14:45:24",14
"2018-11-20 15:45:27",14
"2018-11-20 16:45:20",14
"2018-11-20 17:45:20",14
"2018-11-20 18:45:26",14
"2018-11-20 19:45:22",14
"2018-11-20 20:45:23",14
"2018-11-20 21:45:27",14
"2018-11-20 22:45:21",14
"2018-11-20 23:45:20",14
"2018-11-21 00:45:18",14
"2018-11-21 01:45:20",14
"2018-11-21 02:45:19",14
"2018-11-21 03:45:21",14
"2018-11-21 04:45:20",14
"2018-11-21 05:45:22",14
"2018-11-21 06:45:22",14
"2018-11-21 07:45:22",14
"2018-11-21 08:45:21",14
"2018-11-21 09:45:20",14
"2018-11-21 10:45:20",14
"2018-11-21 11:45:19",14
"2018-11-21 12:45:19",14
"2018-11-21 13:45:19",14
"2018-11-21 14:45:24",14
"2018-11-21 16:45:24",14
"2018-11-21 17:45:26",14
"2018-11-21 18:45:20",14
"2018-11-21 19:45:22",14
"2018-11-21 20:45:23",14
"2018-11-21 21:45:22",14
"2018-11-21 22:45:22",14
"2018-11-21 23:45:20",14
"2018-11-22 00:45:19",14
"2018-11-22 01:45:20",14
"2018-11-22 02:45:21",14
"2018-11-22 03:45:20",14
"2018-11-22 04:45:22",14
"2018-11-22 05:45:20",14
"2018-11-22 06:45:20",14
"2018-11-22 07:45:20",14
"2018-11-22 08:45:20",14
"2018-11-22 09:45:20",14
"2018-11-22 10:45:20",14
"2018-11-22 11:45:21",14
"2018-11-22 12:45:20",14
"2018-11-22 13:45:20",14
"2018-11-22 14:45:20",14
"2018-11-22 15:45:21",14
"2018-11-22 16:45:19",14
"2018-11-22 17:45:21",14
"2018-11-22 18:45:19",14
"2018-11-22 19:45:19",14
"2018-11-22 20:45:20",14
"2018-11-22 21:45:20",14
"2018-11-22 22:45:20",14
"2018-11-22 23:45:20",14
"2018-11-23 00:45:19",14
"2018-11-23 01:45:19",14
"2018-11-23 02:45:20",14
"2018-11-23 03:45:21",14
"2018-11-23 04:45:21",14
"2018-11-23 05:45:20",14
"2018-11-23 06:45:20",14
"2018-11-23 07:45:20",14
"2018-11-23 08:45:20",14
"2018-11-23 09:45:21",14
"2018-11-23 10:45:20",14
"2018-11-23 11:45:22",14
"2018-11-23 12:45:21",14
"2018-11-23 13:45:20",14
"2018-11-23 14:45:22",14
"2018-11-23 15:45:21",14
"2018-11-23 16:45:20",14
"2018-11-23 17:45:20",14
"2018-11-23 18:45:19",14
"2018-11-23 19:45:21",14
"2018-11-23 20:45:21",14
"2018-11-23 21:45:22",14
"2018-11-23 22:45:20",14
"2018-11-23 23:45:21",14
"2018-11-24 00:45:20",14
"2018-11-24 01:45:21",14
"2018-11-24 02:45:23",14
"2018-11-24 03:45:21",14
"2018-11-24 04:45:22",14
"2018-11-24 05:45:22",14
"2018-11-24 06:45:21",14
"2018-11-24 07:45:20",14
"2018-11-24 08:45:21",14
"2018-11-24 09:45:20",14
"2018-11-24 10:45:20",14
"2018-11-24 11:45:22",14
"2018-11-24 12:45:20",14
"2018-11-24 13:45:20",14
"2018-11-24 14:45:21",14
"2018-11-24 15:45:21",14
"2018-11-24 16:45:20",14
"2018-11-24 17:45:22",14
"2018-11-24 18:45:21",14
"2018-11-24 19:45:19",14
"2018-11-24 20:45:21",14
"2018-11-24 21:45:21",14
"2018-11-24 22:45:20",14
"2018-11-24 23:45:21",14
"2018-11-25 00:45:21",14
"2018-11-25 01:45:21",14
"2018-11-25 02:45:21",14
"2018-11-25 03:45:20",14
"2018-11-25 04:45:21",14
"2018-11-25 05:45:21",14
"2018-11-25 06:45:21",14
"2018-11-25 07:45:20",14
"2018-11-25 08:45:20",14
"2018-11-25 09:45:21",14
"2018-11-25 10:45:20",14
"2018-11-25 11:45:21",14
"2018-11-25 12:45:20",14
"2018-11-25 13:45:20",14
"2018-11-25 14:45:21",14
"2018-11-25 15:45:21",14
"2018-11-25 16:45:21",14
"2018-11-25 17:45:22",14
"2018-11-25 18:45:21",14
"2018-11-25 19:45:23",14
"2018-11-25 20:45:21",14
"2018-11-25 21:45:20",14
"2018-11-25 22:45:21",14
"2018-11-25 23:45:21",14
"2018-11-26 00:45:19",14
"2018-11-26 01:45:21",14
"2018-11-26 02:45:22",14
"2018-11-26 03:45:20",14
"2018-11-26 04:45:20",14
"2018-11-26 05:45:20",14
"2018-11-26 06:45:20",14
"2018-11-26 07:45:20",14
"2018-11-26 08:45:20",14
"2018-11-26 09:45:21",14
"2018-11-26 10:45:21",14
"2018-11-26 11:45:20",14
"2018-11-26 12:45:20",14
"2018-11-26 13:45:20",14
"2018-11-26 14:45:27",14
"2018-11-26 15:45:21",14
"2018-11-26 16:45:21",14
"2018-11-26 17:45:21",14
"2018-11-26 18:45:22",14
"2018-11-26 19:45:20",14
"2018-11-26 20:45:22",14
"2018-11-26 21:45:19",14
"2018-11-26 22:45:25",14
"2018-11-26 23:45:25",14
"2018-11-27 00:45:23",14
"2018-11-27 01:45:23",14
"2018-11-27 02:45:23",14
"2018-11-27 03:45:20",14
"2018-11-27 04:45:21",14
"2018-11-27 05:45:21",14
"2018-11-27 06:45:21",14
"2018-11-27 07:45:20",14
"2018-11-27 08:45:20",14
"2018-11-27 09:45:20",14
"2018-11-27 10:47:08",14
"2018-11-27 11:45:20",14
"2018-11-27 12:45:20",14
"2018-11-27 13:45:21",14
"2018-11-27 14:45:26",14
"2018-11-27 15:45:23",14
"2018-11-27 16:45:26",14
"2018-11-27 17:45:24",14
"2018-11-27 18:45:23",14
"2018-11-27 19:45:23",14
"2018-11-27 20:45:22",14
"2018-11-27 21:45:24",14
"2018-11-27 22:45:24",14
"2018-11-27 23:45:22",14
"2018-11-28 00:45:21",14
"2018-11-28 01:45:22",14
"2018-11-28 02:45:21",14
"2018-11-28 03:45:23",14
"2018-11-28 04:45:24",14
"2018-11-28 05:45:22",14
"2018-11-28 06:45:20",14
"2018-11-28 07:45:19",14
"2018-11-28 08:45:22",14
"2018-11-28 09:45:23",14
"2018-11-28 10:45:21",14
"2018-11-28 11:45:20",14
"2018-11-28 12:45:20",14
"2018-11-28 14:10:24",14
"2018-11-28 14:45:24",14
"2018-11-28 15:45:29",14
"2018-11-28 16:45:25",14
"2018-11-28 17:45:27",14
"2018-11-28 18:45:26",14
"2018-11-28 19:45:23",14
"2018-11-28 20:45:25",14
"2018-11-28 21:45:21",14
"2018-11-28 22:45:20",14
"2018-11-28 23:45:19",14
"2018-11-29 00:45:20",14
"2018-11-29 01:45:22",14
"2018-11-29 02:45:21",14
"2018-11-29 03:45:20",14
"2018-11-29 04:45:20",14
"2018-11-29 05:45:21",14
"2018-11-29 06:45:21",14
"2018-11-29 07:45:19",14
"2018-11-29 08:45:19",14
"2018-11-29 09:45:20",14
"2018-11-29 10:45:20",14
"2018-11-29 11:45:20",14
"2018-11-29 12:45:20",14
"2018-11-29 13:45:22",14
"2018-11-29 15:10:31",14
"2018-11-29 15:45:21",14
"2018-11-29 16:45:22",14
"2018-11-29 17:45:26",14
"2018-11-29 18:45:27",14
"2018-11-29 19:45:22",14
"2018-11-29 20:45:20",14
"2018-11-29 21:45:22",14
"2018-11-29 22:45:22",14
"2018-11-29 23:45:22",14
"2018-11-30 00:45:23",14
"2018-11-30 01:45:23",14
"2018-11-30 02:45:20",14
"2018-11-30 03:45:23",14
"2018-11-30 04:45:20",14
"2018-11-30 05:45:24",14
"2018-11-30 06:45:22",14
"2018-11-30 07:45:20",14
"2018-11-30 08:45:19",14
"2018-11-30 09:45:22",14
"2018-11-30 10:45:21",14
"2018-11-30 11:45:19",14
"2018-11-30 12:45:20",14
"2018-11-30 13:45:20",14
"2018-11-30 14:45:25",14
"2018-11-30 15:45:23",14
"2018-11-30 16:45:23",14
"2018-11-30 17:45:23",14
"2018-11-30 18:45:21",14
"2018-11-30 19:45:21",14
"2018-11-30 20:45:22",14
"2018-11-30 21:45:21",14
"2018-11-30 22:45:25",14
"2018-11-30 23:45:22",14
"2018-12-01 00:45:20",14
"2018-12-01 01:45:21",14
"2018-12-01 02:45:20",14
"2018-12-01 03:45:21",14
"2018-12-01 04:45:20",14
"2018-12-01 05:45:22",14
"2018-12-01 06:45:20",14
"2018-12-01 07:45:19",14
"2018-12-01 08:45:20",14
"2018-12-01 09:45:20",14
"2018-12-01 10:45:20",14
"2018-12-01 11:45:20",14
"2018-12-01 12:45:20",14
"2018-12-01 13:45:20",14
"2018-12-01 14:45:20",14
"2018-12-01 15:45:20",14
"2018-12-01 16:45:20",14
"2018-12-01 17:45:19",14
"2018-12-01 18:45:20",14
"2018-12-01 19:45:19",14
"2018-12-01 20:45:21",14
"2018-12-01 21:45:19",14
"2018-12-01 22:45:25",14
"2018-12-01 23:45:21",14
"2018-12-02 00:45:19",14
"2018-12-02 01:45:20",14
"2018-12-02 02:45:20",14
"2018-12-02 03:45:20",14
"2018-12-02 04:45:20",14
"2018-12-02 05:45:20",14
"2018-12-02 06:45:20",14
"2018-12-02 07:45:23",14
"2018-12-02 08:45:23",14
"2018-12-02 09:45:20",14
"2018-12-02 10:45:21",14
"2018-12-02 11:45:20",14
"2018-12-02 12:45:19",14
"2018-12-02 13:45:20",14
"2018-12-02 14:45:19",14
"2018-12-02 15:45:20",14
"2018-12-02 16:45:20",14
"2018-12-02 17:45:19",14
"2018-12-02 18:45:19",14
"2018-12-02 19:45:19",14
"2018-12-02 20:45:19",14
"2018-12-02 21:45:19",14
"2018-12-02 22:45:19",14
"2018-12-02 23:45:20",14
"2018-12-03 00:45:21",14
"2018-12-03 01:45:19",14
"2018-12-03 02:45:20",14
"2018-12-03 03:45:21",14
"2018-12-03 04:45:22",14
"2018-12-03 05:45:19",14
"2018-12-03 06:45:22",14
"2018-12-03 07:45:21",14
"2018-12-03 08:45:20",14
"2018-12-03 09:45:22",14
"2018-12-03 10:45:20",14
"2018-12-03 11:45:20",14
"2018-12-03 12:45:19",14
"2018-12-03 13:45:19",14
"2018-12-03 14:45:28",14
"2018-12-03 15:45:21",14
"2018-12-03 16:45:25",14
"2018-12-03 17:45:24",14
"2018-12-03 18:45:22",14
"2018-12-03 19:45:19",14
"2018-12-03 20:45:21",14
"2018-12-03 21:45:20",14
"2018-12-03 22:45:23",14
"2018-12-03 23:45:25",14
"2018-12-04 00:45:22",14
"2018-12-04 01:45:20",14
"2018-12-04 02:45:21",14
"2018-12-04 03:45:21",14
"2018-12-04 04:45:20",14
"2018-12-04 05:45:25",14
"2018-12-04 06:45:23",14
"2018-12-04 07:45:21",14
"2018-12-04 08:45:22",14
"2018-12-04 09:45:20",14
"2018-12-04 10:45:18",14
"2018-12-04 11:45:19",14
"2018-12-04 12:45:20",14
"2018-12-04 13:45:20",14
"2018-12-04 15:11:55",14
"2018-12-04 15:45:23",14
"2018-12-04 16:45:21",14
"2018-12-04 17:45:22",14
"2018-12-04 18:45:22",14
"2018-12-04 19:45:23",14
"2018-12-04 20:45:23",14
"2018-12-04 21:45:23",14
"2018-12-04 22:45:26",14
"2018-12-04 23:45:24",14
"2018-12-05 00:45:24",14
"2018-12-05 01:45:24",14
"2018-12-05 02:45:23",14
"2018-12-05 03:45:23",14
"2018-12-05 04:45:27",14
"2018-12-05 05:45:27",14
"2018-12-05 06:45:22",14
"2018-12-05 07:45:20",14
"2018-12-05 08:45:20",14
"2018-12-05 09:45:20",14
"2018-12-05 10:45:22",14
"2018-12-05 11:45:20",14
"2018-12-05 12:45:19",14
"2018-12-05 13:45:20",14
"2018-12-05 14:45:20",14
"2018-12-05 15:45:23",14
"2018-12-05 16:45:20",14
"2018-12-05 17:45:21",14
"2018-12-05 18:45:20",14
"2018-12-05 19:45:24",14
"2018-12-05 20:45:23",14
"2018-12-05 21:45:23",14
"2018-12-05 22:45:24",14
"2018-12-05 23:45:24",14
"2018-12-06 00:45:23",14
"2018-12-06 01:45:22",14
"2018-12-06 02:45:21",14
"2018-12-06 03:45:22",14
"2018-12-06 04:45:19",14
"2018-12-06 05:45:20",14
"2018-12-06 06:45:20",14
"2018-12-06 07:45:19",14
"2018-12-06 08:45:23",14
"2018-12-06 09:45:22",14
"2018-12-06 10:45:20",14
"2018-12-06 11:45:21",14
"2018-12-06 12:45:22",14
"2018-12-06 13:45:22",14
"2018-12-06 14:45:24",14
"2018-12-06 15:45:22",14
"2018-12-06 16:45:22",14
"2018-12-06 17:45:24",14
"2018-12-06 18:45:21",14
"2018-12-06 19:45:21",14
"2018-12-06 20:45:21",14
"2018-12-06 21:45:21",14
"2018-12-06 22:45:20",14
"2018-12-06 23:45:27",14
"2018-12-07 00:45:29",14
"2018-12-07 01:45:28",14
"2018-12-07 02:45:26",14
"2018-12-07 03:45:28",14
"2018-12-07 04:45:30",14
"2018-12-07 05:45:27",14
"2018-12-07 06:45:28",14
"2018-12-07 07:45:30",14
"2018-12-07 08:45:25",14
"2018-12-07 09:45:26",14
"2018-12-07 10:45:26",14
"2018-12-07 11:45:26",14
"2018-12-07 12:45:27",14
"2018-12-07 14:10:27",14
"2018-12-07 14:45:33",14
"2018-12-07 16:10:33",14
"2018-12-07 16:45:26",14
"2018-12-07 17:45:28",14
"2018-12-07 18:45:27",14
"2018-12-07 19:45:30",14
"2018-12-07 20:45:29",14
"2018-12-07 21:45:27",14
"2018-12-07 22:45:29",14
"2018-12-07 23:45:30",14
"2018-12-08 00:45:27",14
"2018-12-08 01:45:26",14
"2018-12-08 03:45:30",14
"2018-12-08 04:45:27",14
"2018-12-08 05:45:29",14
"2018-12-08 06:45:25",14
"2018-12-08 07:45:27",14
"2018-12-08 08:45:26",14
"2018-12-08 09:45:25",14
"2018-12-08 10:45:27",14
"2018-12-08 11:45:26",14
"2018-12-08 12:45:28",14
"2018-12-08 13:45:25",14
"2018-12-08 14:45:26",14
"2018-12-08 15:45:26",14
"2018-12-08 16:45:27",14
"2018-12-08 17:45:27",14
"2018-12-08 18:45:25",14
"2018-12-08 19:45:26",14
"2018-12-08 20:45:32",14
"2018-12-08 21:45:31",14
"2018-12-08 22:45:26",14
"2018-12-08 23:45:29",14
"2018-12-09 00:45:27",14
"2018-12-09 01:45:29",14
"2018-12-09 02:45:28",14
"2018-12-09 03:45:26",14
"2018-12-09 04:45:26",14
"2018-12-09 05:45:26",14
"2018-12-09 06:45:27",14
"2018-12-09 07:45:29",14
"2018-12-09 08:45:27",14
"2018-12-09 09:45:31",14
"2018-12-09 10:45:27",14
"2018-12-09 11:45:29",14
"2018-12-09 12:45:26",14
"2018-12-09 13:45:26",14
"2018-12-09 14:45:26",14
"2018-12-09 15:45:27",14
"2018-12-09 16:45:26",14
"2018-12-09 17:45:26",14
"2018-12-09 18:45:26",14
"2018-12-09 19:45:25",14
"2018-12-09 20:45:27",14
"2018-12-09 21:45:26",14
"2018-12-09 22:45:32",14
"2018-12-09 23:45:28",14
"2018-12-10 00:45:28",14
"2018-12-10 01:45:26",14
"2018-12-10 02:45:26",14
"2018-12-10 03:45:27",14
"2018-12-10 04:45:30",14
"2018-12-10 05:45:26",14
"2018-12-10 06:45:32",14
"2018-12-10 07:45:31",14
"2018-12-10 08:45:27",14
"2018-12-10 09:45:27",14
"2018-12-10 10:45:27",14
"2018-12-10 11:45:26",14
"2018-12-10 12:45:27",14
"2018-12-10 13:45:32",14
"2018-12-10 15:09:05",14
"2018-12-10 15:45:26",14
"2018-12-10 16:45:28",14
"2018-12-10 17:45:30",14
"2018-12-10 18:45:28",14
"2018-12-10 19:45:28",14
"2018-12-10 20:45:25",14
"2018-12-10 21:45:28",14
"2018-12-10 22:45:26",14
"2018-12-10 23:45:29",14
"2018-12-11 00:45:27",14
"2018-12-11 01:45:26",14
"2018-12-11 02:45:27",14
"2018-12-11 03:45:27",14
"2018-12-11 04:45:25",14
"2018-12-11 05:45:29",14
"2018-12-11 06:45:28",14
"2018-12-11 07:45:27",14
"2018-12-11 08:45:27",14
"2018-12-11 09:45:26",14
"2018-12-11 10:45:27",14
"2018-12-11 11:45:27",14
"2018-12-11 12:45:27",14
"2018-12-11 13:45:26",14
"2018-12-11 15:10:01",14
"2018-12-11 15:45:28",14
"2018-12-11 16:45:28",14
"2018-12-11 17:45:27",14
"2018-12-11 18:45:27",14
"2018-12-11 19:45:28",14
"2018-12-11 20:45:27",14
"2018-12-11 21:45:31",14
"2018-12-11 22:45:28",14
"2018-12-11 23:45:28",14
"2018-12-12 00:45:26",14
"2018-12-12 01:45:26",14
"2018-12-12 02:45:27",14
"2018-12-12 03:45:27",14
"2018-12-12 04:45:26",14
"2018-12-12 05:45:25",14
"2018-12-12 06:45:26",14
"2018-12-12 07:45:26",14
"2018-12-12 08:45:27",14
"2018-12-12 09:45:27",14
"2018-12-12 10:45:27",14
"2018-12-12 11:45:30",14
"2018-12-12 12:45:32",14
"2018-12-12 14:11:06",14
"2018-12-12 14:45:31",14
"2018-12-12 15:45:29",14
"2018-12-12 16:45:29",14
"2018-12-12 17:45:30",14
"2018-12-12 18:45:27",14
"2018-12-12 19:45:28",14
"2018-12-12 20:45:27",14
"2018-12-12 21:45:28",14
"2018-12-12 22:45:29",14
"2018-12-12 23:45:29",14
"2018-12-13 00:45:26",14
"2018-12-13 01:45:28",14
"2018-12-13 02:45:29",14
"2018-12-13 03:45:27",14
"2018-12-13 04:45:34",14
"2018-12-13 05:45:31",14
"2018-12-13 06:45:30",14
"2018-12-13 07:45:28",14
"2018-12-13 08:45:26",14
"2018-12-13 09:45:27",14
"2018-12-13 10:45:26",14
"2018-12-13 11:45:26",14
"2018-12-13 12:45:26",14
"2018-12-13 14:09:31",14
"2018-12-13 14:45:29",14
"2018-12-13 15:45:30",14
"2018-12-13 16:45:27",14
"2018-12-13 17:45:31",14
"2018-12-13 18:45:30",14
"2018-12-13 19:45:30",14
"2018-12-13 20:45:29",14
"2018-12-13 21:45:27",14
"2018-12-13 22:45:29",14
"2018-12-13 23:45:28",14
"2018-12-14 00:45:27",14
"2018-12-14 01:45:27",14
"2018-12-14 02:45:26",14
"2018-12-14 03:45:26",14
"2018-12-14 04:45:31",14
"2018-12-14 05:45:27",14
"2018-12-14 06:45:28",14
"2018-12-14 07:45:28",14
"2018-12-14 08:45:27",14
"2018-12-14 09:45:27",14
"2018-12-14 10:45:27",14
"2018-12-14 11:45:28",14
"2018-12-14 12:45:27",14
"2018-12-14 14:09:31",14
"2018-12-14 14:45:32",14
"2018-12-14 15:45:28",14
"2018-12-14 16:45:27",14
"2018-12-14 17:45:29",14
"2018-12-14 18:45:33",14
"2018-12-14 19:45:32",14
"2018-12-14 20:45:33",14
"2018-12-14 21:45:27",14
"2018-12-14 22:45:31",14
"2018-12-14 23:45:29",14
"2018-12-15 00:45:28",14
"2018-12-15 01:45:30",14
"2018-12-15 02:45:26",14
"2018-12-15 03:45:28",14
"2018-12-15 04:45:27",14
"2018-12-15 05:45:30",14
"2018-12-15 06:45:28",14
"2018-12-15 07:45:27",14
"2018-12-15 08:45:27",14
"2018-12-15 09:45:26",14
"2018-12-15 10:45:27",14
"2018-12-15 11:45:27",14
"2018-12-15 12:45:28",14
"2018-12-15 13:45:27",14
"2018-12-15 14:45:27",14
"2018-12-15 15:45:28",14
"2018-12-15 16:45:27",14
"2018-12-15 17:45:30",14
"2018-12-15 18:45:28",14
"2018-12-15 19:45:27",14
"2018-12-15 20:45:27",14
"2018-12-15 21:45:27",14
"2018-12-15 22:45:27",14
"2018-12-15 23:45:27",14
"2018-12-16 00:45:27",14
"2018-12-16 01:45:27",14
"2018-12-16 02:45:26",14
"2018-12-16 03:45:28",14
"2018-12-16 04:45:32",14
"2018-12-16 05:45:26",14
"2018-12-16 06:45:30",14
"2018-12-16 07:45:28",14
"2018-12-16 08:45:26",14
"2018-12-16 09:45:30",14
"2018-12-16 10:45:27",14
"2018-12-16 11:45:28",14
"2018-12-16 12:45:26",14
"2018-12-16 13:45:27",14
"2018-12-16 14:45:27",14
"2018-12-16 15:45:26",14
"2018-12-16 16:45:26",14
"2018-12-16 17:45:32",14
"2018-12-16 18:45:26",14
"2018-12-16 19:45:28",14
"2018-12-16 20:45:28",14
"2018-12-16 21:45:26",14
"2018-12-16 22:45:31",14
"2018-12-16 23:45:30",14
"2018-12-17 00:45:29",14
"2018-12-17 01:45:27",14
"2018-12-17 02:45:28",14
"2018-12-17 03:45:27",14
"2018-12-17 04:45:34",14
"2018-12-17 05:45:27",14
"2018-12-17 06:45:29",14
"2018-12-17 07:45:28",14
"2018-12-17 08:45:26",14
"2018-12-17 09:45:27",14
"2018-12-17 10:45:27",14
"2018-12-17 11:45:27",14
"2018-12-17 12:45:27",14
"2018-12-17 13:45:32",14
"2018-12-17 14:45:34",14
"2018-12-17 15:45:30",13
"2018-12-17 16:45:30",13
"2018-12-17 17:45:27",13
"2018-12-17 18:45:29",13
"2018-12-17 20:11:02",13
"2018-12-17 20:45:29",13
"2018-12-17 21:45:30",13
"2018-12-17 22:45:30",13
"2018-12-17 23:45:27",13
"2018-12-18 00:45:27",13
"2018-12-18 01:45:29",13
"2018-12-18 02:45:26",13
"2018-12-18 03:45:27",13
"2018-12-18 04:45:26",13
"2018-12-18 05:45:27",13
"2018-12-18 06:45:26",13
"2018-12-18 07:45:27",13
"2018-12-18 08:45:26",13
"2018-12-18 09:45:26",13
"2018-12-18 10:45:27",13
"2018-12-18 11:45:26",13
"2018-12-18 12:45:27",13
"2018-12-18 13:45:27",13
"2018-12-18 14:45:29",13
"2018-12-18 15:45:27",13
"2018-12-18 16:45:27",13
"2018-12-18 17:45:27",13
"2018-12-18 18:45:26",13
"2018-12-18 19:45:26",13
"2018-12-18 20:45:31",13
"2018-12-18 21:45:30",13
"2018-12-18 22:45:35",13
"2018-12-18 23:45:30",13
"2018-12-19 00:45:27",13
"2018-12-19 01:45:28",13
"2018-12-19 02:45:27",13
"2018-12-19 03:45:31",13
"2018-12-19 04:45:30",13
"2018-12-19 05:45:31",13
"2018-12-19 06:45:29",13
"2018-12-19 07:45:28",13
"2018-12-19 08:45:26",13
"2018-12-19 09:45:29",13
"2018-12-19 11:45:27",13
"2018-12-19 12:45:27",13
"2018-12-19 13:45:27",13
"2018-12-19 14:45:29",13
"2018-12-19 15:45:28",14
"2018-12-19 16:45:28",14
"2018-12-19 17:45:25",14
"2018-12-19 18:45:29",14
"2018-12-19 19:45:28",14
"2018-12-19 20:45:28",14
"2018-12-19 21:45:35",14
"2018-12-19 22:45:34",14
"2018-12-19 23:45:34",14
"2018-12-20 00:45:33",14
"2018-12-20 01:45:33",14
"2018-12-20 02:45:31",14
"2018-12-20 03:45:31",14
"2018-12-20 04:45:32",14
"2018-12-20 05:45:27",14
"2018-12-20 06:45:28",14
"2018-12-20 07:45:33",14
"2018-12-20 08:45:31",14
"2018-12-20 09:45:27",14
"2018-12-20 10:45:29",14
"2018-12-20 11:45:27",14
"2018-12-20 12:45:26",14
"2018-12-20 13:45:28",14
"2018-12-20 14:45:32",14
"2018-12-20 15:45:30",14
"2018-12-20 16:45:35",14
"2018-12-20 17:45:30",14
"2018-12-20 18:45:28",14
"2018-12-20 19:45:27",14
"2018-12-20 20:45:32",14
"2018-12-20 21:45:31",14
"2018-12-20 22:45:31",14
"2018-12-20 23:45:32",14
"2018-12-21 00:45:29",14
"2018-12-21 01:45:30",14
"2018-12-21 02:45:31",14
"2018-12-21 03:45:29",14
"2018-12-21 04:45:32",14
"2018-12-21 05:45:27",14
"2018-12-21 06:45:30",14
"2018-12-21 07:45:26",14
"2018-12-21 08:45:26",14
"2018-12-21 09:45:27",14
"2018-12-21 10:45:26",14
"2018-12-21 11:45:27",14
"2018-12-21 12:45:27",14
"2018-12-21 13:45:27",14
"2018-12-21 14:45:30",14
"2018-12-21 15:45:30",14
"2018-12-21 16:45:32",14
"2018-12-21 17:45:32",14
"2018-12-21 18:45:36",14
"2018-12-21 19:45:29",14
"2018-12-21 20:45:37",14
"2018-12-21 21:45:32",14
"2018-12-21 22:45:33",14
"2018-12-21 23:45:31",14
"2018-12-22 00:45:35",14
"2018-12-22 01:45:33",14
"2018-12-22 02:45:35",14
"2018-12-22 03:45:28",14
"2018-12-22 04:45:33",14
"2018-12-22 05:45:28",14
"2018-12-22 06:45:32",14
"2018-12-22 07:45:32",14
"2018-12-22 08:45:28",14
"2018-12-22 09:45:27",14
"2018-12-22 10:45:29",14
"2018-12-22 11:45:27",14
"2018-12-22 12:45:27",14
"2018-12-22 13:45:27",14
"2018-12-22 14:45:28",14
"2018-12-22 15:45:29",14
"2018-12-22 16:45:27",14
"2018-12-22 17:45:29",14
"2018-12-22 18:45:27",14
"2018-12-22 19:45:32",14
"2018-12-22 20:45:31",14
"2018-12-22 21:45:31",14
"2018-12-22 22:45:32",14
"2018-12-22 23:45:29",14
"2018-12-23 00:45:28",14
"2018-12-23 01:45:30",14
"2018-12-23 02:45:28",14
"2018-12-23 03:45:32",14
"2018-12-23 04:45:30",14
"2018-12-23 05:45:28",14
"2018-12-23 06:45:33",14
"2018-12-23 07:45:29",14
"2018-12-23 08:45:31",14
"2018-12-23 09:45:28",14
"2018-12-23 10:45:35",14
"2018-12-23 11:45:32",14
"2018-12-23 12:45:28",14
"2018-12-23 13:45:30",14
"2018-12-23 14:45:31",14
"2018-12-23 15:45:33",14
"2018-12-23 16:45:34",14
"2018-12-23 17:45:34",14
"2018-12-23 18:45:33",14
"2018-12-23 19:45:31",14
"2018-12-23 20:45:34",14
"2018-12-23 21:45:33",14
"2018-12-23 22:45:31",14
"2018-12-23 23:45:28",14
"2018-12-24 00:45:30",14
"2018-12-24 01:45:34",14
"2018-12-24 02:45:35",14
"2018-12-24 03:45:34",14
"2018-12-24 04:45:27",14
"2018-12-24 05:45:30",14
"2018-12-24 06:45:30",14
"2018-12-24 07:45:34",14
"2018-12-24 08:45:28",14
"2018-12-24 09:45:35",14
"2018-12-24 10:45:29",14
"2018-12-24 11:45:31",14
"2018-12-24 12:45:28",14
"2018-12-24 13:45:31",14
"2018-12-24 15:09:11",14
"2018-12-24 15:45:34",14
"2018-12-24 16:45:32",14
"2018-12-24 17:45:33",14
"2018-12-24 18:45:35",14
"2018-12-24 19:45:35",14
"2018-12-24 20:45:35",14
"2018-12-24 21:45:28",14
"2018-12-24 22:45:29",14
"2018-12-24 23:45:27",14
"2018-12-25 00:45:30",14
"2018-12-25 01:45:27",14
"2018-12-25 02:45:32",14
"2018-12-25 03:45:31",14
"2018-12-25 04:45:29",14
"2018-12-25 05:45:30",14
"2018-12-25 06:45:32",14
"2018-12-25 07:45:29",14
"2018-12-25 08:45:29",14
"2018-12-25 09:45:28",14
"2018-12-25 10:45:27",14
"2018-12-25 11:45:27",14
"2018-12-25 12:45:28",14
"2018-12-25 13:45:28",14
"2018-12-25 14:45:28",14
"2018-12-25 15:45:28",14
"2018-12-25 16:45:27",14
"2018-12-25 17:45:31",14
"2018-12-25 18:45:29",14
"2018-12-25 19:45:29",14
"2018-12-25 20:45:29",14
"2018-12-25 21:45:28",14
"2018-12-25 22:45:29",14
"2018-12-25 23:45:29",14
"2018-12-26 00:45:30",14
"2018-12-26 01:45:28",14
"2018-12-26 02:45:30",14
"2018-12-26 03:45:28",14
"2018-12-26 04:45:28",14
"2018-12-26 05:45:27",14
"2018-12-26 06:45:34",14
"2018-12-26 07:45:31",14
"2018-12-26 08:45:32",14
"2018-12-26 09:45:27",14
"2018-12-26 10:45:30",14
"2018-12-26 11:45:27",14
"2018-12-26 12:45:28",14
"2018-12-26 13:45:36",14
"2018-12-26 15:10:40",14
"2018-12-26 15:45:32",14
"2018-12-26 16:45:31",14
"2018-12-26 17:45:32",14
"2018-12-26 18:45:29",14
"2018-12-26 19:45:31",14
"2018-12-26 20:45:34",14
"2018-12-26 21:45:33",14
"2018-12-26 22:45:35",14
"2018-12-26 23:45:33",14
"2018-12-27 00:45:33",14
"2018-12-27 01:45:34",14
"2018-12-27 02:45:33",14
"2018-12-27 03:45:34",14
"2018-12-27 04:45:29",14
"2018-12-27 05:45:32",14
"2018-12-27 06:45:30",14
"2018-12-27 07:45:32",14
"2018-12-27 08:45:28",14
"2018-12-27 09:45:30",14
"2018-12-27 10:45:31",14
"2018-12-27 11:45:28",14
"2018-12-27 12:45:28",14
"2018-12-27 13:45:27",14
"2018-12-27 14:45:31",14
"2018-12-27 15:45:28",14
"2018-12-27 16:45:28",14
"2018-12-27 17:45:33",14
"2018-12-27 18:45:36",14
"2018-12-27 19:45:34",14
"2018-12-27 20:45:31",14
"2018-12-27 21:45:32",14
"2018-12-27 22:45:40",14
"2018-12-27 23:45:42",14
"2018-12-28 00:45:39",14
"2018-12-28 01:45:35",14
"2018-12-28 02:45:36",14
"2018-12-28 03:45:31",14
"2018-12-28 04:45:32",14
"2018-12-28 05:45:29",14
"2018-12-28 06:45:41",14
"2018-12-28 07:45:38",14
"2018-12-28 08:45:35",14
"2018-12-28 09:45:34",14
"2018-12-28 10:45:29",14
"2018-12-28 11:45:31",14
"2018-12-28 12:45:28",14
"2018-12-28 13:45:29",14
"2018-12-28 14:45:31",14
"2018-12-28 16:11:06",14
"2018-12-28 16:45:30",14
"2018-12-28 17:45:36",14
"2018-12-28 18:45:33",14
"2018-12-28 19:45:29",14
"2018-12-28 20:45:33",14
"2018-12-28 21:45:35",14
"2018-12-28 22:45:29",14
"2018-12-28 23:45:32",14
"2018-12-29 00:45:31",14
"2018-12-29 01:45:28",14
"2018-12-29 02:45:30",14
"2018-12-29 03:45:28",14
"2018-12-29 04:45:29",14
"2018-12-29 05:45:30",14
"2018-12-29 06:45:27",14
"2018-12-29 07:45:38",14
"2018-12-29 08:45:36",14
"2018-12-29 09:45:32",14
"2018-12-29 10:45:30",14
"2018-12-29 11:45:30",14
"2018-12-29 12:45:29",14
"2018-12-29 13:45:30",14
"2018-12-29 14:45:28",14
"2018-12-29 15:45:28",14
"2018-12-29 16:45:31",14
"2018-12-29 17:45:28",14
"2018-12-29 18:45:34",14
"2018-12-29 19:45:35",14
"2018-12-29 20:45:29",14
"2018-12-29 21:45:35",14
"2018-12-29 22:45:30",14
"2018-12-29 23:45:36",14
"2018-12-30 00:45:29",14
"2018-12-30 01:45:31",14
"2018-12-30 02:45:27",14
"2018-12-30 03:45:30",14
"2018-12-30 04:45:28",14
"2018-12-30 05:45:28",14
"2018-12-30 06:45:28",14
"2018-12-30 07:45:27",14
"2018-12-30 08:45:27",14
"2018-12-30 09:45:27",14
"2018-12-30 10:45:27",14
"2018-12-30 11:45:28",14
"2018-12-30 12:45:28",14
"2018-12-30 13:45:28",14
"2018-12-30 14:45:28",14
"2018-12-30 15:45:27",14
"2018-12-30 16:45:27",14
"2018-12-30 17:45:29",14
"2018-12-30 18:45:27",14
"2018-12-30 19:45:28",14
"2018-12-30 20:45:28",14
"2018-12-30 21:45:29",14
"2018-12-30 22:45:32",14
"2018-12-30 23:45:30",14
"2018-12-31 00:45:30",14
"2018-12-31 01:45:28",14
"2018-12-31 02:45:27",14
"2018-12-31 03:45:32",14
"2018-12-31 04:45:30",14
"2018-12-31 05:45:32",14
"2018-12-31 06:45:29",14
"2018-12-31 07:45:29",14
"2018-12-31 08:45:28",14
"2018-12-31 09:45:32",14
"2018-12-31 10:45:31",14
"2018-12-31 11:45:28",14
"2018-12-31 12:45:27",14
"2018-12-31 13:45:27",14
"2018-12-31 14:45:35",14
"2018-12-31 15:45:28",14
"2018-12-31 16:45:29",14
"2018-12-31 17:45:31",14
"2018-12-31 18:45:30",14
"2018-12-31 19:45:31",14
"2018-12-31 20:45:31",14
"2018-12-31 21:45:30",14
"2018-12-31 22:45:30",14
"2018-12-31 23:45:27",14
"2019-01-01 00:45:28",14
"2019-01-01 01:45:31",14
"2019-01-01 02:45:29",14
"2019-01-01 03:45:28",14
"2019-01-01 04:45:29",14
"2019-01-01 05:45:28",14
"2019-01-01 06:45:28",14
"2019-01-01 07:45:27",14
"2019-01-01 08:45:29",14
"2019-01-01 09:45:26",14
"2019-01-01 10:45:27",14
"2019-01-01 11:45:28",14
"2019-01-01 12:45:27",14
"2019-01-01 13:45:28",14
"2019-01-01 14:45:28",14
"2019-01-01 15:45:28",14
"2019-01-01 16:45:28",14
"2019-01-01 17:45:29",14
"2019-01-01 18:45:27",14
"2019-01-01 19:45:27",14
"2019-01-01 20:45:26",14
"2019-01-01 21:45:28",14
"2019-01-01 22:45:32",14
"2019-01-01 23:45:27",14
"2019-01-02 00:45:29",14
"2019-01-02 01:45:27",14
"2019-01-02 02:45:30",14
"2019-01-02 03:45:28",14
"2019-01-02 04:45:28",14
"2019-01-02 05:45:32",14
"2019-01-02 06:45:28",14
"2019-01-02 07:45:29",14
"2019-01-02 08:45:28",14
"2019-01-02 09:45:28",14
"2019-01-02 10:45:32",14
"2019-01-02 11:45:27",14
"2019-01-02 12:45:27",14
"2019-01-02 13:45:28",14
"2019-01-02 15:10:37",14
"2019-01-02 15:45:31",14
"2019-01-02 16:45:27",14
"2019-01-02 17:45:27",14
"2019-01-02 18:45:31",14
"2019-01-02 19:45:32",14
"2019-01-02 20:45:30",14
"2019-01-02 21:45:27",14
"2019-01-02 22:45:29",14
"2019-01-02 23:45:34",14
"2019-01-03 00:45:30",14
"2019-01-03 01:45:27",14
"2019-01-03 02:45:29",14
"2019-01-03 03:45:27",14
"2019-01-03 05:45:32",14
"2019-01-03 06:45:28",14
"2019-01-03 07:45:29",14
"2019-01-03 08:45:28",14
"2019-01-03 09:45:28",14
"2019-01-03 10:45:28",14
"2019-01-03 11:45:28",14
"2019-01-03 12:45:28",14
"2019-01-03 13:45:26",14
"2019-01-03 14:45:34",14
"2019-01-03 15:45:34",14
"2019-01-03 16:45:34",14
"2019-01-03 17:45:36",14
"2019-01-03 18:45:31",14
"2019-01-03 19:45:33",14
"2019-01-03 20:45:29",14
"2019-01-03 21:45:32",14
"2019-01-03 22:45:35",14
"2019-01-03 23:45:28",14
"2019-01-04 00:45:32",14
"2019-01-04 01:45:30",14
"2019-01-04 02:45:35",14
"2019-01-04 03:45:29",14
"2019-01-04 04:45:29",14
"2019-01-04 05:45:32",14
"2019-01-04 06:45:34",14
"2019-01-04 07:45:28",14
"2019-01-04 08:45:31",14
"2019-01-04 09:45:32",14
"2019-01-04 10:45:28",14
"2019-01-04 11:45:29",14
"2019-01-04 12:45:28",14
"2019-01-04 13:45:28",14
"2019-01-04 15:10:24",14
"2019-01-04 15:45:34",14
"2019-01-04 16:45:32",14
"2019-01-04 17:45:30",14
"2019-01-04 18:45:33",14
"2019-01-04 19:45:35",14
"2019-01-04 20:45:32",14
"2019-01-04 21:45:32",14
"2019-01-04 22:45:28",14
"2019-01-04 23:45:32",14
"2019-01-05 00:45:34",14
"2019-01-05 01:45:30",14
"2019-01-05 02:45:32",14
"2019-01-05 03:45:29",14
"2019-01-05 04:45:30",14
"2019-01-05 05:45:29",14
"2019-01-05 06:45:28",14
"2019-01-05 07:45:29",14
"2019-01-05 08:45:33",14
"2019-01-05 09:45:32",14
"2019-01-05 10:45:29",14
"2019-01-05 11:45:28",14
"2019-01-05 12:45:28",14
"2019-01-05 13:45:29",14
"2019-01-05 14:45:28",14
"2019-01-05 15:45:29",14
"2019-01-05 16:45:28",14
"2019-01-05 17:45:29",14
"2019-01-05 18:45:29",14
"2019-01-05 19:45:36",14
"2019-01-05 20:45:31",14
"2019-01-05 21:45:32",14
"2019-01-05 22:45:29",14
"2019-01-05 23:45:28",14
"2019-01-06 00:45:29",14
"2019-01-06 01:45:29",14
"2019-01-06 02:45:29",14
"2019-01-06 03:45:29",14
"2019-01-06 04:45:29",14
"2019-01-06 05:45:29",14
"2019-01-06 06:45:28",14
"2019-01-06 07:45:30",14
"2019-01-06 08:45:27",14
"2019-01-06 09:45:27",14
"2019-01-06 10:45:28",14
"2019-01-06 11:45:28",14
"2019-01-06 12:45:29",14
"2019-01-06 13:45:28",14
"2019-01-06 14:45:28",14
"2019-01-06 15:45:29",14
"2019-01-06 16:45:28",14
"2019-01-06 17:45:29",14
"2019-01-06 18:45:28",14
"2019-01-06 19:45:28",14
"2019-01-06 20:45:28",14
"2019-01-06 21:45:28",14
"2019-01-06 22:45:28",14
"2019-01-06 23:45:29",14
"2019-01-07 00:45:28",14
"2019-01-07 01:45:28",14
"2019-01-07 02:45:31",14
"2019-01-07 03:45:30",14
"2019-01-07 04:45:29",14
"2019-01-07 05:45:28",14
"2019-01-07 06:45:29",14
"2019-01-07 07:45:28",14
"2019-01-07 08:45:28",14
"2019-01-07 09:45:30",14
"2019-01-07 10:45:33",14
"2019-01-07 11:45:30",14
"2019-01-07 12:45:31",14
"2019-01-07 14:11:01",14
"2019-01-07 14:45:32",14
"2019-01-07 15:45:34",13
"2019-01-07 16:45:34",13
"2019-01-07 17:45:34",13
"2019-01-07 18:45:32",13
"2019-01-07 19:45:29",13
"2019-01-07 20:45:34",13
"2019-01-07 21:45:32",13
"2019-01-07 22:45:30",13
"2019-01-07 23:45:35",13
"2019-01-08 00:45:27",13
"2019-01-08 01:45:30",13
"2019-01-08 02:45:33",13
"2019-01-08 03:45:32",13
"2019-01-08 04:45:30",13
"2019-01-08 05:45:31",13
"2019-01-08 06:45:29",13
"2019-01-08 07:45:29",13
"2019-01-08 08:45:30",13
"2019-01-08 09:45:29",13
"2019-01-08 10:45:31",13
"2019-01-08 11:45:32",13
"2019-01-08 12:45:31",13
"2019-01-08 13:45:33",13
"2019-01-08 14:45:35",13
"2019-01-08 15:45:34",13
"2019-01-08 16:45:32",13
"2019-01-08 17:45:31",13
"2019-01-08 18:45:31",13
"2019-01-08 19:45:30",13
"2019-01-08 20:45:28",13
"2019-01-08 21:45:31",13
"2019-01-08 22:45:29",13
"2019-01-08 23:45:32",13
"2019-01-09 00:45:33",13
"2019-01-09 01:45:30",13
"2019-01-09 02:46:23",13
"2019-01-09 04:45:33",13
"2019-01-09 05:45:33",13
"2019-01-09 06:45:30",13
"2019-01-09 07:45:38",13
"2019-01-09 08:45:37",13
"2019-01-09 09:45:30",13
"2019-01-09 10:45:31",13
"2019-01-09 11:45:29",13
"2019-01-09 12:45:28",13
"2019-01-09 14:11:02",13
"2019-01-09 14:45:36",13
"2019-01-09 15:45:32",13
"2019-01-09 16:45:35",13
"2019-01-09 17:45:31",13
"2019-01-09 18:45:32",13
"2019-01-09 19:45:32",13
"2019-01-09 20:45:38",13
"2019-01-09 21:45:32",13
"2019-01-09 22:45:31",13
"2019-01-09 23:45:30",13
"2019-01-10 00:45:28",13
"2019-01-10 01:45:28",13
"2019-01-10 02:45:29",13
"2019-01-10 03:45:28",13
"2019-01-10 04:45:28",13
"2019-01-10 05:45:29",13
"2019-01-10 06:45:27",13
"2019-01-10 07:45:30",13
"2019-01-10 08:45:29",13
"2019-01-10 09:45:28",13
"2019-01-10 10:45:28",13
"2019-01-10 11:45:27",13
"2019-01-10 12:45:27",13
"2019-01-10 13:45:30",13
"2019-01-10 15:10:08",13
"2019-01-10 15:45:33",13
"2019-01-10 16:45:32",13
"2019-01-10 17:45:32",13
"2019-01-10 18:45:29",13
"2019-01-10 19:45:29",13
"2019-01-10 20:45:34",13
"2019-01-10 21:45:32",13
"2019-01-10 22:45:29",13
"2019-01-10 23:45:31",13
"2019-01-11 00:45:31",13
"2019-01-11 01:45:29",13
"2019-01-11 02:45:31",13
"2019-01-11 03:45:30",13
"2019-01-11 04:45:31",13
"2019-01-11 05:45:31",13
"2019-01-11 06:45:28",13
"2019-01-11 07:45:35",13
"2019-01-11 08:45:30",13
"2019-01-11 09:45:30",13
"2019-01-11 10:45:29",13
"2019-01-11 11:45:29",13
"2019-01-11 12:45:30",13
"2019-01-11 13:45:29",13
"2019-01-11 14:45:34",13
"2019-01-11 15:45:34",13
"2019-01-11 16:45:29",13
"2019-01-11 17:45:31",13
"2019-01-11 18:45:30",13
"2019-01-11 19:45:34",13
"2019-01-11 20:45:33",13
"2019-01-11 21:45:28",13
"2019-01-11 22:45:30",13
"2019-01-11 23:45:28",13
"2019-01-12 00:45:29",13
"2019-01-12 01:45:32",13
"2019-01-12 02:45:28",13
"2019-01-12 03:45:30",13
"2019-01-12 04:45:27",13
"2019-01-12 05:45:27",13
"2019-01-12 06:45:30",13
"2019-01-12 07:45:26",13
"2019-01-12 08:45:27",13
"2019-01-12 09:45:29",13
"2019-01-12 10:45:28",13
"2019-01-12 11:45:27",13
"2019-01-12 12:45:27",13
"2019-01-12 13:45:27",13
"2019-01-12 14:45:28",13
"2019-01-12 15:45:27",13
"2019-01-12 16:45:31",13
"2019-01-12 17:45:29",13
"2019-01-12 18:45:26",13
"2019-01-12 19:45:32",13
"2019-01-12 20:45:29",13
"2019-01-12 21:45:28",13
"2019-01-12 22:45:28",13
"2019-01-12 23:45:35",13
"2019-01-13 00:45:28",13
"2019-01-13 01:45:27",13
"2019-01-13 02:45:28",13
"2019-01-13 03:45:28",13
"2019-01-13 04:45:30",13
"2019-01-13 05:45:29",13
"2019-01-13 06:45:28",13
"2019-01-13 07:45:28",13
"2019-01-13 08:45:27",13
"2019-01-13 09:45:30",13
"2019-01-13 10:45:38",13
"2019-01-13 11:45:32",13
"2019-01-13 12:45:27",13
"2019-01-13 13:45:28",13
"2019-01-13 14:45:27",13
"2019-01-13 15:45:29",13
"2019-01-13 16:45:28",13
"2019-01-13 17:45:28",13
"2019-01-13 18:45:28",13
"2019-01-13 19:45:28",13
"2019-01-13 20:45:30",13
"2019-01-13 21:45:28",13
"2019-01-13 22:45:30",13
"2019-01-13 23:45:28",13
"2019-01-14 00:45:28",13
"2019-01-14 01:45:29",13
"2019-01-14 02:45:28",13
"2019-01-14 03:45:28",13
"2019-01-14 04:45:29",13
"2019-01-14 05:45:29",13
"2019-01-14 06:45:27",13
"2019-01-14 07:45:27",13
"2019-01-14 08:45:28",13
"2019-01-14 09:45:28",13
"2019-01-14 10:45:29",13
"2019-01-14 11:45:28",13
"2019-01-14 12:45:28",13
"2019-01-14 13:45:29",13
"2019-01-14 14:45:30",13
"2019-01-14 15:45:33",13
"2019-01-14 16:45:30",13
"2019-01-14 17:45:29",13
"2019-01-14 18:45:30",13
"2019-01-14 19:45:33",13
"2019-01-14 20:45:28",13
"2019-01-14 21:45:29",13
"2019-01-14 22:45:28",13
"2019-01-14 23:45:28",13
"2019-01-15 00:45:28",13
"2019-01-15 01:45:27",13
"2019-01-15 02:45:28",13
"2019-01-15 03:45:28",13
"2019-01-15 04:45:34",13
"2019-01-15 05:45:27",13
"2019-01-15 06:45:27",13
"2019-01-15 07:45:27",13
"2019-01-15 08:45:27",13
"2019-01-15 09:45:27",13
"2019-01-15 10:45:27",13
"2019-01-15 11:45:27",13
"2019-01-15 12:45:28",13
"2019-01-15 13:45:27",13
"2019-01-15 14:45:34",13
"2019-01-15 15:45:31",13
"2019-01-15 16:45:33",13
"2019-01-15 17:45:28",13
"2019-01-15 18:45:29",13
"2019-01-15 19:45:28",13
"2019-01-15 20:45:30",13
"2019-01-15 21:45:29",13
"2019-01-15 22:45:30",13
"2019-01-15 23:45:31",13
"2019-01-16 00:45:28",13
"2019-01-16 01:45:38",13
"2019-01-16 02:45:28",13
"2019-01-16 03:45:26",13
"2019-01-16 04:45:28",13
"2019-01-16 05:45:26",13
"2019-01-16 06:45:27",13
"2019-01-16 07:45:27",13
"2019-01-16 08:45:26",13
"2019-01-16 09:45:27",13
"2019-01-16 10:45:26",13
"2019-01-16 11:45:26",13
"2019-01-16 12:45:26",13
"2019-01-16 14:12:02",13
"2019-01-16 15:11:03",13
"2019-01-16 15:45:30",13
"2019-01-16 16:45:29",13
"2019-01-16 17:45:28",13
"2019-01-16 18:45:35",13
"2019-01-16 19:45:30",13
"2019-01-16 20:45:29",13
"2019-01-16 21:45:29",13
"2019-01-16 22:45:28",13
"2019-01-16 23:45:27",13
"2019-01-17 00:45:28",13
"2019-01-17 01:45:29",13
"2019-01-17 02:45:32",13
"2019-01-17 03:45:29",13
"2019-01-17 04:45:31",13
"2019-01-17 05:45:28",13
"2019-01-17 06:45:28",13
"2019-01-17 07:45:28",13
"2019-01-17 08:45:27",13
"2019-01-17 09:45:29",13
"2019-01-17 10:45:29",13
"2019-01-17 11:45:29",13
"2019-01-17 12:45:27",13
"2019-01-17 13:45:27",13
"2019-01-17 15:11:35",13
"2019-01-17 15:45:32",13
"2019-01-17 16:45:28",13
"2019-01-17 17:45:28",13
"2019-01-17 18:45:29",12
"2019-01-17 19:45:33",12
"2019-01-17 20:45:31",12
"2019-01-17 21:45:28",12
"2019-01-17 22:45:28",12
"2019-01-17 23:45:27",12
"2019-01-18 00:45:29",12
"2019-01-18 01:45:29",12
"2019-01-18 02:45:27",12
"2019-01-18 03:45:32",12
"2019-01-18 04:45:29",12
"2019-01-18 05:45:28",12
"2019-01-18 06:45:28",12
"2019-01-18 07:45:28",12
"2019-01-18 08:45:27",12
"2019-01-18 09:45:29",12
"2019-01-18 10:45:28",12
"2019-01-18 11:45:27",12
"2019-01-18 12:45:28",12
"2019-01-18 13:45:28",12
"2019-01-18 14:45:33",12
"2019-01-18 15:45:33",12
"2019-01-18 16:45:32",12
"2019-01-18 17:45:31",12
"2019-01-18 18:45:30",12
"2019-01-18 19:45:27",12
"2019-01-18 20:45:31",12
"2019-01-18 21:45:28",12
"2019-01-18 22:45:27",12
"2019-01-18 23:45:28",12
"2019-01-19 00:45:28",12
"2019-01-19 01:45:29",12
"2019-01-19 02:45:29",12
"2019-01-19 03:45:28",12
"2019-01-19 04:45:29",12
"2019-01-19 05:45:28",12
"2019-01-19 06:45:28",12
"2019-01-19 07:45:27",12
"2019-01-19 08:45:28",12
"2019-01-19 09:45:28",12
"2019-01-19 10:45:29",12
"2019-01-19 11:45:27",12
"2019-01-19 12:45:26",12
"2019-01-19 13:45:28",12
"2019-01-19 14:45:27",12
"2019-01-19 15:45:30",12
"2019-01-19 16:45:28",12
"2019-01-19 17:45:28",12
"2019-01-19 18:45:27",12
"2019-01-19 19:45:27",12
"2019-01-19 20:45:27",12
"2019-01-19 21:45:27",12
"2019-01-19 22:45:28",12
"2019-01-19 23:45:28",12
"2019-01-20 00:45:29",12
"2019-01-20 01:45:27",12
"2019-01-20 02:45:29",12
"2019-01-20 03:45:28",12
"2019-01-20 04:45:30",12
"2019-01-20 05:45:28",12
"2019-01-20 06:45:28",12
"2019-01-20 07:45:28",12
"2019-01-20 08:45:28",12
"2019-01-20 09:45:28",12
"2019-01-20 10:45:27",12
"2019-01-20 11:45:28",12
"2019-01-20 12:45:28",12
"2019-01-20 13:45:27",12
"2019-01-20 14:45:27",12
"2019-01-20 15:45:28",12
"2019-01-20 16:45:29",12
"2019-01-20 17:45:28",12
"2019-01-20 18:45:28",12
"2019-01-20 19:45:28",12
"2019-01-20 20:45:28",12
"2019-01-20 21:45:28",12
"2019-01-20 22:45:28",12
"2019-01-20 23:45:29",12
"2019-01-21 00:45:28",12
"2019-01-21 01:45:28",12
"2019-01-21 02:45:28",12
"2019-01-21 03:45:28",12
"2019-01-21 04:45:29",12
"2019-01-21 05:45:28",12
"2019-01-21 06:45:27",12
"2019-01-21 07:45:27",12
"2019-01-21 08:45:28",12
"2019-01-21 09:45:29",12
"2019-01-21 10:45:28",12
"2019-01-21 11:45:28",12
"2019-01-21 12:45:28",12
"2019-01-21 13:45:27",12
"2019-01-21 14:45:27",12
"2019-01-21 15:45:26",12
"2019-01-21 16:45:27",12
"2019-01-21 17:45:27",12
"2019-01-21 18:45:27",12
"2019-01-21 19:45:27",12
"2019-01-21 20:45:28",12
"2019-01-21 21:45:27",12
"2019-01-21 22:45:28",12
"2019-01-21 23:45:27",12
"2019-01-22 00:45:28",12
"2019-01-22 01:45:26",12
"2019-01-22 02:45:28",12
"2019-01-22 03:45:27",12
"2019-01-22 04:45:31",12
"2019-01-22 05:45:30",12
"2019-01-22 06:45:27",12
"2019-01-22 07:45:27",12
"2019-01-22 08:45:28",12
"2019-01-22 09:45:27",12
"2019-01-22 10:45:27",12
"2019-01-22 11:45:27",12
"2019-01-22 12:45:27",12
"2019-01-22 13:45:27",12
"2019-01-22 14:45:28",12
"2019-01-22 15:45:28",12
"2019-01-22 16:45:28",12
"2019-01-22 17:45:28",12
"2019-01-22 18:45:27",12
"2019-01-22 19:45:31",12
"2019-01-22 20:45:29",12
"2019-01-22 21:45:30",11
"2019-01-22 22:45:27",11
"2019-01-22 23:45:27",11
"2019-01-23 00:45:28",11
"2019-01-23 01:45:28",11
"2019-01-23 02:45:27",11
"2019-01-23 03:45:29",11
"2019-01-23 04:45:28",11
"2019-01-23 05:45:28",11
"2019-01-23 06:45:30",11
"2019-01-23 07:45:30",11
"2019-01-23 08:45:29",11
"2019-01-23 09:45:31",11
"2019-01-23 10:45:29",11
"2019-01-23 11:45:27",11
"2019-01-23 12:45:27",11
"2019-01-23 13:45:27",11
"2019-01-23 15:09:31",11
"2019-01-23 15:45:28",11
"2019-01-23 16:45:27",11
"2019-01-23 17:45:28",11
"2019-01-23 18:45:28",11
"2019-01-23 19:45:27",11
"2019-01-23 20:45:27",11
"2019-01-23 21:45:28",11
"2019-01-23 22:45:27",11
"2019-01-23 23:45:28",11
"2019-01-30 08:17:32",12
"2019-01-30 08:23:34",12
"2019-01-30 08:51:04",12
"2019-01-30 08:51:07",12
"2019-01-30 09:50:59",12
"2019-01-30 09:51:04",12
"2019-01-30 10:51:02",12
"2019-01-30 10:51:05",12
"2019-01-30 11:50:57",12
"2019-01-30 11:51:08",12
"2019-01-30 12:51:04",12
"2019-01-30 12:51:07",12
"2019-01-30 13:51:00",12
"2019-01-30 13:51:03",12
"2019-01-30 14:50:57",12
"2019-01-30 14:51:08",12
"2019-01-30 15:51:05",12
"2019-01-30 15:51:08",12
"2019-01-30 16:51:01",12
"2019-01-30 16:51:05",12
"2019-01-30 17:50:59",12
"2019-01-30 17:51:10",12
"2019-01-30 18:50:57",12
"2019-01-30 18:51:08",12
"2019-01-30 19:51:08",12
"2019-01-30 19:51:12",12
"2019-01-30 20:46:38",12
"2019-01-30 21:51:03",12
"2019-01-30 21:51:06",12
"2019-01-30 22:51:03",12
"2019-01-30 22:51:07",12
"2019-01-30 23:51:07",12
"2019-01-30 23:51:10",12
"2019-01-31 00:51:07",12
"2019-01-31 00:51:10",12
"2019-01-31 01:51:03",12
"2019-01-31 01:51:06",12
"2019-01-31 02:51:04",12
"2019-01-31 02:51:07",12
"2019-01-31 03:51:06",12
"2019-01-31 03:51:07",12
"2019-01-31 04:51:02",12
"2019-01-31 04:51:06",12
"2019-01-31 05:51:04",12
"2019-01-31 05:51:07",12
"2019-01-31 06:51:04",12
"2019-01-31 06:51:07",12
"2019-01-31 08:18:59",12
"2019-01-31 08:45:34",12
"2019-01-31 10:09:07",12
"2019-01-31 10:45:34",12
"2019-01-31 11:45:33",12
"2019-01-31 12:45:32",12
"2019-01-31 13:45:34",12
"2019-01-31 15:45:35",12
"2019-01-31 16:45:39",12
"2019-01-31 17:45:36",12
"2019-01-31 18:45:37",12
"2019-01-31 19:45:38",12
"2019-01-31 20:45:37",12
"2019-01-31 21:45:35",12
"2019-01-31 22:45:33",12
"2019-01-31 23:45:32",12
"2019-02-01 00:45:33",12
"2019-02-01 01:45:35",12
"2019-02-01 02:45:38",12
"2019-02-01 03:45:36",12
"2019-02-01 04:45:34",12
"2019-02-01 05:45:34",12
"2019-02-01 06:45:35",12
"2019-02-01 07:45:37",12
"2019-02-01 08:45:34",12
"2019-02-01 09:45:34",12
"2019-02-01 10:45:34",12
"2019-02-01 11:45:35",12
"2019-02-01 12:45:33",12
"2019-02-01 13:45:35",12
"2019-02-01 14:45:36",12
"2019-02-01 15:45:35",12
"2019-02-01 16:45:37",13
"2019-02-01 17:45:35",13
"2019-02-01 18:45:42",13
"2019-02-01 19:45:38",13
"2019-02-01 20:45:35",13
"2019-02-01 21:45:39",13
"2019-02-01 22:45:37",13
"2019-02-02 00:10:39",13
"2019-02-02 00:45:35",13
"2019-02-02 01:45:35",13
"2019-02-02 02:45:35",13
"2019-02-02 03:45:34",13
"2019-02-02 04:45:35",13
"2019-02-02 05:45:34",13
"2019-02-02 06:45:34",13
"2019-02-02 07:45:34",13
"2019-02-02 08:45:33",13
"2019-02-02 09:45:33",13
"2019-02-02 10:45:32",13
"2019-02-02 11:45:33",13
"2019-02-02 12:45:34",13
"2019-02-02 13:45:35",13
"2019-02-02 14:45:36",13
"2019-02-02 15:45:34",13
"2019-02-02 16:45:40",13
"2019-02-02 17:45:37",13
"2019-02-02 18:45:36",13
"2019-02-02 19:45:34",13
"2019-02-02 20:45:37",13
"2019-02-02 21:45:34",13
"2019-02-02 22:45:35",13
"2019-02-02 23:45:35",13
"2019-02-03 00:45:35",13
"2019-02-03 01:45:35",13
"2019-02-03 02:45:36",13
"2019-02-03 03:45:36",13
"2019-02-03 04:45:35",13
"2019-02-03 05:45:32",13
"2019-02-03 06:45:35",13
"2019-02-03 07:45:34",13
"2019-02-03 08:45:33",13
"2019-02-03 09:45:34",13
"2019-02-03 10:45:32",13
"2019-02-03 11:45:35",13
"2019-02-03 12:45:35",13
"2019-02-03 13:45:35",13
"2019-02-03 14:45:36",13
"2019-02-03 15:45:33",13
"2019-02-03 16:45:35",13
"2019-02-03 17:45:35",13
"2019-02-03 18:45:38",13
"2019-02-03 19:45:33",13
"2019-02-03 20:45:35",13
"2019-02-03 21:45:38",13
"2019-02-03 22:45:38",13
"2019-02-03 23:45:37",13
"2019-02-04 00:45:36",13
"2019-02-04 01:45:35",13
"2019-02-04 02:45:38",13
"2019-02-04 03:45:36",13
"2019-02-04 04:45:36",13
"2019-02-04 05:45:33",13
"2019-02-04 06:45:34",13
"2019-02-04 07:45:33",13
"2019-02-04 08:45:34",13
"2019-02-04 09:45:34",13
"2019-02-04 10:45:35",13
"2019-02-04 11:45:35",13
"2019-02-04 12:45:32",13
"2019-02-04 13:45:35",13
"2019-02-04 14:45:37",13
"2019-02-04 15:45:38",13
"2019-02-04 16:45:37",13
"2019-02-04 17:45:37",13
"2019-02-04 18:45:38",13
"2019-02-04 19:45:35",13
"2019-02-04 20:45:39",13
"2019-02-04 21:45:38",13
"2019-02-04 22:45:38",13
"2019-02-04 23:45:38",13
"2019-02-05 00:45:37",13
"2019-02-05 01:45:42",13
"2019-02-05 02:45:39",13
"2019-02-05 03:45:38",13
"2019-02-05 04:45:54",13
"2019-02-05 05:45:37",13
"2019-02-05 06:45:37",13
"2019-02-05 07:45:37",13
"2019-02-05 08:45:39",13
"2019-02-05 09:45:37",13
"2019-02-05 10:45:37",13
"2019-02-05 11:45:35",13
"2019-02-05 12:45:35",13
"2019-02-05 13:45:36",13
"2019-02-05 14:45:38",13
"2019-02-05 15:45:36",13
"2019-02-05 16:45:40",13
"2019-02-05 17:45:38",13
"2019-02-05 18:45:42",13
"2019-02-05 19:45:41",13
"2019-02-05 20:45:39",13
"2019-02-05 21:45:38",13
"2019-02-05 22:45:39",13
"2019-02-05 23:45:42",13
"2019-02-06 00:45:38",13
"2019-02-06 01:45:37",13
"2019-02-06 02:45:37",13
"2019-02-06 03:45:39",13
"2019-02-06 04:45:38",13
"2019-02-06 05:45:38",13
"2019-02-06 06:45:41",13
"2019-02-06 07:45:39",13
"2019-02-06 08:45:32",13
"2019-02-06 09:45:32",13
"2019-02-07 02:45:47",13
"2019-02-07 03:45:36",13
"2019-02-07 04:45:36",13
"2019-02-07 05:45:36",13
"2019-02-07 06:45:34",13
"2019-02-07 07:45:34",13
"2019-02-07 08:45:35",13
"2019-02-07 09:45:35",13
"2019-02-07 10:45:39",13
"2019-02-07 11:45:41",13
"2019-02-07 12:45:38",13
"2019-02-07 13:45:39",13
"2019-02-07 15:09:11",13
"2019-02-07 15:45:40",13
"2019-02-07 16:45:42",13
"2019-02-07 17:45:38",13
"2019-02-07 18:45:45",13
"2019-02-07 19:45:43",13
"2019-02-07 20:45:41",13
"2019-02-07 21:45:40",13
"2019-02-07 22:45:38",13
"2019-02-07 23:45:39",13
"2019-02-08 00:46:10",13
"2019-02-08 01:45:38",13
"2019-02-08 02:45:39",13
"2019-02-08 03:45:44",13
"2019-02-08 04:45:39",13
"2019-02-08 05:45:38",13
"2019-02-08 06:45:36",13
"2019-02-08 07:45:37",13
"2019-02-08 08:45:36",13
"2019-02-08 09:45:39",13
"2019-02-08 10:45:38",13
"2019-02-08 11:45:40",13
"2019-02-08 12:45:41",13
"2019-02-08 13:45:40",13
"2019-02-08 15:10:12",13
"2019-02-08 15:45:37",13
"2019-02-08 16:45:39",13
"2019-02-08 17:45:42",13
"2019-02-08 18:45:44",13
"2019-02-08 19:45:45",13
"2019-02-08 20:45:42",13
"2019-02-08 21:45:41",13
"2019-02-08 22:45:39",13
"2019-02-08 23:45:38",13
"2019-02-09 00:45:40",13
"2019-02-09 01:45:38",13
"2019-02-09 02:45:39",13
"2019-02-09 03:45:38",13
"2019-02-09 04:45:42",13
"2019-02-09 05:45:39",13
"2019-02-09 06:45:39",13
"2019-02-09 07:45:38",13
"2019-02-09 08:45:37",13
"2019-02-09 09:45:38",13
"2019-02-09 10:45:38",13
"2019-02-09 11:45:36",13
"2019-02-09 12:45:40",13
"2019-02-09 13:45:38",13
"2019-02-09 14:45:39",13
"2019-02-09 15:45:41",13
"2019-02-09 16:45:41",13
"2019-02-09 17:45:41",13
"2019-02-09 18:45:39",13
"2019-02-09 19:45:40",13
"2019-02-09 20:45:40",13
"2019-02-09 21:45:41",13
"2019-02-09 22:45:39",13
"2019-02-09 23:45:41",13
"2019-02-10 00:45:39",13
"2019-02-10 01:45:41",13
"2019-02-10 02:45:40",13
"2019-02-10 03:45:39",13
"2019-02-10 04:45:45",13
"2019-02-10 05:45:45",13
"2019-02-10 06:45:43",13
"2019-02-10 07:45:38",13
"2019-02-10 08:45:39",13
"2019-02-10 09:45:39",13
"2019-02-10 10:45:37",13
"2019-02-10 11:45:38",13
"2019-02-10 12:45:38",13
"2019-02-10 13:45:40",13
"2019-02-10 14:45:40",13
"2019-02-10 15:45:44",13
"2019-02-10 16:45:43",13
"2019-02-10 17:45:41",13
"2019-02-10 18:45:41",13
"2019-02-10 19:45:43",13
"2019-02-10 20:45:41",13
"2019-02-10 21:45:39",13
"2019-02-10 22:45:42",13
"2019-02-10 23:45:43",13
"2019-02-11 00:45:42",13
"2019-02-11 01:45:42",13
"2019-02-11 02:45:45",13
"2019-02-11 03:45:44",13
"2019-02-11 04:45:46",13
"2019-02-11 05:45:43",13
"2019-02-11 06:45:43",13
"2019-02-11 07:45:39",13
"2019-02-11 08:45:39",13
"2019-02-11 09:45:39",13
"2019-02-11 10:45:43",13
"2019-02-11 11:45:38",13
"2019-02-11 12:45:38",13
"2019-02-11 13:45:39",13
"2019-02-11 14:45:39",13
"2019-02-11 15:45:38",13
"2019-02-11 16:45:40",13
"2019-02-11 17:45:41",13
"2019-02-11 18:45:41",13
"2019-02-11 19:45:39",13
"2019-02-11 20:45:39",13
"2019-02-11 21:45:37",13
"2019-02-11 22:45:37",13
"2019-02-11 23:45:39",13
"2019-02-12 00:45:38",13
"2019-02-12 01:45:36",13
"2019-02-12 02:45:44",13
"2019-02-12 03:45:39",13
"2019-02-12 04:45:41",13
"2019-02-12 05:45:39",13
"2019-02-12 06:45:39",13
"2019-02-12 07:45:40",13
"2019-02-12 08:45:39",13
"2019-02-12 09:45:40",13
"2019-02-12 10:45:41",13
"2019-02-12 11:45:41",13
"2019-02-12 12:45:39",13
"2019-02-12 13:45:41",13
"2019-02-12 14:45:40",13
"2019-02-12 15:45:44",13
"2019-02-12 16:45:40",13
"2019-02-12 17:45:39",13
"2019-02-12 18:45:40",13
"2019-02-12 19:45:41",14
"2019-02-12 20:45:40",14
"2019-02-12 21:45:41",14
"2019-02-12 22:45:41",14
"2019-02-12 23:45:39",14
"2019-02-13 00:45:41",14
"2019-02-13 01:45:43",14
"2019-02-13 02:45:41",14
"2019-02-13 03:45:41",14
"2019-02-13 04:45:42",14
"2019-02-13 05:45:42",14
"2019-02-13 06:45:41",14
"2019-02-13 07:45:40",14
"2019-02-13 08:45:38",14
"2019-02-13 09:45:38",14
"2019-02-13 10:45:40",14
"2019-02-13 11:45:39",14
"2019-02-13 12:45:41",14
"2019-02-13 13:45:39",14
"2019-02-13 14:45:39",14
"2019-02-13 15:45:41",14
"2019-02-13 16:45:38",14
"2019-02-13 17:45:42",14
"2019-02-13 18:45:37",14
"2019-02-13 19:45:37",14
"2019-02-13 20:45:38",14
"2019-02-13 21:45:38",14
"2019-02-13 22:45:43",14
"2019-02-13 23:45:41",14
"2019-02-14 00:45:39",14
"2019-02-14 01:45:42",14
"2019-02-14 02:45:42",14
"2019-02-14 03:45:43",14
"2019-02-14 04:45:40",14
"2019-02-14 05:45:43",14
"2019-02-14 06:45:39",14
"2019-02-14 07:45:40",14
"2019-02-14 08:45:37",14
"2019-02-14 09:45:37",14
"2019-02-14 10:45:38",14
"2019-02-14 11:45:40",14
"2019-02-14 12:45:39",14
"2019-02-14 13:45:40",14
"2019-02-14 14:45:40",14
"2019-02-14 15:45:41",14
"2019-02-14 16:45:37",14
"2019-02-14 17:45:40",14
"2019-02-14 18:45:40",14
"2019-02-14 19:45:40",14
"2019-02-14 20:45:42",14
"2019-02-14 21:45:40",14
"2019-02-14 22:45:43",14
"2019-02-15 00:45:43",14
"2019-02-15 01:45:44",14
"2019-02-15 02:45:45",14
"2019-02-15 03:45:46",14
"2019-02-15 04:45:47",14
"2019-02-15 05:45:40",14
"2019-02-15 06:45:38",14
"2019-02-15 07:45:42",14
"2019-02-15 08:45:39",14
"2019-02-15 09:45:41",14
"2019-02-15 10:45:40",14
"2019-02-15 11:45:42",14
"2019-02-15 12:45:40",14
"2019-02-15 14:10:44",14
"2019-02-15 14:45:43",14
"2019-02-15 15:45:53",14
"2019-02-15 16:45:46",14
"2019-02-15 17:45:40",14
"2019-02-15 18:45:47",14
"2019-02-15 19:45:44",14
"2019-02-15 20:45:41",14
"2019-02-15 21:45:43",14
"2019-02-15 22:45:44",14
"2019-02-15 23:45:44",14
"2019-02-16 00:45:45",14
"2019-02-16 01:45:51",14
"2019-02-16 02:45:49",14
"2019-02-16 03:45:47",14
"2019-02-16 04:45:41",14
"2019-02-16 05:45:44",14
"2019-02-16 06:45:40",14
"2019-02-16 07:45:39",14
"2019-02-16 08:45:40",14
"2019-02-16 09:45:43",14
"2019-02-16 10:45:41",14
"2019-02-16 11:45:41",14
"2019-02-16 12:45:41",14
"2019-02-16 13:45:47",14
"2019-02-16 14:45:43",14
"2019-02-16 15:45:50",14
"2019-02-16 16:45:40",14
"2019-02-16 17:45:40",14
"2019-02-16 18:45:41",14
"2019-02-16 19:45:39",14
"2019-02-16 20:45:43",14
"2019-02-16 21:45:41",14
"2019-02-16 22:45:40",14
"2019-02-16 23:45:39",14
"2019-02-17 00:45:41",14
"2019-02-17 01:45:39",14
"2019-02-17 02:45:37",14
"2019-02-17 03:45:45",14
"2019-02-17 04:45:39",14
"2019-02-17 05:45:42",14
"2019-02-17 06:45:40",14
"2019-02-17 07:45:40",14
"2019-02-17 08:45:39",14
"2019-02-17 09:45:37",14
"2019-02-17 10:45:39",14
"2019-02-17 11:45:39",14
"2019-02-17 12:45:36",14
"2019-02-17 13:45:40",14
"2019-02-17 14:45:39",14
"2019-02-17 15:45:43",14
"2019-02-17 16:45:40",14
"2019-02-17 17:45:41",14
"2019-02-17 18:45:41",14
"2019-02-17 19:45:42",14
"2019-02-17 20:45:43",14
"2019-02-17 21:45:38",14
"2019-02-17 22:45:39",14
"2019-02-17 23:45:39",14
"2019-02-18 00:45:39",14
"2019-02-18 01:45:41",14
"2019-02-18 02:45:43",14
"2019-02-18 03:45:43",14
"2019-02-18 04:45:39",14
"2019-02-18 05:45:40",14
"2019-02-18 06:45:38",14
"2019-02-18 07:45:39",14
"2019-02-18 08:45:39",14
"2019-02-18 09:45:40",14
"2019-02-18 10:45:38",14
"2019-02-18 11:45:38",14
"2019-02-18 12:45:39",14
"2019-02-18 13:45:42",14
"2019-02-18 14:45:41",14
"2019-02-18 15:45:42",14
"2019-02-18 16:45:42",14
"2019-02-18 17:45:43",14
"2019-02-18 18:45:41",14
"2019-02-18 19:45:40",14
"2019-02-18 20:45:43",14
"2019-02-18 21:45:39",14
"2019-02-18 22:45:39",14
"2019-02-18 23:45:39",14
"2019-02-19 00:45:40",14
"2019-02-19 01:45:43",14
"2019-02-19 02:45:41",14
"2019-02-19 03:45:41",14
"2019-02-19 04:45:41",14
"2019-02-19 05:45:40",14
"2019-02-19 06:45:39",14
"2019-02-19 07:45:38",14
"2019-02-19 08:45:39",14
"2019-02-19 09:45:37",14
"2019-02-19 10:45:36",14
"2019-02-19 11:45:34",14
"2019-02-19 12:45:35",14
"2019-02-19 14:10:10",14
"2019-02-19 14:45:40",14
"2019-02-19 15:45:43",14
"2019-02-19 16:45:41",14
"2019-02-19 17:45:42",14
"2019-02-19 18:45:47",14
"2019-02-19 19:45:43",14
"2019-02-19 20:45:47",14
"2019-02-19 21:45:44",14
"2019-02-19 22:45:46",14
"2019-02-19 23:45:44",14
"2019-02-20 00:45:52",14
"2019-02-20 01:45:46",14
"2019-02-20 02:45:46",14
"2019-02-20 03:45:54",14
"2019-02-20 04:45:47",14
"2019-02-20 05:45:42",14
"2019-02-20 06:45:43",14
"2019-02-20 07:45:40",14
"2019-02-20 08:45:44",14
"2019-02-20 09:45:43",14
"2019-02-20 10:45:40",14
"2019-02-20 11:45:43",14
"2019-02-20 12:45:43",14
"2019-02-20 13:45:43",14
"2019-02-20 14:45:46",14
"2019-02-20 15:45:47",14
"2019-02-20 16:45:45",14
"2019-02-20 17:45:44",14
"2019-02-20 18:45:45",14
"2019-02-20 19:45:47",14
"2019-02-20 20:45:48",14
"2019-02-20 21:45:46",13
"2019-02-20 22:45:47",13
"2019-02-20 23:45:42",13
"2019-02-21 00:45:44",13
"2019-02-21 01:45:45",13
"2019-02-21 02:45:48",13
"2019-02-21 03:45:46",13
"2019-02-21 04:45:44",13
"2019-02-21 05:45:44",13
"2019-02-21 06:45:42",13
"2019-02-21 07:45:42",13
"2019-02-21 08:45:39",13
"2019-02-21 09:45:41",13
"2019-02-21 10:45:41",13
"2019-02-21 11:45:42",13
"2019-02-21 12:45:40",13
"2019-02-21 13:45:40",13
"2019-02-21 14:45:43",13
"2019-02-21 15:45:47",13
"2019-02-21 17:09:42",13
"2019-02-21 17:45:40",13
"2019-02-21 18:45:40",13
"2019-02-21 19:45:41",13
"2019-02-21 20:45:45",13
"2019-02-21 21:45:39",13
"2019-02-21 22:45:41",13
"2019-02-21 23:45:41",13
"2019-02-22 00:45:41",13
"2019-02-22 01:45:45",13
"2019-02-22 02:45:43",13
"2019-02-22 03:45:44",13
"2019-02-22 04:45:42",13
"2019-02-22 05:45:41",13
"2019-02-22 06:45:41",13
"2019-02-22 07:45:45",13
"2019-02-22 08:45:45",13
"2019-02-22 09:45:43",13
"2019-02-22 10:45:41",13
"2019-02-22 11:45:42",13
"2019-02-22 12:45:41",13
"2019-02-22 13:45:39",13
"2019-02-22 14:45:44",13
"2019-02-22 15:45:44",13
"2019-02-22 16:45:43",13
"2019-02-22 17:45:41",13
"2019-02-22 18:45:44",13
"2019-02-22 19:45:41",13
"2019-02-22 20:45:40",13
"2019-02-22 21:45:45",13
"2019-02-22 22:45:41",13
"2019-02-22 23:45:45",13
"2019-02-23 00:45:39",13
"2019-02-23 01:45:44",13
"2019-02-23 02:45:47",13
"2019-02-23 03:45:48",13
"2019-02-23 04:45:45",13
"2019-02-23 05:45:43",13
"2019-02-23 06:45:40",13
"2019-02-23 07:45:41",13
"2019-02-23 08:45:41",13
"2019-02-23 09:45:40",13
"2019-02-23 10:45:41",13
"2019-02-23 11:45:42",13
"2019-02-23 12:45:40",13
"2019-02-23 13:45:40",13
"2019-02-23 14:45:42",13
"2019-02-23 15:45:42",13
"2019-02-23 16:45:40",13
"2019-02-23 17:45:41",13
"2019-02-23 18:45:43",13
"2019-02-23 19:45:42",13
"2019-02-23 20:45:42",13
"2019-02-23 21:45:43",13
"2019-02-23 22:45:40",13
"2019-02-23 23:45:42",13
"2019-02-24 00:45:42",13
"2019-02-24 01:45:42",13
"2019-02-24 02:45:42",13
"2019-02-24 03:45:43",13
"2019-02-24 04:45:42",13
"2019-02-24 05:45:43",13
"2019-02-24 06:45:41",13
"2019-02-24 07:45:41",13
"2019-02-24 08:45:41",13
"2019-02-24 09:45:40",13
"2019-02-24 10:45:39",13
"2019-02-24 11:45:40",13
"2019-02-24 12:45:40",13
"2019-02-24 13:45:40",13
"2019-02-24 14:45:39",13
"2019-02-24 15:45:41",13
"2019-02-24 16:45:41",13
"2019-02-24 17:45:44",13
"2019-02-24 18:45:42",13
"2019-02-24 19:45:43",13
"2019-02-24 20:45:40",13
"2019-02-24 21:45:40",13
"2019-02-24 22:45:42",13
"2019-02-24 23:45:41",13
"2019-02-25 00:45:43",13
"2019-02-25 01:45:41",13
"2019-02-25 02:45:41",13
"2019-02-25 03:45:43",13
"2019-02-25 04:45:41",13
"2019-02-25 05:45:40",13
"2019-02-25 06:45:39",13
"2019-02-25 07:45:41",13
"2019-02-25 08:45:41",13
"2019-02-25 09:45:41",13
"2019-02-25 10:45:39",13
"2019-02-25 11:45:42",13
"2019-02-25 12:45:40",13
"2019-02-25 14:10:45",13
"2019-02-25 14:45:42",13
"2019-02-25 15:45:44",13
"2019-02-25 16:45:42",13
"2019-02-25 17:45:43",13
"2019-02-25 18:45:46",13
"2019-02-25 19:45:41",13
"2019-02-25 20:45:43",13
"2019-02-25 21:45:43",13
"2019-02-25 22:45:41",13
"2019-02-25 23:45:43",13
"2019-02-26 00:45:43",13
"2019-02-26 01:45:42",13
"2019-02-26 02:45:45",13
"2019-02-26 03:45:47",13
"2019-02-26 04:45:46",13
"2019-02-26 05:45:41",13
"2019-02-26 06:45:46",13
"2019-02-26 07:45:45",13
"2019-02-26 08:45:43",13
"2019-02-26 09:45:42",13
"2019-02-26 10:45:38",13
"2019-02-26 11:45:42",13
"2019-02-26 12:45:39",13
"2019-02-26 13:45:41",13
"2019-02-26 14:45:43",13
"2019-02-26 15:45:47",13
"2019-02-26 16:45:44",13
"2019-02-26 17:45:43",13
"2019-02-26 18:45:40",13
"2019-02-26 19:45:48",14
"2019-02-26 20:45:44",14
"2019-02-26 21:45:42",13
"2019-02-26 22:45:47",13
"2019-02-26 23:45:45",13
"2019-02-27 00:45:48",13
"2019-02-27 01:45:48",13
"2019-02-27 03:46:17",13
"2019-02-27 04:45:47",13
"2019-02-27 05:45:45",13
"2019-02-27 06:45:47",13
"2019-02-27 07:45:45",13
"2019-02-27 08:45:43",13
"2019-02-27 09:45:40",13
"2019-02-27 10:45:41",13
"2019-02-27 11:45:45",13
"2019-02-27 12:45:47",13
"2019-02-27 13:45:43",13
"2019-02-27 14:45:47",13
"2019-02-27 15:45:50",13
"2019-02-27 16:45:42",13
"2019-02-27 17:45:43",13
"2019-02-27 18:45:48",13
"2019-02-27 19:45:46",13
"2019-02-27 20:45:43",13
"2019-02-27 21:45:45",13
"2019-02-27 22:45:46",13
"2019-02-27 23:45:43",13
"2019-02-28 01:45:42",13
"2019-02-28 02:45:46",13
"2019-02-28 04:45:45",13
"2019-02-28 05:45:43",13
"2019-02-28 06:45:39",13
"2019-02-28 07:45:41",13
"2019-02-28 08:45:42",13
"2019-02-28 09:45:41",13
"2019-02-28 10:45:43",13
"2019-02-28 11:45:43",13
"2019-02-28 12:45:42",13
"2019-02-28 13:45:44",13
"2019-02-28 15:09:51",14
"2019-02-28 15:45:39",14
"2019-02-28 16:45:46",14
"2019-02-28 17:45:46",14
"2019-02-28 18:45:50",14
"2019-02-28 19:45:47",14
"2019-02-28 20:45:43",14
"2019-02-28 21:45:43",14
"2019-02-28 22:45:45",14
"2019-02-28 23:45:43",14
"2019-03-01 00:45:43",14
"2019-03-01 01:45:45",14
"2019-03-01 02:45:47",14
"2019-03-01 03:45:51",14
"2019-03-01 04:45:46",14
"2019-03-01 05:45:47",14
"2019-03-01 06:45:44",14
"2019-03-01 07:45:46",14
"2019-03-01 08:45:44",14
"2019-03-01 09:45:41",14
"2019-03-01 10:45:43",14
"2019-03-01 11:45:42",14
"2019-03-01 12:45:40",14
"2019-03-01 13:45:51",14
"2019-03-01 14:45:49",14
"2019-03-01 15:45:46",14
"2019-03-01 16:45:45",14
"2019-03-01 17:45:45",14
"2019-03-01 18:45:47",14
"2019-03-01 19:45:47",14
"2019-03-01 20:45:50",14
"2019-03-01 21:45:50",14
"2019-03-01 22:45:50",14
"2019-03-01 23:45:50",14
"2019-03-02 07:45:46",14
"2019-03-02 08:45:45",14
"2019-03-02 09:45:41",14
"2019-03-02 10:45:41",14
"2019-03-02 11:45:45",14
"2019-03-02 15:45:51",14
"2019-03-02 16:45:46",14
"2019-03-02 17:45:44",14
"2019-03-04 02:45:48",14
"2019-03-04 07:45:47",14
"2019-03-04 10:45:43",14
"2019-03-04 11:45:42",14
"2019-03-04 12:45:38",14
"2019-03-04 13:45:37",14
"2019-03-04 14:45:47",14
"2019-03-04 15:45:42",14
"2019-03-04 16:45:45",14
"2019-03-04 17:45:45",14
"2019-03-04 18:45:43",14
"2019-03-04 19:45:48",14
"2019-03-04 20:45:46",14
"2019-03-04 21:45:44",14
"2019-03-04 22:45:46",14
"2019-03-04 23:45:45",14
"2019-03-05 00:45:47",14
"2019-03-05 01:45:44",14
"2019-03-05 02:45:49",14
"2019-03-05 03:45:49",14
"2019-03-05 04:45:46",14
"2019-03-05 05:45:44",14
"2019-03-05 06:45:42",14
"2019-03-05 07:45:43",14
"2019-03-05 08:45:42",14
"2019-03-05 09:45:44",14
"2019-03-05 10:45:41",14
"2019-03-05 11:45:38",14
"2019-03-05 12:45:42",14
"2019-03-05 14:10:55",14
"2019-03-05 14:45:44",14
"2019-03-05 15:45:49",14
"2019-03-05 16:45:48",14
"2019-03-05 17:45:47",14
"2019-03-05 18:45:46",14
"2019-03-05 19:45:46",14
"2019-03-05 20:45:46",14
"2019-03-05 21:45:46",14
"2019-03-05 22:45:48",14
"2019-03-05 23:45:48",14
"2019-03-06 00:45:48",14
"2019-03-06 01:45:47",14
"2019-03-06 02:45:46",14
"2019-03-06 03:45:49",14
"2019-03-06 04:45:51",14
"2019-03-06 05:45:47",14
"2019-03-06 06:45:50",14
"2019-03-06 07:45:45",14
"2019-03-06 08:45:42",14
"2019-03-06 09:45:43",14
"2019-03-06 10:45:47",14
"2019-03-06 11:46:50",14
"2019-03-06 12:46:13",14
"2019-03-06 14:10:52",14
"2019-03-06 14:46:26",14
"2019-03-06 15:46:19",14
"2019-03-06 16:45:41",14
"2019-03-06 17:45:51",14
"2019-03-06 18:45:48",14
"2019-03-06 19:45:46",14
"2019-03-06 20:45:46",14
"2019-03-06 21:45:45",14
"2019-03-06 22:45:45",14
"2019-03-06 23:45:45",14
"2019-03-07 00:45:45",14
"2019-03-07 01:45:48",14
"2019-03-07 02:45:49",14
"2019-03-07 04:45:57",14
"2019-03-07 05:45:49",14
"2019-03-07 06:45:44",14
"2019-03-07 07:45:45",14
"2019-03-07 08:45:47",14
"2019-03-07 09:45:45",14
"2019-03-07 10:45:43",14
"2019-03-07 11:45:44",14
"2019-03-07 12:45:44",14
"2019-03-07 13:45:45",14
"2019-03-07 14:45:48",14
"2019-03-07 15:45:42",14
"2019-03-07 16:45:46",14
"2019-03-07 17:45:50",14
"2019-03-07 18:45:47",14
"2019-03-07 20:10:19",14
"2019-03-07 20:45:45",14
"2019-03-07 21:45:48",14
"2019-03-07 22:45:51",14
"2019-03-07 23:45:42",14
"2019-03-08 00:45:46",14
"2019-03-08 01:45:47",14
"2019-03-08 02:45:45",14
"2019-03-08 04:45:44",14
"2019-03-08 05:45:44",14
"2019-03-08 06:45:44",14
"2019-03-08 07:45:44",14
"2019-03-08 08:45:43",14
"2019-03-08 09:45:43",14
"2019-03-08 10:45:42",14
"2019-03-08 11:45:42",14
"2019-03-08 12:45:43",14
"2019-03-08 14:10:50",14
"2019-03-08 14:45:41",14
"2019-03-08 15:45:49",14
"2019-03-08 16:45:42",14
"2019-03-08 17:45:42",14
"2019-03-08 18:45:47",14
"2019-03-08 19:45:46",14
"2019-03-08 20:45:40",14
"2019-03-08 21:45:50",14
"2019-03-08 22:45:41",14
"2019-03-08 23:45:48",14
"2019-03-09 00:45:53",14
"2019-03-09 01:45:47",14
"2019-03-09 02:45:44",14
"2019-03-09 03:45:47",14
"2019-03-09 04:45:46",14
"2019-03-09 05:45:44",14
"2019-03-09 06:45:42",14
"2019-03-09 07:45:43",14
"2019-03-09 08:45:41",14
"2019-03-09 09:45:38",14
"2019-03-09 10:45:41",14
"2019-03-09 11:45:39",14
"2019-03-09 12:45:41",14
"2019-03-09 13:45:39",14
"2019-03-09 14:45:43",14
"2019-03-09 15:45:45",14
"2019-03-09 16:45:43",14
"2019-03-09 17:45:43",14
"2019-03-09 18:45:43",14
"2019-03-09 19:45:43",14
"2019-03-09 20:45:42",14
"2019-03-09 21:45:40",14
"2019-03-09 22:45:43",14
"2019-03-09 23:45:42",14
"2019-03-10 00:45:43",14
"2019-03-10 01:45:44",14
"2019-03-10 02:45:46",14
"2019-03-10 03:45:43",14
"2019-03-10 04:45:41",14
"2019-03-10 05:45:42",14
"2019-03-10 06:45:43",14
"2019-03-10 07:45:40",14
"2019-03-10 08:45:38",14
"2019-03-10 09:45:41",14
"2019-03-10 10:45:39",14
"2019-03-10 11:45:40",14
"2019-03-10 12:45:41",14
"2019-03-10 13:45:39",14
"2019-03-10 14:45:40",14
"2019-03-10 15:45:47",14
"2019-03-10 16:45:43",14
"2019-03-10 17:45:47",14
"2019-03-10 18:45:49",14
"2019-03-10 19:45:43",14
"2019-03-10 20:45:42",14
"2019-03-10 21:45:41",14
"2019-03-10 22:45:40",14
"2019-03-10 23:45:42",14
"2019-03-11 00:45:43",14
"2019-03-11 01:45:45",14
"2019-03-11 02:45:43",14
"2019-03-11 03:45:42",14
"2019-03-11 04:45:43",14
"2019-03-11 05:45:43",14
"2019-03-11 06:45:41",14
"2019-03-11 07:45:42",14
"2019-03-11 08:45:38",14
"2019-03-11 09:45:42",14
"2019-03-11 10:45:42",14
"2019-03-11 11:45:40",14
"2019-03-11 12:45:45",14
"2019-03-11 13:45:44",14
"2019-03-11 14:45:45",14
"2019-03-11 15:45:42",14
"2019-03-11 16:45:43",14
"2019-03-11 17:45:42",14
"2019-03-11 18:45:43",14
"2019-03-11 19:45:42",14
"2019-03-11 20:45:42",14
"2019-03-11 21:45:45",14
"2019-03-11 22:45:42",14
"2019-03-11 23:45:46",14
"2019-03-12 00:45:48",14
"2019-03-12 01:45:43",14
"2019-03-12 02:45:43",14
"2019-03-12 03:45:46",14
"2019-03-12 04:45:43",14
"2019-03-12 05:45:45",14
"2019-03-12 06:45:45",14
"2019-03-12 07:45:41",14
"2019-03-12 08:45:41",14
"2019-03-12 09:45:40",14
"2019-03-12 10:45:44",14
"2019-03-12 11:45:41",14
"2019-03-12 12:45:44",14
"2019-03-12 13:45:44",14
"2019-03-12 14:45:42",14
"2019-03-12 15:45:43",14
"2019-03-12 16:45:43",14
"2019-03-12 17:45:41",14
"2019-03-12 18:45:43",14
"2019-03-12 19:45:41",14
"2019-03-12 20:45:43",15
"2019-03-12 21:45:41",15
"2019-03-12 22:45:45",15
"2019-03-12 23:45:47",15
"2019-03-13 00:45:45",15
"2019-03-13 01:45:45",15
"2019-03-13 02:45:43",15
"2019-03-13 03:45:46",15
"2019-03-13 04:45:46",15
"2019-03-13 05:45:44",15
"2019-03-13 06:45:42",15
"2019-03-13 07:45:45",15
"2019-03-13 08:45:42",15
"2019-03-13 09:45:42",15
"2019-03-13 10:45:40",15
"2019-03-13 11:45:39",15
"2019-03-13 13:09:43",15
"2019-03-13 13:45:42",15
"2019-03-13 14:45:42",15
"2019-03-13 15:45:42",15
"2019-03-13 16:45:45",15
"2019-03-13 17:45:45",15
"2019-03-13 18:45:39",15
"2019-03-13 19:45:44",15
"2019-03-13 20:45:42",14
"2019-03-13 21:45:43",14
"2019-03-13 22:45:41",14
"2019-03-13 23:45:43",14
"2019-03-14 00:45:41",14
"2019-03-14 01:45:44",14
"2019-03-14 02:45:45",14
"2019-03-14 03:45:41",14
"2019-03-14 04:45:43",14
"2019-03-14 05:45:40",14
"2019-03-14 06:45:43",14
"2019-03-14 07:45:42",14
"2019-03-14 08:45:39",14
"2019-03-14 09:45:39",14
"2019-03-14 10:45:45",14
"2019-03-14 11:45:42",14
"2019-03-14 13:10:17",14
"2019-03-14 13:45:41",14
"2019-03-14 14:45:44",14
"2019-03-14 15:45:44",14
"2019-03-14 16:45:43",14
"2019-03-14 17:45:44",14
"2019-03-14 18:45:41",14
"2019-03-14 19:45:50",14
"2019-03-14 20:45:44",14
"2019-03-14 21:45:45",14
"2019-03-14 22:45:48",14
"2019-03-14 23:45:48",14
"2019-03-15 00:45:44",14
"2019-03-15 01:45:45",14
"2019-03-15 02:45:45",14
"2019-03-15 03:45:45",14
"2019-03-15 04:45:43",14
"2019-03-15 05:45:41",14
"2019-03-15 06:45:39",14
"2019-03-15 07:45:42",14
"2019-03-15 08:45:45",14
"2019-03-15 09:45:45",14
"2019-03-15 10:45:47",14
"2019-03-15 11:45:45",14
"2019-03-15 12:45:44",14
"2019-03-15 13:45:47",14
"2019-03-15 14:45:44",14
"2019-03-15 15:45:50",14
"2019-03-15 16:45:48",14
"2019-03-15 17:45:48",14
"2019-03-15 18:45:45",14
"2019-03-15 19:45:45",14
"2019-03-15 20:45:45",14
"2019-03-15 21:45:43",14
"2019-03-15 22:45:43",14
"2019-03-15 23:45:47",14
"2019-03-16 00:45:45",14
"2019-03-16 01:45:43",14
"2019-03-16 02:45:46",14
"2019-03-16 03:45:47",14
"2019-03-16 04:45:48",14
"2019-03-16 05:45:47",14
"2019-03-16 06:45:45",14
"2019-03-16 07:45:45",14
"2019-03-16 08:45:47",14
"2019-03-16 09:45:43",14
"2019-03-16 10:45:42",14
"2019-03-16 11:45:44",14
"2019-03-16 12:45:44",14
"2019-03-16 13:45:46",14
"2019-03-16 14:45:42",14
"2019-03-16 15:45:45",14
"2019-03-16 16:45:44",14
"2019-03-16 17:45:43",14
"2019-03-16 18:45:43",14
"2019-03-16 19:45:42",14
"2019-03-16 20:45:46",14
"2019-03-16 21:45:48",14
"2019-03-16 22:45:46",14
"2019-03-16 23:45:43",14
"2019-03-17 00:45:46",14
"2019-03-17 01:45:45",14
"2019-03-17 02:45:50",14
"2019-03-17 03:45:47",14
"2019-03-17 04:45:46",14
"2019-03-17 05:45:47",14
"2019-03-17 06:45:44",14
"2019-03-17 07:45:43",14
"2019-03-17 08:45:41",14
"2019-03-17 09:45:45",14
"2019-03-17 10:45:41",14
"2019-03-17 11:45:42",14
"2019-03-17 12:45:41",14
"2019-03-17 13:45:41",14
"2019-03-17 14:45:42",14
"2019-03-17 15:45:41",14
"2019-03-17 16:45:40",14
"2019-03-17 17:45:41",14
"2019-03-17 18:45:42",14
"2019-03-17 19:45:43",14
"2019-03-17 20:45:41",14
"2019-03-17 21:45:40",14
"2019-03-17 22:45:41",14
"2019-03-17 23:45:42",14
"2019-03-18 00:45:43",14
"2019-03-18 01:45:41",14
"2019-03-18 02:45:43",14
"2019-03-18 03:45:43",14
"2019-03-18 04:45:44",14
"2019-03-18 05:45:41",14
"2019-03-18 06:45:42",14
"2019-03-18 07:45:43",14
"2019-03-18 08:45:42",14
"2019-03-18 09:45:42",14
"2019-03-18 10:45:42",14
"2019-03-18 11:45:40",14
"2019-03-18 12:45:45",14
"2019-03-18 13:45:47",14
"2019-03-18 14:45:46",14
"2019-03-18 15:45:51",14
"2019-03-18 16:45:44",14
"2019-03-18 17:45:49",14
"2019-03-18 18:45:49",15
"2019-03-18 19:45:48",15
"2019-03-18 20:45:46",15
"2019-03-18 21:45:47",15
"2019-03-18 22:45:50",15
"2019-03-18 23:45:48",15
"2019-03-19 00:45:53",15
"2019-03-19 01:45:50",15
"2019-03-19 02:45:49",15
"2019-03-19 03:45:46",15
"2019-03-19 04:45:45",15
"2019-03-19 05:45:43",15
"2019-03-19 06:45:52",15
"2019-03-19 07:45:46",15
"2019-03-19 08:45:43",15
"2019-03-19 09:45:45",15
"2019-03-19 10:45:47",15
"2019-03-19 11:45:45",15
"2019-03-19 12:45:47",15
"2019-03-19 13:45:46",15
"2019-03-19 14:45:46",15
"2019-03-19 15:45:49",15
"2019-03-19 16:45:45",15
"2019-03-19 17:45:53",15
"2019-03-19 18:45:48",15
"2019-03-19 19:45:53",15
"2019-03-19 20:45:50",15
"2019-03-19 21:45:57",15
"2019-03-19 22:45:53",15
"2019-03-19 23:45:49",15
"2019-03-20 00:45:55",15
"2019-03-20 01:45:52",15
"2019-03-20 02:45:53",15
"2019-03-20 03:45:55",15
"2019-03-20 04:45:51",15
"2019-03-20 05:45:49",15
"2019-03-20 06:45:56",15
"2019-03-20 07:45:56",15
"2019-03-20 08:45:52",15
"2019-03-20 09:45:49",15
"2019-03-20 10:45:50",15
"2019-03-20 11:45:51",15
"2019-03-20 13:09:57",15
"2019-03-20 13:45:50",15
"2019-03-20 14:45:51",15
"2019-03-20 15:45:54",15
"2019-03-20 16:45:48",15
"2019-03-20 17:45:49",15
"2019-03-20 18:45:48",15
"2019-03-20 19:45:47",15
"2019-03-20 20:45:44",15
"2019-03-20 21:45:43",15
"2019-03-20 22:45:45",15
"2019-03-20 23:45:44",15
"2019-03-21 00:45:46",15
"2019-03-21 01:45:43",15
"2019-03-21 02:45:47",15
"2019-03-21 03:45:48",15
"2019-03-21 04:45:45",15
"2019-03-21 05:45:49",15
"2019-03-21 06:45:42",15
"2019-03-21 07:45:43",15
"2019-03-21 08:45:40",15
"2019-03-21 09:45:42",15
"2019-03-21 10:45:45",15
"2019-03-21 11:45:44",15
"2019-03-21 13:10:45",15
"2019-03-21 13:45:42",15
"2019-03-21 14:45:44",15
"2019-03-21 15:45:44",15
"2019-03-21 16:45:41",15
"2019-03-21 17:45:42",15
"2019-03-21 18:45:46",15
"2019-03-21 19:45:43",15
"2019-03-21 20:45:37",15
"2019-03-21 21:45:39",15
"2019-03-21 22:45:38",15
"2019-03-21 23:45:40",15
"2019-03-22 00:45:40",15
"2019-03-22 01:45:40",15
"2019-03-22 02:45:49",15
"2019-03-22 03:45:40",15
"2019-03-22 04:45:39",15
"2019-03-22 05:45:39",15
"2019-03-22 06:45:36",15
"2019-03-22 07:45:37",15
"2019-03-22 08:45:50",15
"2019-03-22 09:45:40",15
"2019-03-22 10:45:38",15
"2019-03-22 11:45:37",15
"2019-03-22 12:45:49",15
"2019-03-22 13:45:39",15
"2019-03-22 14:45:39",15
"2019-03-22 15:45:41",15
"2019-03-22 16:45:41",15
"2019-03-22 17:45:45",15
"2019-03-22 18:45:41",15
"2019-03-22 19:45:39",15
"2019-03-22 20:45:41",15
"2019-03-22 21:45:39",15
"2019-03-22 22:45:40",15
"2019-03-22 23:45:39",15
"2019-03-23 00:45:41",15
"2019-03-23 01:45:49",15
"2019-03-23 02:45:41",15
"2019-03-23 03:45:40",15
"2019-03-23 04:45:39",15
"2019-03-23 05:45:39",15
"2019-03-23 06:45:38",15
"2019-03-23 07:45:46",15
"2019-03-23 08:45:38",15
"2019-03-23 09:45:40",15
"2019-03-23 10:45:38",15
"2019-03-23 11:45:39",15
"2019-03-23 12:45:39",15
"2019-03-23 13:45:43",15
"2019-03-23 14:45:40",15
"2019-03-23 15:45:41",15
"2019-03-23 16:45:39",15
"2019-03-23 17:45:39",15
"2019-03-23 18:45:40",15
"2019-03-23 19:45:46",15
"2019-03-23 20:45:41",15
"2019-03-23 21:45:41",15
"2019-03-23 22:45:39",15
"2019-03-23 23:45:40",15
"2019-03-24 00:45:41",15
"2019-03-24 01:45:42",15
"2019-03-24 02:45:41",15
"2019-03-24 03:45:43",15
"2019-03-24 04:45:49",15
"2019-03-24 05:45:42",15
"2019-03-24 06:45:42",15
"2019-03-24 07:45:41",15
"2019-03-24 08:45:40",15
"2019-03-24 09:45:48",15
"2019-03-24 10:45:43",15
"2019-03-24 11:45:37",15
"2019-03-24 12:45:38",15
"2019-03-24 13:45:44",15
"2019-03-24 14:45:39",15
"2019-03-24 15:45:40",15
"2019-03-24 16:45:39",15
"2019-03-24 17:45:39",15
"2019-03-24 18:45:41",15
"2019-03-24 19:45:40",15
"2019-03-24 20:45:42",15
"2019-03-24 21:45:49",15
"2019-03-24 22:45:43",15
"2019-03-24 23:45:42",15
"2019-03-25 00:45:41",15
"2019-03-25 01:45:42",15
"2019-03-25 02:45:43",15
"2019-03-25 03:45:53",15
"2019-03-25 04:45:41",15
"2019-03-25 05:45:41",15
"2019-03-25 06:45:40",15
"2019-03-25 07:45:41",15
"2019-03-25 08:45:42",15
"2019-03-25 09:45:39",15
"2019-03-25 10:45:41",15
"2019-03-25 11:45:52",15
"2019-03-25 13:09:47",15
"2019-03-25 13:45:49",15
"2019-03-25 14:45:42",15
"2019-03-25 15:45:42",15
"2019-03-25 16:45:42",16
"2019-03-25 17:45:44",16
"2019-03-25 18:45:44",16
"2019-03-25 19:45:49",16
"2019-03-25 20:45:42",16
"2019-03-25 21:45:41",16
"2019-03-25 22:45:57",16
"2019-03-25 23:45:54",16
"2019-03-26 00:45:45",16
"2019-03-26 01:45:44",16
"2019-03-26 02:45:47",16
"2019-03-26 03:45:44",16
"2019-03-26 04:45:42",16
"2019-03-26 05:45:44",16
"2019-03-26 06:45:40",16
"2019-03-26 07:45:41",16
"2019-03-26 08:45:39",16
"2019-03-26 09:45:40",16
"2019-03-26 10:45:46",16
"2019-03-26 11:45:41",16
"2019-03-26 12:45:45",16
"2019-03-26 13:45:52",16
"2019-03-26 14:45:39",16
"2019-03-26 15:45:52",16
"2019-03-26 16:45:48",16
"2019-03-26 17:45:43",16
"2019-03-26 18:45:48",16
"2019-03-26 19:45:54",16
"2019-03-26 20:45:45",16
"2019-03-26 21:45:43",16
"2019-03-26 22:45:43",16
"2019-03-26 23:45:43",16
"2019-03-27 00:45:51",16
"2019-03-27 01:45:43",16
"2019-03-27 02:45:41",16
"2019-03-27 03:45:52",16
"2019-03-27 04:45:46",16
"2019-03-27 05:45:43",16
"2019-03-27 06:45:51",16
"2019-03-27 07:45:40",16
"2019-03-27 08:45:41",16
"2019-03-27 09:45:41",16
"2019-03-27 10:45:48",16
"2019-03-27 11:45:40",16
"2019-03-27 13:10:27",16
"2019-03-27 13:45:43",16
"2019-03-27 14:45:51",16
"2019-03-27 15:45:42",16
"2019-03-27 16:45:44",16
"2019-03-27 17:45:56",16
"2019-03-27 18:45:41",16
"2019-03-27 19:45:39",16
"2019-03-27 20:45:45",16
"2019-03-27 21:45:43",16
"2019-03-27 22:45:57",16
"2019-03-27 23:45:47",16
"2019-03-28 00:45:45",16
"2019-03-28 01:45:43",16
"2019-03-28 02:45:56",16
"2019-03-28 03:45:45",16
"2019-03-28 04:45:49",16
"2019-03-28 05:45:42",16
"2019-03-28 06:45:39",16
"2019-03-28 07:45:40",16
"2019-03-28 08:45:38",16
"2019-03-28 09:45:40",16
"2019-03-28 10:45:40",16
"2019-03-28 11:45:38",16
"2019-03-28 13:10:17",16
"2019-03-28 13:45:49",16
"2019-03-28 14:45:42",16
"2019-03-28 15:45:45",16
"2019-03-28 16:45:47",16
"2019-03-28 17:45:44",16
"2019-03-28 18:45:44",16
"2019-03-28 19:45:43",16
"2019-03-28 20:45:47",16
"2019-03-28 21:45:44",16
"2019-03-28 22:45:43",16
"2019-03-28 23:45:44",16
"2019-03-29 00:45:42",16
"2019-03-29 01:46:02",16
"2019-03-29 02:45:51",16
"2019-03-29 03:45:56",16
"2019-03-29 04:45:47",16
"2019-03-29 05:45:41",16
"2019-03-29 06:45:38",16
"2019-03-29 07:45:40",16
"2019-03-29 08:45:48",16
"2019-03-29 09:45:41",16
"2019-03-29 10:45:43",16
"2019-03-29 11:45:46",16
"2019-03-29 13:10:45",16
"2019-03-29 13:45:45",16
"2019-03-29 14:45:46",16
"2019-03-29 15:45:45",16
"2019-03-29 16:45:38",16
"2019-03-29 17:45:49",16
"2019-03-29 18:46:05",16
"2019-03-29 19:45:48",16
"2019-03-29 20:45:48",15
"2019-03-29 21:45:46",15
"2019-03-29 22:45:54",15
"2019-03-29 23:46:02",15
"2019-03-30 00:45:54",15
"2019-03-30 01:45:51",15
"2019-03-30 02:45:55",15
"2019-03-30 03:45:53",15
"2019-03-30 04:45:54",15
"2019-03-30 05:45:47",15
"2019-03-30 06:45:46",15
"2019-03-30 07:45:47",15
"2019-03-30 08:46:12",15
"2019-03-30 09:45:48",15
"2019-03-30 10:45:49",15
"2019-03-30 11:45:47",15
"2019-03-30 12:45:57",15
"2019-03-30 13:45:40",15
"2019-03-30 14:45:40",15
"2019-03-30 15:45:40",15
"2019-03-30 16:45:40",15
"2019-03-30 17:45:50",15
"2019-03-30 18:45:39",15
"2019-03-30 19:45:41",15
"2019-03-30 20:45:40",15
"2019-03-30 21:45:41",15
"2019-03-30 22:45:49",15
"2019-03-30 23:45:40",15
"2019-03-31 00:45:42",15
"2019-03-31 01:45:45",15
"2019-03-31 02:45:51",15
"2019-03-31 03:45:44",15
"2019-03-31 04:45:40",15
"2019-03-31 05:45:40",15
"2019-03-31 06:45:50",15
"2019-03-31 07:45:42",15
"2019-03-31 08:45:39",15
"2019-03-31 09:45:39",15
"2019-03-31 10:45:45",15
"2019-03-31 11:45:41",15
"2019-03-31 12:45:41",15
"2019-03-31 13:45:46",15
"2019-03-31 14:45:40",15
"2019-03-31 15:45:41",15
"2019-03-31 16:45:44",15
"2019-03-31 17:45:55",15
"2019-03-31 18:45:41",15
"2019-03-31 19:45:41",15
"2019-03-31 20:45:41",15
"2019-03-31 21:45:42",15
"2019-03-31 22:45:40",15
"2019-03-31 23:45:46",15
"2019-04-01 00:45:52",15
"2019-04-01 01:45:46",15
"2019-04-01 02:45:51",15
"2019-04-01 03:46:04",15
"2019-04-01 04:45:43",15
"2019-04-01 05:45:43",15
"2019-04-01 06:45:44",15
"2019-04-01 07:45:49",15
"2019-04-01 08:45:43",15
"2019-04-01 09:45:44",15
"2019-04-01 10:45:50",15
"2019-04-01 11:45:50",15
"2019-04-01 13:45:59",15
"2019-04-01 14:45:52",15
"2019-04-01 15:46:03",15
"2019-04-01 16:45:56",15
"2019-04-01 17:45:48",15
"2019-04-01 18:45:43",15
"2019-04-01 19:46:00",15
"2019-04-01 20:45:45",15
"2019-04-01 21:45:41",15
"2019-04-01 22:45:48",15
"2019-04-01 23:45:47",15
"2019-04-02 00:45:54",15
"2019-04-02 01:46:14",15
"2019-04-02 02:45:47",15
"2019-04-02 03:45:56",15
"2019-04-02 04:45:46",15
"2019-04-02 05:45:42",15
"2019-04-02 06:45:42",15
"2019-04-02 07:45:49",15
"2019-04-02 08:45:43",15
"2019-04-02 09:45:51",15
"2019-04-02 10:45:42",15
"2019-04-02 11:45:41",15
"2019-04-02 13:10:26",15
"2019-04-02 13:45:46",15
"2019-04-02 14:45:42",15
"2019-04-02 15:45:56",15
"2019-04-02 16:45:45",15
"2019-04-02 17:45:54",15
"2019-04-02 18:45:48",15
"2019-04-02 19:45:50",15
"2019-04-02 20:45:56",15
"2019-04-02 21:45:47",15
"2019-04-02 22:45:46",15
"2019-04-02 23:45:47",15
"2019-04-03 00:46:08",15
"2019-04-03 01:45:48",15
"2019-04-03 02:45:47",15
"2019-04-03 03:45:50",15
"2019-04-03 04:45:51",15
"2019-04-03 05:45:49",15
"2019-04-03 06:45:54",15
"2019-04-03 07:45:45",15
"2019-04-03 08:45:46",15
"2019-04-03 09:46:04",15
"2019-04-03 10:45:58",15
"2019-04-03 11:45:50",15
"2019-04-03 13:10:27",15
"2019-04-03 13:45:48",15
"2019-04-03 14:45:55",15
"2019-04-03 15:45:57",15
"2019-04-03 16:45:44",15
"2019-04-03 17:45:43",15
"2019-04-03 18:45:44",15
"2019-04-03 19:45:47",15
"2019-04-03 20:45:47",15
"2019-04-03 21:45:43",15
"2019-04-03 22:45:41",15
"2019-04-03 23:45:51",15
"2019-04-04 00:45:41",15
"2019-04-04 01:45:44",15
"2019-04-04 02:45:44",15
"2019-04-04 03:45:51",15
"2019-04-04 04:45:40",15
"2019-04-04 05:45:40",15
"2019-04-04 06:45:39",15
"2019-04-04 07:45:43",15
"2019-04-04 08:45:49",15
"2019-04-04 09:45:41",15
"2019-04-04 10:45:42",15
"2019-04-04 11:45:50",15
"2019-04-04 12:45:43",15
"2019-04-04 13:45:43",15
"2019-04-04 14:45:54",15
"2019-04-04 15:45:46",15
"2019-04-04 16:45:55",15
"2019-04-04 17:45:41",15
"2019-04-04 18:45:50",15
"2019-04-04 19:45:43",15
"2019-04-04 20:45:42",15
"2019-04-04 21:45:47",15
"2019-04-04 22:45:58",15
"2019-04-04 23:45:43",15
"2019-04-05 00:45:44",15
"2019-04-05 01:45:42",15
"2019-04-05 02:45:41",15
"2019-04-05 03:46:00",15
"2019-04-05 04:45:44",15
"2019-04-05 05:45:42",15
"2019-04-05 06:45:41",15
"2019-04-05 07:45:43",15
"2019-04-05 08:45:57",15
"2019-04-05 09:45:43",15
"2019-04-05 10:45:53",15
"2019-04-05 11:45:43",15
"2019-04-05 13:09:53",15
"2019-04-05 13:45:48",15
"2019-04-05 14:45:47",15
"2019-04-05 15:45:54",15
"2019-04-05 16:45:42",15
"2019-04-05 17:45:43",15
"2019-04-05 18:45:46",15
"2019-04-05 19:45:44",15
"2019-04-05 20:45:44",15
"2019-04-05 21:45:51",15
"2019-04-05 22:45:44",15
"2019-04-05 23:45:48",15
"2019-04-06 00:45:47",15
"2019-04-06 01:46:02",15
"2019-04-06 02:45:50",15
"2019-04-06 03:45:50",15
"2019-04-06 04:45:56",15
"2019-04-06 05:45:46",15
"2019-04-06 06:45:46",15
"2019-04-06 07:45:48",15
"2019-04-06 08:45:59",15
"2019-04-06 09:45:45",15
"2019-04-06 10:45:45",15
"2019-04-06 11:45:48",15
"2019-04-06 12:45:46",15
"2019-04-06 13:45:43",15
"2019-04-06 14:45:42",15
"2019-04-06 15:45:53",15
"2019-04-06 16:45:43",15
"2019-04-06 17:45:43",15
"2019-04-06 18:45:44",15
"2019-04-06 19:45:43",15
"2019-04-06 20:45:40",15
"2019-04-06 21:45:56",15
"2019-04-06 22:45:44",15
"2019-04-06 23:45:44",15
"2019-04-07 00:45:43",15
"2019-04-07 01:45:41",15
"2019-04-07 02:45:47",15
"2019-04-07 03:45:54",15
"2019-04-07 04:45:46",15
"2019-04-07 05:45:46",15
"2019-04-07 06:45:48",15
"2019-04-07 07:45:57",15
"2019-04-07 08:45:47",15
"2019-04-07 09:45:51",15
"2019-04-07 10:45:43",15
"2019-04-07 11:45:52",15
"2019-04-07 12:45:48",15
"2019-04-07 13:45:54",15
"2019-04-07 14:45:44",15
"2019-04-07 15:45:49",15
"2019-04-07 16:45:52",15
"2019-04-07 17:45:44",15
"2019-04-07 18:45:45",15
"2019-04-07 19:45:44",15
"2019-04-07 20:45:53",15
"2019-04-07 21:45:42",15
"2019-04-07 22:45:43",15
"2019-04-07 23:45:42",15
"2019-04-08 00:45:57",15
"2019-04-08 01:45:49",15
"2019-04-08 02:45:45",15
"2019-04-08 03:45:45",15
"2019-04-08 04:45:40",15
"2019-04-08 05:45:54",15
"2019-04-08 06:45:41",15
"2019-04-08 07:45:40",15
"2019-04-08 08:45:41",15
"2019-04-08 09:45:44",15
"2019-04-08 10:45:43",15
"2019-04-08 11:45:58",15
"2019-04-08 12:45:43",15
"2019-04-08 13:45:54",15
"2019-04-08 14:45:41",15
"2019-04-08 15:45:48",15
"2019-04-08 16:46:03",15
"2019-04-08 17:45:45",15
"2019-04-08 18:45:45",15
"2019-04-08 19:45:46",15
"2019-04-08 20:45:45",15
"2019-04-08 21:45:48",15
"2019-04-08 22:45:46",15
"2019-04-08 23:45:44",15
"2019-04-09 00:45:54",15
"2019-04-09 01:45:47",15
"2019-04-09 02:45:49",15
"2019-04-09 03:45:47",15
"2019-04-09 04:45:46",15
"2019-04-09 05:45:52",15
"2019-04-09 06:45:45",15
"2019-04-09 07:45:44",15
"2019-04-09 08:45:48",15
"2019-04-09 09:46:02",15
"2019-04-09 10:45:44",15
"2019-04-09 11:45:47",15
"2019-04-09 13:11:07",15
"2019-04-09 13:45:45",15
"2019-04-09 14:45:45",15
"2019-04-09 15:46:03",15
"2019-04-09 16:45:48",15
"2019-04-09 17:45:46",15
"2019-04-09 18:45:47",15
"2019-04-09 19:45:47",15
"2019-04-09 20:45:47",15
"2019-04-09 21:45:47",15
"2019-04-09 22:45:46",15
"2019-04-09 23:45:57",15
"2019-04-10 00:45:47",15
"2019-04-10 01:45:50",15
"2019-04-10 02:45:50",15
"2019-04-10 03:45:53",15
"2019-04-10 04:45:57",15
"2019-04-10 05:45:46",15
"2019-04-10 06:45:45",15
"2019-04-10 07:45:46",15
"2019-04-10 08:45:57",15
"2019-04-10 09:45:48",15
"2019-04-10 10:45:47",15
"2019-04-10 11:45:52",15
"2019-04-10 12:45:59",15
"2019-04-10 13:46:02",15
"2019-04-10 14:45:48",15
"2019-04-10 15:45:51",15
"2019-04-10 16:45:49",15
"2019-04-10 17:45:59",15
"2019-04-10 18:45:53",15
"2019-04-10 19:45:50",15
"2019-04-10 20:45:46",15
"2019-04-10 21:45:43",15
"2019-04-10 22:45:44",15
"2019-04-10 23:45:58",15
"2019-04-11 00:45:46",15
"2019-04-11 01:45:43",15
"2019-04-11 02:45:48",15
"2019-04-11 03:45:51",15
"2019-04-11 04:45:50",15
"2019-04-11 05:45:47",15
"2019-04-11 06:45:44",15
"2019-04-11 18:45:55",15
"2019-04-11 19:46:08",15
"2019-04-11 20:45:47",15
"2019-04-11 21:45:47",15
"2019-04-11 22:45:46",15
"2019-04-11 23:45:47",15
"2019-04-12 00:45:46",15
"2019-04-12 01:45:49",15
"2019-04-12 02:45:57",15
"2019-04-12 03:45:49",15
"2019-04-12 04:45:47",15
"2019-04-12 05:45:47",15
"2019-04-12 06:45:45",15
"2019-04-12 07:45:45",15
"2019-04-12 08:45:47",15
"2019-04-12 09:45:53",15
"2019-04-12 10:45:45",15
"2019-04-12 11:45:45",15
"2019-04-12 13:09:31",15
"2019-04-12 13:45:49",15
"2019-04-12 14:45:45",15
"2019-04-12 15:45:54",15
"2019-04-12 16:45:51",16
"2019-04-12 17:45:47",16
"2019-04-12 18:45:46",16
"2019-04-12 19:45:46",16
"2019-04-12 20:45:46",16
"2019-04-12 21:45:45",16
"2019-04-12 22:45:59",16
"2019-04-12 23:45:45",16
"2019-04-13 00:45:48",16
"2019-04-13 01:45:47",16
"2019-04-13 02:45:49",16
"2019-04-13 03:46:05",16
"2019-04-13 04:45:50",16
"2019-04-13 05:45:46",16
"2019-04-13 06:45:48",16
"2019-04-13 07:45:43",16
"2019-04-13 08:45:47",16
"2019-04-13 09:45:52",16
"2019-04-13 10:45:43",16
"2019-04-13 11:45:48",16
"2019-04-13 12:45:46",16
"2019-04-13 13:45:48",16
"2019-04-13 14:45:51",16
"2019-04-13 15:45:50",16
"2019-04-13 16:45:49",16
"2019-04-13 17:45:44",16
"2019-04-13 18:45:47",16
"2019-04-13 19:45:48",16
"2019-04-13 20:45:46",16
"2019-04-13 21:45:53",16
"2019-04-13 22:45:46",16
"2019-04-13 23:45:44",16
"2019-04-14 00:45:47",16
"2019-04-14 01:45:50",16
"2019-04-14 02:45:46",16
"2019-04-14 03:45:47",16
"2019-04-14 04:45:57",16
"2019-04-14 05:45:46",16
"2019-04-14 06:45:47",16
"2019-04-14 07:45:50",16
"2019-04-14 08:45:45",16
"2019-04-14 09:45:48",16
"2019-04-14 10:45:43",16
"2019-04-14 11:45:51",16
"2019-04-14 12:45:43",16
"2019-04-14 13:45:49",16
"2019-04-14 14:45:56",16
"2019-04-14 15:45:50",16
"2019-04-14 16:45:52",16
"2019-04-14 17:45:48",16
"2019-04-14 18:46:18",16
"2019-04-14 19:45:50",16
"2019-04-14 20:45:53",16
"2019-04-14 21:46:00",16
"2019-04-14 22:45:47",16
"2019-04-14 23:45:49",16
"2019-04-15 00:45:47",16
"2019-04-15 01:45:46",16
"2019-04-15 02:45:48",16
"2019-04-15 03:46:02",16
"2019-04-15 04:45:48",16
"2019-04-15 05:45:48",16
"2019-04-15 06:45:43",16
"2019-04-15 07:45:46",16
"2019-04-15 08:45:52",16
"2019-04-15 09:45:43",16
"2019-04-15 10:45:43",16
"2019-04-15 11:45:45",16
"2019-04-15 13:11:29",16
"2019-04-15 13:45:45",16
"2019-04-15 14:45:49",17
"2019-04-15 15:45:57",17
"2019-04-15 16:45:47",17
"2019-04-15 17:45:54",17
"2019-04-15 18:45:53",17
"2019-04-15 19:46:14",17
"2019-04-15 20:45:46",17
"2019-04-15 21:45:48",17
"2019-04-15 22:45:49",17
"2019-04-15 23:45:54",17
"2019-04-16 00:45:50",17
"2019-04-16 01:45:47",17
"2019-04-16 02:45:50",17
"2019-04-16 03:45:55",17
"2019-04-16 04:45:48",17
"2019-04-16 05:45:46",17
"2019-04-16 06:45:47",17
"2019-04-16 07:45:44",17
"2019-04-16 08:46:01",17
"2019-04-16 09:45:45",17
"2019-04-16 10:45:55",17
"2019-04-16 11:45:44",17
"2019-04-16 13:09:48",17
"2019-04-16 13:45:47",17
"2019-04-16 14:45:53",17
"2019-04-16 15:45:45",17
"2019-04-16 16:45:45",17
"2019-04-16 17:45:43",17
"2019-04-16 18:45:56",17
"2019-04-16 19:45:46",17
"2019-04-16 20:45:47",17
"2019-04-16 21:45:43",17
"2019-04-16 22:45:43",17
"2019-04-16 23:45:44",17
"2019-04-17 00:45:45",17
"2019-04-17 01:45:48",17
"2019-04-17 02:45:55",17
"2019-04-17 03:45:45",17
"2019-04-17 04:45:46",17
"2019-04-17 05:45:46",17
"2019-04-17 06:46:03",17
"2019-04-17 07:45:47",17
"2019-04-17 08:45:44",17
"2019-04-17 09:45:54",17
"2019-04-17 10:45:44",17
"2019-04-17 11:45:46",17
"2019-04-17 13:10:55",17
"2019-04-17 13:45:48",17
"2019-04-17 14:45:46",17
"2019-04-17 15:46:23",17
"2019-04-17 16:45:47",17
"2019-04-17 17:45:54",17
"2019-04-17 18:45:46",17
"2019-04-17 19:45:45",17
"2019-04-17 20:45:46",17
"2019-04-17 21:45:44",17
"2019-04-17 22:45:47",17
"2019-04-18 00:45:47",17
"2019-04-18 01:45:47",17
"2019-04-18 02:45:44",17
"2019-04-18 03:45:58",17
"2019-04-18 04:45:48",17
"2019-04-18 05:45:54",17
"2019-04-18 06:45:45",17
"2019-04-18 07:45:44",17
"2019-04-18 08:45:54",17
"2019-04-18 09:45:44",17
"2019-04-18 10:45:46",17
"2019-04-18 11:45:50",17
"2019-04-18 13:10:48",17
"2019-04-18 13:45:47",17
"2019-04-18 14:45:54",16
"2019-04-18 15:45:46",16
"2019-04-18 16:45:50",16
"2019-04-18 17:45:54",16
"2019-04-18 18:45:46",16
"2019-04-18 19:45:43",16
"2019-04-18 20:45:45",16
"2019-04-18 21:45:47",16
"2019-04-18 22:45:47",16
"2019-04-18 23:45:52",16
"2019-04-19 00:47:50",16
"2019-04-19 02:45:45",16
"2019-04-19 03:45:58",16
"2019-04-19 04:45:44",16
"2019-04-19 05:45:43",16
"2019-04-19 06:45:46",16
"2019-04-19 07:45:53",16
"2019-04-19 08:45:48",16
"2019-04-19 09:45:44",16
"2019-04-19 10:45:47",16
"2019-04-19 11:45:42",16
"2019-04-19 12:45:45",16
"2019-04-19 13:45:48",16
"2019-04-19 14:45:51",16
"2019-04-19 15:45:43",16
"2019-04-19 16:45:48",16
"2019-04-19 17:45:56",16
"2019-04-19 18:45:45",16
"2019-04-19 19:45:44",16
"2019-04-19 20:45:44",16
"2019-04-19 21:45:44",16
"2019-04-19 22:45:44",16
"2019-04-19 23:45:47",16
"2019-04-20 00:45:54",16
"2019-04-20 01:45:48",16
"2019-04-20 02:45:47",16
"2019-04-20 03:45:44",16
"2019-04-20 04:45:53",16
"2019-04-20 05:45:45",16
"2019-04-20 06:45:44",16
"2019-04-20 07:45:49",16
"2019-04-20 08:45:45",16
"2019-04-20 09:45:52",16
"2019-04-20 10:45:45",16
"2019-04-20 11:45:42",16
"2019-04-20 12:45:59",16
"2019-04-20 13:47:06",16
"2019-04-20 14:45:44",16
"2019-04-20 15:45:42",16
"2019-04-20 16:45:50",16
"2019-04-20 17:45:49",16
"2019-04-20 18:45:43",16
"2019-04-20 19:45:44",16
"2019-04-20 20:45:44",16
"2019-04-20 21:45:43",16
"2019-04-20 22:45:45",16
"2019-04-20 23:45:55",16
"2019-04-21 00:45:43",16
"2019-04-21 01:45:44",16
"2019-04-21 02:45:47",16
"2019-04-21 03:45:46",16
"2019-04-21 04:45:50",16
"2019-04-21 05:45:44",16
"2019-04-21 06:45:42",16
"2019-04-21 07:45:52",16
"2019-04-21 08:45:42",16
"2019-04-21 09:45:43",16
"2019-04-21 10:45:45",16
"2019-04-21 11:45:47",16
"2019-04-21 12:45:44",16
"2019-04-21 13:45:43",16
"2019-04-21 14:45:54",16
"2019-04-21 15:45:44",16
"2019-04-21 16:45:45",16
"2019-04-21 17:45:45",16
"2019-04-21 18:45:42",16
"2019-04-21 19:45:53",16
"2019-04-21 20:45:42",16
"2019-04-21 21:45:44",16
"2019-04-21 22:45:42",16
"2019-04-21 23:45:43",16
"2019-04-22 00:45:43",16
"2019-04-22 01:45:51",16
"2019-04-22 02:45:55",16
"2019-04-22 03:45:45",16
"2019-04-22 04:45:41",16
"2019-04-22 05:45:44",16
"2019-04-22 06:45:49",16
"2019-04-22 07:45:46",16
"2019-04-22 08:45:43",16
"2019-04-22 09:45:42",16
"2019-04-22 10:45:50",16
"2019-04-22 11:45:48",16
"2019-04-22 13:11:21",16
"2019-04-22 13:45:51",16
"2019-04-22 14:45:52",16
"2019-04-22 15:45:46",16
"2019-04-22 16:45:46",16
"2019-04-22 17:45:48",16
"2019-04-22 18:45:53",16
"2019-04-22 19:45:50",16
"2019-04-22 20:45:45",16
"2019-04-22 21:45:46",16
"2019-04-22 22:45:46",16
"2019-04-22 23:45:52",16
"2019-04-23 00:45:50",16
"2019-04-23 01:45:46",16
"2019-04-23 02:45:46",16
"2019-04-23 03:45:50",16
"2019-04-23 04:45:53",16
"2019-04-23 05:45:47",16
"2019-04-23 06:46:24",16
"2019-04-23 07:45:46",16
"2019-04-23 08:45:42",16
"2019-04-23 09:45:46",16
"2019-04-23 10:45:50",16
"2019-04-23 11:45:50",16
"2019-04-23 13:11:52",16
"2019-04-23 13:45:46",16
"2019-04-23 14:45:45",16
"2019-04-23 15:45:52",16
"2019-04-23 16:45:47",16
"2019-04-23 17:45:47",16
"2019-04-23 18:45:45",16
"2019-04-23 19:45:49",16
"2019-04-23 20:45:58",16
"2019-04-23 21:45:48",16
"2019-04-23 22:45:45",16
"2019-04-23 23:45:47",16
"2019-04-24 00:45:44",16
"2019-04-24 01:45:47",16
"2019-04-24 02:45:55",16
"2019-04-24 03:45:48",16
"2019-04-24 04:45:46",16
"2019-04-24 05:45:43",16
"2019-04-24 06:45:49",16
"2019-04-24 07:45:55",16
"2019-04-24 08:45:46",16
"2019-04-24 09:45:46",16
"2019-04-24 10:45:53",16
"2019-04-24 11:45:53",16
"2019-04-24 12:45:45",16
"2019-04-24 13:46:06",16
"2019-04-24 14:45:52",16
"2019-04-24 15:45:52",16
"2019-04-24 16:45:51",16
"2019-04-24 17:45:51",16
"2019-04-24 18:46:06",16
"2019-04-24 19:45:49",16
"2019-04-24 20:45:50",16
"2019-04-24 21:45:49",16
"2019-04-24 22:45:47",16
"2019-04-24 23:46:00",16
"2019-04-25 00:45:51",16
"2019-04-25 01:45:48",16
"2019-04-25 02:45:48",16
"2019-04-25 03:45:59",16
"2019-04-25 04:45:46",16
"2019-04-25 05:45:47",16
"2019-04-25 06:45:53",16
"2019-04-25 07:45:47",16
"2019-04-25 08:45:51",16
"2019-04-25 09:45:45",16
"2019-04-25 10:45:51",16
"2019-04-25 11:45:50",16
"2019-04-25 13:10:24",16
"2019-04-25 13:45:47",16
"2019-04-25 14:45:55",16
"2019-04-25 15:45:46",16
"2019-04-25 16:45:53",16
"2019-04-25 17:45:43",16
"2019-04-25 18:45:44",16
"2019-04-25 19:45:51",16
"2019-04-25 20:45:44",16
"2019-04-25 21:45:54",16
"2019-04-25 22:45:44",16
"2019-04-25 23:45:43",16
"2019-04-26 00:45:47",16
"2019-04-26 01:45:56",16
"2019-04-26 02:45:46",16
"2019-04-26 03:45:47",16
"2019-04-26 04:45:49",16
"2019-04-26 05:45:52",16
"2019-04-26 06:45:49",16
"2019-04-26 07:45:45",16
"2019-04-26 08:45:54",16
"2019-04-26 09:45:43",16
"2019-04-26 10:45:57",16
"2019-04-26 11:45:45",16
"2019-04-26 12:45:45",16
"2019-04-26 13:45:52",16
"2019-04-26 14:45:44",16
"2019-04-26 15:45:52",16
"2019-04-26 16:45:43",16
"2019-04-26 17:46:00",16
"2019-04-26 18:45:45",16
"2019-04-26 19:45:44",16
"2019-04-26 20:45:51",16
"2019-04-26 21:45:43",16
"2019-04-26 22:45:43",16
"2019-04-26 23:45:45",16
"2019-04-27 00:45:46",16
"2019-04-27 01:45:51",16
"2019-04-27 02:45:44",16
"2019-04-27 03:45:43",16
"2019-04-27 04:45:41",16
"2019-04-27 05:45:45",16
"2019-04-27 06:45:50",16
"2019-04-27 07:45:41",16
"2019-04-27 08:45:42",16
"2019-04-27 09:45:48",16
"2019-04-27 10:45:45",16
"2019-04-27 11:45:40",16
"2019-04-27 12:45:42",16
"2019-04-27 13:45:48",16
"2019-04-27 14:45:42",16
"2019-04-27 15:45:41",16
"2019-04-27 16:45:44",16
"2019-04-27 17:45:53",16
"2019-04-27 18:45:44",16
"2019-04-27 19:45:40",16
"2019-04-27 20:45:44",16
"2019-04-27 21:45:46",16
"2019-04-27 22:45:42",16
"2019-04-27 23:45:42",16
"2019-04-28 00:45:42",16
"2019-04-28 01:45:45",16
"2019-04-28 02:45:43",16
"2019-04-28 03:45:42",16
"2019-04-28 04:45:52",16
"2019-04-28 05:45:43",16
"2019-04-28 06:45:42",16
"2019-04-28 07:45:40",16
"2019-04-28 08:45:47",16
"2019-04-28 09:45:42",16
"2019-04-28 10:45:47",16
"2019-04-28 11:45:45",16
"2019-04-28 12:45:41",16
"2019-04-28 13:45:42",16
"2019-04-28 14:45:49",16
"2019-04-28 15:45:43",16
"2019-04-28 16:45:41",16
"2019-04-28 17:45:44",16
"2019-04-28 18:45:44",16
"2019-04-28 20:45:42",16
"2019-04-28 21:45:44",16
"2019-04-28 22:45:42",16
"2019-04-28 23:45:45",16
"2019-04-29 00:45:50",16
"2019-04-29 01:45:40",16
"2019-04-29 02:45:41",16
"2019-04-29 03:45:44",16
"2019-04-29 04:45:49",16
"2019-04-29 05:45:42",16
"2019-04-29 06:45:42",16
"2019-04-29 07:45:44",16
"2019-04-29 08:45:48",16
"2019-04-29 09:45:47",16
"2019-04-29 10:45:41",16
"2019-04-29 11:45:42",16
"2019-04-29 12:45:51",16
"2019-04-29 13:45:42",16
"2019-04-29 14:45:50",16
"2019-04-29 15:45:42",16
"2019-04-29 16:45:46",16
"2019-04-29 17:45:45",16
"2019-04-29 18:45:45",16
"2019-04-29 19:45:48",16
"2019-04-29 20:45:56",16
"2019-04-29 21:45:43",16
"2019-04-29 22:45:41",16
"2019-04-29 23:45:46",16
"2019-04-30 00:45:43",16
"2019-04-30 01:45:49",16
"2019-04-30 02:45:51",16
"2019-04-30 03:45:52",16
"2019-04-30 04:45:46",16
"2019-04-30 05:45:48",16
"2019-04-30 06:45:46",16
"2019-04-30 07:45:45",16
"2019-04-30 08:45:48",16
"2019-04-30 09:45:53",16
"2019-04-30 10:45:49",16
"2019-04-30 11:45:45",16
"2019-04-30 13:09:49",16
"2019-04-30 13:45:49",16
"2019-04-30 14:45:50",16
"2019-04-30 15:45:49",16
"2019-04-30 16:45:50",16
"2019-04-30 17:45:56",16
"2019-04-30 18:45:46",16
"2019-04-30 19:45:51",16
"2019-04-30 20:45:45",16
"2019-04-30 21:45:46",16
"2019-04-30 22:45:42",16
"2019-04-30 23:45:51",16
"2019-05-01 00:45:42",16
"2019-05-01 01:45:55",16
"2019-05-01 02:45:47",16
"2019-05-01 03:45:57",16
"2019-05-01 04:45:54",16
"2019-05-01 05:45:50",16
"2019-05-01 06:45:43",16
"2019-05-01 07:45:50",16
"2019-05-01 08:45:49",16
"2019-05-01 09:45:49",16
"2019-05-01 10:45:43",16
"2019-05-01 11:45:48",16
"2019-05-01 13:09:48",16
"2019-05-01 13:45:50",16
"2019-05-01 14:45:40",16
"2019-05-01 15:45:51",16
"2019-05-01 16:45:47",16
"2019-05-01 17:45:42",16
"2019-05-01 18:45:50",16
"2019-05-01 19:45:56",16
"2019-05-01 20:45:53",16
"2019-05-01 21:45:48",16
"2019-05-01 22:45:52",16
"2019-05-01 23:45:52",16
"2019-05-02 00:45:55",16
"2019-05-02 01:45:48",16
"2019-05-02 02:45:56",16
"2019-05-02 03:45:49",16
"2019-05-02 04:45:57",16
"2019-05-02 05:45:58",16
"2019-05-02 06:45:56",16
"2019-05-02 07:45:52",16
"2019-05-02 08:45:52",16
"2019-05-02 09:45:47",16
"2019-05-02 10:45:54",16
"2019-05-02 11:45:47",16
"2019-05-02 13:46:00",16
"2019-05-02 14:45:48",17
"2019-05-02 15:45:48",17
"2019-05-02 16:45:56",17
"2019-05-02 17:45:49",17
"2019-05-02 18:45:49",17
"2019-05-02 19:45:58",17
"2019-05-02 20:45:50",17
"2019-05-02 21:45:54",17
"2019-05-02 22:46:01",17
"2019-05-02 23:45:46",17
"2019-05-03 00:45:49",17
"2019-05-03 01:46:02",17
"2019-05-03 02:45:50",17
"2019-05-03 03:45:59",17
"2019-05-03 04:45:49",17
"2019-05-03 05:46:10",17
"2019-05-03 06:45:53",17
"2019-05-03 07:45:55",17
"2019-05-03 08:45:55",17
"2019-05-03 09:45:53",17
"2019-05-03 10:45:59",17
"2019-05-03 11:45:52",17
"2019-05-03 13:09:03",17
"2019-05-03 13:46:08",17
"2019-05-03 14:45:59",16
"2019-05-03 15:45:56",16
"2019-05-03 16:45:54",16
"2019-05-03 17:45:57",16
"2019-05-03 18:46:08",16
"2019-05-03 19:46:02",16
"2019-05-03 20:45:49",16
"2019-05-03 21:46:03",16
"2019-05-03 22:45:50",16
"2019-05-03 23:45:59",16
"2019-05-04 00:45:54",16
"2019-05-04 01:45:57",16
"2019-05-04 02:46:02",16
"2019-05-04 03:46:05",16
"2019-05-04 04:45:57",16
"2019-05-04 05:45:55",16
"2019-05-04 06:45:57",16
"2019-05-04 07:45:57",16
"2019-05-04 08:45:48",16
"2019-05-04 09:45:52",16
"2019-05-04 10:45:47",16
"2019-05-04 11:45:54",16
"2019-05-04 12:45:58",16
"2019-05-04 13:45:58",16
"2019-05-04 14:45:49",16
"2019-05-04 15:45:51",16
"2019-05-04 16:45:54",16
"2019-05-04 17:45:49",16
"2019-05-04 18:45:50",16
"2019-05-04 19:45:53",16
"2019-05-04 20:45:47",16
"2019-05-04 21:45:50",16
"2019-05-04 22:45:52",16
"2019-05-04 23:45:56",16
"2019-05-05 00:45:51",16
"2019-05-05 01:45:57",16
"2019-05-05 02:45:50",16
"2019-05-05 03:45:55",16
"2019-05-05 04:45:56",16
"2019-05-05 05:45:57",16
"2019-05-05 06:45:57",16
"2019-05-05 07:45:51",16
"2019-05-05 08:45:46",16
"2019-05-05 09:45:46",16
"2019-05-05 10:45:49",16
"2019-05-05 11:45:52",16
"2019-05-05 12:45:50",16
"2019-05-05 13:45:51",16
"2019-05-05 14:45:52",16
"2019-05-05 15:45:50",16
"2019-05-05 16:45:48",16
"2019-05-05 17:45:58",16
"2019-05-05 18:45:50",16
"2019-05-05 19:45:47",16
"2019-05-05 20:45:49",16
"2019-05-05 21:45:50",16
"2019-05-05 22:45:52",16
"2019-05-05 23:45:53",16
"2019-05-06 00:45:48",16
"2019-05-06 01:45:48",16
"2019-05-06 02:45:48",16
"2019-05-06 03:45:54",16
"2019-05-06 04:45:46",16
"2019-05-06 05:45:45",16
"2019-05-06 06:45:46",16
"2019-05-06 07:45:52",16
"2019-05-06 08:45:47",16
"2019-05-06 09:45:44",16
"2019-05-06 10:45:51",16
"2019-05-06 11:45:51",16
"2019-05-06 13:11:08",16
"2019-05-06 13:46:11",16
"2019-05-06 14:46:10",16
"2019-05-06 15:45:48",16
"2019-05-06 16:45:52",16
"2019-05-06 17:37:43",16
"2019-05-06 17:45:48",16
"2019-05-06 18:45:51",16
"2019-05-06 19:45:53",16
"2019-05-06 20:45:46",16
"2019-05-06 21:45:45",16
"2019-05-06 22:45:49",16
"2019-05-06 23:45:44",16
"2019-05-07 00:45:46",16
"2019-05-07 01:45:59",16
"2019-05-07 02:45:47",16
"2019-05-07 03:45:50",16
"2019-05-07 04:45:49",16
"2019-05-07 05:45:46",16
"2019-05-07 06:45:44",16
"2019-05-07 07:45:46",16
"2019-05-07 08:45:42",16
"2019-05-07 09:45:48",16
"2019-05-07 10:45:45",16
"2019-05-07 11:45:42",16
"2019-05-07 12:45:52",16
"2019-05-07 13:45:51",16
"2019-05-07 14:45:44",16
"2019-05-07 15:45:43",16
"2019-05-07 16:45:52",16
"2019-05-07 17:45:50",16
"2019-05-07 18:45:49",16
"2019-05-07 19:45:52",16
"2019-05-07 20:45:47",16
"2019-05-07 21:45:45",16
"2019-05-07 22:45:45",16
"2019-05-07 23:45:51",16
"2019-05-08 00:45:45",16
"2019-05-08 01:45:46",16
"2019-05-08 02:45:47",16
"2019-05-08 03:45:53",16
"2019-05-08 04:45:46",16
"2019-05-08 05:45:47",16
"2019-05-08 06:45:46",16
"2019-05-08 07:45:45",16
"2019-05-08 08:45:43",16
"2019-05-08 09:45:54",16
"2019-05-08 10:45:44",16
"2019-05-08 11:45:48",16
"2019-05-08 13:09:52",16
"2019-05-08 13:45:49",16
"2019-05-08 14:45:53",16
"2019-05-08 15:45:52",16
"2019-05-08 16:45:49",16
"2019-05-08 17:45:51",16
"2019-05-08 18:45:58",16
"2019-05-08 19:45:48",16
"2019-05-08 20:45:45",16
"2019-05-08 21:45:48",16
"2019-05-08 22:45:47",16
"2019-05-08 23:46:00",16
"2019-05-09 00:45:47",16
"2019-05-09 01:45:49",16
"2019-05-09 02:45:52",16
"2019-05-09 03:45:58",16
"2019-05-09 04:45:58",16
"2019-05-09 05:45:49",16
"2019-05-09 06:45:54",16
"2019-05-09 07:45:52",16
"2019-05-09 08:45:51",16
"2019-05-09 09:45:58",16
"2019-05-09 10:45:49",16
"2019-05-09 11:45:53",16
"2019-05-09 13:09:22",16
"2019-05-09 13:45:49",16
"2019-05-09 14:45:52",16
"2019-05-09 15:45:53",16
"2019-05-09 16:45:50",16
"2019-05-09 17:45:58",16
"2019-05-09 18:45:49",16
"2019-05-09 19:45:50",16
"2019-05-09 20:45:49",16
"2019-05-09 21:45:46",16
"2019-05-09 22:45:58",16
"2019-05-09 23:45:46",16
"2019-05-10 00:45:49",16
"2019-05-10 01:45:52",16
"2019-05-10 02:46:04",16
"2019-05-10 03:45:47",16
"2019-05-10 04:45:59",16
"2019-05-10 05:45:47",16
"2019-05-10 06:46:20",16
"2019-05-10 07:45:46",16
"2019-05-10 08:45:53",16
"2019-05-10 09:45:47",16
"2019-05-10 10:45:50",16
"2019-05-10 11:45:47",16
"2019-05-10 12:45:58",16
"2019-05-10 13:45:48",16
"2019-05-10 14:45:53",16
"2019-05-10 15:45:47",16
"2019-05-10 16:45:48",16
"2019-05-10 17:45:48",16
"2019-05-10 18:45:56",16
"2019-05-10 19:45:48",16
"2019-05-10 20:45:46",16
"2019-05-10 21:45:47",16
"2019-05-10 22:45:53",16
"2019-05-10 23:45:51",16
"2019-05-11 00:46:00",16
"2019-05-11 01:45:46",16
"2019-05-11 02:45:58",16
"2019-05-11 03:45:47",16
"2019-05-11 04:45:47",16
"2019-05-11 05:46:01",16
"2019-05-11 06:45:45",16
"2019-05-11 07:45:44",16
"2019-05-11 08:45:54",16
"2019-05-11 09:45:44",16
"2019-05-11 10:45:58",16
"2019-05-11 11:45:46",16
"2019-05-11 12:45:46",16
"2019-05-11 13:45:53",16
"2019-05-11 14:45:46",16
"2019-05-11 15:45:50",16
"2019-05-11 16:46:00",16
"2019-05-11 17:45:47",16
"2019-05-11 18:45:50",16
"2019-05-11 19:45:49",16
"2019-05-11 20:45:47",16
"2019-05-11 21:45:53",16
"2019-05-11 22:45:51",16
"2019-05-11 23:45:49",16
"2019-05-12 00:45:46",16
"2019-05-12 01:45:47",16
"2019-05-12 02:45:49",16
"2019-05-12 03:45:57",16
"2019-05-12 04:45:47",16
"2019-05-12 05:45:49",16
"2019-05-12 06:45:47",16
"2019-05-12 07:45:53",16
"2019-05-12 08:45:45",16
"2019-05-12 09:45:50",16
"2019-05-12 10:45:46",16
"2019-05-12 11:45:44",16
"2019-05-12 12:45:45",16
"2019-05-12 13:45:51",16
"2019-05-12 14:45:46",16
"2019-05-12 15:45:46",16
"2019-05-12 16:45:49",16
"2019-05-12 17:45:54",16
"2019-05-12 18:45:46",16
"2019-05-12 19:45:47",16
"2019-05-12 20:45:45",16
"2019-05-12 21:45:45",16
"2019-05-12 22:45:55",16
"2019-05-12 23:45:45",16
"2019-05-13 00:45:48",16
"2019-05-13 01:45:44",16
"2019-05-13 02:45:44",16
"2019-05-13 03:45:51",16
"2019-05-13 04:45:43",16
"2019-05-13 05:45:43",16
"2019-05-13 06:45:50",16
"2019-05-13 07:45:42",16
"2019-05-13 08:45:45",16
"2019-05-13 09:45:46",16
"2019-05-13 10:45:51",16
"2019-05-13 11:45:47",16
"2019-05-13 13:09:20",16
"2019-05-13 13:45:45",16
"2019-05-13 14:45:46",16
"2019-05-13 15:45:54",16
"2019-05-13 16:45:46",16
"2019-05-13 17:45:47",16
"2019-05-13 18:45:48",16
"2019-05-13 19:45:51",16
"2019-05-13 20:45:45",17
"2019-05-13 21:45:47",17
"2019-05-13 22:45:46",17
"2019-05-13 23:45:46",17
"2019-05-14 00:46:11",17
"2019-05-14 01:45:45",17
"2019-05-14 02:45:48",17
"2019-05-14 03:45:55",17
"2019-05-14 04:45:47",17
"2019-05-14 05:45:46",17
"2019-05-14 06:45:55",17
"2019-05-14 07:45:48",17
"2019-05-14 08:45:48",17
"2019-05-14 09:45:54",17
"2019-05-14 10:45:46",17
"2019-05-14 11:45:46",17
"2019-05-14 13:08:54",17
"2019-05-14 13:45:51",17
"2019-05-14 14:45:47",17
"2019-05-14 15:45:51",16
"2019-05-14 16:45:49",16
"2019-05-14 17:45:52",16
"2019-05-14 18:45:49",16
"2019-05-14 19:45:44",16
"2019-05-14 20:45:46",16
"2019-05-14 21:45:45",16
"2019-05-14 22:45:53",16
"2019-05-14 23:45:48",16
"2019-05-15 00:45:47",16
"2019-05-15 01:45:48",16
"2019-05-15 02:45:48",16
"2019-05-15 03:45:54",16
"2019-05-15 04:45:50",16
"2019-05-15 05:45:50",16
"2019-05-15 06:45:52",16
"2019-05-15 07:45:49",16
"2019-05-15 08:45:50",16
"2019-05-15 09:45:56",16
"2019-05-15 10:45:58",16
"2019-05-15 11:45:46",16
"2019-05-15 13:09:53",16
"2019-05-15 13:45:48",16
"2019-05-15 14:45:50",16
"2019-05-15 15:45:47",16
"2019-05-15 16:45:56",16
"2019-05-15 17:45:50",16
"2019-05-15 18:45:54",17
"2019-05-15 19:45:50",17
"2019-05-15 20:45:50",17
"2019-05-15 21:45:52",17
"2019-05-15 22:45:48",17
"2019-05-15 23:45:47",17
"2019-05-16 00:45:47",17
"2019-05-16 01:45:58",17
"2019-05-16 02:45:52",17
"2019-05-16 03:45:46",17
"2019-05-16 04:45:48",17
"2019-05-16 05:45:55",17
"2019-05-16 06:45:51",17
"2019-05-16 07:45:57",17
"2019-05-16 08:45:56",17
"2019-05-16 09:45:56",17
"2019-05-16 10:46:14",17
"2019-05-16 11:45:51",17
"2019-05-16 13:08:58",17
"2019-05-16 13:46:07",17
"2019-05-16 14:45:51",17
"2019-05-16 15:45:51",17
"2019-05-16 16:45:57",17
"2019-05-16 17:45:51",17
"2019-05-16 18:45:54",17
"2019-05-16 19:45:54",17
"2019-05-16 20:45:50",17
"2019-05-16 21:45:55",17
"2019-05-16 22:45:57",17
"2019-05-16 23:45:54",17
"2019-05-17 00:46:06",17
"2019-05-17 01:45:57",17
"2019-05-17 02:45:51",17
"2019-05-17 03:45:50",17
"2019-05-17 04:45:51",17
"2019-05-17 05:45:52",17
"2019-05-17 06:45:59",17
"2019-05-17 07:45:53",17
"2019-05-17 08:46:01",17
"2019-05-17 09:45:59",17
"2019-05-17 10:45:51",17
"2019-05-17 11:45:57",17
"2019-05-17 13:10:28",17
"2019-05-17 13:46:09",17
"2019-05-17 14:45:53",17
"2019-05-17 15:45:50",17
"2019-05-17 16:45:55",17
"2019-05-17 17:45:51",17
"2019-05-17 18:45:50",17
"2019-05-17 19:45:57",17
"2019-05-17 20:45:49",17
"2019-05-17 21:45:50",17
"2019-05-17 22:45:51",17
"2019-05-17 23:45:51",17
"2019-05-18 00:45:50",17
"2019-05-18 01:45:54",17
"2019-05-18 02:45:54",17
"2019-05-18 04:45:47",17
"2019-05-18 05:45:40",17
"2019-05-18 06:45:45",17
"2019-05-18 07:45:41",17
"2019-05-18 08:45:41",17
"2019-05-18 09:45:40",17
"2019-05-18 10:45:40",17
"2019-05-18 11:45:45",17
"2019-05-18 12:45:40",17
"2019-05-18 13:45:43",17
"2019-05-18 14:45:41",17
"2019-05-18 15:45:46",17
"2019-05-18 16:45:40",17
"2019-05-18 17:45:43",17
"2019-05-18 18:45:39",17
"2019-05-18 19:45:41",17
"2019-05-18 20:45:40",17
"2019-05-18 21:45:41",17
"2019-05-18 22:45:41",17
"2019-05-18 23:45:39",17
"2019-05-19 00:45:38",17
"2019-05-19 01:45:40",17
"2019-05-19 02:45:39",17
"2019-05-19 03:45:39",17
"2019-05-19 04:45:43",17
"2019-05-19 05:45:39",17
"2019-05-19 06:45:40",17
"2019-05-19 07:45:39",17
"2019-05-19 08:45:39",17
"2019-05-19 09:45:39",17
"2019-05-19 10:45:39",17
"2019-05-19 11:45:41",17
"2019-05-19 12:45:43",17
"2019-05-19 13:45:42",17
"2019-05-19 14:45:40",17
"2019-05-19 15:45:39",17
"2019-05-19 16:45:43",17
"2019-05-19 17:45:42",17
"2019-05-19 18:45:40",17
"2019-05-19 19:45:40",17
"2019-05-19 20:45:42",17
"2019-05-19 21:45:41",17
"2019-05-19 22:45:40",17
"2019-05-19 23:45:42",17
"2019-05-20 00:45:41",17
"2019-05-20 01:45:41",17
"2019-05-20 02:45:44",17
"2019-05-20 03:45:41",17
"2019-05-20 04:45:44",17
"2019-05-20 05:45:42",17
"2019-05-20 06:45:41",17
"2019-05-20 07:45:42",17
"2019-05-20 08:45:42",17
"2019-05-20 09:45:42",17
"2019-05-20 10:45:41",17
"2019-05-20 11:45:43",17
"2019-05-20 12:45:46",17
"2019-05-20 13:45:44",17
"2019-05-20 14:45:42",16
"2019-05-20 15:45:40",16
"2019-05-20 16:45:43",16
"2019-05-20 17:45:41",16
"2019-05-20 18:45:39",16
"2019-05-20 19:45:40",16
"2019-05-20 20:45:40",16
"2019-05-20 21:45:40",16
"2019-05-20 22:45:41",16
"2019-05-20 23:45:46",16
"2019-05-21 00:45:40",16
"2019-05-21 01:45:43",16
"2019-05-21 02:45:40",16
"2019-05-21 03:45:41",16
"2019-05-21 04:45:43",16
"2019-05-21 05:45:41",16
"2019-05-21 06:45:39",16
"2019-05-21 07:45:42",16
"2019-05-21 08:45:41",16
"2019-05-21 09:45:38",16
"2019-05-21 10:45:42",16
"2019-05-21 11:45:39",16
"2019-05-21 13:09:43",16
"2019-05-21 13:45:40",16
"2019-05-21 14:45:42",16
"2019-05-21 15:45:39",16
"2019-05-21 16:45:39",16
"2019-05-21 17:45:39",16
"2019-05-21 18:45:41",16
"2019-05-21 19:45:41",16
"2019-05-21 20:45:40",16
"2019-05-21 21:45:39",16
"2019-05-21 22:45:44",16
"2019-05-21 23:45:42",16
"2019-05-22 00:45:40",16
"2019-05-22 01:45:40",16
"2019-05-22 02:45:40",16
"2019-05-22 03:45:40",16
"2019-05-22 04:45:43",16
"2019-05-22 05:45:41",16
"2019-05-22 06:45:39",16
"2019-05-22 07:45:41",16
"2019-05-22 08:45:47",16
"2019-05-22 09:45:47",16
"2019-05-22 10:45:39",16
"2019-05-22 11:45:42",16
"2019-05-22 12:45:41",16
"2019-05-22 13:45:42",16
"2019-05-22 14:45:40",16
"2019-05-22 15:45:45",16
"2019-05-22 16:45:43",16
"2019-05-22 17:45:39",16
"2019-05-22 18:45:41",16
"2019-05-22 19:45:39",16
"2019-05-22 20:45:39",16
"2019-05-22 21:45:40",16
"2019-05-22 22:45:39",16
"2019-05-22 23:45:39",16
"2019-05-23 00:45:41",16
"2019-05-23 01:45:40",16
"2019-05-23 02:45:43",16
"2019-05-23 03:45:42",16
"2019-05-23 04:45:44",16
"2019-05-23 05:45:41",16
"2019-05-23 06:45:41",16
"2019-05-23 07:45:43",16
"2019-05-23 08:45:42",16
"2019-05-23 09:45:41",16
"2019-05-23 10:45:41",16
"2019-05-23 11:45:40",16
"2019-05-23 12:45:45",16
"2019-05-23 13:45:41",16
"2019-05-23 14:45:42",16
"2019-05-23 15:45:39",16
"2019-05-23 16:45:40",16
"2019-05-23 17:45:40",16
"2019-05-23 18:45:40",16
"2019-05-23 19:45:43",16
"2019-05-23 20:45:41",16
"2019-05-23 21:45:40",16
"2019-05-23 22:45:40",16
"2019-05-23 23:45:42",16
"2019-05-24 00:45:42",16
"2019-05-24 01:45:42",16
"2019-05-24 02:45:41",16
"2019-05-24 03:45:41",16
"2019-05-24 04:45:41",16
"2019-05-24 05:45:45",16
"2019-05-24 06:45:39",16
"2019-05-24 07:45:39",16
"2019-05-24 08:45:40",16
"2019-05-24 09:45:42",16
"2019-05-24 10:45:44",16
"2019-05-24 11:45:41",16
"2019-05-24 13:09:45",16
"2019-05-24 13:45:41",16
"2019-05-24 14:45:40",16
"2019-05-24 15:45:40",16
"2019-05-24 16:45:40",16
"2019-05-24 17:45:42",16
"2019-05-24 18:45:44",16
"2019-05-24 19:45:42",16
"2019-05-24 20:45:43",16
"2019-05-24 21:45:45",16
"2019-05-24 22:45:42",16
"2019-05-24 23:45:47",16
"2019-05-25 00:45:43",16
"2019-05-25 01:45:41",16
"2019-05-25 04:45:45",16
"2019-05-26 04:45:47",16
"2019-05-26 05:45:43",16
"2019-05-26 06:45:42",16
"2019-05-26 07:45:44",16
"2019-05-26 08:45:41",16
"2019-05-26 09:45:41",16
"2019-05-26 10:45:43",16
"2019-05-26 11:45:43",16
"2019-05-26 12:45:41",16
"2019-05-26 13:45:41",16
"2019-05-26 14:45:44",16
"2019-05-26 15:45:40",16
"2019-05-26 16:45:41",16
"2019-05-26 17:45:46",16
"2019-05-26 18:45:43",16
"2019-05-26 19:46:28",16
"2019-05-26 20:45:41",16
"2019-05-26 21:45:43",16
"2019-05-26 22:45:43",16
"2019-05-26 23:45:40",16
"2019-05-27 00:45:41",16
"2019-05-27 01:45:42",16
"2019-05-27 02:45:43",16
"2019-05-27 03:45:44",16
"2019-05-27 04:45:45",16
"2019-05-27 05:45:42",16
"2019-05-27 06:45:43",16
"2019-05-27 07:45:48",16
"2019-05-27 08:45:48",16
"2019-05-27 09:45:48",16
"2019-05-27 10:45:44",16
"2019-05-27 11:45:41",16
"2019-05-27 12:45:41",16
"2019-05-27 13:45:43",16
"2019-05-27 14:45:42",16
"2019-05-27 15:45:42",16
"2019-05-27 16:45:41",16
"2019-05-27 17:45:46",16
"2019-05-27 18:45:41",16
"2019-05-27 19:45:40",16
"2019-05-27 20:45:41",16
"2019-05-27 21:45:41",16
"2019-05-27 22:45:40",16
"2019-05-27 23:45:41",16
"2019-05-28 00:45:41",16
"2019-05-28 01:45:42",16
"2019-05-28 02:45:45",16
"2019-05-28 03:45:42",16
"2019-05-28 04:45:41",16
"2019-05-28 05:45:41",16
"2019-05-28 06:45:47",16
"2019-05-28 07:45:43",16
"2019-05-28 08:45:41",16
"2019-05-28 09:45:44",16
"2019-05-28 10:45:40",16
"2019-05-28 11:45:40",16
"2019-05-28 12:45:40",16
"2019-05-28 13:45:42",16
"2019-05-28 14:45:42",17
"2019-05-28 15:45:41",17
"2019-05-28 16:45:42",17
"2019-05-28 17:45:46",17
"2019-05-28 18:45:42",17
"2019-05-28 19:45:41",17
"2019-05-28 20:45:41",17
"2019-05-28 21:45:41",17
"2019-05-28 22:45:42",17
"2019-05-28 23:45:43",17
"2019-05-29 00:45:43",17
"2019-05-29 01:45:41",17
"2019-05-29 02:45:41",17
"2019-05-29 03:45:40",17
"2019-05-29 04:45:41",17
"2019-05-29 05:45:44",17
"2019-05-29 06:45:42",17
"2019-05-29 07:45:45",17
"2019-05-29 08:45:42",17
"2019-05-29 09:45:50",17
"2019-05-29 10:45:43",17
"2019-05-29 11:45:41",17
"2019-05-29 13:08:46",17
"2019-05-29 13:45:44",17
"2019-05-29 14:45:44",18
"2019-05-29 15:45:42",18
"2019-05-29 16:45:41",18
"2019-05-29 17:45:43",18
"2019-05-29 18:45:43",18
"2019-05-29 19:45:45",18
"2019-05-29 20:45:40",18
"2019-05-29 21:45:42",18
"2019-05-29 22:45:42",18
"2019-05-29 23:45:43",18
"2019-05-30 00:45:41",18
"2019-05-30 01:45:43",18
"2019-05-30 02:45:44",18
"2019-05-30 03:45:43",18
"2019-05-30 04:45:43",18
"2019-05-30 05:45:45",18
"2019-05-30 06:45:41",18
"2019-05-30 07:45:41",18
"2019-05-30 08:45:50",18
"2019-05-30 09:45:42",18
"2019-05-30 10:45:40",18
"2019-05-30 11:45:42",18
"2019-05-30 12:45:46",18
"2019-05-30 13:45:41",18
"2019-05-30 14:45:45",18
"2019-05-30 15:45:43",18
"2019-05-30 16:45:40",18
"2019-05-30 17:45:43",18
"2019-05-30 18:45:42",18
"2019-05-30 19:45:42",18
"2019-05-30 20:45:40",18
"2019-05-30 21:45:40",18
"2019-05-30 22:45:44",18
"2019-05-30 23:45:41",18
"2019-05-31 00:45:40",18
"2019-05-31 01:45:42",18
"2019-05-31 02:45:40",18
"2019-05-31 03:45:40",18
"2019-05-31 04:45:40",18
"2019-05-31 05:45:41",18
"2019-05-31 06:45:42",18
"2019-05-31 07:45:40",18
"2019-05-31 08:45:42",18
"2019-05-31 09:45:43",18
"2019-05-31 10:45:41",18
"2019-05-31 11:45:41",18
"2019-05-31 12:46:27",18
"2019-05-31 13:45:44",18
"2019-05-31 14:45:41",18
"2019-05-31 15:45:42",18
"2019-05-31 16:45:41",18
"2019-05-31 17:45:46",18
"2019-05-31 18:45:41",18
"2019-05-31 19:45:39",18
"2019-05-31 20:45:41",18
"2019-05-31 21:45:42",18
"2019-05-31 22:45:38",18
"2019-05-31 23:45:41",18
"2019-06-01 00:45:40",18
"2019-06-01 01:45:40",18
"2019-06-01 02:45:41",18
"2019-06-01 03:45:40",18
"2019-06-01 04:45:40",18
"2019-06-01 05:45:41",18
"2019-06-01 06:45:46",18
"2019-06-01 07:45:39",18
"2019-06-01 08:45:42",18
"2019-06-01 09:45:40",18
"2019-06-01 10:45:43",18
"2019-06-01 11:45:40",18
"2019-06-01 12:45:40",18
"2019-06-01 13:45:40",18
"2019-06-01 14:45:47",18
"2019-06-01 15:45:43",18
"2019-06-01 16:45:40",18
"2019-06-01 17:45:42",18
"2019-06-01 18:45:40",18
"2019-06-01 19:45:43",18
"2019-06-01 20:45:40",18
"2019-06-01 21:45:43",18
"2019-06-01 22:45:41",18
"2019-06-01 23:45:42",18
"2019-06-02 00:45:44",18
"2019-06-02 01:45:47",18
"2019-06-02 02:45:43",18
"2019-06-02 03:45:42",18
"2019-06-02 04:45:41",18
"2019-06-02 05:45:46",18
"2019-06-02 06:45:41",18
"2019-06-02 07:45:40",18
"2019-06-02 08:45:40",18
"2019-06-02 09:45:40",18
"2019-06-02 10:45:41",18
"2019-06-02 11:45:40",18
"2019-06-02 12:45:46",18
"2019-06-02 13:45:41",18
"2019-06-02 14:45:43",18
"2019-06-02 15:45:38",18
"2019-06-02 16:45:40",18
"2019-06-02 17:45:42",18
"2019-06-02 18:45:42",18
"2019-06-02 19:45:42",18
"2019-06-02 20:45:41",18
"2019-06-02 21:45:42",18
"2019-06-02 22:45:41",18
"2019-06-02 23:45:40",18
"2019-06-03 00:45:40",18
"2019-06-03 01:45:45",18
"2019-06-03 02:45:41",18
"2019-06-03 03:45:40",18
"2019-06-03 04:45:40",18
"2019-06-03 05:45:41",18
"2019-06-03 06:45:42",18
"2019-06-03 07:45:40",18
"2019-06-03 08:45:42",18
"2019-06-03 09:45:41",18
"2019-06-03 10:45:43",18
"2019-06-03 11:45:44",18
"2019-06-03 12:45:40",18
"2019-06-03 13:45:44",18
"2019-06-03 14:45:44",18
"2019-06-03 15:45:41",18
"2019-06-03 16:45:41",18
"2019-06-03 17:45:40",18
"2019-06-03 18:45:42",18
"2019-06-03 19:45:43",18
"2019-06-03 20:45:40",18
"2019-06-03 21:45:42",18
"2019-06-03 22:45:41",18
"2019-06-03 23:45:45",18
"2019-06-04 00:45:40",18
"2019-06-04 01:45:42",18
"2019-06-04 02:45:42",18
"2019-06-04 03:46:30",18
"2019-06-04 04:45:43",18
"2019-06-04 05:45:40",18
"2019-06-04 06:45:41",18
"2019-06-04 07:45:40",18
"2019-06-04 08:45:46",18
"2019-06-04 09:45:40",18
"2019-06-04 10:45:43",18
"2019-06-04 11:45:41",18
"2019-06-04 13:08:15",18
"2019-06-04 13:45:43",18
"2019-06-04 14:45:47",18
"2019-06-04 15:45:43",18
"2019-06-04 16:45:43",18
"2019-06-04 17:45:45",18
"2019-06-04 18:45:43",18
"2019-06-04 19:45:43",18
"2019-06-04 20:45:43",18
"2019-06-04 21:45:41",18
"2019-06-04 22:45:43",18
"2019-06-04 23:45:46",18
"2019-06-05 00:45:41",18
"2019-06-05 01:45:43",18
"2019-06-05 02:45:45",18
"2019-06-05 03:45:45",18
"2019-06-05 04:45:46",18
"2019-06-05 05:45:41",18
"2019-06-05 06:45:41",18
"2019-06-05 07:45:41",18
"2019-06-05 08:45:48",18
"2019-06-05 09:45:41",18
"2019-06-05 10:45:41",18
"2019-06-05 11:45:46",18
"2019-06-05 13:09:46",18
"2019-06-05 13:45:41",18
"2019-06-05 14:45:41",18
"2019-06-05 15:45:43",18
"2019-06-05 16:45:42",18
"2019-06-05 17:45:43",18
"2019-06-05 18:45:42",18
"2019-06-05 19:45:47",18
"2019-06-05 20:45:42",18
"2019-06-05 21:45:41",18
"2019-06-05 22:45:42",18
"2019-06-05 23:45:42",18
"2019-06-06 00:45:42",18
"2019-06-06 01:45:40",18
"2019-06-06 02:45:43",18
"2019-06-06 03:45:43",18
"2019-06-06 04:45:49",18
"2019-06-06 05:45:42",18
"2019-06-06 06:45:45",18
"2019-06-06 07:45:42",18
"2019-06-06 08:45:50",18
"2019-06-06 09:45:45",18
"2019-06-06 10:45:49",18
"2019-06-06 11:45:41",18
"2019-06-06 13:09:45",18
"2019-06-06 13:45:43",18
"2019-06-06 14:45:43",18
"2019-06-06 15:45:45",18
"2019-06-06 16:45:43",18
"2019-06-06 17:45:45",18
"2019-06-06 18:45:47",18
"2019-06-06 19:45:45",18
"2019-06-06 20:45:41",18
"2019-06-06 21:45:44",18
"2019-06-06 22:45:41",18
"2019-06-06 23:45:41",18
"2019-06-07 00:45:46",18
"2019-06-07 01:45:44",18
"2019-06-07 02:45:45",18
"2019-06-07 03:45:44",18
"2019-06-07 04:45:48",18
"2019-06-07 05:45:42",18
"2019-06-07 06:45:46",18
"2019-06-07 07:45:43",18
"2019-06-07 08:45:44",18
"2019-06-07 09:45:46",18
"2019-06-07 10:45:42",18
"2019-06-07 11:45:43",18
"2019-06-07 13:09:50",18
"2019-06-07 13:45:47",18
"2019-06-07 14:45:45",17
"2019-06-07 15:45:45",17
"2019-06-07 16:45:44",17
"2019-06-07 17:45:43",17
"2019-06-07 18:45:44",17
"2019-06-07 19:45:41",17
"2019-06-07 20:45:42",17
"2019-06-07 21:45:44",17
"2019-06-07 22:45:41",17
"2019-06-07 23:45:47",17
"2019-06-08 00:45:43",17
"2019-06-08 01:45:48",17
"2019-06-08 02:45:45",17
"2019-06-08 03:45:48",17
"2019-06-08 04:45:44",17
"2019-06-08 05:45:51",17
"2019-06-08 06:45:47",17
"2019-06-08 07:45:48",17
"2019-06-08 08:45:43",17
"2019-06-08 09:45:45",17
"2019-06-08 10:45:45",17
"2019-06-08 11:45:45",17
"2019-06-08 12:45:44",17
"2019-06-08 13:45:42",17
"2019-06-08 14:45:41",17
"2019-06-08 15:45:46",17
"2019-06-08 16:45:45",17
"2019-06-08 17:45:44",17
"2019-06-08 18:45:45",17
"2019-06-08 19:45:42",17
"2019-06-08 20:45:43",17
"2019-06-08 21:45:42",17
"2019-06-08 22:45:42",17
"2019-06-08 23:45:46",17
"2019-06-09 00:45:42",17
"2019-06-09 01:45:43",17
"2019-06-09 02:45:49",17
"2019-06-09 03:45:50",17
"2019-06-09 04:45:42",17
"2019-06-09 05:45:47",17
"2019-06-09 06:45:41",17
"2019-06-09 07:45:47",17
"2019-06-09 08:45:42",17
"2019-06-09 09:45:44",17
"2019-06-09 10:45:43",17
"2019-06-09 11:45:44",17
"2019-06-09 12:45:46",17
"2019-06-09 13:45:43",17
"2019-06-09 14:45:42",17
"2019-06-09 15:45:45",17
"2019-06-09 16:45:43",17
"2019-06-09 17:45:46",17
"2019-06-09 18:45:42",17
"2019-06-09 19:45:43",17
"2019-06-09 20:45:42",17
"2019-06-09 21:45:43",17
"2019-06-09 22:45:49",17
"2019-06-09 23:45:44",17
"2019-06-10 00:45:44",17
"2019-06-10 01:45:47",17
"2019-06-10 02:45:43",17
"2019-06-10 03:45:48",17
"2019-06-10 04:45:44",17
"2019-06-10 05:45:47",17
"2019-06-10 06:45:42",17
"2019-06-10 07:45:49",17
"2019-06-10 08:45:43",17
"2019-06-10 09:45:42",17
"2019-06-10 10:45:49",17
"2019-06-10 11:45:45",17
"2019-06-10 12:45:52",17
"2019-06-10 13:45:50",17
"2019-06-10 14:45:44",17
"2019-06-10 15:45:47",17
"2019-06-10 16:45:49",17
"2019-06-10 17:45:47",17
"2019-06-10 18:45:49",17
"2019-06-10 19:45:47",17
"2019-06-10 20:45:46",17
"2019-06-10 21:45:45",17
"2019-06-10 22:45:47",17
"2019-06-10 23:45:47",17
"2019-06-11 00:45:48",17
"2019-06-11 01:45:50",17
"2019-06-11 02:45:49",17
"2019-06-11 03:45:48",17
"2019-06-11 04:45:46",17
"2019-06-11 05:45:48",17
"2019-06-11 06:45:46",17
"2019-06-11 07:45:46",17
"2019-06-11 08:45:46",17
"2019-06-11 09:45:49",17
"2019-06-11 10:45:47",17
"2019-06-11 11:45:48",17
"2019-06-11 13:09:22",17
"2019-06-11 13:45:51",17
"2019-06-11 14:45:46",17
"2019-06-11 15:45:47",17
"2019-06-11 16:45:52",17
"2019-06-11 17:45:47",17
"2019-06-11 18:45:49",17
"2019-06-11 19:45:46",17
"2019-06-11 20:45:48",17
"2019-06-11 21:45:47",17
"2019-06-11 22:45:47",17
"2019-06-11 23:45:44",17
"2019-06-12 00:45:50",17
"2019-06-12 01:45:49",17
"2019-06-12 02:45:49",17
"2019-06-12 03:45:53",17
"2019-06-12 04:45:50",17
"2019-06-12 05:45:48",17
"2019-06-12 06:45:49",17
"2019-06-12 07:45:52",17
"2019-06-12 08:45:50",17
"2019-06-12 09:45:54",17
"2019-06-12 10:45:50",17
"2019-06-12 11:45:52",17
"2019-06-12 13:08:53",17
"2019-06-12 13:45:47",17
"2019-06-12 14:45:47",17
"2019-06-12 15:45:49",17
"2019-06-12 16:45:48",17
"2019-06-12 17:45:47",17
"2019-06-12 18:45:48",17
"2019-06-12 19:45:51",17
"2019-06-12 20:45:49",17
"2019-06-12 21:45:49",17
"2019-06-12 22:45:47",17
"2019-06-12 23:45:47",17
"2019-06-13 00:45:48",17
"2019-06-13 01:45:50",17
"2019-06-13 02:46:06",17
"2019-06-13 03:45:47",17
"2019-06-13 04:45:49",17
"2019-06-13 05:45:52",17
"2019-06-13 06:45:48",17
"2019-06-13 07:45:45",17
"2019-06-13 08:45:46",17
"2019-06-13 09:45:46",17
"2019-06-13 10:45:53",17
"2019-06-13 11:45:45",17
"2019-06-13 13:09:48",17
"2019-06-13 13:45:50",17
"2019-06-13 14:45:48",17
"2019-06-13 15:45:49",17
"2019-06-13 16:45:49",17
"2019-06-13 17:45:46",17
"2019-06-13 18:45:46",17
"2019-06-13 19:45:47",17
"2019-06-13 20:45:43",17
"2019-06-13 21:45:45",17
"2019-06-13 22:45:46",17
"2019-06-13 23:45:46",17
"2019-06-14 00:45:47",17
"2019-06-14 01:45:48",17
"2019-06-14 02:45:50",17
"2019-06-14 03:45:48",17
"2019-06-14 04:45:47",17
"2019-06-14 05:45:48",17
"2019-06-14 06:45:55",17
"2019-06-14 07:45:50",17
"2019-06-14 08:45:50",17
"2019-06-14 09:45:48",17
"2019-06-14 10:45:51",17
"2019-06-14 11:45:50",17
"2019-06-14 12:45:50",17
"2019-06-14 13:45:47",17
"2019-06-14 14:45:49",17
"2019-06-14 15:45:50",17
"2019-06-14 16:45:50",17
"2019-06-14 17:45:47",17
"2019-06-14 18:45:48",17
"2019-06-14 19:45:47",17
"2019-06-14 20:45:46",17
"2019-06-14 21:45:49",17
"2019-06-14 22:45:46",17
"2019-06-14 23:45:49",17
"2019-06-15 00:45:50",17
"2019-06-15 01:45:50",17
"2019-06-15 02:45:47",17
"2019-06-15 03:45:47",17
"2019-06-15 04:45:48",17
"2019-06-15 05:45:51",17
"2019-06-15 06:45:48",17
"2019-06-15 07:45:49",17
"2019-06-15 08:45:49",17
"2019-06-15 09:45:48",17
"2019-06-15 10:45:51",17
"2019-06-15 11:45:49",17
"2019-06-15 12:45:51",17
"2019-06-15 13:45:55",17
"2019-06-15 14:45:47",17
"2019-06-15 15:45:47",17
"2019-06-15 16:45:48",17
"2019-06-15 17:45:48",17
"2019-06-15 18:45:51",17
"2019-06-15 19:45:48",17
"2019-06-15 20:45:49",17
"2019-06-15 21:45:55",17
"2019-06-15 22:45:55",17
"2019-06-15 23:45:48",17
"2019-06-16 00:45:48",17
"2019-06-16 01:45:54",17
"2019-06-16 02:45:50",17
"2019-06-16 03:45:48",17
"2019-06-16 04:45:53",17
"2019-06-16 05:45:49",17
"2019-06-16 06:45:51",17
"2019-06-16 07:45:54",17
"2019-06-16 08:45:48",17
"2019-06-16 09:45:46",17
"2019-06-16 10:45:45",17
"2019-06-16 11:45:46",17
"2019-06-16 12:45:48",17
"2019-06-16 13:45:46",17
"2019-06-16 14:45:49",17
"2019-06-16 15:45:49",17
"2019-06-16 16:45:52",17
"2019-06-16 17:45:51",17
"2019-06-16 18:45:51",17
"2019-06-16 19:45:48",17
"2019-06-16 20:45:47",17
"2019-06-16 21:45:52",17
"2019-06-16 22:45:49",17
"2019-06-16 23:45:51",17
"2019-06-17 00:45:48",17
"2019-06-17 01:45:48",17
"2019-06-17 02:45:53",17
"2019-06-17 03:45:54",17
"2019-06-17 04:45:51",17
"2019-06-17 05:45:50",17
"2019-06-17 06:45:47",17
"2019-06-17 07:45:46",17
"2019-06-17 08:45:49",17
"2019-06-17 09:45:47",17
"2019-06-17 10:45:50",17
"2019-06-17 11:45:50",17
"2019-06-17 13:10:22",17
"2019-06-17 13:45:47",17
"2019-06-17 14:45:50",17
"2019-06-17 15:45:52",17
"2019-06-17 16:46:02",17
"2019-06-17 17:45:53",17
"2019-06-17 18:45:56",17
"2019-06-17 19:45:50",17
"2019-06-17 20:45:53",17
"2019-06-17 21:45:49",17
"2019-06-17 22:45:51",17
"2019-06-17 23:45:47",17
"2019-06-18 00:45:49",17
"2019-06-18 01:45:47",17
"2019-06-18 02:46:02",17
"2019-06-18 03:45:51",17
"2019-06-18 04:45:49",17
"2019-06-18 05:45:50",17
"2019-06-18 06:45:48",17
"2019-06-18 07:45:49",17
"2019-06-18 08:46:00",17
"2019-06-18 09:45:46",17
"2019-06-18 10:45:46",17
"2019-06-18 11:45:47",17
"2019-06-18 13:08:22",17
"2019-06-18 13:45:51",17
"2019-06-18 14:45:49",17
"2019-06-18 15:45:49",18
"2019-06-18 16:45:49",18
"2019-06-18 17:45:47",19
"2019-06-18 18:45:53",19
"2019-06-18 19:45:54",19
"2019-06-18 20:45:48",19
"2019-06-18 21:45:48",19
"2019-06-18 22:45:48",19
"2019-06-18 23:45:50",19
"2019-06-19 00:45:48",19
"2019-06-19 01:45:52",19
"2019-06-19 02:45:53",19
"2019-06-19 03:45:52",19
"2019-06-19 04:45:49",19
"2019-06-19 05:46:10",19
"2019-06-19 06:46:07",19
"2019-06-19 07:45:54",19
"2019-06-19 08:45:56",19
"2019-06-19 09:45:49",19
"2019-06-19 10:45:54",19
"2019-06-19 11:45:51",19
"2019-06-19 13:08:24",19
"2019-06-19 13:45:50",19
"2019-06-19 14:45:50",19
"2019-06-19 15:45:49",19
"2019-06-19 16:46:02",19
"2019-06-19 17:45:50",19
"2019-06-19 18:45:48",19
"2019-06-19 19:45:52",19
"2019-06-19 20:45:50",19
"2019-06-19 21:45:49",19
"2019-06-19 22:45:48",19
"2019-06-19 23:45:48",19
"2019-06-20 00:45:49",19
"2019-06-20 01:45:46",19
"2019-06-20 02:45:47",19
"2019-06-20 03:45:47",19
"2019-06-20 04:45:49",19
"2019-06-20 05:45:47",19
"2019-06-20 06:45:47",19
"2019-06-20 07:45:48",19
"2019-06-20 08:45:48",19
"2019-06-20 09:45:52",19
"2019-06-20 10:45:49",19
"2019-06-20 11:45:47",19
"2019-06-20 13:10:04",19
"2019-06-20 13:45:52",19
"2019-06-20 14:45:49",19
"2019-06-20 15:45:50",19
"2019-06-20 16:45:51",19
"2019-06-20 17:45:52",19
"2019-06-20 18:45:48",19
"2019-06-20 19:45:49",19
"2019-06-20 20:46:06",19
"2019-06-20 21:45:50",19
"2019-06-20 22:45:48",19
"2019-06-20 23:45:50",19
"2019-06-21 00:45:49",19
"2019-06-21 01:45:51",19
"2019-06-21 02:45:52",19
"2019-06-21 03:45:50",19
"2019-06-21 04:45:52",19
"2019-06-21 05:45:51",19
"2019-06-21 06:45:52",19
"2019-06-21 07:45:52",19
"2019-06-21 08:45:50",19
"2019-06-21 09:45:50",19
"2019-06-21 10:45:49",19
"2019-06-21 11:45:47",19
"2019-06-21 12:45:49",19
"2019-06-21 13:45:51",19
"2019-06-21 14:45:49",19
"2019-06-21 15:45:50",19
"2019-06-21 16:45:50",19
"2019-06-21 17:45:49",19
"2019-06-21 18:45:50",19
"2019-06-21 19:45:48",19
"2019-06-21 20:45:49",19
"2019-06-21 21:45:49",19
"2019-06-21 22:45:49",19
"2019-06-21 23:46:18",19
"2019-06-22 00:45:49",19
"2019-06-22 01:45:55",19
"2019-06-22 02:45:53",19
"2019-06-22 03:45:48",19
"2019-06-22 04:45:50",19
"2019-06-22 05:45:52",19
"2019-06-22 06:45:52",19
"2019-06-22 07:45:50",19
"2019-06-22 08:45:51",19
"2019-06-22 09:45:52",19
"2019-06-22 10:45:55",19
"2019-06-22 11:45:48",19
"2019-06-22 12:45:56",19
"2019-06-22 13:45:49",19
"2019-06-22 14:45:54",19
"2019-06-22 15:46:09",19
"2019-06-22 16:46:00",19
"2019-06-22 17:45:51",19
"2019-06-22 18:45:55",19
"2019-06-22 19:45:52",19
"2019-06-22 20:45:52",19
"2019-06-22 21:45:50",19
"2019-06-22 22:45:57",19
"2019-06-22 23:45:51",19
"2019-06-23 00:46:02",19
"2019-06-23 01:45:55",19
"2019-06-23 02:45:56",19
"2019-06-23 03:45:53",19
"2019-06-23 04:45:49",19
"2019-06-23 05:45:55",19
"2019-06-23 06:45:50",19
"2019-06-23 07:45:48",19
"2019-06-23 08:45:51",19
"2019-06-23 09:45:51",19
"2019-06-23 10:45:49",19
"2019-06-23 11:45:50",19
"2019-06-23 12:45:48",19
"2019-06-23 13:45:50",19
"2019-06-23 14:45:48",19
"2019-06-23 15:45:49",19
"2019-06-23 16:45:51",19
"2019-06-23 17:45:52",19
"2019-06-23 18:45:46",19
"2019-06-23 19:45:47",19
"2019-06-23 20:45:51",19
"2019-06-23 21:45:48",19
"2019-06-23 22:45:49",19
"2019-06-23 23:45:48",19
"2019-06-24 00:45:52",19
"2019-06-24 01:45:49",19
"2019-06-24 02:45:50",19
"2019-06-24 03:45:55",19
"2019-06-24 04:45:53",19
"2019-06-24 05:45:51",19
"2019-06-24 06:45:55",19
"2019-06-24 07:45:48",19
"2019-06-24 08:45:49",19
"2019-06-24 09:45:53",19
"2019-06-24 10:45:46",19
"2019-06-24 11:45:54",19
"2019-06-24 13:45:50",19
"2019-06-24 14:45:52",19
"2019-06-24 15:45:52",19
"2019-06-24 16:45:57",19
"2019-06-24 17:45:55",19
"2019-06-24 18:45:56",19
"2019-06-24 19:45:55",19
"2019-06-24 20:45:54",19
"2019-06-24 21:45:54",19
"2019-06-24 22:45:51",19
"2019-06-24 23:45:52",19
"2019-06-25 00:45:51",19
"2019-06-25 01:45:54",19
"2019-06-25 02:45:55",19
"2019-06-25 03:45:52",19
"2019-06-25 04:45:50",19
"2019-06-25 05:45:50",19
"2019-06-25 06:45:54",19
"2019-06-25 07:45:51",19
"2019-06-25 08:45:49",19
"2019-06-25 09:45:52",19
"2019-06-25 10:45:50",19
"2019-06-25 11:45:46",19
"2019-06-25 13:09:23",19
"2019-06-25 13:45:49",19
"2019-06-25 14:45:53",18
"2019-06-25 15:45:51",18
"2019-06-25 16:45:52",18
"2019-06-25 17:45:53",18
"2019-06-25 18:45:52",18
"2019-06-25 19:45:48",18
"2019-06-25 20:45:50",18
"2019-06-25 21:45:47",18
"2019-06-25 22:45:46",18
"2019-06-25 23:45:54",18
"2019-06-26 00:45:53",18
"2019-06-26 01:45:49",18
"2019-06-26 02:45:52",18
"2019-06-26 03:46:05",18
"2019-06-26 04:45:53",18
"2019-06-26 05:45:51",18
"2019-06-26 06:45:51",18
"2019-06-26 07:45:53",18
"2019-06-26 08:45:48",18
"2019-06-26 09:45:46",18
"2019-06-26 10:45:48",18
"2019-06-26 11:45:48",18
"2019-06-26 13:08:21",18
"2019-06-26 13:45:51",18
"2019-06-26 14:45:51",18
"2019-06-26 15:45:48",18
"2019-06-26 16:45:53",18
"2019-06-26 17:45:48",17
"2019-06-26 18:45:49",17
"2019-06-26 19:45:50",17
"2019-06-26 20:45:48",17
"2019-06-26 21:45:49",17
"2019-06-26 22:45:51",17
"2019-06-26 23:45:49",17
"2019-06-27 00:45:52",17
"2019-06-27 01:45:49",17
"2019-06-27 02:45:53",17
"2019-06-27 03:45:46",17
"2019-06-27 04:45:53",17
"2019-06-27 05:45:49",17
"2019-06-27 06:45:52",17
"2019-06-27 07:45:46",17
"2019-06-27 08:45:48",17
"2019-06-27 09:45:49",17
"2019-06-27 10:45:49",17
"2019-06-27 11:45:46",17
"2019-06-27 13:08:23",17
"2019-06-27 13:45:46",17
"2019-06-27 14:45:47",17
"2019-06-27 15:45:50",17
"2019-06-27 16:45:49",17
"2019-06-27 17:45:47",17
"2019-06-27 18:45:48",17
"2019-06-27 19:45:45",17
"2019-06-27 20:45:51",17
"2019-06-27 21:45:51",17
"2019-06-27 22:45:45",17
"2019-06-27 23:46:09",17
"2019-06-28 00:45:49",17
"2019-06-28 01:45:48",17
"2019-06-28 02:45:47",17
"2019-06-28 03:45:50",17
"2019-06-28 04:45:51",17
"2019-06-28 05:45:48",17
"2019-06-28 06:45:48",17
"2019-06-28 07:45:47",17
"2019-06-28 08:45:46",17
"2019-06-28 09:45:47",17
"2019-06-28 10:45:45",17
"2019-06-28 11:45:47",17
"2019-06-28 13:09:27",17
"2019-06-28 13:45:44",17
"2019-06-28 14:45:45",17
"2019-06-28 15:45:48",17
"2019-06-28 16:45:47",17
"2019-06-28 17:45:47",17
"2019-06-28 18:45:45",17
"2019-06-28 19:45:46",17
"2019-06-28 20:45:47",17
"2019-06-28 21:45:47",17
"2019-06-28 22:45:47",17
"2019-06-28 23:45:45",17
"2019-06-29 00:45:49",17
"2019-06-29 01:45:53",17
"2019-06-29 02:45:49",17
"2019-06-29 03:45:46",17
"2019-06-29 04:45:46",17
"2019-06-29 05:45:47",17
"2019-06-29 06:45:47",17
"2019-06-29 07:45:48",17
"2019-06-29 08:45:47",17
"2019-06-29 09:45:48",17
"2019-06-29 10:45:47",17
"2019-06-29 11:45:51",17
"2019-06-29 12:45:50",17
"2019-06-29 13:45:48",17
"2019-06-29 14:45:48",17
"2019-06-29 15:45:49",17
"2019-06-29 16:45:53",17
"2019-06-29 17:45:48",17
"2019-06-29 18:45:49",17
"2019-06-29 19:45:50",17
"2019-06-29 20:45:48",17
"2019-06-29 21:45:52",17
"2019-06-29 22:45:46",17
"2019-06-29 23:45:51",17
"2019-06-30 00:45:49",17
"2019-06-30 01:45:54",17
"2019-06-30 02:45:50",17
"2019-06-30 03:45:49",17
"2019-06-30 04:45:51",17
"2019-06-30 05:45:49",17
"2019-06-30 06:45:50",17
"2019-06-30 07:45:50",17
"2019-06-30 08:45:50",17
"2019-06-30 09:45:48",17
"2019-06-30 10:45:49",17
"2019-06-30 11:45:49",17
"2019-06-30 12:45:47",17
"2019-06-30 13:45:50",17
"2019-06-30 14:45:48",17
"2019-06-30 15:45:48",17
"2019-06-30 16:45:49",17
"2019-06-30 17:45:48",17
"2019-06-30 18:45:48",17
"2019-06-30 19:45:49",17
"2019-06-30 20:45:50",17
"2019-06-30 21:45:49",17
"2019-06-30 22:45:48",17
"2019-06-30 23:45:49",17
"2019-07-01 00:45:52",17
"2019-07-01 01:45:49",17
"2019-07-01 02:45:51",17
"2019-07-01 03:45:51",17
"2019-07-01 04:45:48",17
"2019-07-01 05:45:54",17
"2019-07-01 06:45:48",17
"2019-07-01 07:45:57",17
"2019-07-01 08:46:03",17
"2019-07-01 09:45:50",17
"2019-07-01 10:45:47",17
"2019-07-01 11:45:52",17
"2019-07-01 13:09:23",17
"2019-07-01 13:45:54",17
"2019-07-01 14:46:14",17
"2019-07-01 15:45:53",17
"2019-07-01 16:45:53",17
"2019-07-01 17:45:51",17
"2019-07-01 18:45:52",17
"2019-07-01 19:45:53",17
"2019-07-01 20:45:52",17
"2019-07-01 21:45:51",17
"2019-07-01 22:45:52",17
"2019-07-01 23:45:51",17
"2019-07-02 00:45:54",17
"2019-07-02 01:45:50",17
"2019-07-02 03:46:08",17
"2019-07-02 04:45:52",17
"2019-07-02 05:46:08",17
"2019-07-02 06:45:53",17
"2019-07-02 07:45:54",17
"2019-07-02 08:45:51",17
"2019-07-02 09:45:48",17
"2019-07-02 10:45:50",17
"2019-07-02 11:45:51",17
"2019-07-02 12:45:54",17
"2019-07-02 13:45:51",17
"2019-07-02 14:45:52",17
"2019-07-02 15:45:50",17
"2019-07-02 16:45:50",17
"2019-07-02 17:45:50",17
"2019-07-02 18:45:51",17
"2019-07-02 19:45:53",17
"2019-07-02 20:45:50",17
"2019-07-02 21:45:52",17
"2019-07-02 22:45:59",17
"2019-07-03 00:45:52",17
"2019-07-03 01:45:49",17
"2019-07-03 02:45:54",17
"2019-07-03 03:45:54",17
"2019-07-03 04:45:54",17
"2019-07-03 05:45:53",17
"2019-07-03 06:45:53",17
"2019-07-03 07:45:51",17
"2019-07-03 08:46:07",17
"2019-07-03 09:45:52",17
"2019-07-03 10:45:56",17
"2019-07-03 11:45:50",17
"2019-07-03 13:10:26",17
"2019-07-03 13:45:51",17
"2019-07-03 14:46:00",17
"2019-07-03 15:45:51",17
"2019-07-03 16:46:10",17
"2019-07-03 17:45:51",17
"2019-07-03 18:45:53",17
"2019-07-03 19:45:49",17
"2019-07-03 20:45:47",17
"2019-07-03 21:45:51",17
"2019-07-03 22:45:49",17
"2019-07-03 23:45:53",17
"2019-07-04 00:45:53",17
"2019-07-04 01:45:49",17
"2019-07-04 02:45:55",17
"2019-07-04 03:45:49",17
"2019-07-04 04:45:49",17
"2019-07-04 05:45:54",17
"2019-07-04 06:45:52",17
"2019-07-04 07:45:48",17
"2019-07-04 08:45:50",17
"2019-07-04 09:45:47",17
"2019-07-04 10:45:52",17
"2019-07-04 11:45:50",17
"2019-07-04 12:45:54",17
"2019-07-04 13:45:55",17
"2019-07-04 14:45:51",17
"2019-07-04 15:45:49",17
"2019-07-04 16:45:50",17
"2019-07-04 17:45:48",17
"2019-07-04 18:45:50",17
"2019-07-04 19:45:49",17
"2019-07-04 20:45:52",17
"2019-07-04 21:45:52",17
"2019-07-04 22:45:55",17
"2019-07-04 23:45:49",17
"2019-07-05 00:45:51",17
"2019-07-05 01:45:49",17
"2019-07-05 02:45:49",17
"2019-07-05 03:45:49",17
"2019-07-05 04:45:48",17
"2019-07-05 05:45:56",17
"2019-07-05 06:45:53",17
"2019-07-05 07:45:50",17
"2019-07-05 08:45:48",17
"2019-07-05 09:45:49",17
"2019-07-05 10:46:04",17
"2019-07-05 11:46:00",17
"2019-07-05 12:45:50",17
"2019-07-05 13:46:00",17
"2019-07-05 14:45:52",17
"2019-07-05 15:45:49",17
"2019-07-05 16:46:02",17
"2019-07-05 17:45:51",17
"2019-07-05 18:45:50",17
"2019-07-05 19:45:50",17
"2019-07-05 20:45:51",17
"2019-07-05 21:45:53",17
"2019-07-05 22:45:54",17
"2019-07-05 23:45:51",17
"2019-07-06 00:45:56",17
"2019-07-06 01:45:55",17
"2019-07-06 02:46:00",17
"2019-07-06 03:45:50",17
"2019-07-06 04:45:49",17
"2019-07-06 05:45:51",17
"2019-07-06 06:45:53",17
"2019-07-06 07:45:46",17
"2019-07-06 08:45:49",17
"2019-07-06 09:45:49",17
"2019-07-06 10:45:50",17
"2019-07-06 11:46:10",17
"2019-07-06 12:45:55",17
"2019-07-06 13:45:52",17
"2019-07-06 14:45:49",17
"2019-07-06 15:45:49",17
"2019-07-06 16:45:53",17
"2019-07-06 17:45:51",17
"2019-07-06 18:45:50",17
"2019-07-06 19:45:54",17
"2019-07-06 20:45:47",17
"2019-07-06 21:45:50",17
"2019-07-06 22:45:49",17
"2019-07-06 23:45:50",17
"2019-07-07 00:45:48",17
"2019-07-07 01:45:49",17
"2019-07-07 02:45:52",17
"2019-07-07 03:45:48",17
"2019-07-07 04:45:48",17
"2019-07-07 05:45:54",17
"2019-07-07 06:45:49",17
"2019-07-07 07:45:50",17
"2019-07-07 08:45:50",17
"2019-07-07 09:45:48",17
"2019-07-07 10:45:50",17
"2019-07-07 11:45:45",17
"2019-07-07 12:45:45",17
"2019-07-07 13:45:46",17
"2019-07-07 14:45:48",17
"2019-07-07 15:45:51",17
"2019-07-07 16:45:51",17
"2019-07-07 17:45:49",17
"2019-07-07 18:45:50",17
"2019-07-07 19:45:47",17
"2019-07-07 20:45:48",17
"2019-07-07 21:45:49",17
"2019-07-07 22:45:50",17
"2019-07-07 23:45:48",17
"2019-07-08 00:45:49",17
"2019-07-08 01:45:51",17
"2019-07-08 02:45:48",17
"2019-07-08 03:45:55",17
"2019-07-08 04:45:48",17
"2019-07-08 05:45:45",17
"2019-07-08 06:45:55",17
"2019-07-08 07:45:58",17
"2019-07-08 08:45:55",17
"2019-07-08 09:45:58",17
"2019-07-08 10:45:59",17
"2019-07-08 11:46:08",17
"2019-07-08 12:45:51",17
"2019-07-08 13:45:49",17
"2019-07-08 14:45:50",17
"2019-07-08 15:45:49",17
"2019-07-08 16:45:50",17
"2019-07-08 17:45:48",17
"2019-07-08 18:45:52",17
"2019-07-08 19:45:48",17
"2019-07-08 20:45:48",17
"2019-07-08 21:45:49",17
"2019-07-08 22:45:50",17
"2019-07-08 23:45:47",17
"2019-07-09 00:45:49",17
"2019-07-09 01:45:47",17
"2019-07-09 02:45:58",17
"2019-07-09 03:45:53",17
"2019-07-09 04:45:52",17
"2019-07-09 05:46:00",17
"2019-07-09 06:45:54",17
"2019-07-09 07:45:54",17
"2019-07-09 08:45:50",17
"2019-07-09 09:45:49",17
"2019-07-09 10:45:46",17
"2019-07-09 11:45:50",17
"2019-07-09 13:08:52",17
"2019-07-09 13:45:47",17
"2019-07-09 14:45:50",17
"2019-07-09 15:45:49",17
"2019-07-09 16:45:47",17
"2019-07-09 17:45:51",17
"2019-07-09 18:45:48",17
"2019-07-09 19:45:49",17
"2019-07-09 20:45:49",17
"2019-07-09 21:45:48",17
"2019-07-09 22:45:47",17
"2019-07-09 23:45:48",17
"2019-07-10 00:45:48",17
"2019-07-10 01:45:49",17
"2019-07-10 02:45:48",17
"2019-07-10 03:45:47",17
"2019-07-10 04:45:47",17
"2019-07-10 05:45:53",17
"2019-07-10 06:45:50",17
"2019-07-10 07:45:45",17
"2019-07-10 08:45:47",17
"2019-07-10 09:45:45",17
"2019-07-10 10:45:46",17
"2019-07-10 11:45:49",17
"2019-07-10 12:45:52",17
"2019-07-10 13:45:49",17
"2019-07-10 14:45:47",17
"2019-07-10 15:45:51",17
"2019-07-10 16:46:04",17
"2019-07-10 17:45:48",17
"2019-07-10 18:45:47",17
"2019-07-10 19:45:48",17
"2019-07-10 20:45:48",17
"2019-07-10 21:45:47",17
"2019-07-10 22:45:55",17
"2019-07-10 23:45:48",17
"2019-07-11 00:45:47",17
"2019-07-11 01:45:50",17
"2019-07-11 02:45:56",17
"2019-07-11 03:45:51",17
"2019-07-11 04:45:55",17
"2019-07-11 05:45:52",17
"2019-07-11 06:45:51",17
"2019-07-11 07:45:50",17
"2019-07-11 08:45:56",17
"2019-07-11 09:45:49",17
"2019-07-11 10:45:51",17
"2019-07-11 11:45:47",17
"2019-07-11 12:45:47",17
"2019-07-11 13:45:48",17
"2019-07-11 14:45:48",17
"2019-07-11 15:45:48",17
"2019-07-11 16:45:48",17
"2019-07-11 17:45:48",17
"2019-07-11 18:45:49",17
"2019-07-11 19:45:48",17
"2019-07-11 20:45:47",17
"2019-07-11 21:45:53",17
"2019-07-11 22:45:52",17
"2019-07-11 23:45:49",17
"2019-07-12 00:45:47",17
"2019-07-12 01:45:49",17
"2019-07-12 02:45:47",17
"2019-07-12 03:45:47",17
"2019-07-12 04:45:46",17
"2019-07-12 05:45:54",17
"2019-07-12 06:45:56",17
"2019-07-12 07:45:49",17
"2019-07-12 08:45:49",17
"2019-07-12 09:45:59",17
"2019-07-12 10:45:51",17
"2019-07-12 11:45:49",17
"2019-07-12 13:09:22",17
"2019-07-12 13:45:50",17
"2019-07-12 14:45:50",17
"2019-07-12 15:46:12",17
"2019-07-12 16:45:54",17
"2019-07-12 17:45:55",17
"2019-07-12 18:45:49",17
"2019-07-12 19:45:46",17
"2019-07-12 20:45:46",17
"2019-07-12 21:45:49",17
"2019-07-12 22:45:55",17
"2019-07-12 23:45:48",17
"2019-07-13 00:45:48",17
"2019-07-13 01:45:50",17
"2019-07-13 02:45:53",17
"2019-07-13 03:45:46",17
"2019-07-13 04:45:49",17
"2019-07-13 05:45:48",17
"2019-07-13 06:45:47",17
"2019-07-13 07:45:50",17
"2019-07-13 08:45:47",17
"2019-07-13 09:45:48",17
"2019-07-13 10:45:48",17
"2019-07-13 11:45:51",17
"2019-07-13 12:45:53",17
"2019-07-13 13:45:48",17
"2019-07-13 14:45:47",17
"2019-07-13 15:45:50",17
"2019-07-13 16:46:20",17
"2019-07-13 17:45:52",17
"2019-07-13 18:45:54",17
"2019-07-13 19:45:53",17
"2019-07-13 20:45:53",17
"2019-07-13 21:45:52",17
"2019-07-13 22:45:48",17
"2019-07-13 23:45:48",17
"2019-07-14 00:45:48",17
"2019-07-14 01:45:57",17
"2019-07-14 02:45:49",17
"2019-07-14 03:45:51",17
"2019-07-14 04:45:49",17
"2019-07-14 05:45:53",17
"2019-07-14 06:45:51",17
"2019-07-14 07:45:48",17
"2019-07-14 08:45:48",17
"2019-07-14 09:45:44",17
"2019-07-14 10:45:48",17
"2019-07-14 11:45:52",17
"2019-07-14 12:45:48",17
"2019-07-14 13:45:51",17
"2019-07-14 14:45:48",17
"2019-07-14 15:45:50",17
"2019-07-14 16:45:52",17
"2019-07-14 17:45:49",17
"2019-07-14 18:45:48",17
"2019-07-14 19:45:47",17
"2019-07-14 20:45:56",17
"2019-07-14 21:45:47",17
"2019-07-14 22:45:47",17
"2019-07-14 23:45:47",17
"2019-07-15 00:45:49",17
"2019-07-15 01:45:47",17
"2019-07-15 02:45:48",17
"2019-07-15 03:45:46",17
"2019-07-15 04:45:46",17
"2019-07-15 05:45:56",17
"2019-07-15 06:46:01",17
"2019-07-15 07:45:49",17
"2019-07-15 08:45:46",17
"2019-07-15 09:45:47",17
"2019-07-15 10:45:49",17
"2019-07-15 11:45:45",17
"2019-07-15 13:09:54",17
"2019-07-15 13:45:51",17
"2019-07-15 14:45:49",17
"2019-07-15 15:45:47",17
"2019-07-15 16:46:03",17
"2019-07-15 17:45:49",17
"2019-07-15 18:45:47",17
"2019-07-15 19:45:48",16
"2019-07-15 20:45:50",16
"2019-07-15 21:45:47",16
"2019-07-15 22:45:54",16
"2019-07-15 23:45:48",16
"2019-07-16 00:45:47",16
"2019-07-16 01:45:48",16
"2019-07-16 02:45:55",16
"2019-07-16 03:45:48",16
"2019-07-16 04:45:47",16
"2019-07-16 05:45:57",16
"2019-07-16 06:46:02",16
"2019-07-16 07:45:47",16
"2019-07-16 08:45:48",16
"2019-07-16 09:45:48",16
"2019-07-16 10:45:50",16
"2019-07-16 11:45:47",16
"2019-07-16 13:09:51",16
"2019-07-16 13:45:50",16
"2019-07-16 14:45:47",16
"2019-07-16 15:45:57",16
"2019-07-16 16:45:50",16
"2019-07-16 17:45:51",16
"2019-07-16 18:45:49",16
"2019-07-16 19:45:47",16
"2019-07-16 20:46:22",16
"2019-07-16 21:45:49",16
"2019-07-16 22:45:50",16
"2019-07-16 23:45:48",16
"2019-07-17 00:45:48",16
"2019-07-17 01:45:49",16
"2019-07-17 02:45:49",16
"2019-07-17 03:45:51",16
"2019-07-17 04:45:51",16
"2019-07-17 05:46:03",16
"2019-07-17 06:45:53",16
"2019-07-17 07:45:53",16
"2019-07-17 08:45:50",16
"2019-07-17 09:45:50",16
"2019-07-17 10:45:50",16
"2019-07-17 11:45:47",16
"2019-07-17 13:09:23",16
"2019-07-17 13:45:49",16
"2019-07-17 14:45:52",16
"2019-07-17 15:45:59",16
"2019-07-17 16:45:58",16
"2019-07-17 17:45:47",16
"2019-07-17 18:45:50",16
"2019-07-17 19:45:47",16
"2019-07-17 20:45:48",16
"2019-07-17 21:45:48",16
"2019-07-17 22:45:50",16
"2019-07-17 23:45:48",16
"2019-07-18 00:45:47",16
"2019-07-18 01:45:59",16
"2019-07-18 02:45:50",16
"2019-07-18 03:45:50",16
"2019-07-18 04:45:48",16
"2019-07-18 05:45:53",16
"2019-07-18 06:45:51",16
"2019-07-18 07:45:46",16
"2019-07-18 08:45:53",16
"2019-07-18 09:45:47",16
"2019-07-18 10:45:49",16
"2019-07-18 11:45:46",16
"2019-07-18 13:09:57",16
"2019-07-18 13:45:48",16
"2019-07-18 14:45:48",16
"2019-07-18 15:45:47",16
"2019-07-18 16:45:59",16
"2019-07-18 17:45:49",16
"2019-07-18 18:45:49",16
"2019-07-18 19:45:51",16
"2019-07-18 20:45:50",16
"2019-07-18 21:45:48",16
"2019-07-18 22:45:50",16
"2019-07-18 23:45:54",16
"2019-07-19 00:45:50",16
"2019-07-19 01:45:50",16
"2019-07-19 02:45:52",16
"2019-07-19 03:45:49",16
"2019-07-19 04:45:53",16
"2019-07-19 05:46:07",16
"2019-07-19 06:45:51",16
"2019-07-19 07:45:56",16
"2019-07-19 08:45:48",16
"2019-07-19 09:45:49",16
"2019-07-19 10:45:48",16
"2019-07-19 11:45:48",16
"2019-07-19 13:09:21",16
"2019-07-19 13:45:48",16
"2019-07-19 14:45:47",15
"2019-07-19 15:45:49",15
"2019-07-19 16:45:49",15
"2019-07-19 17:45:52",15
"2019-07-19 18:45:49",15
"2019-07-19 19:45:48",15
"2019-07-19 20:45:48",15
"2019-07-19 21:45:46",15
"2019-07-19 22:45:49",15
"2019-07-19 23:45:47",15
"2019-07-20 00:45:48",15
"2019-07-20 01:45:57",15
"2019-07-20 02:45:58",15
"2019-07-20 03:45:50",15
"2019-07-20 04:45:56",15
"2019-07-20 05:45:54",15
"2019-07-20 06:45:47",15
"2019-07-20 07:45:46",15
"2019-07-20 08:45:48",15
"2019-07-20 09:45:45",15
"2019-07-20 10:45:45",15
"2019-07-20 11:45:47",15
"2019-07-20 12:45:48",15
"2019-07-20 13:45:47",15
"2019-07-20 14:45:47",15
"2019-07-20 15:45:47",15
"2019-07-20 16:45:50",15
"2019-07-20 17:45:47",15
"2019-07-20 18:45:48",15
"2019-07-20 19:45:48",15
"2019-07-20 20:45:46",15
"2019-07-20 21:45:49",15
"2019-07-20 22:45:45",15
"2019-07-20 23:45:46",15
"2019-07-21 00:45:48",15
"2019-07-21 01:45:47",15
"2019-07-21 02:45:50",15
"2019-07-21 03:45:46",15
"2019-07-21 04:45:47",15
"2019-07-21 05:45:56",15
"2019-07-21 06:45:58",15
"2019-07-21 07:45:46",15
"2019-07-21 08:45:47",15
"2019-07-21 09:45:49",15
"2019-07-21 10:45:57",15
"2019-07-21 11:45:47",15
"2019-07-21 12:45:45",15
"2019-07-21 13:45:48",15
"2019-07-21 14:45:47",15
"2019-07-21 15:45:46",15
"2019-07-21 16:45:47",15
"2019-07-21 17:45:48",15
"2019-07-21 18:45:48",15
"2019-07-21 19:45:48",15
"2019-07-21 20:45:48",15
"2019-07-21 21:45:49",15
"2019-07-21 22:45:46",15
"2019-07-21 23:45:48",15
"2019-07-22 00:45:46",15
"2019-07-22 01:45:48",15
"2019-07-22 02:45:47",15
"2019-07-22 03:45:47",15
"2019-07-22 04:45:48",15
"2019-07-22 05:45:51",15
"2019-07-22 06:45:57",15
"2019-07-22 07:45:47",15
"2019-07-22 08:45:49",15
"2019-07-22 09:45:46",15
"2019-07-22 10:45:46",15
"2019-07-22 11:46:04",15
"2019-07-22 12:45:54",15
"2019-07-22 13:45:47",15
"2019-07-22 14:45:49",15
"2019-07-22 15:45:47",15
"2019-07-22 16:45:50",15
"2019-07-22 17:45:49",15
"2019-07-22 18:45:57",15
"2019-07-22 19:45:54",15
"2019-07-22 20:45:52",15
"2019-07-22 21:45:53",15
"2019-07-22 22:45:47",15
"2019-07-22 23:45:47",15
"2019-07-23 00:45:47",15
"2019-07-23 01:45:46",15
"2019-07-23 02:45:53",15
"2019-07-23 03:45:50",15
"2019-07-23 04:45:50",15
"2019-07-23 05:45:52",15
"2019-07-23 06:45:56",15
"2019-07-23 07:45:55",15
"2019-07-23 08:45:47",15
"2019-07-23 09:45:51",15
"2019-07-23 10:45:48",15
"2019-07-23 11:45:47",15
"2019-07-23 13:08:55",15
"2019-07-23 13:45:48",15
"2019-07-23 14:45:50",15
"2019-07-23 15:45:55",15
"2019-07-23 16:45:51",15
"2019-07-23 17:45:47",15
"2019-07-23 18:45:50",15
"2019-07-23 19:45:51",15
"2019-07-23 20:45:50",15
"2019-07-23 21:45:49",15
"2019-07-23 22:45:54",15
"2019-07-23 23:45:52",15
"2019-07-24 00:45:50",15
"2019-07-24 01:45:50",15
"2019-07-24 02:45:57",15
"2019-07-24 03:45:50",15
"2019-07-24 04:45:48",15
"2019-07-24 05:45:50",15
"2019-07-24 06:45:46",15
"2019-07-24 07:45:46",15
"2019-07-24 08:45:52",15
"2019-07-24 09:45:50",15
"2019-07-24 10:45:50",15
"2019-07-24 11:45:45",15
"2019-07-24 13:08:23",15
"2019-07-24 13:45:51",15
"2019-07-24 14:45:48",15
"2019-07-24 15:45:51",15
"2019-07-24 16:45:50",15
"2019-07-24 17:45:48",15
"2019-07-24 18:45:53",15
"2019-07-24 19:45:48",15
"2019-07-24 20:45:51",15
"2019-07-24 21:45:49",15
"2019-07-24 22:45:50",15
"2019-07-24 23:45:51",15
"2019-07-25 00:45:48",15
"2019-07-25 01:45:56",15
"2019-07-25 02:46:06",15
"2019-07-25 03:45:49",15
"2019-07-25 04:45:50",15
"2019-07-25 05:45:56",15
"2019-07-25 06:45:55",15
"2019-07-25 07:45:49",15
"2019-07-25 08:45:53",15
"2019-07-25 09:45:49",15
"2019-07-25 10:46:01",15
"2019-07-25 11:45:49",15
"2019-07-25 13:08:55",15
"2019-07-25 13:45:54",15
"2019-07-25 14:45:52",15
"2019-07-25 15:45:50",15
"2019-07-25 16:45:53",15
"2019-07-25 17:45:53",15
"2019-07-25 18:45:58",15
"2019-07-25 19:46:26",15
"2019-07-25 20:45:55",15
"2019-07-25 21:45:57",15
"2019-07-25 22:45:56",15
"2019-07-25 23:45:51",15
"2019-07-26 00:46:06",15
"2019-07-26 01:45:53",15
"2019-07-26 02:45:53",15
"2019-07-26 03:45:54",15
"2019-07-26 04:45:55",15
"2019-07-26 05:46:00",15
"2019-07-26 06:46:13",15
"2019-07-26 07:46:01",15
"2019-07-26 08:45:47",15
"2019-07-26 09:45:50",15
"2019-07-26 10:45:52",15
"2019-07-26 11:45:55",15
"2019-07-26 13:10:55",15
"2019-07-26 13:45:51",15
"2019-07-26 14:45:51",15
"2019-07-26 15:45:50",15
"2019-07-26 16:45:53",15
"2019-07-26 17:45:53",15
"2019-07-26 18:45:53",15
"2019-07-26 19:45:50",15
"2019-07-26 20:45:50",15
"2019-07-26 22:45:48",15
"2019-07-26 23:45:47",15
"2019-07-27 00:45:48",15
"2019-07-27 01:45:49",15
"2019-07-27 02:45:52",15
"2019-07-27 03:45:48",15
"2019-07-27 04:45:49",15
"2019-07-27 05:45:49",15
"2019-07-27 06:45:49",15
"2019-07-27 07:45:48",15
"2019-07-27 08:45:48",15
"2019-07-27 09:45:46",15
"2019-07-27 10:45:49",15
"2019-07-27 11:45:46",15
"2019-07-27 12:45:49",15
"2019-07-27 13:45:47",15
"2019-07-27 14:45:48",15
"2019-07-27 15:45:52",15
"2019-07-27 16:45:59",15
"2019-07-27 17:45:55",15
"2019-07-27 18:45:52",15
"2019-07-27 19:45:50",15
"2019-07-27 20:45:53",15
"2019-07-27 21:45:49",15
"2019-07-27 22:45:50",15
"2019-07-27 23:45:49",15
"2019-07-28 00:45:48",15
"2019-07-28 01:45:48",15
"2019-07-28 02:45:48",15
"2019-07-28 03:45:46",15
"2019-07-28 04:45:48",15
"2019-07-28 05:45:46",15
"2019-07-28 06:45:47",15
"2019-07-28 07:45:49",15
"2019-07-28 08:45:47",15
"2019-07-28 09:45:45",15
"2019-07-28 10:45:44",15
"2019-07-28 11:45:45",15
"2019-07-28 12:45:47",15
"2019-07-28 13:45:46",15
"2019-07-28 14:45:48",15
"2019-07-28 15:45:46",15
"2019-07-28 16:45:49",15
"2019-07-28 17:45:49",15
"2019-07-28 18:45:48",15
"2019-07-28 19:45:48",15
"2019-07-28 20:45:47",15
"2019-07-28 21:45:47",15
"2019-07-28 22:45:50",15
"2019-07-28 23:45:50",15
"2019-07-29 00:45:48",15
"2019-07-29 01:45:48",15
"2019-07-29 02:45:48",15
"2019-07-29 03:45:50",15
"2019-07-29 04:45:49",15
"2019-07-29 05:45:55",15
"2019-07-29 06:46:01",15
"2019-07-29 07:45:49",15
"2019-07-29 08:45:48",15
"2019-07-29 09:45:48",15
"2019-07-29 10:45:48",15
"2019-07-29 11:45:50",15
"2019-07-29 13:09:52",15
"2019-07-29 13:45:52",15
"2019-07-29 14:45:49",15
"2019-07-29 15:45:49",15
"2019-07-29 16:45:49",15
"2019-07-29 17:45:48",15
"2019-07-29 18:45:49",15
"2019-07-29 19:45:48",15
"2019-07-29 20:45:48",15
"2019-07-29 21:45:47",15
"2019-07-29 22:45:49",15
"2019-07-29 23:45:48",15
"2019-07-30 00:45:48",15
"2019-07-30 01:45:49",15
"2019-07-30 02:45:50",15
"2019-07-30 03:45:48",15
"2019-07-30 04:45:47",15
"2019-07-30 05:45:49",15
"2019-07-30 06:45:49",15
"2019-07-30 07:45:57",15
"2019-07-30 08:45:50",15
"2019-07-30 09:45:47",15
"2019-07-30 10:45:46",15
"2019-07-30 11:45:50",15
"2019-07-30 12:45:49",15
"2019-07-30 13:45:50",15
"2019-07-30 14:45:51",15
"2019-07-30 15:45:51",15
"2019-07-30 16:45:51",15
"2019-07-30 17:45:57",15
"2019-07-30 18:45:53",15
"2019-07-30 19:45:55",15
"2019-07-30 20:45:52",15
"2019-07-30 21:45:51",15
"2019-07-30 22:45:52",15
"2019-07-30 23:45:49",15
"2019-07-31 00:46:23",15
"2019-07-31 01:45:49",15
"2019-07-31 02:45:50",15
"2019-07-31 03:45:52",15
"2019-07-31 04:45:51",15
"2019-07-31 05:46:04",15
"2019-07-31 06:45:51",15
"2019-07-31 07:45:50",15
"2019-07-31 08:45:50",15
"2019-07-31 09:45:52",15
"2019-07-31 10:45:49",15
"2019-07-31 11:45:47",15
"2019-07-31 13:09:57",15
"2019-07-31 13:45:50",15
"2019-07-31 14:45:51",15
"2019-07-31 15:45:53",15
"2019-07-31 16:45:55",15
"2019-07-31 17:45:50",15
"2019-07-31 18:45:49",15
"2019-07-31 19:45:49",15
"2019-07-31 20:45:52",15
"2019-07-31 21:45:51",15
"2019-07-31 22:45:50",15
"2019-07-31 23:45:50",15
"2019-08-01 00:45:51",15
"2019-08-01 01:46:06",15
"2019-08-01 02:45:53",15
"2019-08-01 03:45:50",15
"2019-08-01 04:45:49",15
"2019-08-01 05:45:54",15
"2019-08-01 06:45:50",15
"2019-08-01 07:45:57",15
"2019-08-01 08:45:49",15
"2019-08-01 09:45:52",15
"2019-08-01 10:45:50",15
"2019-08-01 11:45:47",15
"2019-08-01 13:08:23",15
"2019-08-01 13:45:51",15
"2019-08-01 14:45:51",15
"2019-08-01 15:45:58",15
"2019-08-01 16:45:54",15
"2019-08-01 17:45:53",15
"2019-08-01 18:45:49",15
"2019-08-01 19:45:50",15
"2019-08-01 20:45:49",15
"2019-08-01 21:45:50",15
"2019-08-01 22:45:49",15
"2019-08-01 23:45:51",15
"2019-08-02 00:45:49",15
"2019-08-02 01:45:50",15
"2019-08-02 02:45:48",15
"2019-08-02 03:45:50",15
"2019-08-02 04:45:49",15
"2019-08-02 05:45:52",15
"2019-08-02 06:45:49",15
"2019-08-02 07:45:47",15
"2019-08-02 08:45:51",15
"2019-08-02 09:45:52",15
"2019-08-02 10:46:01",15
"2019-08-02 11:45:49",15
"2019-08-02 13:09:57",15
"2019-08-02 13:45:53",15
"2019-08-02 14:45:52",15
"2019-08-02 15:45:52",15
"2019-08-02 16:45:54",15
"2019-08-02 17:45:50",15
"2019-08-02 18:45:53",15
"2019-08-02 19:45:52",15
"2019-08-02 20:45:52",15
"2019-08-02 21:45:51",15
"2019-08-02 22:45:49",15
"2019-08-02 23:45:52",15
"2019-08-03 00:45:50",15
"2019-08-03 01:45:49",15
"2019-08-03 02:46:04",15
"2019-08-03 03:45:50",15
"2019-08-03 04:45:49",15
"2019-08-03 05:45:57",15
"2019-08-03 06:45:51",15
"2019-08-03 07:45:47",15
"2019-08-03 08:45:52",15
"2019-08-03 09:45:50",15
"2019-08-03 10:45:50",15
"2019-08-03 11:45:49",15
"2019-08-03 12:45:51",15
"2019-08-03 13:45:51",15
"2019-08-03 14:45:51",15
"2019-08-03 15:45:48",15
"2019-08-03 16:45:51",15
"2019-08-03 17:45:51",15
"2019-08-03 18:45:51",15
"2019-08-03 19:45:49",15
"2019-08-03 20:45:48",15
"2019-08-03 21:45:48",15
"2019-08-03 22:45:49",15
"2019-08-03 23:45:49",15
"2019-08-04 00:45:50",15
"2019-08-04 01:45:49",15
"2019-08-04 02:45:56",15
"2019-08-04 03:45:52",15
"2019-08-04 04:45:49",15
"2019-08-04 05:45:56",15
"2019-08-04 06:45:49",15
"2019-08-04 07:45:50",15
"2019-08-04 08:45:52",15
"2019-08-04 09:45:49",15
"2019-08-04 10:45:48",15
"2019-08-04 11:45:46",15
"2019-08-04 12:45:49",15
"2019-08-04 13:45:49",15
"2019-08-04 14:45:48",15
"2019-08-04 15:45:49",15
"2019-08-04 16:45:51",15
"2019-08-04 17:45:49",15
"2019-08-04 18:45:50",15
"2019-08-04 19:45:49",15
"2019-08-04 20:45:50",15
"2019-08-04 21:45:50",15
"2019-08-04 22:45:50",15
"2019-08-04 23:45:49",15
"2019-08-05 00:45:49",15
"2019-08-05 01:45:51",15
"2019-08-05 02:45:52",15
"2019-08-05 03:45:50",15
"2019-08-05 04:45:50",15
"2019-08-05 05:45:53",15
"2019-08-05 06:45:49",15
"2019-08-05 07:45:55",15
"2019-08-05 08:45:52",15
"2019-08-05 09:45:52",15
"2019-08-05 10:45:50",15
"2019-08-05 11:45:49",15
"2019-08-05 13:10:26",15
"2019-08-05 13:45:55",15
"2019-08-05 14:45:53",15
"2019-08-05 15:45:50",15
"2019-08-05 16:45:52",16
"2019-08-05 17:45:53",16
"2019-08-05 18:45:55",16
"2019-08-05 19:45:52",16
"2019-08-05 20:45:50",16
"2019-08-05 21:45:51",16
"2019-08-05 22:45:52",16
"2019-08-05 23:45:54",16
"2019-08-06 00:46:05",16
"2019-08-06 01:45:57",16
"2019-08-06 02:45:51",16
"2019-08-06 03:45:51",16
"2019-08-06 04:45:52",16
"2019-08-06 05:45:54",16
"2019-08-06 06:45:50",16
"2019-08-06 07:45:51",16
"2019-08-06 08:45:49",16
"2019-08-06 09:45:57",16
"2019-08-06 10:45:49",16
"2019-08-06 11:45:50",16
"2019-08-06 12:45:50",16
"2019-08-06 13:45:53",16
"2019-08-06 14:45:49",16
"2019-08-06 15:45:52",16
"2019-08-06 16:45:53",16
"2019-08-06 17:45:51",16
"2019-08-06 18:45:50",16
"2019-08-06 19:45:51",16
"2019-08-06 20:45:52",16
"2019-08-06 21:45:50",16
"2019-08-06 23:45:50",16
"2019-08-07 00:45:52",16
"2019-08-07 01:45:52",16
"2019-08-07 02:45:54",16
"2019-08-07 03:45:51",16
"2019-08-07 04:45:50",16
"2019-08-07 05:45:54",16
"2019-08-07 06:45:58",16
"2019-08-07 07:45:48",16
"2019-08-07 08:45:51",16
"2019-08-07 09:45:49",16
"2019-08-07 10:45:58",16
"2019-08-07 11:45:49",16
"2019-08-07 12:45:53",16
"2019-08-07 13:45:54",16
"2019-08-07 14:45:52",16
"2019-08-07 15:45:51",16
"2019-08-07 16:45:52",16
"2019-08-07 17:45:51",16
"2019-08-07 18:45:50",16
"2019-08-07 19:45:50",16
"2019-08-07 20:45:50",16
"2019-08-07 21:45:50",16
"2019-08-07 22:45:49",16
"2019-08-07 23:45:51",16
"2019-08-08 00:45:54",16
"2019-08-08 01:45:50",16
"2019-08-08 02:45:58",16
"2019-08-08 03:45:49",16
"2019-08-08 04:45:49",16
"2019-08-08 05:45:51",16
"2019-08-08 06:45:54",16
"2019-08-08 07:45:50",16
"2019-08-08 08:45:49",16
"2019-08-08 09:45:49",16
"2019-08-08 10:45:55",16
"2019-08-08 11:45:49",16
"2019-08-08 12:45:52",16
"2019-08-08 13:45:52",16
"2019-08-08 14:45:50",16
"2019-08-08 15:45:53",16
"2019-08-08 16:45:54",16
"2019-08-08 17:45:51",16
"2019-08-08 18:45:53",16
"2019-08-08 19:45:51",16
"2019-08-08 20:45:54",16
"2019-08-08 21:45:55",16
"2019-08-08 22:45:54",16
"2019-08-08 23:45:55",16
"2019-08-09 00:45:57",16
"2019-08-09 01:45:57",16
"2019-08-09 02:45:59",16
"2019-08-09 03:45:56",16
"2019-08-09 04:45:56",16
"2019-08-09 05:46:02",16
"2019-08-09 06:45:57",16
"2019-08-09 07:46:14",16
"2019-08-09 08:45:56",16
"2019-08-09 09:46:03",16
"2019-08-09 10:45:56",16
"2019-08-09 11:45:56",16
"2019-08-09 13:10:01",16
"2019-08-09 13:45:56",16
"2019-08-09 14:46:06",17
"2019-08-09 15:45:56",16
"2019-08-09 16:46:05",16
"2019-08-09 17:45:55",16
"2019-08-09 18:45:56",16
"2019-08-09 19:45:57",16
"2019-08-09 20:45:54",16
"2019-08-09 21:45:57",16
"2019-08-09 22:45:56",16
"2019-08-09 23:45:58",16
"2019-08-10 00:45:57",16
"2019-08-10 01:45:56",16
"2019-08-10 02:46:15",16
"2019-08-10 03:45:54",16
"2019-08-10 04:45:56",16
"2019-08-10 05:46:02",16
"2019-08-10 06:45:55",16
"2019-08-10 07:45:55",16
"2019-08-10 08:45:55",16
"2019-08-10 09:45:57",16
"2019-08-10 10:45:58",16
"2019-08-10 11:45:54",16
"2019-08-10 12:45:59",16
"2019-08-10 13:45:58",16
"2019-08-10 14:45:54",16
"2019-08-10 15:45:53",16
"2019-08-10 16:46:03",16
"2019-08-10 17:45:56",16
"2019-08-10 18:45:55",16
"2019-08-10 19:45:56",16
"2019-08-10 20:45:55",16
"2019-08-10 21:45:52",16
"2019-08-10 22:45:54",16
"2019-08-10 23:45:56",16
"2019-08-11 00:45:53",16
"2019-08-11 01:45:54",16
"2019-08-11 02:46:03",16
"2019-08-11 03:45:58",16
"2019-08-11 04:45:54",16
"2019-08-11 05:46:05",16
"2019-08-11 06:45:54",16
"2019-08-11 07:45:56",16
"2019-08-11 08:45:54",16
"2019-08-11 09:45:52",16
"2019-08-11 10:45:52",16
"2019-08-11 11:45:55",16
"2019-08-11 12:45:56",16
"2019-08-11 13:45:58",16
"2019-08-11 14:45:56",16
"2019-08-11 15:45:55",16
"2019-08-11 16:45:56",16
"2019-08-11 17:45:55",16
"2019-08-11 18:45:55",16
"2019-08-11 19:45:57",16
"2019-08-11 20:45:59",16
"2019-08-11 21:45:59",16
"2019-08-11 22:45:58",16
"2019-08-11 23:46:00",16
"2019-08-12 00:45:59",16
"2019-08-12 01:45:57",16
"2019-08-12 02:46:09",16
"2019-08-12 03:45:58",16
"2019-08-12 04:45:57",16
"2019-08-12 05:46:03",16
"2019-08-12 06:46:05",16
"2019-08-12 07:45:55",16
"2019-08-12 08:45:58",16
"2019-08-12 09:45:56",16
"2019-08-12 10:46:01",16
"2019-08-12 11:45:55",16
"2019-08-12 12:46:01",16
"2019-08-12 13:46:08",16
"2019-08-12 14:45:56",16
"2019-08-12 15:45:57",16
"2019-08-12 16:46:06",16
"2019-08-12 17:45:54",16
"2019-08-12 18:45:52",16
"2019-08-12 19:45:52",16
"2019-08-12 20:45:55",16
"2019-08-12 21:45:52",16
"2019-08-12 22:45:53",16
"2019-08-12 23:45:55",16
"2019-08-13 00:45:53",16
"2019-08-13 01:45:54",16
"2019-08-13 02:46:00",16
"2019-08-13 03:45:55",16
"2019-08-13 04:45:51",16
"2019-08-13 05:45:57",16
"2019-08-13 06:45:58",16
"2019-08-13 07:45:54",16
"2019-08-13 08:45:52",16
"2019-08-13 09:45:56",16
"2019-08-13 10:46:02",16
"2019-08-13 11:45:58",16
"2019-08-13 12:45:57",16
"2019-08-13 13:45:57",16
"2019-08-13 14:45:55",16
"2019-08-13 15:46:00",16
"2019-08-13 16:45:58",16
"2019-08-13 17:45:55",16
"2019-08-13 18:45:56",16
"2019-08-13 19:45:55",16
"2019-08-13 20:45:54",16
"2019-08-13 21:45:59",16
"2019-08-13 22:46:02",16
"2019-08-13 23:45:57",16
"2019-08-14 00:45:58",16
"2019-08-14 01:45:56",16
"2019-08-14 02:45:58",16
"2019-08-14 03:45:54",16
"2019-08-14 04:45:53",16
"2019-08-14 05:46:12",16
"2019-08-14 06:45:55",16
"2019-08-14 07:45:53",16
"2019-08-14 08:45:52",16
"2019-08-14 09:45:57",16
"2019-08-14 10:45:50",16
"2019-08-14 11:45:51",16
"2019-08-14 13:09:01",16
"2019-08-14 13:45:56",16
"2019-08-14 14:45:57",16
"2019-08-14 15:45:57",16
"2019-08-14 16:45:54",16
"2019-08-14 17:45:51",16
"2019-08-14 18:45:58",16
"2019-08-14 19:45:58",16
"2019-08-14 20:45:56",16
"2019-08-14 21:46:12",16
"2019-08-14 22:45:54",16
"2019-08-14 23:45:52",16
"2019-08-15 00:46:24",16
"2019-08-15 01:45:56",16
"2019-08-15 02:45:57",16
"2019-08-15 03:45:54",16
"2019-08-15 04:45:55",16
"2019-08-15 05:46:01",16
"2019-08-15 06:45:54",16
"2019-08-15 07:45:51",16
"2019-08-15 08:46:06",16
"2019-08-15 09:45:54",16
"2019-08-15 10:45:53",16
"2019-08-15 11:45:53",16
"2019-08-15 13:08:59",16
"2019-08-15 13:46:01",16
"2019-08-15 14:45:57",16
"2019-08-15 15:45:51",17
"2019-08-15 16:46:10",17
"2019-08-15 17:45:49",17
"2019-08-15 18:45:53",17
"2019-08-15 19:45:52",17
"2019-08-15 20:45:53",17
"2019-08-15 21:45:50",17
"2019-08-15 22:45:50",17
"2019-08-15 23:46:03",17
"2019-08-16 00:46:04",17
"2019-08-16 01:46:13",17
"2019-08-16 02:45:53",17
"2019-08-16 03:45:54",17
"2019-08-16 04:45:49",17
"2019-08-16 05:46:11",17
"2019-08-16 06:45:50",17
"2019-08-16 07:45:52",17
"2019-08-16 08:45:52",17
"2019-08-16 09:45:55",17
"2019-08-16 10:45:50",17
"2019-08-16 11:45:49",17
"2019-08-16 12:45:52",17
"2019-08-16 13:45:56",17
"2019-08-16 14:45:51",17
"2019-08-16 15:45:54",17
"2019-08-16 16:46:07",17
"2019-08-16 19:45:58",18
"2019-08-16 20:46:03",18
"2019-08-16 21:45:58",18
"2019-08-16 22:45:59",18
"2019-08-16 23:45:59",18
"2019-08-17 00:45:59",18
"2019-08-17 01:46:04",18
"2019-08-17 02:46:14",18
"2019-08-17 03:46:00",18
"2019-08-17 04:45:59",18
"2019-08-17 05:46:01",18
"2019-08-17 06:45:58",18
"2019-08-17 07:45:58",18
"2019-08-17 08:45:59",18
"2019-08-17 09:45:58",18
"2019-08-17 10:45:55",18
"2019-08-17 11:45:57",18
"2019-08-17 12:45:55",18
"2019-08-17 13:45:57",18
"2019-08-17 14:46:40",18
"2019-08-17 15:45:56",18
"2019-08-17 16:45:57",18
"2019-08-17 17:45:55",18
"2019-08-17 18:45:56",18
"2019-08-17 19:45:56",18
"2019-08-17 20:45:57",18
"2019-08-17 21:45:55",18
"2019-08-17 22:45:55",18
"2019-08-17 23:45:54",18
"2019-08-18 00:45:55",18
"2019-08-18 01:45:54",18
"2019-08-18 02:45:58",18
"2019-08-18 03:45:56",18
"2019-08-18 04:45:54",18
"2019-08-18 05:46:21",18
"2019-08-18 06:46:16",18
"2019-08-18 07:46:00",18
"2019-08-18 08:46:01",18
"2019-08-18 09:46:03",18
"2019-08-18 10:45:56",18
"2019-08-18 11:45:57",18
"2019-08-18 12:45:58",18
"2019-08-18 13:45:59",18
"2019-08-18 14:46:00",18
"2019-08-18 15:45:59",18
"2019-08-18 16:46:03",18
"2019-08-18 17:45:56",18
"2019-08-18 18:45:57",18
"2019-08-18 19:46:02",18
"2019-08-18 20:46:00",18
"2019-08-18 21:46:05",18
"2019-08-18 22:45:59",18
"2019-08-18 23:45:59",18
"2019-08-19 00:45:58",18
"2019-08-19 01:46:03",18
"2019-08-19 02:46:01",18
"2019-08-19 03:45:57",18
"2019-08-19 04:45:56",18
"2019-08-19 05:46:04",18
"2019-08-19 06:46:01",18
"2019-08-19 07:46:10",18
"2019-08-19 08:45:57",18
"2019-08-19 09:46:06",18
"2019-08-19 10:45:58",18
"2019-08-19 11:45:57",18
"2019-08-19 12:46:04",18
"2019-08-19 13:46:00",18
"2019-08-19 14:45:52",18
"2019-08-19 15:45:54",18
"2019-08-19 16:45:53",18
"2019-08-19 17:45:52",18
"2019-08-19 18:45:55",18
"2019-08-19 19:45:53",18
"2019-08-19 20:45:53",18
"2019-08-19 21:45:54",18
"2019-08-19 22:45:51",18
"2019-08-19 23:45:53",18
"2019-08-20 00:45:56",18
"2019-08-20 01:45:52",18
"2019-08-20 02:45:57",18
"2019-08-20 03:45:53",18
"2019-08-20 04:45:52",18
"2019-08-20 05:46:11",18
"2019-08-20 06:45:57",18
"2019-08-20 07:45:51",18
"2019-08-20 08:45:53",18
"2019-08-20 09:45:51",18
"2019-08-20 10:46:15",18
"2019-08-20 11:45:51",18
"2019-08-20 13:07:59",18
"2019-08-20 13:46:03",18
"2019-08-20 14:45:54",18
"2019-08-20 15:45:53",18
"2019-08-20 16:45:54",18
"2019-08-20 17:45:54",18
"2019-08-20 18:45:54",18
"2019-08-20 19:45:54",18
"2019-08-20 20:45:55",18
"2019-08-20 21:45:56",18
"2019-08-20 22:45:54",18
"2019-08-20 23:45:53",18
"2019-08-21 00:45:56",18
"2019-08-21 01:46:00",18
"2019-08-21 02:46:01",18
"2019-08-21 03:46:00",18
"2019-08-21 04:45:54",18
"2019-08-21 05:45:59",18
"2019-08-21 06:46:03",18
"2019-08-21 07:45:55",18
"2019-08-21 08:45:58",18
"2019-08-21 09:45:55",18
"2019-08-21 10:45:53",18
"2019-08-21 11:45:53",18
"2019-08-21 12:45:54",18
"2019-08-21 13:45:58",18
"2019-08-21 14:45:56",17
"2019-08-21 15:45:58",17
"2019-08-21 16:46:11",17
"2019-08-21 17:45:55",17
"2019-08-21 18:45:57",17
"2019-08-21 19:45:56",17
"2019-08-21 20:45:56",17
"2019-08-21 21:45:58",17
"2019-08-21 22:45:58",17
"2019-08-21 23:45:55",17
"2019-08-22 00:45:57",17
"2019-08-22 01:45:55",17
"2019-08-22 02:46:02",17
"2019-08-22 03:45:55",17
"2019-08-22 04:45:54",17
"2019-08-22 05:45:59",17
"2019-08-22 06:45:54",17
"2019-08-22 07:45:57",17
"2019-08-22 08:45:55",17
"2019-08-22 09:45:55",17
"2019-08-22 10:45:58",17
"2019-08-22 11:45:58",17
"2019-08-22 12:45:59",17
"2019-08-22 13:46:00",17
"2019-08-22 14:46:01",17
"2019-08-22 15:46:02",17
"2019-08-22 16:46:06",17
"2019-08-22 17:46:00",17
"2019-08-22 18:46:02",17
"2019-08-22 19:45:59",17
"2019-08-22 20:46:01",17
"2019-08-22 21:46:02",17
"2019-08-22 22:46:00",17
"2019-08-22 23:46:01",17
"2019-08-23 00:46:02",17
"2019-08-23 01:46:05",17
"2019-08-23 02:46:07",17
"2019-08-23 03:45:57",17
"2019-08-23 04:45:58",17
"2019-08-23 05:45:59",17
"2019-08-23 06:45:58",17
"2019-08-23 07:45:56",17
"2019-08-23 08:45:58",17
"2019-08-23 09:45:57",17
"2019-08-23 10:46:02",17
"2019-08-23 11:45:56",17
"2019-08-23 12:46:01",17
"2019-08-23 13:46:03",17
"2019-08-23 14:45:59",17
"2019-08-23 15:45:59",17
"2019-08-23 16:46:01",17
"2019-08-23 17:45:56",17
"2019-08-23 18:46:03",17
"2019-08-23 19:45:59",17
"2019-08-23 20:45:55",17
"2019-08-23 21:45:56",17
"2019-08-23 22:46:39",17
"2019-08-23 23:45:56",17
"2019-08-24 00:45:58",17
"2019-08-24 01:45:55",17
"2019-08-24 02:46:19",17
"2019-08-24 03:45:55",17
"2019-08-24 04:45:53",17
"2019-08-24 05:45:59",17
"2019-08-24 06:45:59",17
"2019-08-24 07:46:01",17
"2019-08-24 08:45:59",17
"2019-08-24 09:45:57",17
"2019-08-24 10:45:56",17
"2019-08-24 11:45:54",17
"2019-08-24 12:45:59",17
"2019-08-24 13:45:55",17
"2019-08-24 14:45:57",17
"2019-08-24 15:45:58",17
"2019-08-24 16:46:10",17
"2019-08-24 17:45:57",17
"2019-08-24 18:46:00",17
"2019-08-24 19:45:57",17
"2019-08-24 20:45:57",17
"2019-08-24 21:45:56",17
"2019-08-24 22:45:57",17
"2019-08-24 23:45:55",17
"2019-08-25 00:45:54",17
"2019-08-25 01:45:59",17
"2019-08-25 02:46:10",17
"2019-08-25 03:45:55",17
"2019-08-25 04:45:54",17
"2019-08-25 05:45:54",17
"2019-08-25 06:45:55",17
"2019-08-25 07:45:55",17
"2019-08-25 08:45:58",17
"2019-08-25 09:45:54",17
"2019-08-25 10:45:54",17
"2019-08-25 11:46:00",17
"2019-08-25 12:45:56",17
"2019-08-25 13:45:57",17
"2019-08-25 14:45:55",17
"2019-08-25 15:45:58",17
"2019-08-25 16:46:00",17
"2019-08-25 17:45:55",17
"2019-08-25 18:45:54",17
"2019-08-25 19:45:57",17
"2019-08-25 20:45:56",17
"2019-08-25 21:45:57",17
"2019-08-25 22:45:55",17
"2019-08-25 23:45:57",17
"2019-08-26 00:45:54",17
"2019-08-26 01:45:52",17
"2019-08-26 02:45:59",17
"2019-08-26 03:45:54",17
"2019-08-26 04:45:57",17
"2019-08-26 05:45:59",17
"2019-08-26 06:45:56",17
"2019-08-26 07:46:01",17
"2019-08-26 08:45:55",17
"2019-08-26 09:45:54",17
"2019-08-26 10:45:57",17
"2019-08-26 11:45:55",17
"2019-08-26 12:45:58",17
"2019-08-26 13:45:57",17
"2019-08-26 14:45:55",18
"2019-08-26 15:45:59",18
"2019-08-26 16:46:07",18
"2019-08-26 17:45:56",18
"2019-08-26 18:45:57",18
"2019-08-26 19:45:59",18
"2019-08-26 20:46:02",18
"2019-08-26 21:45:58",18
"2019-08-26 22:45:55",18
"2019-08-26 23:45:56",18
"2019-08-27 00:45:59",18
"2019-08-27 01:45:57",18
"2019-08-27 02:46:05",18
"2019-08-27 03:45:57",18
"2019-08-27 04:45:56",18
"2019-08-27 05:46:02",18
"2019-08-27 06:46:04",18
"2019-08-27 07:45:55",18
"2019-08-27 08:45:59",18
"2019-08-27 09:45:56",18
"2019-08-27 10:45:53",18
"2019-08-27 11:46:01",18
"2019-08-27 12:46:02",18
"2019-08-27 13:46:17",18
"2019-08-27 14:45:57",19
"2019-08-27 15:45:59",19
"2019-08-27 16:46:06",19
"2019-08-27 17:45:56",19
"2019-08-27 18:45:57",19
"2019-08-27 19:45:59",19
"2019-08-27 20:45:57",19
"2019-08-27 21:45:58",19
"2019-08-27 22:45:58",19
"2019-08-27 23:46:04",19
"2019-08-28 00:46:02",19
"2019-08-28 01:45:59",19
"2019-08-28 02:46:05",19
"2019-08-28 03:46:06",19
"2019-08-28 04:46:00",19
"2019-08-28 05:46:04",19
"2019-08-28 06:46:03",19
"2019-08-28 07:46:02",19
"2019-08-28 08:46:00",19
"2019-08-28 09:46:02",19
"2019-08-28 10:45:59",19
"2019-08-28 11:46:04",19
"2019-08-28 12:45:58",19
"2019-08-28 13:45:56",19
"2019-08-28 14:45:54",19
"2019-08-28 15:46:00",19
"2019-08-28 16:46:15",19
"2019-08-28 17:45:54",19
"2019-08-28 18:45:56",20
"2019-08-28 19:45:56",20
"2019-08-28 20:46:00",20
"2019-08-28 21:45:59",20
"2019-08-28 22:45:56",20
"2019-08-28 23:46:04",20
"2019-08-29 00:45:54",20
"2019-08-29 01:45:58",20
"2019-08-29 02:45:58",20
"2019-08-29 03:45:55",20
"2019-08-29 04:45:56",20
"2019-08-29 05:46:10",20
"2019-08-29 06:45:53",20
"2019-08-29 07:45:59",20
"2019-08-29 08:45:56",20
"2019-08-29 09:45:56",20
"2019-08-29 10:45:52",20
"2019-08-29 11:45:53",20
"2019-08-29 12:45:58",20
"2019-08-29 13:45:56",20
"2019-08-29 14:45:54",20
"2019-08-29 15:45:54",20
"2019-08-29 16:46:03",20
"2019-08-29 17:45:54",20
"2019-08-29 18:45:53",20
"2019-08-29 19:45:51",20
"2019-08-29 20:45:54",20
"2019-08-29 21:45:54",20
"2019-08-29 22:45:53",20
"2019-08-29 23:45:54",20
"2019-08-30 00:45:57",20
"2019-08-30 01:46:02",20
"2019-08-30 02:45:55",20
"2019-08-30 03:45:57",20
"2019-08-30 04:45:55",20
"2019-08-30 05:46:04",20
"2019-08-30 06:45:50",20
"2019-08-30 07:45:51",20
"2019-08-30 08:45:51",20
"2019-08-30 09:45:52",20
"2019-08-30 10:45:50",20
"2019-08-30 11:45:50",20
"2019-08-30 12:45:53",20
"2019-08-30 13:45:53",20
"2019-08-30 14:45:52",21
"2019-08-30 15:45:53",21
"2019-08-30 16:45:53",21
"2019-08-30 17:45:55",21
"2019-08-30 18:45:51",21
"2019-08-30 20:46:09",21
"2019-08-30 21:46:04",21
"2019-08-30 22:46:07",21
"2019-08-30 23:46:06",21
"2019-08-31 00:46:05",21
"2019-08-31 01:46:09",21
"2019-08-31 02:46:07",21
"2019-08-31 03:46:07",21
"2019-08-31 04:46:06",21
"2019-08-31 23:46:35",21
"2019-09-01 00:46:10",21
"2019-09-01 01:46:06",21
"2019-09-01 02:46:07",21
"2019-09-01 03:46:07",21
"2019-09-01 04:46:05",21
"2019-09-01 05:46:07",21
"2019-09-01 06:46:05",21
"2019-09-01 07:46:02",21
"2019-09-01 08:46:06",21
"2019-09-01 09:46:04",21
"2019-09-01 10:46:05",21
"2019-09-01 11:46:03",21
"2019-09-01 12:46:07",21
"2019-09-01 13:46:06",21
"2019-09-01 14:46:05",21
"2019-09-01 15:46:05",21
"2019-09-01 16:46:13",21
"2019-09-01 17:46:09",21
"2019-09-01 18:46:05",21
"2019-09-01 19:46:03",21
"2019-09-01 20:46:05",21
"2019-09-01 21:46:05",21
"2019-09-01 22:46:07",21
"2019-09-01 23:46:07",21
"2019-09-02 00:46:04",21
"2019-09-02 01:46:02",21
"2019-09-02 02:46:03",21
"2019-09-02 03:46:07",21
"2019-09-02 04:46:08",21
"2019-09-02 05:46:20",21
"2019-09-02 06:46:09",21
"2019-09-02 07:46:09",21
"2019-09-02 08:46:06",21
"2019-09-02 09:46:14",21
"2019-09-02 10:46:13",21
"2019-09-02 11:46:07",21
"2019-09-02 12:46:03",21
"2019-09-02 13:46:06",21
"2019-09-02 14:46:05",21
"2019-09-02 15:46:06",21
"2019-09-02 16:46:17",21
"2019-09-02 17:46:05",21
"2019-09-02 18:46:09",21
"2019-09-02 19:46:07",21
"2019-09-02 20:46:05",21
"2019-09-02 21:46:08",21
"2019-09-02 22:46:07",21
"2019-09-02 23:46:09",21
"2019-09-03 00:46:08",21
"2019-09-03 01:46:08",21
"2019-09-03 02:46:10",21
"2019-09-03 03:46:07",21
"2019-09-03 04:46:04",21
"2019-09-03 05:46:18",21
"2019-09-03 06:46:10",21
"2019-09-03 07:46:05",21
"2019-09-03 08:46:14",21
"2019-09-03 09:46:05",21
"2019-09-03 10:46:10",21
"2019-09-03 11:46:05",21
"2019-09-03 13:10:21",21
"2019-09-03 13:46:15",21
"2019-09-03 14:46:08",20
"2019-09-03 15:46:07",21
"2019-09-03 16:46:11",21
"2019-09-03 17:46:08",21
"2019-09-03 18:46:05",21
"2019-09-03 19:46:06",22
"2019-09-03 20:46:07",22
"2019-09-03 21:46:05",22
"2019-09-03 22:46:16",22
"2019-09-03 23:46:06",22
"2019-09-04 00:46:10",22
"2019-09-04 01:46:08",22
"2019-09-04 02:46:07",22
"2019-09-04 03:46:06",22
"2019-09-04 04:46:04",22
"2019-09-04 05:46:18",22
"2019-09-04 06:46:07",22
"2019-09-04 07:46:05",22
"2019-09-04 08:46:06",22
"2019-09-04 09:46:08",22
"2019-09-04 10:46:06",22
"2019-09-04 11:46:06",22
"2019-09-04 13:09:14",22
"2019-09-04 13:46:08",22
"2019-09-04 14:46:06",22
"2019-09-04 15:46:07",21
"2019-09-04 16:46:20",21
"2019-09-04 17:46:05",21
"2019-09-04 18:46:07",22
"2019-09-04 19:46:07",22
"2019-09-04 20:46:08",22
"2019-09-04 21:46:05",22
"2019-09-04 22:46:05",22
"2019-09-04 23:46:12",22
"2019-09-05 01:46:06",22
"2019-09-05 02:46:13",22
"2019-09-05 03:46:05",22
"2019-09-05 04:46:06",22
"2019-09-05 05:46:18",22
"2019-09-05 06:46:03",22
"2019-09-05 07:46:09",22
"2019-09-05 08:46:06",22
"2019-09-05 09:46:03",22
"2019-09-05 10:46:12",22
"2019-09-05 11:46:05",22
"2019-09-05 13:10:10",22
"2019-09-05 13:46:07",22
"2019-09-05 14:46:11",21
"2019-09-05 15:46:07",21
"2019-09-05 16:46:20",21
"2019-09-05 17:46:09",21
"2019-09-05 18:46:05",21
"2019-09-05 19:46:05",21
"2019-09-05 20:46:07",21
"2019-09-05 21:46:05",21
"2019-09-05 22:46:07",21
"2019-09-05 23:46:09",21
"2019-09-06 00:46:08",21
"2019-09-06 01:46:08",21
"2019-09-06 02:46:06",21
"2019-09-06 03:46:03",21
"2019-09-06 04:46:05",21
"2019-09-06 05:46:19",21
"2019-09-06 06:46:08",21
"2019-09-06 07:46:09",21
"2019-09-06 08:46:05",21
"2019-09-06 09:46:07",21
"2019-09-06 10:46:06",21
"2019-09-06 11:46:27",21
"2019-09-06 13:09:11",21
"2019-09-06 13:46:09",21
"2019-09-06 14:46:05",21
"2019-09-06 15:46:06",21
"2019-09-06 16:46:18",21
"2019-09-06 17:46:07",21
"2019-09-06 18:46:09",21
"2019-09-06 19:46:05",21
"2019-09-06 20:46:07",21
"2019-09-06 21:46:08",21
"2019-09-06 22:46:06",21
"2019-09-06 23:46:05",21
"2019-09-07 01:46:07",21
"2019-09-07 02:46:09",21
"2019-09-07 03:46:10",21
"2019-09-07 04:46:08",21
"2019-09-07 05:46:35",21
"2019-09-07 06:46:06",21
"2019-09-07 07:46:03",21
"2019-09-07 08:46:04",21
"2019-09-07 09:46:06",21
"2019-09-07 10:46:08",21
"2019-09-07 11:46:04",21
"2019-09-07 12:46:05",21
"2019-09-07 13:46:09",21
"2019-09-07 14:46:07",21
"2019-09-07 15:46:07",21
"2019-09-07 16:46:07",21
"2019-09-07 17:46:07",21
"2019-09-07 18:46:06",21
"2019-09-07 19:46:05",21
"2019-09-07 20:46:06",21
"2019-09-07 22:46:03",21
"2019-09-07 23:46:07",21
"2019-09-08 00:46:07",21
"2019-09-08 01:46:10",21
"2019-09-08 02:46:14",21
"2019-09-08 03:46:08",21
"2019-09-08 04:46:06",21
"2019-09-08 05:46:13",21
"2019-09-08 06:46:06",21
"2019-09-08 07:46:05",21
"2019-09-08 08:46:06",21
"2019-09-08 09:46:04",21
"2019-09-08 10:46:07",21
"2019-09-08 11:46:04",21
"2019-09-08 12:46:06",21
"2019-09-08 13:46:07",21
"2019-09-08 14:46:07",21
"2019-09-08 15:46:05",21
"2019-09-08 16:46:15",21
"2019-09-08 17:46:06",21
"2019-09-08 18:46:05",21
"2019-09-08 19:46:13",21
"2019-09-08 20:46:10",21
"2019-09-08 21:46:08",21
"2019-09-08 22:46:04",21
"2019-09-08 23:46:05",21
"2019-09-09 00:46:05",21
"2019-09-09 01:46:07",21
"2019-09-09 02:46:07",21
"2019-09-09 03:46:06",21
"2019-09-09 04:46:04",21
"2019-09-09 05:46:21",21
"2019-09-09 06:46:04",21
"2019-09-09 07:46:05",21
"2019-09-09 08:46:05",21
"2019-09-09 09:46:02",21
"2019-09-09 10:46:03",21
"2019-09-09 11:46:06",21
"2019-09-09 13:09:12",21
"2019-09-09 13:46:12",21
"2019-09-09 14:46:14",21
"2019-09-09 15:46:07",20
"2019-09-09 16:46:24",20
"2019-09-09 17:46:06",21
"2019-09-09 18:46:06",21
"2019-09-09 19:46:07",20
"2019-09-09 20:46:05",20
"2019-09-09 21:46:06",20
"2019-09-09 22:46:06",20
"2019-09-09 23:46:06",20
"2019-09-10 00:46:08",20
"2019-09-10 01:46:07",20
"2019-09-10 02:46:14",20
"2019-09-10 03:46:08",20
"2019-09-10 04:46:08",20
"2019-09-10 05:46:13",20
"2019-09-10 06:46:06",20
"2019-09-10 07:46:04",20
"2019-09-10 08:46:08",20
"2019-09-10 09:46:20",20
"2019-09-10 10:46:06",20
"2019-09-10 11:46:06",20
"2019-09-10 12:46:08",20
"2019-09-10 13:46:07",20
"2019-09-10 14:46:05",20
"2019-09-10 15:46:05",20
"2019-09-10 16:46:21",20
"2019-09-10 17:46:06",20
"2019-09-10 18:46:08",20
"2019-09-10 19:46:14",20
"2019-09-10 20:46:04",19
"2019-09-10 21:46:07",19
"2019-09-10 22:46:05",19
"2019-09-10 23:46:05",19
"2019-09-11 00:46:06",19
"2019-09-11 01:46:07",19
"2019-09-11 02:46:05",19
"2019-09-11 03:46:04",19
"2019-09-11 04:46:05",19
"2019-09-11 05:46:19",19
"2019-09-11 06:46:07",19
"2019-09-11 07:46:02",19
"2019-09-11 08:46:05",19
"2019-09-11 09:46:10",19
"2019-09-11 10:46:19",19
"2019-09-11 11:46:15",19
"2019-09-11 12:46:06",19
"2019-09-11 13:46:10",19
"2019-09-11 14:46:06",19
"2019-09-11 15:46:05",18
"2019-09-11 16:46:10",18
"2019-09-11 17:46:04",18
"2019-09-11 18:46:06",18
"2019-09-11 19:46:06",18
"2019-09-11 20:46:05",18
"2019-09-11 21:46:11",18
"2019-09-11 22:46:05",18
"2019-09-11 23:46:05",18
"2019-09-12 00:46:07",18
"2019-09-12 01:46:06",18
"2019-09-12 02:46:13",18
"2019-09-12 03:46:05",18
"2019-09-12 04:46:04",18
"2019-09-12 05:46:17",18
"2019-09-12 06:46:06",18
"2019-09-12 07:46:05",18
"2019-09-12 08:46:03",18
"2019-09-12 09:46:04",18
"2019-09-12 10:46:23",18
"2019-09-12 11:46:08",18
"2019-09-12 13:10:16",18
"2019-09-12 13:46:09",18
"2019-09-12 14:46:11",18
"2019-09-12 15:46:07",18
"2019-09-12 16:46:07",18
"2019-09-12 17:46:05",18
"2019-09-12 18:46:05",18
"2019-09-12 19:46:05",18
"2019-09-12 20:46:03",18
"2019-09-12 21:46:02",18
"2019-09-12 22:46:06",18
"2019-09-12 23:46:05",18
"2019-09-13 00:46:05",18
"2019-09-13 01:46:09",18
"2019-09-13 02:46:06",18
"2019-09-13 03:46:06",18
"2019-09-13 04:46:04",18
"2019-09-13 05:46:05",18
"2019-09-13 06:46:06",18
"2019-09-13 07:46:03",18
"2019-09-13 08:46:05",18
"2019-09-13 09:46:04",18
"2019-09-13 10:46:04",18
"2019-09-13 11:46:03",18
"2019-09-13 13:10:07",18
"2019-09-13 14:11:09",18
"2019-09-13 14:46:07",18
"2019-09-13 15:46:05",18
"2019-09-13 16:46:05",18
"2019-09-13 17:46:04",18
"2019-09-13 18:46:03",18
"2019-09-13 19:46:04",18
"2019-09-13 20:46:00",18
"2019-09-13 21:46:08",18
"2019-09-13 22:46:01",18
"2019-09-13 23:46:05",18
"2019-09-14 00:46:06",18
"2019-09-14 01:45:59",18
"2019-09-14 02:46:04",18
"2019-09-14 03:46:04",18
"2019-09-14 04:46:02",18
"2019-09-14 05:46:04",18
"2019-09-14 06:46:03",18
"2019-09-14 07:46:03",18
"2019-09-14 08:46:03",18
"2019-09-14 09:46:02",18
"2019-09-14 10:46:03",18
"2019-09-14 11:45:58",18
"2019-09-14 12:46:04",18
"2019-09-14 13:46:00",18
"2019-09-14 14:46:03",18
"2019-09-14 15:45:59",18
"2019-09-14 16:46:05",18
"2019-09-14 17:46:04",18
"2019-09-14 18:45:59",18
"2019-09-14 19:46:00",18
"2019-09-14 20:46:00",18
"2019-09-14 21:46:06",18
"2019-09-14 22:46:02",18
"2019-09-14 23:46:06",18
"2019-09-15 00:46:05",18
"2019-09-15 01:46:00",18
"2019-09-15 02:46:06",18
"2019-09-15 03:46:06",18
"2019-09-15 04:46:03",18
"2019-09-15 05:46:00",18
"2019-09-15 06:46:07",18
"2019-09-15 07:46:05",18
"2019-09-15 08:46:06",18
"2019-09-15 09:46:03",18
"2019-09-15 10:46:02",18
"2019-09-15 11:46:04",18
"2019-09-15 12:46:05",18
"2019-09-15 13:46:05",18
"2019-09-15 14:46:03",18
"2019-09-15 15:46:00",18
"2019-09-15 16:46:05",18
"2019-09-15 17:45:59",18
"2019-09-15 18:46:02",18
"2019-09-15 19:46:02",18
"2019-09-15 20:46:00",18
"2019-09-15 21:46:06",18
"2019-09-15 22:46:02",18
"2019-09-15 23:46:01",18
"2019-09-16 00:46:04",18
"2019-09-16 01:46:02",18
"2019-09-16 02:46:06",18
"2019-09-16 03:46:05",18
"2019-09-16 04:46:01",18
"2019-09-16 05:46:05",18
"2019-09-16 06:46:05",18
"2019-09-16 07:46:01",18
"2019-09-16 08:46:05",18
"2019-09-16 09:46:03",18
"2019-09-16 10:46:02",18
"2019-09-16 11:45:59",18
"2019-09-16 13:09:39",18
"2019-09-16 13:46:04",18
"2019-09-16 14:46:10",18
"2019-09-16 15:46:06",18
"2019-09-16 16:46:09",18
"2019-09-16 17:46:04",18
"2019-09-16 18:46:08",18
"2019-09-16 19:46:14",18
"2019-09-16 20:46:13",18
"2019-09-16 21:46:07",18
"2019-09-16 22:46:09",18
"2019-09-16 23:46:09",18
"2019-09-17 00:46:07",18
"2019-09-17 01:46:04",18
"2019-09-17 02:46:07",18
"2019-09-17 03:46:08",18
"2019-09-17 04:46:05",18
"2019-09-17 05:46:05",18
"2019-09-17 06:46:02",18
"2019-09-17 07:46:05",18
"2019-09-17 08:46:04",18
"2019-09-17 09:46:08",18
"2019-09-17 10:46:08",18
"2019-09-17 11:46:06",18
"2019-09-17 12:46:05",18
"2019-09-17 13:46:09",18
"2019-09-17 14:46:06",18
"2019-09-17 15:46:06",18
"2019-09-17 16:46:09",18
"2019-09-17 17:46:04",18
"2019-09-17 18:46:06",18
"2019-09-17 19:46:05",18
"2019-09-17 20:46:05",18
"2019-09-17 21:46:05",18
"2019-09-17 22:46:07",18
"2019-09-17 23:46:05",18
"2019-09-18 00:46:06",18
"2019-09-18 01:46:05",18
"2019-09-18 02:46:03",18
"2019-09-18 03:46:04",18
"2019-09-18 04:46:12",18
"2019-09-18 05:46:05",18
"2019-09-18 06:46:07",18
"2019-09-18 07:46:05",18
"2019-09-18 08:46:07",18
"2019-09-18 09:46:06",18
"2019-09-18 10:46:05",18
"2019-09-18 11:46:04",18
"2019-09-18 13:41:15",18
"2019-09-18 13:48:28",18
"2019-09-18 14:46:07",18
"2019-09-18 15:46:09",18
"2019-09-18 16:46:10",19
"2019-09-18 17:46:04",19
"2019-09-18 18:46:02",19
"2019-09-18 19:46:08",19
"2019-09-18 20:46:04",19
"2019-09-18 21:46:04",19
"2019-09-18 22:46:06",19
"2019-09-18 23:46:09",19
"2019-09-19 00:46:01",19
"2019-09-19 01:46:06",19
"2019-09-19 02:46:09",19
"2019-09-19 03:46:07",19
"2019-09-19 04:46:03",19
"2019-09-19 05:46:07",19
"2019-09-19 06:46:08",19
"2019-09-19 07:46:01",19
"2019-09-19 08:46:06",19
"2019-09-19 09:46:05",19
"2019-09-19 10:46:04",19
"2019-09-19 11:46:00",19
"2019-09-19 13:09:41",19
"2019-09-19 13:46:10",19
"2019-09-19 14:46:02",19
"2019-09-19 15:46:06",19
"2019-09-19 16:46:13",19
"2019-09-19 17:46:07",19
"2019-09-19 18:46:08",19
"2019-09-19 19:46:01",19
"2019-09-19 20:46:08",19
"2019-09-19 21:46:02",19
"2019-09-19 22:46:08",19
"2019-09-19 23:46:03",19
"2019-09-20 00:46:09",19
"2019-09-20 01:46:13",19
"2019-09-20 02:46:03",19
"2019-09-20 03:46:08",19
"2019-09-20 04:46:06",19
"2019-09-20 05:46:09",19
"2019-09-20 06:46:04",19
"2019-09-20 07:46:04",19
"2019-09-20 08:46:09",19
"2019-09-20 09:46:03",19
"2019-09-20 10:46:02",19
"2019-09-20 11:46:07",19
"2019-09-20 12:46:07",19
"2019-09-20 13:46:00",19
"2019-09-20 14:46:05",19
"2019-09-20 15:46:06",19
"2019-09-20 16:46:05",19
"2019-09-20 17:46:09",19
"2019-09-20 18:46:02",19
"2019-09-20 19:46:07",19
"2019-09-20 20:45:59",19
"2019-09-20 21:46:02",19
"2019-09-20 22:46:06",19
"2019-09-20 23:46:00",19
"2019-09-21 00:46:00",19
"2019-09-21 01:46:00",19
"2019-09-21 02:46:04",19
"2019-09-21 03:46:06",19
"2019-09-21 04:45:59",19
"2019-09-21 05:46:04",19
"2019-09-21 06:46:04",19
"2019-09-21 07:46:00",19
"2019-09-21 08:46:00",19
"2019-09-21 09:46:04",19
"2019-09-21 10:45:59",19
"2019-09-21 11:46:02",19
"2019-09-21 12:46:06",19
"2019-09-21 13:46:06",19
"2019-09-21 14:46:01",19
"2019-09-21 15:45:59",19
"2019-09-21 16:46:06",19
"2019-09-21 17:46:03",19
"2019-09-21 18:46:01",19
"2019-09-21 19:46:01",19
"2019-09-21 20:46:00",19
"2019-09-21 21:46:01",19
"2019-09-21 22:46:01",19
"2019-09-21 23:46:04",19
"2019-09-22 00:46:00",19
"2019-09-22 01:46:02",19
"2019-09-22 02:46:03",19
"2019-09-22 03:46:01",19
"2019-09-22 04:46:05",19
"2019-09-22 05:46:01",19
"2019-09-22 06:46:05",19
"2019-09-22 07:46:05",19
"2019-09-22 08:46:01",19
"2019-09-22 09:46:05",19
"2019-09-22 10:46:00",19
"2019-09-22 11:45:59",19
"2019-09-22 12:46:02",19
"2019-09-22 13:46:00",19
"2019-09-22 14:46:05",19
"2019-09-22 15:46:00",19
"2019-09-22 16:46:05",19
"2019-09-22 17:46:01",19
"2019-09-22 18:46:00",19
"2019-09-22 19:46:06",19
"2019-09-22 20:46:00",19
"2019-09-22 21:46:02",19
"2019-09-22 22:45:59",19
"2019-09-22 23:46:00",19
"2019-09-23 00:46:04",19
"2019-09-23 01:46:00",19
"2019-09-23 02:46:00",19
"2019-09-23 03:46:05",19
"2019-09-23 04:46:03",19
"2019-09-23 05:46:01",19
"2019-09-23 06:46:03",19
"2019-09-23 07:46:01",19
"2019-09-23 08:46:04",19
"2019-09-23 09:46:02",19
"2019-09-23 10:46:04",19
"2019-09-23 11:46:06",19
"2019-09-23 12:46:04",19
"2019-09-23 13:46:01",19
"2019-09-23 14:46:06",19
"2019-09-23 15:46:00",19
"2019-09-23 16:46:06",19
"2019-09-23 17:46:00",19
"2019-09-23 18:46:07",19
"2019-09-23 19:46:01",20
"2019-09-23 20:46:01",20
"2019-09-23 21:46:03",20
"2019-09-23 22:46:05",20
"2019-09-23 23:46:00",20
"2019-09-24 00:46:04",20
"2019-09-24 01:46:01",20
"2019-09-24 03:46:06",20
"2019-09-24 04:46:01",20
"2019-09-24 05:46:08",20
"2019-09-24 06:46:02",20
"2019-09-24 07:46:02",20
"2019-09-24 08:46:04",20
"2019-09-24 09:45:59",20
"2019-09-24 10:46:03",20
"2019-09-24 11:46:05",20
"2019-09-24 12:46:06",20
"2019-09-24 13:46:02",20
"2019-09-24 14:46:04",20
"2019-09-24 15:46:07",20
"2019-09-24 16:46:05",20
"2019-09-24 17:46:04",20
"2019-09-24 18:46:06",20
"2019-09-24 19:46:01",20
"2019-09-24 20:46:03",20
"2019-09-24 21:46:05",20
"2019-09-24 22:46:00",20
"2019-09-24 23:45:59",20
"2019-09-25 00:46:03",20
"2019-09-25 01:46:07",20
"2019-09-25 02:45:59",20
"2019-09-25 03:46:08",20
"2019-09-25 04:46:05",20
"2019-09-25 05:46:02",20
"2019-09-25 06:46:03",20
"2019-09-25 07:46:08",20
"2019-09-25 08:46:05",20
"2019-09-25 09:46:05",20
"2019-09-25 10:46:05",20
"2019-09-25 11:46:02",20
"2019-09-25 12:46:07",20
"2019-09-25 13:46:07",20
"2019-09-25 14:46:07",20
"2019-09-25 15:46:07",20
"2019-09-25 16:46:06",20
"2019-09-25 17:46:05",20
"2019-09-25 18:46:03",20
"2019-09-25 19:46:10",20
"2019-09-25 20:46:01",20
"2019-09-25 21:46:04",20
"2019-09-25 22:46:01",20
"2019-09-25 23:46:05",20
"2019-09-26 00:46:04",20
"2019-09-26 01:46:02",20
"2019-09-26 02:46:06",20
"2019-09-26 03:46:03",20
"2019-09-26 04:46:08",20
"2019-09-26 05:46:05",20
"2019-09-26 06:46:04",20
"2019-09-26 07:46:01",20
"2019-09-26 08:46:05",20
"2019-09-26 09:46:04",20
"2019-09-26 10:46:02",20
"2019-09-26 11:46:01",20
"2019-09-26 13:09:11",20
"2019-09-26 13:46:12",20
"2019-09-26 14:46:07",20
"2019-09-26 15:46:09",20
"2019-09-26 16:46:10",19
"2019-09-26 17:46:10",19
"2019-09-26 18:46:13",19
"2019-09-26 19:46:06",19
"2019-09-26 20:46:04",19
"2019-09-26 21:46:13",19
"2019-09-26 22:46:08",19
"2019-09-26 23:46:06",19
"2019-09-27 00:46:07",19
"2019-09-27 01:46:03",19
"2019-09-27 02:46:21",19
"2019-09-27 03:46:06",19
"2019-09-27 04:46:02",19
"2019-09-27 05:46:05",19
"2019-09-27 06:46:06",19
"2019-09-27 07:46:11",19
"2019-09-27 08:46:04",19
"2019-09-27 09:46:04",19
"2019-09-27 10:46:06",19
"2019-09-27 11:46:04",19
"2019-09-27 13:10:11",19
"2019-09-27 13:46:10",19
"2019-09-27 14:46:08",19
"2019-09-27 15:46:07",19
"2019-09-27 16:46:07",19
"2019-09-27 17:46:07",19
"2019-09-27 18:46:01",19
"2019-09-27 19:46:07",19
"2019-09-27 20:46:00",19
"2019-09-27 21:46:03",19
"2019-09-27 22:46:09",19
"2019-09-27 23:46:03",19
"2019-09-28 00:46:03",19
"2019-09-28 01:46:07",19
"2019-09-28 02:46:06",19
"2019-09-28 03:46:06",19
"2019-09-28 04:46:04",19
"2019-09-28 05:46:08",19
"2019-09-28 06:46:00",19
"2019-09-28 07:46:09",19
"2019-09-28 08:46:02",19
"2019-09-28 09:46:05",19
"2019-09-28 10:46:00",19
"2019-09-28 11:46:04",19
"2019-09-28 12:46:06",19
"2019-09-28 13:46:08",19
"2019-09-28 14:46:01",19
"2019-09-28 15:46:01",19
"2019-09-28 16:46:08",19
"2019-09-28 17:46:07",19
"2019-09-28 18:46:00",19
"2019-09-28 19:46:02",19
"2019-09-28 20:46:06",19
"2019-09-28 21:46:02",19
"2019-09-28 22:46:05",19
"2019-09-28 23:46:02",19
"2019-09-29 00:46:02",19
"2019-09-29 01:46:05",19
"2019-09-29 02:46:05",19
"2019-09-29 03:46:06",19
"2019-09-29 04:46:03",19
"2019-09-29 05:46:06",19
"2019-09-29 06:46:01",19
"2019-09-29 07:46:04",19
"2019-09-29 08:46:02",19
"2019-09-29 09:46:04",19
"2019-09-29 10:46:01",19
"2019-09-29 11:46:04",19
"2019-09-29 12:46:02",19
"2019-09-29 13:46:01",19
"2019-09-29 14:46:04",19
"2019-09-29 15:46:01",19
"2019-09-29 16:46:05",19
"2019-09-29 17:46:09",19
"2019-09-29 18:46:02",19
"2019-09-29 19:46:11",19
"2019-09-29 20:46:07",19
"2019-09-29 21:46:03",19
"2019-09-29 22:46:05",19
"2019-09-29 23:46:06",19
"2019-09-30 00:46:00",19
"2019-09-30 01:46:05",19
"2019-09-30 02:46:02",19
"2019-09-30 03:46:06",19
"2019-09-30 04:46:04",19
"2019-09-30 05:46:05",19
"2019-09-30 06:46:03",19
"2019-09-30 07:46:08",19
"2019-09-30 08:46:04",19
"2019-09-30 09:46:07",19
"2019-09-30 10:46:01",19
"2019-09-30 11:46:01",19
"2019-09-30 12:46:07",19
"2019-09-30 13:46:03",19
"2019-09-30 14:46:09",19
"2019-09-30 15:46:06",19
"2019-09-30 16:46:13",19
"2019-09-30 17:46:06",19
"2019-09-30 18:46:10",19
"2019-09-30 19:46:04",20
"2019-09-30 20:46:02",20
"2019-09-30 21:46:05",20
"2019-09-30 22:46:02",20
"2019-09-30 23:46:07",20
"2019-10-01 00:46:04",20
"2019-10-01 01:46:03",20
"2019-10-01 02:46:05",20
"2019-10-01 03:46:07",20
"2019-10-01 04:46:00",20
"2019-10-01 05:46:01",20
"2019-10-01 06:46:03",20
"2019-10-01 07:46:07",20
"2019-10-01 08:46:01",20
"2019-10-01 09:46:07",20
"2019-10-01 10:46:03",20
"2019-10-01 11:46:02",20
"2019-10-01 13:09:08",20
"2019-10-01 13:46:08",20
"2019-10-01 14:46:02",20
"2019-10-01 15:46:03",20
"2019-10-01 16:46:07",20
"2019-10-01 17:46:01",20
"2019-10-01 18:46:07",20
"2019-10-01 19:46:05",19
"2019-10-01 20:46:01",19
"2019-10-01 21:46:02",19
"2019-10-01 22:46:05",19
"2019-10-01 23:46:03",19
"2019-10-02 00:46:23",19
"2019-10-02 01:46:03",19
"2019-10-02 02:46:01",19
"2019-10-02 03:46:03",19
"2019-10-02 04:46:08",19
"2019-10-02 05:46:06",19
"2019-10-02 06:46:01",19
"2019-10-02 07:46:01",19
"2019-10-02 08:46:01",19
"2019-10-02 09:46:05",19
"2019-10-02 10:45:59",19
"2019-10-02 11:46:00",19
"2019-10-02 13:09:37",19
"2019-10-02 13:46:04",19
"2019-10-02 14:46:02",19
"2019-10-02 15:46:05",19
"2019-10-02 16:46:00",19
"2019-10-02 17:46:01",19
"2019-10-02 18:46:02",19
"2019-10-02 19:46:02",19
"2019-10-02 20:46:02",19
"2019-10-02 21:46:02",19
"2019-10-02 22:46:05",19
"2019-10-02 23:46:00",19
"2019-10-03 00:46:00",19
"2019-10-03 01:46:01",19
"2019-10-03 02:46:01",19
"2019-10-03 03:46:03",19
"2019-10-03 04:46:01",19
"2019-10-03 06:46:00",19
"2019-10-03 07:46:04",19
"2019-10-03 08:46:03",19
"2019-10-03 09:46:01",19
"2019-10-03 10:46:05",19
"2019-10-03 11:46:00",19
"2019-10-03 13:09:33",19
"2019-10-03 13:47:22",19
"2019-10-03 14:46:05",19
"2019-10-03 15:46:00",19
"2019-10-03 16:46:01",19
"2019-10-03 17:46:02",19
"2019-10-03 18:46:03",19
"2019-10-03 19:46:01",19
"2019-10-03 20:46:01",19
"2019-10-03 21:46:01",19
"2019-10-03 22:46:01",19
"2019-10-03 23:46:05",19
"2019-10-04 00:46:00",19
"2019-10-04 01:46:01",19
"2019-10-04 02:45:59",19
"2019-10-04 03:46:02",19
"2019-10-04 04:46:01",19
"2019-10-04 05:46:06",19
"2019-10-04 06:46:05",19
"2019-10-04 07:46:01",19
"2019-10-04 08:46:02",19
"2019-10-04 09:46:00",19
"2019-10-04 10:46:03",19
"2019-10-04 11:46:00",19
"2019-10-04 12:46:02",19
"2019-10-04 13:46:05",19
"2019-10-04 14:46:00",19
"2019-10-04 15:46:02",19
"2019-10-04 16:46:05",19
"2019-10-04 17:46:00",19
"2019-10-04 18:46:03",19
"2019-10-04 19:46:02",19
"2019-10-04 20:46:02",19
"2019-10-04 21:46:04",19
"2019-10-04 22:45:59",19
"2019-10-04 23:45:59",19
"2019-10-05 00:46:04",19
"2019-10-05 01:46:00",19
"2019-10-05 02:46:00",19
"2019-10-05 03:45:59",19
"2019-10-05 04:45:59",19
"2019-10-05 05:46:06",19
"2019-10-05 06:45:59",19
"2019-10-05 07:46:00",19
"2019-10-05 08:46:04",19
"2019-10-05 09:46:00",19
"2019-10-05 10:46:00",19
"2019-10-05 11:46:02",19
"2019-10-05 12:46:02",19
"2019-10-05 13:46:02",19
"2019-10-05 14:46:01",19
"2019-10-05 15:46:00",19
"2019-10-05 16:46:01",19
"2019-10-05 17:46:07",19
"2019-10-05 18:46:02",19
"2019-10-05 19:46:00",19
"2019-10-05 20:46:03",19
"2019-10-05 21:46:00",19
"2019-10-05 22:46:01",19
"2019-10-05 23:46:02",19
"2019-10-06 00:46:01",19
"2019-10-06 01:46:02",19
"2019-10-06 02:46:11",19
"2019-10-06 03:46:04",19
"2019-10-06 04:46:01",19
"2019-10-06 05:46:02",19
"2019-10-06 06:46:05",19
"2019-10-06 07:46:01",19
"2019-10-06 08:46:05",19
"2019-10-06 09:46:03",19
"2019-10-06 10:46:01",19
"2019-10-06 11:46:03",19
"2019-10-06 12:46:03",19
"2019-10-06 13:45:59",19
"2019-10-06 14:46:02",19
"2019-10-06 15:46:00",19
"2019-10-06 16:46:00",19
"2019-10-06 17:46:00",19
"2019-10-06 18:46:05",19
"2019-10-06 19:46:04",19
"2019-10-06 20:45:59",19
"2019-10-06 21:45:59",19
"2019-10-06 22:45:59",19
"2019-10-06 23:46:00",19
"2019-10-07 00:46:00",19
"2019-10-07 01:46:02",19
"2019-10-07 02:46:03",19
"2019-10-07 03:46:02",19
"2019-10-07 04:46:02",19
"2019-10-07 05:46:00",19
"2019-10-07 06:46:02",19
"2019-10-07 07:46:00",19
"2019-10-07 08:46:00",19
"2019-10-07 09:46:08",19
"2019-10-07 10:46:00",19
"2019-10-07 11:46:01",19
"2019-10-07 12:46:12",19
"2019-10-07 13:46:04",19
"2019-10-07 14:46:00",19
"2019-10-07 15:46:02",19
"2019-10-07 16:46:04",19
"2019-10-07 17:46:01",19
"2019-10-07 18:46:01",19
"2019-10-07 19:46:04",19
"2019-10-07 20:45:59",19
"2019-10-07 21:46:00",19
"2019-10-07 22:46:00",19
"2019-10-07 23:46:06",19
"2019-10-08 00:46:00",19
"2019-10-08 01:46:00",19
"2019-10-08 02:45:59",19
"2019-10-08 03:46:04",19
"2019-10-08 04:46:02",19
"2019-10-08 05:46:00",19
"2019-10-08 06:46:02",19
"2019-10-08 07:46:01",19
"2019-10-08 08:46:00",19
"2019-10-08 09:46:02",19
"2019-10-08 10:46:03",19
"2019-10-08 11:46:00",19
"2019-10-08 12:46:03",19
"2019-10-08 13:46:02",19
"2019-10-08 14:46:00",19
"2019-10-08 15:46:01",19
"2019-10-08 16:46:06",19
"2019-10-08 17:46:04",19
"2019-10-08 18:46:03",19
"2019-10-08 19:46:04",19
"2019-10-08 20:46:00",19
"2019-10-08 21:46:00",19
"2019-10-08 22:46:03",19
"2019-10-08 23:46:01",19
"2019-10-09 00:46:01",19
"2019-10-09 01:46:01",19
"2019-10-09 02:46:01",19
"2019-10-09 03:45:59",19
"2019-10-09 04:46:04",19
"2019-10-09 05:46:01",19
"2019-10-09 06:46:01",19
"2019-10-09 07:46:08",19
"2019-10-09 08:46:01",19
"2019-10-09 09:45:59",19
"2019-10-09 10:46:03",19
"2019-10-09 11:46:00",19
"2019-10-09 12:46:07",19
"2019-10-09 13:46:02",19
"2019-10-09 14:46:03",19
"2019-10-09 15:46:09",19
"2019-10-09 16:46:03",19
"2019-10-09 17:46:13",19
"2019-10-09 18:46:06",19
"2019-10-09 19:46:08",19
"2019-10-09 20:46:01",19
"2019-10-09 21:46:00",19
"2019-10-09 22:46:02",19
"2019-10-09 23:46:02",19
"2019-10-10 00:46:06",19
"2019-10-10 01:46:00",19
"2019-10-10 02:46:04",19
"2019-10-10 03:46:01",19
"2019-10-10 04:46:01",19
"2019-10-10 05:46:08",19
"2019-10-10 06:46:03",19
"2019-10-10 07:46:05",19
"2019-10-10 08:46:02",19
"2019-10-10 09:46:00",19
"2019-10-10 10:46:00",19
"2019-10-10 11:46:04",19
"2019-10-10 13:09:13",19
"2019-10-10 13:46:08",19
"2019-10-10 14:46:03",19
"2019-10-10 15:46:05",19
"2019-10-10 16:46:02",19
"2019-10-10 17:46:03",19
"2019-10-10 18:46:02",19
"2019-10-10 19:46:04",19
"2019-10-10 20:46:04",19
"2019-10-10 21:46:04",19
"2019-10-10 22:46:04",19
"2019-10-10 23:46:17",19
"2019-10-11 00:46:04",19
"2019-10-11 01:46:04",19
"2019-10-11 02:46:04",19
"2019-10-11 03:46:11",19
"2019-10-11 04:46:03",19
"2019-10-11 05:46:02",19
"2019-10-11 06:46:06",19
"2019-10-11 07:46:05",19
"2019-10-11 08:46:03",19
"2019-10-11 09:46:08",19
"2019-10-11 10:46:03",19
"2019-10-11 11:46:03",19
"2019-10-11 13:09:41",19
"2019-10-11 13:46:07",19
"2019-10-11 14:46:02",19
"2019-10-11 15:46:14",19
"2019-10-11 16:46:05",19
"2019-10-11 17:46:04",19
"2019-10-11 18:46:07",19
"2019-10-11 19:46:05",19
"2019-10-11 20:46:03",19
"2019-10-11 21:46:02",19
"2019-10-11 22:46:03",19
"2019-10-11 23:46:02",19
"2019-10-12 00:46:09",19
"2019-10-12 01:46:02",19
"2019-10-12 02:46:04",19
"2019-10-12 03:46:07",19
"2019-10-12 04:46:03",19
"2019-10-12 05:46:08",19
"2019-10-12 06:46:11",19
"2019-10-12 07:46:02",19
"2019-10-12 08:46:03",19
"2019-10-12 09:46:07",19
"2019-10-12 10:46:02",19
"2019-10-12 11:46:01",19
"2019-10-12 12:46:10",19
"2019-10-12 13:46:03",19
"2019-10-12 14:46:04",19
"2019-10-12 15:46:03",19
"2019-10-12 16:46:07",19
"2019-10-12 17:46:08",19
"2019-10-12 18:46:02",19
"2019-10-12 19:46:04",19
"2019-10-12 20:46:05",19
"2019-10-12 21:46:02",19
"2019-10-12 22:46:04",19
"2019-10-12 23:46:03",19
"2019-10-13 00:46:07",19
"2019-10-13 01:46:03",19
"2019-10-13 02:46:03",19
"2019-10-13 03:46:07",19
"2019-10-13 04:46:02",19
"2019-10-13 05:46:02",19
"2019-10-13 06:46:05",19
"2019-10-13 07:46:03",19
"2019-10-13 08:46:09",19
"2019-10-13 09:46:07",19
"2019-10-13 10:46:00",19
"2019-10-13 11:46:07",19
"2019-10-13 12:46:01",19
"2019-10-13 13:46:08",19
"2019-10-13 14:46:07",19
"2019-10-13 15:46:03",19
"2019-10-13 16:46:12",19
"2019-10-13 17:46:03",19
"2019-10-13 18:46:05",19
"2019-10-13 19:46:05",19
"2019-10-13 20:46:10",19
"2019-10-13 21:46:08",19
"2019-10-13 22:46:07",19
"2019-10-13 23:46:11",19
"2019-10-14 00:46:03",19
"2019-10-14 01:46:06",19
"2019-10-14 02:46:04",19
"2019-10-14 03:46:06",19
"2019-10-14 04:46:05",19
"2019-10-14 05:46:04",19
"2019-10-14 06:46:08",19
"2019-10-14 07:46:03",19
"2019-10-14 08:46:03",19
"2019-10-14 09:46:08",19
"2019-10-14 10:46:05",19
"2019-10-14 11:46:06",19
"2019-10-14 12:46:07",19
"2019-10-14 13:46:05",19
"2019-10-14 14:46:04",19
"2019-10-14 15:46:03",19
"2019-10-14 16:46:09",19
"2019-10-14 17:46:02",19
"2019-10-14 18:46:08",19
"2019-10-14 19:46:01",19
"2019-10-14 20:46:04",19
"2019-10-14 21:46:04",19
"2019-10-14 22:46:08",19
"2019-10-14 23:46:14",19
"2019-10-15 00:46:03",19
"2019-10-15 02:46:09",19
"2019-10-15 03:46:02",19
"2019-10-15 04:46:02",19
"2019-10-15 05:46:07",19
"2019-10-15 06:46:06",19
"2019-10-15 07:46:11",19
"2019-10-15 08:46:05",19
"2019-10-15 09:46:03",19
"2019-10-15 10:46:04",19
"2019-10-15 11:46:08",19
"2019-10-15 12:46:37",19
"2019-10-15 13:46:12",19
"2019-10-15 14:46:03",19
"2019-10-15 15:46:03",19
"2019-10-15 16:46:05",19
"2019-10-15 17:46:08",19
"2019-10-15 18:46:11",18
"2019-10-15 19:46:09",18
"2019-10-15 20:46:13",18
"2019-10-15 21:46:06",18
"2019-10-15 22:46:02",18
"2019-10-15 23:46:03",18
"2019-10-16 00:46:04",18
"2019-10-16 01:46:03",18
"2019-10-16 02:46:05",18
"2019-10-16 03:46:11",18
"2019-10-16 04:46:05",18
"2019-10-16 05:46:04",18
"2019-10-16 06:46:05",18
"2019-10-16 07:46:13",18
"2019-10-16 08:46:14",18
"2019-10-16 09:46:04",18
"2019-10-16 10:46:07",18
"2019-10-16 11:46:02",18
"2019-10-16 12:46:05",18
"2019-10-16 13:46:12",18
"2019-10-16 14:46:04",18
"2019-10-16 15:46:15",18
"2019-10-16 16:46:03",18
"2019-10-16 17:46:03",18
"2019-10-16 18:46:06",18
"2019-10-16 19:46:02",18
"2019-10-16 20:46:04",18
"2019-10-16 21:46:06",18
"2019-10-16 22:46:02",18
"2019-10-16 23:46:03",18
"2019-10-17 00:46:03",18
"2019-10-17 01:46:06",18
"2019-10-17 02:46:04",18
"2019-10-17 04:46:08",18
"2019-10-17 05:46:03",18
"2019-10-17 06:46:03",18
"2019-10-17 07:46:09",18
"2019-10-17 08:46:04",18
"2019-10-17 09:46:02",18
"2019-10-17 10:46:01",18
"2019-10-17 11:46:08",18
"2019-10-17 12:46:06",18
"2019-10-17 13:46:07",18
"2019-10-17 14:46:09",18
"2019-10-17 15:46:03",18
"2019-10-17 16:46:02",18
"2019-10-17 17:46:05",18
"2019-10-17 18:46:04",18
"2019-10-17 19:46:08",18
"2019-10-17 20:46:04",18
"2019-10-17 21:46:03",18
"2019-10-17 22:46:03",18
"2019-10-17 23:46:04",18
"2019-10-18 00:46:03",18
"2019-10-18 01:46:04",18
"2019-10-18 02:46:03",18
"2019-10-18 03:46:09",18
"2019-10-18 04:46:03",18
"2019-10-18 05:46:04",18
"2019-10-18 06:46:10",18
"2019-10-18 07:46:04",18
"2019-10-18 08:46:06",18
"2019-10-18 09:46:05",18
"2019-10-18 10:46:09",18
"2019-10-18 11:46:04",18
"2019-10-18 13:08:39",18
"2019-10-18 13:46:02",18
"2019-10-18 14:46:03",18
"2019-10-18 15:46:08",18
"2019-10-18 16:46:02",18
"2019-10-18 17:46:06",18
"2019-10-18 18:46:02",18
"2019-10-18 19:46:03",18
"2019-10-18 20:46:07",17
"2019-10-18 21:46:02",17
"2019-10-18 23:46:04",17
"2019-10-19 00:46:02",17
"2019-10-19 01:46:08",17
"2019-10-19 02:46:03",17
"2019-10-19 03:46:02",17
"2019-10-19 04:46:06",17
"2019-10-19 05:46:02",17
"2019-10-19 06:46:07",17
"2019-10-19 07:46:05",17
"2019-10-19 08:46:03",17
"2019-10-19 09:46:06",17
"2019-10-19 10:46:06",17
"2019-10-19 11:46:02",17
"2019-10-19 12:46:09",17
"2019-10-19 13:46:02",17
"2019-10-19 14:46:04",17
"2019-10-19 15:46:04",17
"2019-10-19 16:46:08",17
"2019-10-19 17:46:03",17
"2019-10-19 18:46:02",17
"2019-10-19 19:46:07",17
"2019-10-19 20:46:04",17
"2019-10-19 21:46:02",17
"2019-10-19 22:46:03",17
"2019-10-19 23:46:02",17
"2019-10-20 00:46:03",17
"2019-10-20 01:46:03",17
"2019-10-20 02:46:07",17
"2019-10-20 03:46:03",17
"2019-10-20 04:46:04",17
"2019-10-20 05:46:07",17
"2019-10-20 06:46:05",17
"2019-10-20 07:46:08",17
"2019-10-20 08:46:04",17
"2019-10-20 09:46:03",17
"2019-10-20 10:46:07",17
"2019-10-20 11:46:03",17
"2019-10-20 12:46:09",17
"2019-10-20 13:46:03",17
"2019-10-20 14:46:02",17
"2019-10-20 16:46:07",17
"2019-10-20 17:46:02",17
"2019-10-20 18:46:04",17
"2019-10-20 19:46:01",17
"2019-10-20 20:46:01",17
"2019-10-20 21:46:01",17
"2019-10-20 22:46:02",17
"2019-10-20 23:46:03",17
"2019-10-21 00:46:04",17
"2019-10-21 01:46:07",17
"2019-10-21 02:46:03",17
"2019-10-21 03:46:03",17
"2019-10-21 04:46:02",17
"2019-10-21 05:46:09",17
"2019-10-21 06:46:03",17
"2019-10-21 07:46:06",17
"2019-10-21 08:46:07",17
"2019-10-21 09:46:04",17
"2019-10-21 10:46:03",17
"2019-10-21 11:46:07",17
"2019-10-21 13:09:36",17
"2019-10-21 13:46:12",17
"2019-10-21 14:46:04",17
"2019-10-21 15:46:06",17
"2019-10-21 16:46:07",17
"2019-10-21 17:46:02",17
"2019-10-21 18:46:04",17
"2019-10-21 19:46:04",17
"2019-10-21 20:46:03",17
"2019-10-21 22:46:09",17
"2019-10-21 23:46:03",17
"2019-10-22 00:46:03",17
"2019-10-22 01:46:04",17
"2019-10-22 02:46:07",17
"2019-10-22 03:46:10",17
"2019-10-22 04:46:08",17
"2019-10-22 05:46:04",17
"2019-10-22 06:46:04",17
"2019-10-22 07:46:10",17
"2019-10-22 08:46:04",17
"2019-10-22 09:46:07",17
"2019-10-22 10:46:03",17
"2019-10-22 11:46:02",17
"2019-10-22 12:46:14",17
"2019-10-22 13:46:04",17
"2019-10-22 14:46:04",17
"2019-10-22 15:46:10",17
"2019-10-22 16:46:10",17
"2019-10-22 17:46:08",17
"2019-10-22 18:46:07",17
"2019-10-22 19:46:03",17
"2019-10-22 20:46:06",17
"2019-10-22 21:46:04",17
"2019-10-22 22:46:06",17
"2019-10-22 23:46:05",17
"2019-10-23 00:46:14",17
"2019-10-23 01:46:08",17
"2019-10-23 02:46:04",17
"2019-10-23 03:46:03",17
"2019-10-23 04:46:11",17
"2019-10-23 05:46:06",17
"2019-10-23 06:46:16",17
"2019-10-23 07:46:08",17
"2019-10-23 08:46:06",17
"2019-10-23 09:46:10",17
"2019-10-23 10:46:06",17
"2019-10-23 11:46:03",17
"2019-10-23 12:46:13",17
"2019-10-23 13:46:12",17
"2019-10-23 14:46:04",17
"2019-10-23 15:46:03",17
"2019-10-23 16:46:07",17
"2019-10-23 17:46:04",17
"2019-10-23 18:46:02",17
"2019-10-23 19:46:03",17
"2019-10-23 20:46:07",17
"2019-10-23 21:46:03",17
"2019-10-23 22:46:04",17
"2019-10-23 23:46:05",17
"2019-10-24 01:01:58",17
"2019-10-24 01:46:06",17
"2019-10-24 02:46:09",17
"2019-10-24 03:46:09",17
"2019-10-24 04:46:04",17
"2019-10-24 05:46:09",17
"2019-10-24 06:46:13",17
"2019-10-24 07:46:05",17
"2019-10-24 08:46:04",17
"2019-10-24 09:46:09",17
"2019-10-24 10:46:03",17
"2019-10-24 11:46:03",17
"2019-10-24 13:09:40",17
"2019-10-24 13:46:05",17
"2019-10-24 14:46:04",17
"2019-10-24 15:46:09",17
"2019-10-24 16:46:05",17
"2019-10-24 17:46:06",17
"2019-10-24 18:46:04",17
"2019-10-24 19:46:09",17
"2019-10-24 20:46:03",17
"2019-10-24 21:46:05",17
"2019-10-24 22:46:04",17
"2019-10-24 23:46:07",17
"2019-10-25 00:46:05",17
"2019-10-25 01:46:06",17
"2019-10-25 02:46:11",17
"2019-10-25 03:46:06",17
"2019-10-25 04:46:03",17
"2019-10-25 05:46:09",17
"2019-10-25 06:46:06",17
"2019-10-25 07:46:08",17
"2019-10-25 08:46:08",17
"2019-10-25 09:46:04",17
"2019-10-25 10:46:03",17
"2019-10-25 11:46:13",17
"2019-10-25 13:09:36",17
"2019-10-25 13:46:09",17
"2019-10-25 14:46:12",17
"2019-10-25 15:46:04",17
"2019-10-25 16:46:12",17
"2019-10-25 17:46:04",17
"2019-10-25 18:46:04",17
"2019-10-25 19:46:03",17
"2019-10-25 20:46:04",17
"2019-10-25 21:46:03",17
"2019-10-25 22:46:04",17
"2019-10-25 23:46:04",17
"2019-10-26 00:46:08",17
"2019-10-26 01:46:10",17
"2019-10-26 02:46:06",17
"2019-10-26 03:46:06",17
"2019-10-26 04:46:10",17
"2019-10-26 05:46:04",17
"2019-10-26 06:46:02",17
"2019-10-26 07:46:12",17
"2019-10-26 08:46:03",17
"2019-10-26 09:46:03",17
"2019-10-26 10:46:02",17
"2019-10-26 11:46:08",17
"2019-10-26 12:46:03",17
"2019-10-26 13:46:08",17
"2019-10-26 14:46:07",17
"2019-10-26 15:46:08",17
"2019-10-26 16:46:06",17
"2019-10-26 17:46:07",17
"2019-10-26 18:46:09",17
"2019-10-26 19:46:08",17
"2019-10-26 20:46:06",17
"2019-10-26 21:46:08",17
"2019-10-26 22:46:05",17
"2019-10-26 23:46:07",17
"2019-10-27 00:46:08",17
"2019-10-27 01:46:04",17
"2019-10-27 02:46:08",17
"2019-10-27 03:46:08",17
"2019-10-27 04:46:03",17
"2019-10-27 05:46:10",17
"2019-10-27 06:46:06",17
"2019-10-27 07:46:03",17
"2019-10-27 08:46:05",17
"2019-10-27 09:46:03",17
"2019-10-27 10:46:02",17
"2019-10-27 11:46:02",17
"2019-10-27 12:46:07",17
"2019-10-27 13:46:04",17
"2019-10-27 14:46:03",17
"2019-10-27 15:46:12",17
"2019-10-27 16:46:03",17
"2019-10-27 17:46:04",17
"2019-10-27 18:46:08",17
"2019-10-27 19:46:07",17
"2019-10-27 20:46:09",17
"2019-10-27 21:46:04",17
"2019-10-27 22:46:03",17
"2019-10-27 23:46:03",17
"2019-10-28 00:46:03",17
"2019-10-28 01:46:04",17
"2019-10-28 02:46:06",17
"2019-10-28 03:46:07",17
"2019-10-28 04:46:03",17
"2019-10-28 05:46:02",17
"2019-10-28 06:46:07",17
"2019-10-28 07:46:06",17
"2019-10-28 08:46:04",17
"2019-10-28 09:46:03",17
"2019-10-28 10:46:10",17
"2019-10-28 11:46:01",17
"2019-10-28 12:46:10",17
"2019-10-28 14:46:09",17
"2019-10-28 15:46:16",17
"2019-10-28 16:46:14",16
"2019-10-28 17:46:08",16
"2019-10-28 18:46:09",16
"2019-10-28 19:46:09",16
"2019-10-28 23:46:06",16
"2019-10-29 00:46:05",16
"2019-10-29 01:46:11",16
"2019-10-29 02:46:08",16
"2019-10-29 03:46:10",16
"2019-10-29 04:46:04",16
"2019-10-29 05:46:07",16
"2019-10-29 06:46:08",16
"2019-10-29 07:46:06",16
"2019-10-29 08:46:06",16
"2019-10-29 09:46:03",16
"2019-10-29 10:46:08",16
"2019-10-29 11:46:04",16
"2019-10-29 12:46:06",16
"2019-10-29 13:46:15",16
"2019-10-29 14:46:06",16
"2019-10-29 15:46:07",16
"2019-10-29 16:46:09",16
"2019-10-29 17:46:04",16
"2019-10-29 18:46:09",16
"2019-10-29 19:46:08",16
"2019-10-29 20:46:04",16
"2019-10-29 21:46:09",16
"2019-10-29 22:46:06",16
"2019-10-29 23:46:06",16
"2019-10-30 00:46:13",16
"2019-10-30 01:46:07",16
"2019-10-30 02:46:05",16
"2019-10-30 03:46:06",16
"2019-10-30 04:46:10",16
"2019-10-30 05:46:11",16
"2019-10-30 06:46:05",16
"2019-10-30 07:46:16",16
"2019-10-30 08:46:05",16
"2019-10-30 09:46:07",16
"2019-10-30 10:46:10",16
"2019-10-30 11:46:02",16
"2019-10-30 13:46:43",16
"2019-10-30 14:46:04",16
"2019-10-30 15:46:03",16
"2019-10-30 16:46:07",16
"2019-10-30 17:46:06",16
"2019-10-30 18:46:04",16
"2019-10-30 19:46:04",16
"2019-10-30 20:46:08",16
"2019-10-30 21:46:05",16
"2019-10-30 22:46:04",16
"2019-10-30 23:46:04",16
"2019-10-31 00:46:04",16
"2019-10-31 01:46:06",16
"2019-10-31 02:46:03",16
"2019-10-31 03:46:08",16
"2019-10-31 04:46:03",16
"2019-10-31 05:46:04",16
"2019-10-31 06:46:08",16
"2019-10-31 07:46:05",16
"2019-10-31 08:46:05",16
"2019-10-31 09:46:09",16
"2019-10-31 10:46:04",16
"2019-10-31 11:46:06",16
"2019-10-31 13:11:11",16
"2019-10-31 13:46:08",16
"2019-10-31 14:46:05",16
"2019-10-31 15:46:09",16
"2019-10-31 16:46:08",16
"2019-10-31 17:46:06",16
"2019-10-31 18:46:05",16
"2019-10-31 19:46:04",16
"2019-10-31 20:46:07",16
"2019-10-31 22:09:10",16
"2019-10-31 22:46:12",16
"2019-10-31 23:46:04",16
"2019-11-01 00:46:05",16
"2019-11-01 01:46:05",16
"2019-11-01 02:46:05",16
"2019-11-01 03:46:10",16
"2019-11-01 04:46:05",16
"2019-11-01 05:46:09",16
"2019-11-01 06:46:03",16
"2019-11-01 07:46:11",16
"2019-11-01 08:46:05",16
"2019-11-01 09:46:08",16
"2019-11-01 10:46:08",16
"2019-11-01 11:46:10",16
"2019-11-01 13:42:18",16
"2019-11-01 13:51:33",16
"2019-11-01 14:46:06",16
"2019-11-01 15:46:04",16
"2019-11-01 16:46:10",16
"2019-11-01 17:46:07",16
"2019-11-01 18:46:12",16
"2019-11-01 19:46:05",16
"2019-11-01 20:46:05",16
"2019-11-01 21:46:03",16
"2019-11-01 22:46:04",16
"2019-11-01 23:46:04",16
"2019-11-02 00:46:09",16
"2019-11-02 01:46:05",16
"2019-11-02 02:46:05",16
"2019-11-02 03:46:11",16
"2019-11-02 04:46:05",16
"2019-11-02 05:46:05",16
"2019-11-02 06:46:07",16
"2019-11-02 07:46:04",16
"2019-11-02 08:46:05",16
"2019-11-02 09:46:03",16
"2019-11-02 10:46:08",16
"2019-11-02 11:46:04",16
"2019-11-02 12:46:11",16
"2019-11-02 13:46:05",16
"2019-11-02 14:46:06",16
"2019-11-02 15:46:09",16
"2019-11-02 16:46:04",16
"2019-11-02 17:46:05",16
"2019-11-02 18:46:06",16
"2019-11-02 19:46:04",16
"2019-11-02 20:46:04",16
"2019-11-02 23:46:07",16
"2019-11-03 00:46:03",16
"2019-11-03 01:46:06",16
"2019-11-03 03:46:07",16
"2019-11-03 05:46:08",16
"2019-11-03 06:46:04",16
"2019-11-03 07:46:05",16
"2019-11-03 21:46:08",16
"2019-11-03 22:46:03",16
"2019-11-03 23:46:09",16
"2019-11-04 00:46:04",16
"2019-11-04 01:46:05",16
"2019-11-04 02:46:04",16
"2019-11-04 03:46:04",16
"2019-11-04 04:46:03",16
"2019-11-04 05:46:08",16
"2019-11-04 06:46:05",16
"2019-11-04 07:46:03",16
"2019-11-04 08:46:04",16
"2019-11-04 09:46:07",16
"2019-11-04 10:46:04",16
"2019-11-04 11:46:03",16
"2019-11-04 12:46:03",16
"2019-11-04 14:11:37",16
"2019-11-04 15:46:04",16
"2019-11-04 16:46:06",16
"2019-11-04 17:46:05",16
"2019-11-04 18:46:04",16
"2019-11-04 19:46:07",15
"2019-11-04 20:46:04",15
"2019-11-04 21:46:05",15
"2019-11-04 22:46:05",15
"2019-11-04 23:46:04",15
"2019-11-05 00:46:05",15
"2019-11-05 01:46:05",15
"2019-11-05 02:46:08",15
"2019-11-05 03:46:05",15
"2019-11-05 04:46:03",15
"2019-11-05 05:46:09",15
"2019-11-05 06:46:06",15
"2019-11-05 07:46:04",15
"2019-11-05 08:46:06",15
"2019-11-05 09:46:08",15
"2019-11-05 10:46:05",15
"2019-11-05 11:46:05",15
"2019-11-05 12:46:05",15
"2019-11-05 14:11:38",15
"2019-11-05 14:46:11",15
"2019-11-05 15:46:05",15
"2019-11-05 16:46:05",15
"2019-11-05 17:46:05",15
"2019-11-05 18:46:04",15
"2019-11-05 19:46:07",15
"2019-11-05 20:46:08",15
"2019-11-05 21:46:05",15
"2019-11-05 22:46:06",15
"2019-11-05 23:46:04",15
"2019-11-06 00:46:04",15
"2019-11-06 01:46:06",15
"2019-11-06 02:46:36",15
"2019-11-06 03:46:06",15
"2019-11-06 04:46:10",15
"2019-11-06 05:46:05",15
"2019-11-06 06:46:11",15
"2019-11-06 07:46:03",15
"2019-11-06 08:46:04",15
"2019-11-06 09:46:07",15
"2019-11-06 10:46:07",15
"2019-11-06 11:46:04",15
"2019-11-06 12:46:04",15
"2019-11-06 13:46:05",15
"2019-11-06 14:46:11",15
"2019-11-06 15:46:07",15
"2019-11-06 16:46:08",15
"2019-11-06 17:46:07",15
"2019-11-06 18:46:08",15
"2019-11-06 19:46:07",15
"2019-11-06 20:46:11",15
"2019-11-06 21:46:08",15
"2019-11-06 22:46:06",15
"2019-11-06 23:46:07",15
"2019-11-07 00:46:06",15
"2019-11-07 01:46:05",15
"2019-11-07 02:46:07",15
"2019-11-07 03:46:06",15
"2019-11-07 04:46:09",15
"2019-11-07 05:46:07",15
"2019-11-07 06:46:05",15
"2019-11-07 07:46:07",15
"2019-11-07 08:46:06",15
"2019-11-07 09:46:07",15
"2019-11-07 10:46:04",15
"2019-11-07 11:46:04",15
"2019-11-07 12:46:05",15
"2019-11-07 14:10:07",15
"2019-11-07 14:46:39",15
"2019-11-07 15:46:09",14
"2019-11-07 16:46:09",14
"2019-11-07 17:46:09",14
"2019-11-07 18:46:08",14
"2019-11-07 19:46:09",14
"2019-11-07 21:10:43",14
"2019-11-07 21:46:09",14
"2019-11-07 22:46:12",14
"2019-11-07 23:46:13",14
"2019-11-08 00:46:16",14
"2019-11-08 01:46:11",14
"2019-11-08 02:46:17",14
"2019-11-08 03:46:14",14
"2019-11-08 04:46:13",14
"2019-11-08 05:46:16",14
"2019-11-08 06:46:09",14
"2019-11-08 07:46:10",14
"2019-11-08 08:46:16",14
"2019-11-08 09:46:12",14
"2019-11-08 10:46:12",14
"2019-11-08 11:46:09",14
"2019-11-08 12:46:10",14
"2019-11-08 14:11:48",14
"2019-11-08 14:46:48",14
"2019-11-08 15:46:12",14
"2019-11-08 16:46:12",14
"2019-11-08 17:46:13",14
"2019-11-08 18:46:13",14
"2019-11-08 19:46:17",14
"2019-11-08 20:46:12",14
"2019-11-08 21:46:15",14
"2019-11-08 22:46:13",14
"2019-11-08 23:46:14",14
"2019-11-09 00:46:15",14
"2019-11-09 01:46:14",14
"2019-11-09 02:46:14",14
"2019-11-09 03:46:13",14
"2019-11-09 04:46:16",14
"2019-11-09 05:46:11",14
"2019-11-09 06:46:12",14
"2019-11-09 07:46:14",14
"2019-11-09 08:46:15",14
"2019-11-09 09:46:13",14
"2019-11-09 10:46:11",14
"2019-11-09 11:46:16",14
"2019-11-09 12:46:12",14
"2019-11-09 13:46:11",14
"2019-11-09 14:46:15",14
"2019-11-09 15:46:17",14
"2019-11-09 16:46:12",14
"2019-11-09 18:46:11",14
"2019-11-09 19:46:13",14
"2019-11-09 20:46:17",14
"2019-11-09 21:46:12",14
"2019-11-09 22:46:17",14
"2019-11-09 23:46:13",14
"2019-11-10 00:46:12",14
"2019-11-10 01:46:13",14
"2019-11-10 02:46:16",14
"2019-11-10 03:46:11",14
"2019-11-10 04:46:13",14
"2019-11-10 05:46:13",14
"2019-11-10 06:46:11",14
"2019-11-10 07:46:09",14
"2019-11-10 08:46:17",14
"2019-11-10 09:46:15",14
"2019-11-10 10:46:11",14
"2019-11-10 11:46:11",14
"2019-11-10 12:46:13",14
"2019-11-10 13:46:11",14
"2019-11-10 14:46:10",14
"2019-11-10 15:46:15",14
"2019-11-10 16:46:11",14
"2019-11-10 17:46:13",14
"2019-11-10 18:46:14",14
"2019-11-10 19:46:11",14
"2019-11-10 20:46:12",14
"2019-11-10 21:46:10",14
"2019-11-10 22:46:14",14
"2019-11-10 23:46:15",14
"2019-11-11 00:46:12",14
"2019-11-11 01:46:16",14
"2019-11-11 02:46:13",14
"2019-11-11 03:46:14",14
"2019-11-11 04:46:14",14
"2019-11-11 05:46:17",14
"2019-11-11 06:46:12",14
"2019-11-11 07:46:14",14
"2019-11-11 08:46:18",14
"2019-11-11 09:46:16",14
"2019-11-11 10:46:15",14
"2019-11-11 11:46:12",14
"2019-11-11 12:46:14",14
"2019-11-11 13:46:14",14
"2019-11-11 14:46:18",14
"2019-11-11 15:46:19",14
"2019-11-11 16:46:14",14
"2019-11-11 17:46:16",14
"2019-11-11 18:46:19",14
"2019-11-11 19:46:14",14
"2019-11-11 21:46:13",14
"2019-11-11 22:46:11",14
"2019-11-11 23:46:12",14
"2019-11-12 00:46:09",14
"2019-11-12 01:46:10",14
"2019-11-12 02:46:17",14
"2019-11-12 03:46:12",14
"2019-11-12 04:46:10",14
"2019-11-12 05:46:15",14
"2019-11-12 06:46:11",14
"2019-11-12 07:46:14",14
"2019-11-12 08:46:10",14
"2019-11-12 09:46:10",14
"2019-11-12 10:46:09",14
"2019-11-12 11:46:14",14
"2019-11-12 12:46:15",14
"2019-11-12 14:10:15",14
"2019-11-12 14:46:17",14
"2019-11-12 15:46:11",14
"2019-11-12 16:46:12",14
"2019-11-12 17:46:14",14
"2019-11-12 18:46:16",14
"2019-11-12 19:46:10",14
"2019-11-12 20:46:09",14
"2019-11-12 21:46:11",14
"2019-11-12 22:46:16",14
"2019-11-12 23:46:12",14
"2019-11-13 00:46:17",14
"2019-11-13 01:46:11",14
"2019-11-13 02:46:13",14
"2019-11-13 03:46:15",14
"2019-11-13 04:46:12",14
"2019-11-13 05:46:21",14
"2019-11-13 06:46:11",14
"2019-11-13 07:46:19",14
"2019-11-13 08:46:14",14
"2019-11-13 09:46:12",14
"2019-11-13 10:46:11",14
"2019-11-13 11:46:17",14
"2019-11-13 12:46:10",14
"2019-11-13 13:46:11",14
"2019-11-13 15:46:19",14
"2019-11-13 16:46:12",14
"2019-11-13 17:46:13",14
"2019-11-13 18:46:17",14
"2019-11-13 19:46:11",14
"2019-11-13 20:46:11",14
"2019-11-13 21:46:10",14
"2019-11-13 22:46:13",14
"2019-11-13 23:46:13",14
"2019-11-14 00:46:12",14
"2019-11-14 01:46:11",14
"2019-11-14 02:46:18",14
"2019-11-14 03:46:10",14
"2019-11-14 04:46:11",14
"2019-11-14 05:46:18",14
"2019-11-14 06:46:10",14
"2019-11-14 07:46:18",14
"2019-11-14 08:46:15",14
"2019-11-14 09:46:16",14
"2019-11-14 10:46:15",14
"2019-11-14 11:46:18",14
"2019-11-14 12:46:10",14
"2019-11-14 14:09:51",14
"2019-11-14 14:46:15",14
"2019-11-14 15:46:12",14
"2019-11-14 17:46:14",14
"2019-11-14 18:46:11",14
"2019-11-14 19:46:12",14
"2019-11-14 20:46:12",14
"2019-11-14 21:46:18",14
"2019-11-14 22:46:10",14
"2019-11-14 23:46:13",14
"2019-11-15 00:46:12",14
"2019-11-15 01:46:12",14
"2019-11-15 02:46:11",14
"2019-11-15 03:46:12",14
"2019-11-15 04:46:13",14
"2019-11-15 05:46:13",14
"2019-11-15 06:46:14",14
"2019-11-15 07:46:11",14
"2019-11-15 08:46:22",14
"2019-11-15 09:46:11",14
"2019-11-15 10:46:11",14
"2019-11-15 11:46:10",14
"2019-11-15 12:46:17",14
"2019-11-15 14:12:44",14
"2019-11-15 15:46:21",14
"2019-11-15 16:46:12",14
"2019-11-15 17:46:13",14
"2019-11-15 18:46:21",14
"2019-11-15 19:46:15",14
"2019-11-15 20:46:17",14
"2019-11-15 21:46:10",14
"2019-11-15 22:46:13",14
"2019-11-15 23:46:13",14
"2019-11-16 00:46:15",14
"2019-11-16 01:46:11",14
"2019-11-16 02:46:14",14
"2019-11-16 03:46:11",14
"2019-11-16 04:46:14",14
"2019-11-16 05:46:12",14
"2019-11-16 06:46:14",14
"2019-11-16 07:46:12",14
"2019-11-16 08:46:14",14
"2019-11-16 09:46:18",14
"2019-11-16 10:46:10",14
"2019-11-16 11:46:11",14
"2019-11-16 12:46:17",14
"2019-11-16 13:46:16",14
"2019-11-16 14:46:13",14
"2019-11-16 15:46:12",14
"2019-11-16 16:46:12",14
"2019-11-16 17:46:15",14
"2019-11-16 18:46:11",14
"2019-11-16 19:46:11",14
"2019-11-16 20:46:09",14
"2019-11-16 21:46:10",14
"2019-11-16 22:46:11",14
"2019-11-16 23:46:09",14
"2019-11-17 00:46:10",14
"2019-11-17 01:46:09",14
"2019-11-17 02:46:15",14
"2019-11-17 03:46:10",14
"2019-11-17 04:46:12",14
"2019-11-17 05:46:12",14
"2019-11-17 06:46:13",14
"2019-11-17 07:46:14",14
"2019-11-17 08:46:11",14
"2019-11-17 10:46:18",14
"2019-11-17 11:46:15",14
"2019-11-17 12:46:11",14
"2019-11-17 13:46:12",14
"2019-11-17 14:46:10",14
"2019-11-17 15:46:09",14
"2019-11-17 16:46:12",14
"2019-11-17 17:46:08",14
"2019-11-17 18:46:09",14
"2019-11-17 19:46:10",14
"2019-11-17 20:46:14",14
"2019-11-17 21:46:15",14
"2019-11-17 22:46:12",14
"2019-11-17 23:46:15",14
"2019-11-18 00:46:09",14
"2019-11-18 01:46:09",14
"2019-11-18 02:46:12",14
"2019-11-18 03:46:10",14
"2019-11-18 04:46:09",14
"2019-11-18 05:46:12",14
"2019-11-18 06:46:07",14
"2019-11-18 07:46:10",14
"2019-11-18 08:46:16",14
"2019-11-18 09:46:16",14
"2019-11-18 10:46:12",14
"2019-11-18 11:46:09",14
"2019-11-18 12:46:12",14
"2019-11-18 14:11:17",14
"2019-11-18 14:46:11",14
"2019-11-18 15:46:16",14
"2019-11-18 16:46:13",14
"2019-11-18 17:46:16",14
"2019-11-18 18:46:15",14
"2019-11-18 19:46:11",14
"2019-11-18 20:46:15",14
"2019-11-18 21:46:13",14
"2019-11-18 22:46:09",14
"2019-11-18 23:46:13",14
"2019-11-19 00:46:11",14
"2019-11-19 01:46:11",14
"2019-11-19 02:46:11",14
"2019-11-19 03:46:11",14
"2019-11-19 04:46:13",14
"2019-11-19 05:46:08",14
"2019-11-19 06:46:12",14
"2019-11-19 07:46:10",14
"2019-11-19 08:46:11",14
"2019-11-19 09:46:16",14
"2019-11-19 10:46:10",14
"2019-11-19 11:46:09",14
"2019-11-19 12:46:10",14
"2019-11-19 14:11:18",14
"2019-11-19 14:46:14",14
"2019-11-19 15:46:14",14
"2019-11-19 16:46:12",14
"2019-11-19 17:46:19",14
"2019-11-19 18:46:10",14
"2019-11-19 19:46:14",14
"2019-11-19 20:46:14",14
"2019-11-19 21:46:16",14
"2019-11-19 22:46:12",14
"2019-11-19 23:46:13",14
"2019-11-20 00:46:14",14
"2019-11-20 01:46:13",14
"2019-11-20 02:46:14",14
"2019-11-20 03:46:14",14
"2019-11-20 04:46:13",14
"2019-11-20 05:46:13",14
"2019-11-20 06:46:13",14
"2019-11-20 07:46:14",14
"2019-11-20 08:46:19",14
"2019-11-20 09:46:22",14
"2019-11-20 10:46:22",14
"2019-11-20 11:46:20",14
"2019-11-20 12:46:20",14
"2019-11-20 14:10:51",14
"2019-11-20 14:46:21",14
"2019-11-20 15:46:18",14
"2019-11-20 16:46:18",14
"2019-11-20 22:46:16",14
"2019-11-20 23:46:10",14
"2019-11-21 00:46:09",14
"2019-11-21 01:46:10",14
"2019-11-21 02:46:14",14
"2019-11-21 03:46:12",14
"2019-11-21 04:46:10",14
"2019-11-21 05:46:13",14
"2019-11-21 06:46:15",14
"2019-11-21 07:46:10",14
"2019-11-21 08:46:10",14
"2019-11-21 09:46:12",14
"2019-11-21 10:46:12",14
"2019-11-21 11:46:12",14
"2019-11-21 12:46:10",14
"2019-11-21 14:10:14",14
"2019-11-21 14:46:17",14
"2019-11-21 15:46:11",14
"2019-11-21 16:46:12",14
"2019-11-21 17:46:14",14
"2019-11-21 18:46:09",14
"2019-11-21 19:46:10",14
"2019-11-21 20:46:10",14
"2019-11-21 21:46:11",14
"2019-11-21 22:46:11",14
"2019-11-21 23:46:11",14
"2019-11-22 00:46:11",14
"2019-11-22 01:46:15",14
"2019-11-22 02:46:10",14
"2019-11-22 03:46:10",14
"2019-11-22 04:46:09",14
"2019-11-22 05:46:15",14
"2019-11-22 06:46:12",14
"2019-11-22 07:46:15",14
"2019-11-22 08:46:19",14
"2019-11-22 09:46:18",14
"2019-11-22 10:46:17",14
"2019-11-22 11:46:12",14
"2019-11-22 12:47:12",14
"2019-11-22 13:46:09",14
"2019-11-22 14:46:13",14
"2019-11-22 15:46:08",14
"2019-11-22 16:46:09",14
"2019-11-22 17:46:15",14
"2019-11-22 18:46:15",14
"2019-11-22 19:46:10",14
"2019-11-22 20:46:11",14
"2019-11-22 21:46:10",14
"2019-11-22 22:46:10",14
"2019-11-22 23:46:12",14
"2019-11-23 00:46:18",14
"2019-11-23 01:46:10",14
"2019-11-23 02:46:09",14
"2019-11-23 03:46:09",14
"2019-11-23 04:46:15",14
"2019-11-23 05:46:10",14
"2019-11-23 06:46:12",14
"2019-11-23 07:46:12",14
"2019-11-23 08:46:12",14
"2019-11-23 09:46:14",14
"2019-11-23 10:46:13",14
"2019-11-23 11:46:08",14
"2019-11-23 12:46:09",14
"2019-11-23 13:46:10",14
"2019-11-23 14:46:10",14
"2019-11-23 15:46:10",14
"2019-11-23 16:46:09",14
"2019-11-23 17:46:11",14
"2019-11-23 18:46:10",14
"2019-11-23 19:46:12",14
"2019-11-23 20:46:07",14
"2019-11-23 21:46:11",14
"2019-11-23 22:46:07",14
"2019-11-23 23:46:08",14
"2019-11-24 00:46:12",14
"2019-11-24 01:46:08",14
"2019-11-24 02:46:08",14
"2019-11-24 03:46:08",14
"2019-11-24 04:46:07",14
"2019-11-24 05:46:08",14
"2019-11-24 06:46:09",14
"2019-11-24 07:46:06",14
"2019-11-24 08:46:11",14
"2019-11-24 09:46:14",14
"2019-11-24 10:46:12",14
"2019-11-24 11:46:10",14
"2019-11-24 12:46:07",14
"2019-11-24 13:46:07",14
"2019-11-24 14:46:09",14
"2019-11-24 15:46:10",14
"2019-11-24 16:46:09",14
"2019-11-24 17:46:08",14
"2019-11-24 18:46:11",14
"2019-11-24 19:46:09",14
"2019-11-24 20:46:11",14
"2019-11-24 21:46:08",14
"2019-11-24 22:46:13",14
"2019-11-24 23:46:09",14
"2019-11-25 00:46:10",14
"2019-11-25 01:46:13",14
"2019-11-25 02:46:10",14
"2019-11-25 04:46:08",14
"2019-11-25 05:46:10",14
"2019-11-25 06:46:09",14
"2019-11-25 07:46:10",14
"2019-11-25 08:46:16",14
"2019-11-25 09:46:16",14
"2019-11-25 10:46:15",14
"2019-11-25 11:46:13",14
"2019-11-25 12:46:14",14
"2019-11-25 13:46:08",14
"2019-11-25 14:46:10",14
"2019-11-25 15:46:13",14
"2019-11-25 16:46:09",14
"2019-11-25 17:46:15",13
"2019-11-25 18:46:08",13
"2019-11-25 19:46:11",13
"2019-11-25 20:46:11",13
"2019-11-25 21:46:08",13
"2019-11-25 22:46:16",13
"2019-11-25 23:46:09",13
"2019-11-26 00:46:11",13
"2019-11-26 01:46:10",13
"2019-11-26 02:46:12",13
"2019-11-26 03:46:12",13
"2019-11-26 04:46:09",13
"2019-11-26 05:46:15",13
"2019-11-26 06:46:20",13
"2019-11-26 07:46:11",13
"2019-11-26 08:46:14",13
"2019-11-26 20:46:15",13
"2019-11-26 21:46:12",13
"2019-11-26 22:46:17",13
"2019-11-26 23:46:11",13
"2019-11-27 00:46:15",13
"2019-11-27 01:46:11",13
"2019-11-27 02:46:10",13
"2019-11-27 03:46:13",13
"2019-11-27 04:46:11",13
"2019-11-27 05:46:13",13
"2019-11-27 06:46:13",13
"2019-11-27 07:46:12",13
"2019-11-27 08:46:20",13
"2019-11-27 09:46:20",13
"2019-11-27 10:46:10",13
"2019-11-27 11:46:08",13
"2019-11-27 12:46:18",13
"2019-11-27 13:46:11",13
"2019-11-27 14:46:14",13
"2019-11-27 15:46:19",13
"2019-11-27 16:46:15",13
"2019-11-27 17:46:12",13
"2019-11-27 18:46:15",13
"2019-11-27 19:46:14",13
"2019-11-27 20:46:11",13
"2019-11-27 21:46:11",13
"2019-11-27 22:46:14",13
"2019-11-27 23:46:13",13
"2019-11-28 00:46:13",13
"2019-11-28 01:46:14",13
"2019-11-28 02:46:18",13
"2019-11-28 03:46:15",13
"2019-11-28 04:46:14",13
"2019-11-28 05:46:11",13
"2019-11-28 06:46:12",13
"2019-11-28 07:46:15",13
"2019-11-28 08:46:14",13
"2019-11-28 09:46:20",13
"2019-11-28 10:46:16",13
"2019-11-28 11:46:12",13
"2019-11-28 12:46:11",13
"2019-11-28 13:46:10",13
"2019-11-28 14:46:11",13
"2019-11-28 15:46:12",13
"2019-11-28 16:46:11",13
"2019-11-28 17:46:13",13
"2019-11-28 18:46:12",13
"2019-11-28 19:46:10",13
"2019-11-28 20:46:09",13
"2019-11-28 21:46:11",13
"2019-11-28 22:46:10",13
"2019-11-28 23:46:12",13
"2019-11-29 00:46:11",13
"2019-11-29 01:46:11",13
"2019-11-29 02:46:11",13
"2019-11-29 04:46:15",13
"2019-11-29 05:46:13",13
"2019-11-29 06:46:10",13
"2019-11-29 07:46:13",13
"2019-11-29 08:46:22",13
"2019-11-29 09:46:25",13
"2019-11-29 10:46:34",13
"2019-11-29 11:46:17",13
"2019-11-29 12:46:17",13
"2019-11-29 13:46:21",13
"2019-11-29 14:46:22",13
"2019-11-29 15:46:19",13
"2019-11-29 16:46:22",13
"2019-11-29 17:46:25",13
"2019-11-29 18:46:20",13
"2019-11-29 20:46:18",13
"2019-11-29 21:46:10",13
"2019-11-29 22:46:20",13
"2019-11-29 23:46:16",13
"2019-11-30 00:46:12",13
"2019-11-30 01:46:11",13
"2019-11-30 02:46:13",13
"2019-11-30 03:46:15",13
"2019-11-30 04:46:15",13
"2019-11-30 05:46:18",13
"2019-11-30 06:46:16",13
"2019-11-30 07:46:16",13
"2019-11-30 08:46:14",13
"2019-11-30 21:46:42",13
"2019-11-30 22:46:21",13
"2019-11-30 23:46:15",13
"2019-12-01 00:46:17",13
"2019-12-01 01:46:11",13
"2019-12-01 02:46:20",13
"2019-12-01 22:46:25",13
"2019-12-01 23:46:11",13
"2019-12-02 00:46:09",13
"2019-12-02 01:46:16",13
"2019-12-02 02:46:14",13
"2019-12-02 06:20:17",13
"2019-12-02 06:48:53",13
"2019-12-02 07:48:58",13
"2019-12-02 08:48:49",13
"2019-12-02 09:48:49",13
"2019-12-02 10:48:51",13
"2019-12-02 11:48:51",13
"2019-12-02 12:48:46",13
"2019-12-02 14:10:59",13
"2019-12-02 14:48:56",13
"2019-12-02 15:49:00",13
"2019-12-02 16:48:52",13
"2019-12-02 17:49:20",13
"2019-12-02 18:49:17",13
"2019-12-02 19:49:18",13
"2019-12-02 20:49:12",13
"2019-12-02 21:49:16",13
"2019-12-02 22:49:42",13
"2019-12-02 23:49:18",13
"2019-12-03 00:48:59",13
"2019-12-03 01:49:19",13
"2019-12-03 02:49:13",13
"2019-12-03 03:49:16",13
"2019-12-03 04:49:17",13
"2019-12-03 05:49:18",13
"2019-12-03 06:48:52",13
"2019-12-03 07:48:49",13
"2019-12-03 08:48:49",13
"2019-12-03 09:49:10",13
"2019-12-03 10:49:16",13
"2019-12-03 11:48:59",13
"2019-12-03 12:48:47",13
"2019-12-03 13:48:44",13
"2019-12-03 14:49:17",13
"2019-12-03 15:48:50",13
"2019-12-03 16:49:17",13
"2019-12-03 17:49:13",13
"2019-12-03 18:49:13",13
"2019-12-03 19:49:11",13
"2019-12-03 20:49:13",13
"2019-12-03 21:49:47",13
"2019-12-03 22:49:16",13
"2019-12-03 23:49:37",13
"2019-12-04 00:49:55",13
"2019-12-04 01:49:59",13
"2019-12-04 02:49:39",13
"2019-12-04 03:49:25",13
"2019-12-04 04:49:23",13
"2019-12-04 06:49:27",13
"2019-12-04 07:49:23",13
"2019-12-04 08:49:01",13
"2019-12-04 09:49:03",13
"2019-12-04 10:48:58",13
"2019-12-04 11:49:02",13
"2019-12-04 12:48:59",13
"2019-12-04 14:10:30",13
"2019-12-04 14:49:33",13
"2019-12-04 15:49:29",13
"2019-12-04 16:49:22",13
"2019-12-04 17:49:23",13
"2019-12-04 18:49:23",13
"2019-12-04 19:49:25",13
"2019-12-04 20:49:20",13
"2019-12-04 21:49:16",13
"2019-12-04 22:49:15",13
"2019-12-04 23:49:17",13
"2019-12-05 00:49:22",13
"2019-12-05 01:49:21",13
"2019-12-05 02:49:20",13
"2019-12-05 03:49:20",13
"2019-12-05 04:49:19",13
"2019-12-05 06:49:20",13
"2019-12-05 07:48:53",13
"2019-12-05 08:49:18",13
"2019-12-05 09:48:49",13
"2019-12-05 10:48:49",13
"2019-12-05 11:48:50",13
"2019-12-05 12:48:47",13
"2019-12-05 13:49:15",13
"2019-12-05 14:49:23",13
"2019-12-05 15:49:16",13
"2019-12-05 16:49:16",13
"2019-12-05 17:49:16",13
"2019-12-05 18:49:18",13
"2019-12-05 20:11:01",13
"2019-12-05 20:49:29",13
"2019-12-05 21:49:15",13
"2019-12-05 22:49:16",13
"2019-12-05 23:48:55",13
"2019-12-06 00:49:17",13
"2019-12-06 01:49:15",13
"2019-12-06 02:49:23",13
"2019-12-06 03:49:18",13
"2019-12-06 04:49:14",13
"2019-12-06 05:49:33",13
"2019-12-06 06:49:32",13
"2019-12-06 07:49:24",13
"2019-12-06 08:49:21",13
"2019-12-06 09:49:12",13
"2019-12-06 10:49:20",13
"2019-12-06 11:49:12",13
"2019-12-06 12:49:01",13
"2019-12-06 13:50:33",13
"2019-12-06 14:49:28",13
"2019-12-06 15:49:55",13
"2019-12-06 16:49:22",13
"2019-12-06 17:49:17",13
"2019-12-06 18:49:18",13
"2019-12-06 19:49:21",13
"2019-12-06 20:49:19",13
"2019-12-06 21:48:49",13
"2019-12-06 22:48:52",13
"2019-12-06 23:48:56",13
"2019-12-07 00:49:06",13
"2019-12-07 01:49:58",13
"2019-12-07 02:49:22",13
"2019-12-07 03:49:19",13
"2019-12-07 04:49:01",13
"2019-12-07 05:49:45",13
"2019-12-07 06:48:54",13
"2019-12-07 07:48:57",13
"2019-12-07 08:48:54",13
"2019-12-07 09:48:53",13
"2019-12-07 10:48:52",13
"2019-12-07 11:48:51",13
"2019-12-07 12:49:08",13
"2019-12-07 13:49:46",13
"2019-12-07 14:49:24",13
"2019-12-07 15:49:25",13
"2019-12-07 16:49:20",13
"2019-12-07 17:49:25",13
"2019-12-07 18:49:20",13
"2019-12-07 19:48:55",13
"2019-12-07 20:49:20",13
"2019-12-07 21:49:25",13
"2019-12-07 22:48:59",13
"2019-12-07 23:48:54",13
"2019-12-08 00:49:16",13
"2019-12-08 01:48:53",13
"2019-12-08 02:49:23",13
"2019-12-08 03:49:20",13
"2019-12-08 04:49:16",13
"2019-12-08 05:49:24",13
"2019-12-08 06:49:22",13
"2019-12-08 07:49:19",13
"2019-12-08 08:49:19",13
"2019-12-08 09:49:17",13
"2019-12-08 10:49:20",13
"2019-12-08 11:48:52",13
"2019-12-08 12:49:01",13
"2019-12-08 13:49:14",13
"2019-12-08 14:49:15",13
"2019-12-08 15:48:56",13
"2019-12-08 16:49:19",13
"2019-12-08 17:49:23",13
"2019-12-08 18:48:52",13
"2019-12-08 19:49:14",13
"2019-12-08 20:49:15",13
"2019-12-08 21:49:22",13
"2019-12-08 22:49:22",13
"2019-12-08 23:49:21",13
"2019-12-09 00:49:20",13
"2019-12-09 01:48:52",13
"2019-12-09 02:49:17",13
"2019-12-09 03:49:27",13
"2019-12-09 04:48:56",13
"2019-12-09 05:49:02",13
"2019-12-09 06:49:21",13
"2019-12-09 07:48:59",13
"2019-12-09 08:48:58",13
"2019-12-09 09:48:51",13
"2019-12-09 10:48:54",13
"2019-12-09 11:48:49",13
"2019-12-09 12:49:00",13
"2019-12-09 14:11:30",13
"2019-12-09 14:49:07",13
"2019-12-09 15:49:09",12
"2019-12-09 16:49:33",12
"2019-12-09 17:49:39",12
"2019-12-09 18:49:07",12
"2019-12-09 19:48:53",12
"2019-12-09 20:49:31",12
"2019-12-09 21:49:25",12
"2019-12-09 22:48:54",12
"2019-12-09 23:49:16",12
"2019-12-10 00:49:30",12
"2019-12-10 01:49:18",12
"2019-12-10 02:49:23",12
"2019-12-10 03:49:28",12
"2019-12-10 04:49:21",12
"2019-12-10 05:49:30",12
"2019-12-10 06:49:25",12
"2019-12-10 07:49:20",12
"2019-12-10 08:49:25",12
"2019-12-10 09:48:55",12
"2019-12-10 10:48:55",12
"2019-12-10 11:48:53",12
"2019-12-10 12:49:28",12
"2019-12-10 13:48:52",12
"2019-12-10 14:49:00",12
"2019-12-10 15:48:59",12
"2019-12-10 16:49:34",12
"2019-12-10 17:49:19",12
"2019-12-10 18:49:16",12
"2019-12-10 19:48:57",12
"2019-12-10 20:49:20",12
"2019-12-10 21:49:18",11
"2019-12-10 22:49:26",11
"2019-12-10 23:49:33",11
"2019-12-11 00:49:32",11
"2019-12-11 01:49:35",11
"2019-12-11 02:49:48",11
"2019-12-11 03:49:23",11
"2019-12-11 04:49:32",11
"2019-12-11 05:49:31",11
"2019-12-11 06:49:06",11
"2019-12-11 07:49:06",11
"2019-12-11 08:49:20",11
"2019-12-11 09:49:03",11
"2019-12-11 10:49:07",11
"2019-12-11 11:49:16",11
"2019-12-11 12:49:29",11
"2019-12-11 13:49:14",11
"2019-12-11 14:49:58",11
"2019-12-11 15:49:11",12
"2019-12-11 16:49:33",12
"2019-12-11 17:49:40",12
"2019-12-11 18:49:32",12
"2019-12-11 19:49:40",12
"2019-12-11 20:49:38",12
"2019-12-11 21:49:24",12
"2019-12-11 22:49:28",12
"2019-12-11 23:49:34",12
"2019-12-12 00:49:11",12
"2019-12-12 01:49:54",12
"2019-12-12 02:49:33",12
"2019-12-12 03:49:11",12
"2019-12-12 04:49:31",12
"2019-12-12 05:49:29",12
"2019-12-12 06:49:36",12
"2019-12-12 07:49:27",12
"2019-12-12 08:49:06",12
"2019-12-12 09:49:24",12
"2019-12-12 10:49:24",12
"2019-12-12 11:49:07",12
"2019-12-12 12:49:05",12
"2019-12-12 14:10:00",12
"2019-12-12 15:49:15",12
"2019-12-12 16:49:34",12
"2019-12-12 17:49:09",13
"2019-12-12 18:49:08",13
"2019-12-12 19:49:14",13
"2019-12-12 20:49:19",13
"2019-12-12 21:49:08",13
"2019-12-12 22:49:07",13
"2019-12-12 23:49:17",13
"2019-12-13 00:50:21",13
"2019-12-13 01:50:45",13
"2019-12-13 02:50:38",13
"2019-12-13 03:50:53",13
"2019-12-13 04:50:42",13
"2019-12-13 05:50:59",13
"2019-12-13 06:51:14",13
"2019-12-13 08:50:23",13
"2019-12-13 09:50:32",13
"2019-12-13 10:49:59",13
"2019-12-13 11:50:12",13
"2019-12-13 12:50:27",13
"2019-12-13 14:42:09",13
"2019-12-13 14:51:22",13
"2019-12-13 15:50:59",13
"2019-12-13 16:50:35",13
"2019-12-13 17:50:41",13
"2019-12-13 18:50:42",13
"2019-12-13 19:50:32",13
"2019-12-13 20:51:09",13
"2019-12-13 21:50:25",13
"2019-12-13 22:50:25",13
"2019-12-13 23:50:09",13
"2019-12-14 00:50:27",13
"2019-12-14 01:50:21",13
"2019-12-14 02:50:29",13
"2019-12-14 03:50:19",13
"2019-12-14 04:50:31",13
"2019-12-14 05:50:34",13
"2019-12-14 06:50:28",13
"2019-12-14 07:49:52",13
"2019-12-14 08:50:15",13
"2019-12-14 09:50:04",13
"2019-12-14 10:49:57",13
"2019-12-14 11:50:05",13
"2019-12-14 12:50:01",13
"2019-12-14 13:50:50",13
"2019-12-14 14:50:23",13
"2019-12-14 15:50:32",13
"2019-12-14 16:50:39",13
"2019-12-14 17:50:21",13
"2019-12-14 18:50:40",13
"2019-12-14 19:50:19",13
"2019-12-14 22:50:37",13
"2019-12-14 23:50:18",13
"2019-12-15 00:50:29",13
"2019-12-15 01:50:54",13
"2019-12-15 02:50:39",13
"2019-12-15 03:50:26",13
"2019-12-15 04:50:40",13
"2019-12-15 05:50:00",13
"2019-12-15 06:50:29",13
"2019-12-15 07:50:08",13
"2019-12-15 08:50:08",13
"2019-12-15 09:49:49",13
"2019-12-15 10:49:54",13
"2019-12-15 11:50:12",13
"2019-12-15 13:50:08",13
"2019-12-15 14:50:01",13
"2019-12-15 15:50:47",13
"2019-12-15 16:50:26",13
"2019-12-15 17:50:36",13
"2019-12-15 19:50:24",13
"2019-12-15 20:50:27",13
"2019-12-15 21:50:20",13
"2019-12-15 22:50:10",13
"2019-12-15 23:50:35",13
"2019-12-16 00:50:23",13
"2019-12-16 01:50:47",13
"2019-12-16 02:50:20",13
"2019-12-16 04:51:14",13
"2019-12-16 05:50:44",13
"2019-12-16 06:50:41",13
"2019-12-16 07:50:08",13
"2019-12-16 08:49:54",13
"2019-12-16 09:50:04",13
"2019-12-16 10:50:03",13
"2019-12-16 11:50:18",13
"2019-12-16 12:50:18",13
"2019-12-16 13:50:21",13
"2019-12-16 14:52:47",13
"2019-12-16 16:09:30",13
"2019-12-16 16:51:14",13
"2019-12-16 17:50:49",13
"2019-12-16 18:50:58",13
"2019-12-16 19:50:36",14
"2019-12-16 20:50:40",14
"2019-12-16 21:50:29",14
"2019-12-16 22:50:31",14
"2019-12-16 23:50:13",14
"2019-12-17 00:50:11",14
"2019-12-17 01:50:32",14
"2019-12-17 02:50:55",14
"2019-12-17 03:50:36",14
"2019-12-17 05:50:43",14
"2019-12-17 06:50:50",14
"2019-12-17 07:50:19",14
"2019-12-17 08:50:43",14
"2019-12-17 09:49:59",14
"2019-12-17 10:50:08",14
"2019-12-17 11:49:54",14
"2019-12-17 12:49:56",14
"2019-12-17 14:11:00",14
"2019-12-17 14:51:28",14
"2019-12-17 15:51:05",14
"2019-12-17 16:50:40",14
"2019-12-17 17:50:48",14
"2019-12-17 18:50:36",14
"2019-12-17 19:50:58",14
"2019-12-17 20:50:53",14
"2019-12-17 21:50:16",14
"2019-12-17 22:50:28",14
"2019-12-17 23:50:34",14
"2019-12-18 01:51:14",14
"2019-12-18 02:50:46",14
"2019-12-18 03:50:28",14
"2019-12-18 04:50:01",14
"2019-12-18 05:50:32",14
"2019-12-18 06:50:20",14
"2019-12-18 07:50:07",14
"2019-12-18 08:50:31",14
"2019-12-18 09:50:03",14
"2019-12-18 10:50:05",14
"2019-12-18 11:50:09",14
"2019-12-18 12:50:03",14
"2019-12-18 14:10:00",14
"2019-12-18 14:51:39",14
"2019-12-18 15:50:47",14
"2019-12-18 16:50:43",13
"2019-12-18 17:50:57",13
"2019-12-18 18:50:42",13
"2019-12-18 19:50:31",13
"2019-12-18 20:50:41",13
"2019-12-18 21:50:17",13
"2019-12-18 22:50:31",13
"2019-12-18 23:50:21",13
"2019-12-19 00:50:33",13
"2019-12-19 01:50:19",13
"2019-12-19 02:50:48",13
"2019-12-19 03:50:20",13
"2019-12-19 04:50:29",13
"2019-12-19 05:50:08",13
"2019-12-19 06:50:44",13
"2019-12-19 07:50:21",13
"2019-12-19 08:50:01",13
"2019-12-19 09:50:01",13
"2019-12-19 10:49:49",13
"2019-12-19 11:49:48",13
"2019-12-19 12:50:10",13
"2019-12-19 14:11:32",13
"2019-12-19 14:51:15",13
"2019-12-19 15:51:43",13
"2019-12-19 16:51:10",13
"2019-12-19 17:51:02",13
"2019-12-19 18:50:49",13
"2019-12-19 19:50:50",13
"2019-12-19 21:11:35",13
"2019-12-19 21:50:45",13
"2019-12-19 22:50:50",13
"2019-12-19 23:50:57",13
"2019-12-20 00:50:49",13
"2019-12-20 01:50:43",13
"2019-12-20 02:50:43",13
"2019-12-20 03:50:46",13
"2019-12-20 04:51:02",13
"2019-12-20 05:50:42",13
"2019-12-20 06:51:06",13
"2019-12-20 07:50:48",13
"2019-12-20 08:50:42",13
"2019-12-20 09:50:35",13
"2019-12-20 10:49:48",13
"2019-12-20 11:50:24",13
"2019-12-20 12:50:38",13
"2019-12-20 14:10:32",13
"2019-12-20 14:52:05",13
"2019-12-20 15:51:47",14
"2019-12-20 16:51:42",14
"2019-12-20 17:51:35",14
"2019-12-20 18:51:19",14
"2019-12-20 19:51:35",14
"2019-12-20 20:51:33",14
"2019-12-20 21:50:54",13
"2019-12-20 22:50:48",13
"2019-12-20 23:50:57",13
"2019-12-21 00:50:42",13
"2019-12-21 01:50:55",13
"2019-12-21 02:51:20",13
"2019-12-21 03:50:41",13
"2019-12-21 04:51:04",13
"2019-12-21 05:50:23",13
"2019-12-21 06:50:37",13
"2019-12-21 07:50:36",13
"2019-12-21 08:50:27",13
"2019-12-21 09:50:01",13
"2019-12-21 10:50:03",13
"2019-12-21 11:49:47",13
"2019-12-21 12:50:18",13
"2019-12-21 13:50:16",13
"2019-12-21 14:50:27",13
"2019-12-21 15:50:23",13
"2019-12-21 16:50:58",13
"2019-12-21 17:50:23",13
"2019-12-21 18:50:18",13
"2019-12-21 19:50:24",13
"2019-12-21 20:50:18",13
"2019-12-21 22:50:58",13
"2019-12-21 23:50:01",13
"2019-12-22 00:50:14",13
"2019-12-22 01:50:11",13
"2019-12-22 02:50:21",13
"2019-12-22 04:50:34",13
"2019-12-22 05:50:13",13
"2019-12-22 06:49:53",13
"2019-12-22 07:50:08",13
"2019-12-22 08:50:10",13
"2019-12-22 09:49:53",13
"2019-12-22 10:49:56",13
"2019-12-22 11:49:42",13
"2019-12-22 12:49:58",13
"2019-12-22 13:50:12",13
"2019-12-22 14:50:18",13
"2019-12-22 15:50:46",13
"2019-12-22 16:50:28",13
"2019-12-22 17:50:18",13
"2019-12-22 18:50:17",13
"2019-12-22 19:50:50",13
"2019-12-22 20:50:44",13
"2019-12-22 22:50:15",13
"2019-12-22 23:50:37",13
"2019-12-23 00:50:47",13
"2019-12-23 01:50:53",13
"2019-12-23 02:50:34",13
"2019-12-23 03:50:44",13
"2019-12-23 04:50:56",13
"2019-12-23 05:50:32",13
"2019-12-23 06:50:33",13
"2019-12-23 07:50:02",13
"2019-12-23 08:50:09",13
"2019-12-23 09:49:48",13
"2019-12-23 10:49:55",13
"2019-12-23 11:50:10",13
"2019-12-23 12:50:16",13
"2019-12-23 14:11:35",13
"2019-12-23 14:52:03",13
"2019-12-23 15:50:53",12
"2019-12-23 16:50:40",12
"2019-12-23 17:51:03",12
"2019-12-23 18:50:59",12
"2019-12-23 19:51:01",12
"2019-12-23 20:51:06",12
"2019-12-23 21:50:53",12
"2019-12-23 22:50:35",12
"2019-12-23 23:50:48",12
"2019-12-24 00:50:22",12
"2019-12-24 01:50:30",12
"2019-12-24 02:50:58",12
"2019-12-24 03:51:09",12
"2019-12-24 04:51:00",12
"2019-12-24 05:50:26",12
"2019-12-24 06:50:55",12
"2019-12-24 07:50:09",12
"2019-12-24 08:50:23",12
"2019-12-24 09:50:09",12
"2019-12-24 10:49:45",12
"2019-12-24 11:50:07",12
"2019-12-24 12:49:58",12
"2019-12-24 13:50:08",12
"2019-12-24 14:51:48",12
"2019-12-24 15:50:43",12
"2019-12-24 16:50:25",12
"2019-12-24 17:50:27",12
"2019-12-24 18:50:20",12
"2019-12-24 20:50:10",12
"2019-12-24 21:50:09",12
"2019-12-24 22:50:55",12
"2019-12-24 23:50:27",12
"2019-12-25 00:50:41",12
"2019-12-25 01:50:03",12
"2019-12-25 02:50:02",12
"2019-12-25 03:50:29",12
"2019-12-25 04:50:41",12
"2019-12-25 05:50:37",12
"2019-12-25 06:50:25",12
"2019-12-25 07:50:19",12
"2019-12-25 08:50:42",12
"2019-12-25 09:50:11",12
"2019-12-25 10:50:00",12
"2019-12-25 11:49:55",12
"2019-12-25 12:49:52",12
"2019-12-25 13:50:00",12
"2019-12-25 14:50:22",12
"2019-12-25 15:50:38",12
"2019-12-25 16:50:22",12
"2019-12-25 17:50:38",12
"2019-12-25 18:50:08",12
"2019-12-25 19:50:09",12
"2019-12-25 20:50:10",12
"2019-12-25 21:50:14",12
"2019-12-25 22:50:13",12
"2019-12-25 23:50:16",12
"2019-12-26 00:50:29",12
"2019-12-26 01:50:35",12
"2019-12-26 02:50:49",12
"2019-12-26 03:50:54",12
"2019-12-26 04:51:00",12
"2019-12-26 05:50:28",12
"2019-12-26 06:50:40",12
"2019-12-26 07:50:33",12
"2019-12-26 08:49:58",12
"2019-12-26 09:49:54",12
"2019-12-26 10:50:05",12
"2019-12-26 11:49:48",12
"2019-12-26 12:49:48",12
"2019-12-26 13:50:27",12
"2019-12-26 14:51:13",12
"2019-12-26 15:51:00",12
"2019-12-26 16:50:40",12
"2019-12-26 17:51:17",12
"2019-12-26 18:50:40",12
"2019-12-26 19:50:29",12
"2019-12-26 20:51:28",12
"2019-12-26 21:50:53",12
"2019-12-26 23:50:40",12
"2019-12-27 00:50:17",12
"2019-12-27 01:51:07",12
"2019-12-27 02:51:19",12
"2019-12-27 03:50:36",12
"2019-12-27 04:51:04",12
"2019-12-27 05:51:04",12
"2019-12-27 06:51:03",12
"2019-12-27 07:50:25",12
"2019-12-27 08:50:40",12
"2019-12-27 09:50:05",12
"2019-12-27 10:49:50",12
"2019-12-27 11:49:58",12
"2019-12-27 12:50:07",12
"2019-12-27 14:11:33",12
"2019-12-27 14:51:24",12
"2019-12-27 15:50:55",12
"2019-12-27 16:50:43",12
"2019-12-27 17:50:44",12
"2019-12-27 18:50:56",12
"2019-12-27 19:51:30",12
"2019-12-27 20:50:44",12
"2019-12-27 21:51:20",12
"2019-12-27 22:50:54",12
"2019-12-27 23:50:19",12
"2019-12-28 00:50:55",12
"2019-12-28 01:50:33",12
"2019-12-28 02:50:34",12
"2019-12-28 03:50:30",12
"2019-12-28 04:50:48",12
"2019-12-28 05:50:55",12
"2019-12-28 06:50:53",12
"2019-12-28 07:50:31",12
"2019-12-28 08:50:43",12
"2019-12-28 09:50:13",12
"2019-12-28 10:50:25",12
"2019-12-28 11:50:05",12
"2019-12-28 12:49:52",12
"2019-12-28 13:50:13",12
"2019-12-28 14:50:44",12
"2019-12-28 15:51:02",12
"2019-12-28 16:50:35",12
"2019-12-28 17:50:56",12
"2019-12-28 18:50:32",12
"2019-12-28 19:50:31",12
"2019-12-28 20:51:03",12
"2019-12-28 21:50:23",12
"2019-12-28 22:50:27",12
"2019-12-28 23:50:35",12
"2019-12-29 00:50:28",12
"2019-12-29 01:51:04",12
"2019-12-29 02:50:43",12
"2019-12-29 03:51:13",12
"2019-12-29 05:50:59",12
"2019-12-29 06:50:57",12
"2019-12-29 07:50:23",12
"2019-12-29 08:50:48",12
"2019-12-29 09:50:15",12
"2019-12-29 10:50:20",12
"2019-12-29 11:49:58",12
"2019-12-29 12:50:05",12
"2019-12-29 13:50:18",12
"2019-12-29 14:50:39",12
"2019-12-29 15:50:48",12
"2019-12-29 16:50:36",12
"2019-12-29 17:50:20",12
"2019-12-29 18:50:49",12
"2019-12-29 19:50:50",12
"2019-12-29 20:50:23",12
"2019-12-29 21:51:31",12
"2019-12-29 22:50:27",12
"2019-12-29 23:50:23",12
"2019-12-30 00:50:17",12
"2019-12-30 01:50:56",12
"2019-12-30 02:51:28",12
"2019-12-30 03:50:24",12
"2019-12-30 04:51:03",12
"2019-12-30 05:50:41",12
"2019-12-30 06:50:10",12
"2019-12-30 07:49:55",12
"2019-12-30 08:50:24",12
"2019-12-30 09:50:25",12
"2019-12-30 10:49:44",12
"2019-12-30 11:50:25",12
"2019-12-30 12:50:06",12
"2019-12-30 14:11:30",12
"2019-12-30 14:52:04",12
"2019-12-30 15:50:58",12
"2019-12-30 16:50:45",12
"2019-12-30 17:50:42",12
"2019-12-30 18:51:00",12
"2019-12-30 19:50:58",12
"2019-12-30 20:50:37",12
"2019-12-30 21:50:27",12
"2019-12-30 23:50:34",12
"2019-12-31 00:50:28",12
"2019-12-31 01:50:31",12
"2019-12-31 02:50:43",12
"2019-12-31 03:50:53",12
"2019-12-31 04:50:20",12
"2019-12-31 05:50:10",12
"2019-12-31 06:50:30",12
"2019-12-31 07:50:23",12
"2019-12-31 08:50:44",12
"2019-12-31 09:50:28",12
"2019-12-31 10:50:48",12
"2019-12-31 11:50:36",12
"2019-12-31 12:50:17",12
"2019-12-31 14:12:33",12
"2019-12-31 14:51:43",12
"2019-12-31 15:51:17",13
"2019-12-31 16:50:38",13
"2019-12-31 17:50:36",14
"2019-12-31 18:50:37",14
"2019-12-31 19:50:49",14
"2019-12-31 20:50:33",14
"2019-12-31 21:50:23",14
"2019-12-31 22:50:29",14
"2019-12-31 23:50:23",14
"2020-01-01 00:50:14",14
"2020-01-01 01:50:18",14
"2020-01-01 02:50:23",14
"2020-01-01 03:50:32",14
"2020-01-01 04:50:05",14
"2020-01-01 05:50:55",14
"2020-01-01 06:50:46",14
"2020-01-01 07:50:26",14
"2020-01-01 08:50:21",14
"2020-01-01 09:49:54",14
"2020-01-01 10:49:51",14
"2020-01-01 11:50:04",14
"2020-01-01 12:50:00",14
"2020-01-01 13:50:02",14
"2020-01-01 14:50:04",14
"2020-01-01 15:50:17",14
"2020-01-01 16:50:28",14
"2020-01-01 17:50:21",14
"2020-01-01 18:50:27",14
"2020-01-01 19:50:19",14
"2020-01-01 20:50:32",14
"2020-01-01 21:50:29",14
"2020-01-01 22:50:49",14
"2020-01-01 23:51:07",14
"2020-01-02 00:51:07",14
"2020-01-02 01:50:57",14
"2020-01-02 02:51:35",14
"2020-01-02 03:50:48",14
"2020-01-02 04:50:38",14
"2020-01-02 05:50:31",14
"2020-01-02 06:50:20",14
"2020-01-02 07:50:15",14
"2020-01-02 08:50:28",14
"2020-01-02 09:50:04",14
"2020-01-02 10:50:02",14
"2020-01-02 11:50:13",14
"2020-01-02 12:50:17",14
"2020-01-02 14:13:01",14
"2020-01-02 14:52:35",14
"2020-01-02 15:51:13",14
"2020-01-02 16:50:59",14
"2020-01-02 17:51:05",14
"2020-01-02 18:51:10",14
"2020-01-02 19:50:59",14
"2020-01-02 20:51:13",14
"2020-01-02 21:50:30",14
"2020-01-02 22:51:29",14
"2020-01-02 23:50:25",14
"2020-01-03 00:51:00",14
"2020-01-03 01:50:38",14
"2020-01-03 02:51:00",14
"2020-01-03 03:50:42",14
"2020-01-03 04:50:39",14
"2020-01-03 05:50:38",14
"2020-01-03 06:50:46",14
"2020-01-03 07:50:29",14
"2020-01-03 08:50:54",14
"2020-01-03 09:50:22",14
"2020-01-03 10:50:16",14
"2020-01-03 11:50:16",14
"2020-01-03 12:50:01",14
"2020-01-03 14:13:00",14
"2020-01-03 14:55:27",14
"2020-01-03 15:50:49",14
"2020-01-03 16:51:04",14
"2020-01-03 17:51:35",14
"2020-01-03 18:50:52",14
"2020-01-03 19:50:40",14
"2020-01-03 20:51:04",14
"2020-01-03 21:50:25",14
"2020-01-03 22:50:25",14
"2020-01-03 23:50:32",14
"2020-01-04 00:50:35",14
"2020-01-04 01:50:35",14
"2020-01-04 02:50:29",14
"2020-01-04 03:51:07",14
"2020-01-04 04:50:47",14
"2020-01-04 05:50:34",14
"2020-01-04 06:50:24",14
"2020-01-04 07:50:04",14
"2020-01-04 08:50:18",14
"2020-01-04 09:49:51",14
"2020-01-04 10:50:05",14
"2020-01-04 11:49:48",14
"2020-01-04 12:50:20",14
"2020-01-04 13:50:15",14
"2020-01-04 14:50:24",14
"2020-01-04 15:50:35",14
"2020-01-04 16:50:43",14
"2020-01-04 17:50:46",14
"2020-01-04 19:50:44",14
"2020-01-04 20:50:48",14
"2020-01-04 21:51:20",14
"2020-01-04 22:50:52",14
"2020-01-04 23:51:02",14
"2020-01-05 00:50:18",14
"2020-01-05 01:51:40",14
"2020-01-05 02:51:09",14
"2020-01-05 03:50:45",14
"2020-01-05 04:50:21",14
"2020-01-05 05:50:32",14
"2020-01-05 06:50:22",14
"2020-01-05 07:50:06",14
"2020-01-05 08:49:51",14
"2020-01-05 09:49:53",14
"2020-01-05 10:49:49",14
"2020-01-05 11:50:19",14
"2020-01-05 12:49:48",14
"2020-01-05 13:50:22",14
"2020-01-05 14:50:08",14
"2020-01-05 15:49:52",14
"2020-01-05 16:50:29",14
"2020-01-05 17:51:52",14
"2020-01-05 18:50:51",14
"2020-01-05 20:50:34",14
"2020-01-05 21:50:48",14
"2020-01-05 22:50:30",14
"2020-01-05 23:50:31",14
"2020-01-06 00:50:43",14
"2020-01-06 01:50:44",14
"2020-01-06 02:51:03",14
"2020-01-06 03:51:08",14
"2020-01-06 04:51:25",14
"2020-01-06 05:50:59",14
"2020-01-06 06:50:57",14
"2020-01-06 07:50:19",14
"2020-01-06 08:50:26",14
"2020-01-16 06:50:05",15
"2020-01-16 07:50:05",15
"2020-01-16 08:50:04",15
"2020-01-16 09:49:42",15
"2020-01-16 10:49:45",15
"2020-01-16 11:49:45",15
"2020-01-16 12:49:58",15
"2020-01-16 14:13:02",15
"2020-01-16 15:50:15",15
"2020-01-16 16:50:23",15
"2020-01-16 17:50:20",15
"2020-01-16 18:50:03",15
"2020-01-16 19:50:17",15
"2020-01-16 20:50:19",15
"2020-01-16 21:49:57",15
"2020-01-16 22:50:22",15
"2020-01-16 23:50:16",15
"2020-01-17 00:50:49",15
"2020-01-17 01:50:59",15
"2020-01-17 02:49:52",15
"2020-01-17 03:49:44",15
"2020-01-17 04:49:48",15
"2020-01-17 05:50:00",15
"2020-01-17 06:49:51",15
"2020-01-17 07:49:23",15
"2020-01-17 08:49:19",15
"2020-01-17 09:50:43",15
"2020-01-17 10:49:16",15
"2020-01-17 11:49:21",15
"2020-01-17 12:49:42",15
"2020-01-17 14:11:05",15
"2020-01-17 14:50:25",15
"2020-01-17 15:50:07",15
"2020-01-17 16:50:02",15
"2020-01-17 17:49:55",15
"2020-01-17 18:49:56",15
"2020-01-17 19:49:58",15
"2020-01-17 20:49:49",15
"2020-01-17 21:49:37",15
"2020-01-17 22:49:44",15
"2020-01-17 23:49:34",15
"2020-01-18 00:50:45",15
"2020-01-18 01:49:54",15
"2020-01-18 02:49:58",15
"2020-01-18 03:49:54",15
"2020-01-18 04:49:40",15
"2020-01-18 05:49:48",15
"2020-01-18 06:49:23",15
"2020-01-18 07:49:39",15
"2020-01-18 08:49:40",15
"2020-01-18 09:49:25",15
"2020-01-18 10:49:26",15
"2020-01-18 11:49:15",15
"2020-01-18 12:49:37",15
"2020-01-18 13:49:37",15
"2020-01-18 14:49:41",15
"2020-01-18 15:49:48",15
"2020-01-18 16:49:26",15
"2020-01-18 17:49:58",15
"2020-01-18 18:49:51",15
"2020-01-18 19:50:18",15
"2020-01-18 20:49:47",15
"2020-01-18 21:49:54",15
"2020-01-18 23:49:57",15
"2020-01-19 00:49:24",15
"2020-01-19 01:49:53",15
"2020-01-19 02:49:55",15
"2020-01-19 03:49:46",15
"2020-01-19 04:49:47",15
"2020-01-19 05:49:36",15
"2020-01-19 06:49:40",15
"2020-01-19 07:49:29",15
"2020-01-19 08:50:09",15
"2020-01-19 09:49:28",15
"2020-01-19 10:49:14",15
"2020-01-19 11:49:13",15
"2020-01-19 12:49:30",15
"2020-01-19 13:49:33",15
"2020-01-19 14:50:19",15
"2020-01-19 15:50:29",15
"2020-01-19 16:49:27",15
"2020-01-19 17:49:38",15
"2020-01-19 18:49:33",15
"2020-01-19 19:50:39",15
"2020-01-19 20:49:43",15
"2020-01-19 21:49:43",15
"2020-01-19 23:51:06",15
"2020-01-20 00:50:44",15
"2020-01-20 01:50:29",15
"2020-01-20 02:50:12",15
"2020-01-20 03:50:38",15
"2020-01-20 04:50:41",15
"2020-01-20 05:49:40",15
"2020-01-20 06:50:41",15
"2020-01-20 07:49:30",15
"2020-01-20 08:50:40",15
"2020-01-20 09:55:54",15
"2020-01-20 10:50:06",15
"2020-01-20 11:49:14",15
"2020-01-20 12:49:33",15
"2020-01-20 13:50:29",15
"2020-01-20 14:49:54",15
"2020-01-20 15:50:40",15
"2020-01-20 16:49:36",15
"2020-01-20 17:50:26",15
"2020-01-20 18:49:32",15
"2020-01-20 19:50:22",15
"2020-01-20 21:50:54",15
"2020-01-20 22:50:43",15
"2020-01-20 23:50:37",15
"2020-01-21 00:50:47",15
"2020-01-21 01:50:19",15
"2020-01-21 02:50:43",15
"2020-01-21 03:49:36",15
"2020-01-21 04:49:41",15
"2020-01-21 05:49:33",15
"2020-01-21 06:49:25",15
"2020-01-21 07:49:19",15
"2020-01-21 08:49:40",15
"2020-01-21 10:04:29",15
"2020-01-21 10:50:37",15
"2020-01-21 11:49:35",15
"2020-01-21 12:49:33",15
"2020-01-21 13:49:36",15
"2020-01-21 15:50:58",15
"2020-01-21 16:50:16",15
"2020-01-21 17:50:43",15
"2020-01-21 18:50:11",15
"2020-01-21 19:50:51",15
"2020-01-21 20:49:56",15
"2020-01-21 21:50:54",15
"2020-01-21 22:50:35",15
"2020-01-21 23:50:10",15
"2020-01-22 00:49:56",15
"2020-01-22 01:50:18",15
"2020-01-22 02:50:36",15
"2020-01-22 03:49:51",15
"2020-01-22 04:49:57",15
"2020-01-22 05:49:48",15
"2020-01-22 06:49:34",15
"2020-01-22 07:49:36",15
"2020-01-22 08:49:42",15
"2020-01-22 10:00:38",15
"2020-01-22 10:49:19",15
"2020-01-22 11:49:21",15
"2020-01-22 12:50:06",15
"2020-01-22 13:50:06",15
"2020-01-22 14:50:54",15
"2020-01-22 15:50:25",15
"2020-01-22 16:50:57",15
"2020-01-22 17:50:46",15
"2020-01-22 18:50:10",15
"2020-01-22 19:50:57",15
"2020-01-22 20:50:47",15
"2020-01-22 21:50:51",15
"2020-01-22 22:50:27",15
"2020-01-22 23:50:39",15
"2020-01-23 00:50:31",15
"2020-01-23 01:50:55",15
"2020-01-23 02:50:06",15
"2020-01-23 03:50:02",15
"2020-01-23 04:49:54",15
"2020-01-23 05:49:25",15
"2020-01-23 06:49:47",15
"2020-01-23 07:49:46",15
"2020-01-23 08:49:38",15
"2020-01-23 10:49:28",15
"2020-01-23 11:49:33",15
"2020-01-23 12:49:43",15
"2020-01-23 14:12:35",15
"2020-01-23 14:50:42",15
"2020-01-23 15:50:12",15
"2020-01-23 16:49:58",15
"2020-01-23 17:49:44",15
"2020-01-23 18:50:11",15
"2020-01-23 19:49:50",15
"2020-01-23 20:50:09",15
"2020-01-23 21:50:09",15
"2020-01-23 22:49:41",15
"2020-01-23 23:49:40",15
"2020-01-24 00:49:41",15
"2020-01-24 01:50:01",15
"2020-01-24 02:50:34",15
"2020-01-24 03:49:37",15
"2020-01-24 04:49:48",15
"2020-01-24 05:50:04",15
"2020-01-24 06:49:20",15
"2020-01-24 07:49:56",15
"2020-01-24 08:49:23",15
"2020-01-24 09:58:43",15
"2020-01-24 10:49:35",15
"2020-01-24 11:49:27",15
"2020-01-24 12:49:33",15
"2020-01-24 14:11:34",15
"2020-01-24 14:50:17",15
"2020-01-24 15:50:14",15
"2020-01-24 16:50:00",15
"2020-01-24 17:49:48",15
"2020-01-24 18:49:44",15
"2020-01-24 19:50:08",15
"2020-01-24 20:50:11",15
"2020-01-24 21:49:39",15
"2020-01-24 22:49:36",15
"2020-01-24 23:49:45",15
"2020-01-25 00:49:40",15
"2020-01-25 01:49:47",15
"2020-01-25 02:50:11",15
"2020-01-25 03:50:06",15
"2020-01-25 04:49:42",15
"2020-01-25 05:49:50",15
"2020-01-25 07:49:45",15
"2020-01-25 08:49:44",15
"2020-01-25 09:59:08",15
"2020-01-25 10:49:18",15
"2020-01-25 11:49:26",15
"2020-01-25 12:49:40",15
"2020-01-25 14:49:43",15
"2020-01-25 15:49:31",15
"2020-01-25 16:49:50",15
"2020-01-25 17:49:45",15
"2020-01-25 18:49:42",15
"2020-01-25 19:49:47",15
"2020-01-25 20:49:42",15
"2020-01-25 21:49:38",15
"2020-01-25 22:49:45",15
"2020-01-25 23:49:39",15
"2020-01-26 00:49:57",15
"2020-01-26 01:49:40",15
"2020-01-26 02:49:55",15
"2020-01-26 03:49:44",15
"2020-01-26 04:49:33",15
"2020-01-26 06:49:16",15
"2020-01-26 07:49:21",15
"2020-01-27 02:49:57",15
"2020-01-27 03:49:51",15
"2020-01-27 04:49:51",15
"2020-01-27 05:49:50",15
"2020-01-27 06:49:50",15
"2020-01-27 07:49:38",15
"2020-01-27 08:49:42",15
"2020-01-27 09:49:55",15
"2020-01-27 10:49:38",15
"2020-01-27 11:49:42",15
"2020-01-27 12:49:05",15
"2020-01-27 13:49:56",15
"2020-01-27 14:51:28",15
"2020-01-27 15:50:35",15
"2020-01-27 16:50:07",15
"2020-01-27 17:50:19",15
"2020-01-27 18:50:20",15
"2020-01-27 19:50:26",15
"2020-01-27 20:50:17",15
"2020-01-27 21:50:18",16
"2020-01-27 22:51:04",16
"2020-01-27 23:50:26",16
"2020-01-28 00:49:37",16
"2020-01-28 01:50:27",16
"2020-01-28 02:50:24",16
"2020-01-28 03:50:02",16
"2020-01-28 04:50:08",16
"2020-01-28 05:49:45",16
"2020-01-28 06:49:21",16
"2020-01-28 07:49:33",16
"2020-01-28 08:49:54",16
"2020-01-28 09:50:28",16
"2020-01-28 10:49:39",16
"2020-01-28 11:49:29",16
"2020-01-28 12:49:37",16
"2020-01-28 14:12:07",16
"2020-01-28 14:51:03",16
"2020-01-28 15:50:20",15
"2020-01-28 16:50:37",15
"2020-01-28 17:50:04",15
"2020-01-28 18:50:18",15
"2020-01-28 19:50:09",15
"2020-01-28 21:50:57",15
"2020-01-28 22:50:22",15
"2020-01-28 23:49:54",15
"2020-01-29 00:49:58",15
"2020-01-29 01:50:17",15
"2020-01-29 02:50:40",15
"2020-01-29 03:50:08",15
"2020-01-29 04:50:12",15
"2020-01-29 05:50:19",15
"2020-01-29 06:50:04",15
"2020-01-29 07:49:39",15
"2020-01-29 08:49:47",15
"2020-01-29 09:49:57",15
"2020-01-29 10:49:23",15
"2020-01-29 11:49:36",15
"2020-01-29 12:49:48",15
"2020-01-29 13:50:16",15
"2020-01-29 14:50:59",15
"2020-01-29 15:50:27",15
"2020-01-29 16:50:24",15
"2020-01-29 17:50:50",15
"2020-01-29 18:50:32",15
"2020-01-29 19:50:38",15
"2020-01-29 20:50:33",15
"2020-01-29 21:50:22",15
"2020-01-29 22:50:00",15
"2020-01-29 23:49:56",15
"2020-01-30 00:50:10",15
"2020-01-30 01:50:24",15
"2020-01-30 02:50:23",15
"2020-01-30 03:50:00",15
"2020-01-30 04:50:41",15
"2020-01-30 05:50:38",15
"2020-01-30 06:49:54",15
"2020-01-30 07:49:35",15
"2020-01-30 08:49:52",15
"2020-01-30 09:49:56",15
"2020-01-30 10:49:25",15
"2020-01-30 11:49:43",15
"2020-01-30 12:49:46",15
"2020-01-30 13:49:49",15
"2020-01-30 14:50:54",15
"2020-01-30 15:50:38",15
"2020-01-30 16:50:36",15
"2020-01-30 17:50:29",15
"2020-01-30 18:50:24",15
"2020-01-30 19:50:40",15
"2020-01-30 20:50:01",15
"2020-01-30 21:50:24",15
"2020-01-30 22:49:33",15
"2020-01-30 23:49:45",15
"2020-01-31 00:49:52",15
"2020-01-31 01:50:25",15
"2020-01-31 02:50:00",15
"2020-01-31 03:50:16",15
"2020-01-31 04:50:02",15
"2020-01-31 05:49:47",15
"2020-01-31 06:49:39",15
"2020-01-31 07:49:49",15
"2020-01-31 08:50:09",15
"2020-01-31 09:50:15",15
"2020-01-31 10:49:43",15
"2020-01-31 11:49:37",15
"2020-01-31 12:49:35",15
"2020-01-31 13:50:00",15
"2020-01-31 14:50:24",15
"2020-01-31 15:50:15",15
"2020-01-31 16:50:10",15
"2020-01-31 17:50:10",15
"2020-01-31 18:50:03",15
"2020-01-31 19:50:29",15
"2020-01-31 20:50:13",15
"2020-01-31 21:49:38",15
"2020-01-31 22:49:46",15
"2020-01-31 23:49:51",15
"2020-02-01 00:49:40",15
"2020-02-01 01:50:30",15
"2020-02-01 02:50:03",15
"2020-02-01 03:49:51",15
"2020-02-01 04:49:57",15
"2020-02-01 05:50:10",15
"2020-02-01 06:50:20",15
"2020-02-01 07:49:42",15
"2020-02-01 08:49:51",15
"2020-02-01 09:50:07",15
"2020-02-01 10:49:26",15
"2020-02-01 11:49:49",15
"2020-02-01 12:49:32",15
"2020-02-01 13:49:50",15
"2020-02-01 14:50:01",15
"2020-02-01 15:50:02",15
"2020-02-01 16:49:47",15
"2020-02-01 17:50:01",15
"2020-02-01 18:49:48",15
"2020-02-01 19:49:57",15
"2020-02-01 20:50:10",15
"2020-02-01 21:50:23",15
"2020-02-01 22:50:13",15
"2020-02-01 23:50:24",15
"2020-02-02 00:50:19",15
"2020-02-02 01:50:26",15
"2020-02-02 02:50:16",15
"2020-02-02 03:50:18",15
"2020-02-02 04:50:00",15
"2020-02-02 05:50:04",15
"2020-02-02 06:50:03",15
"2020-02-02 07:50:03",15
"2020-02-02 08:50:11",15
"2020-02-02 09:49:58",15
"2020-02-02 10:49:50",15
"2020-02-02 11:49:56",15
"2020-02-02 12:50:04",15
"2020-02-02 13:50:11",15
"2020-02-02 14:49:59",15
"2020-02-02 15:50:00",15
"2020-02-02 16:50:18",15
"2020-02-02 17:50:30",15
"2020-02-02 18:50:01",15
"2020-02-02 19:50:15",15
"2020-02-02 20:50:20",15
"2020-02-02 21:50:13",15
"2020-02-02 22:50:15",15
"2020-02-02 23:50:28",15
"2020-02-03 00:50:55",15
"2020-02-03 01:50:36",15
"2020-02-03 02:50:21",15
"2020-02-03 03:50:28",15
"2020-02-03 04:50:26",15
"2020-02-03 05:50:26",15
"2020-02-03 06:50:03",15
"2020-02-03 07:50:01",15
"2020-02-03 08:50:06",15
"2020-02-03 09:50:06",15
"2020-02-03 10:49:54",15
"2020-02-03 11:49:53",15
"2020-02-03 12:49:43",15
"2020-02-03 14:48:48",15
"2020-02-03 14:56:33",15
"2020-02-03 15:50:51",15
"2020-02-03 16:50:29",15
"2020-02-03 17:50:35",15
"2020-02-03 18:50:40",15
"2020-02-03 19:50:32",15
"2020-02-03 20:50:29",15
"2020-02-03 21:50:26",15
"2020-02-03 22:50:19",15
"2020-02-03 23:50:28",15
"2020-02-04 00:50:22",15
"2020-02-04 01:50:34",15
"2020-02-04 02:50:34",15
"2020-02-04 03:50:39",15
"2020-02-04 04:50:39",15
"2020-02-04 05:50:43",15
"2020-02-04 06:50:09",15
"2020-02-04 07:50:29",15
"2020-02-04 08:49:47",15
"2020-02-04 09:50:26",15
"2020-02-04 10:49:53",15
"2020-02-04 11:50:15",15
"2020-02-04 12:50:19",15
"2020-02-04 14:15:43",15
"2020-02-04 15:50:45",15
"2020-02-04 16:50:36",15
"2020-02-04 17:50:32",15
"2020-02-04 18:50:19",15
"2020-02-04 19:50:25",15
"2020-02-04 20:50:28",15
"2020-02-04 21:50:21",15
"2020-02-04 22:50:19",15
"2020-02-04 23:50:22",15
"2020-02-05 00:50:35",15
"2020-02-05 01:50:22",15
"2020-02-05 02:50:39",15
"2020-02-05 03:50:35",15
"2020-02-05 04:51:27",15
"2020-02-05 05:50:20",15
"2020-02-05 06:50:24",15
"2020-02-05 07:50:24",15
"2020-02-05 08:50:10",15
"2020-02-05 09:50:04",15
"2020-02-05 10:50:19",15
"2020-02-05 11:50:09",15
"2020-02-05 12:50:25",15
"2020-02-05 14:09:43",15
"2020-02-05 14:51:08",15
"2020-02-05 15:50:58",15
"2020-02-05 16:50:41",15
"2020-02-05 17:50:35",15
"2020-02-05 18:50:39",15
"2020-02-05 19:50:39",15
"2020-02-05 20:50:46",15
"2020-02-05 21:50:23",15
"2020-02-05 22:50:26",15
"2020-02-05 23:50:20",15
"2020-02-06 00:50:37",15
"2020-02-06 01:50:35",15
"2020-02-06 02:50:47",15
"2020-02-06 03:51:00",15
"2020-02-06 04:50:45",15
"2020-02-06 05:50:35",15
"2020-02-06 06:50:15",15
"2020-02-06 07:50:30",15
"2020-02-06 08:50:19",15
"2020-02-06 09:50:14",15
"2020-02-06 10:50:11",15
"2020-02-06 11:50:09",15
"2020-02-06 12:50:06",15
"2020-02-06 13:50:08",15
"2020-02-06 14:51:03",15
"2020-02-06 15:50:56",15
"2020-02-06 16:50:39",15
"2020-02-06 17:50:42",15
"2020-02-06 18:50:36",15
"2020-02-06 19:50:39",15
"2020-02-06 20:50:36",15
"2020-02-06 21:50:25",15
"2020-02-06 22:50:33",15
"2020-02-06 23:50:16",15
"2020-02-07 00:50:36",15
"2020-02-07 01:50:34",15
"2020-02-07 02:50:13",15
"2020-02-07 03:50:34",15
"2020-02-07 04:50:25",15
"2020-02-07 05:50:40",15
"2020-02-07 06:50:40",15
"2020-02-07 07:50:35",15
"2020-02-07 08:50:22",15
"2020-02-07 09:50:28",15
"2020-02-07 10:50:08",15
"2020-02-07 11:50:09",15
"2020-02-07 12:50:19",15
"2020-02-07 14:11:13",15
"2020-02-07 14:51:01",15
"2020-02-07 15:50:41",15
"2020-02-07 16:50:43",15
"2020-02-07 17:50:56",15
"2020-02-07 18:50:40",15
"2020-02-07 19:50:34",15
"2020-02-07 20:50:45",15
"2020-02-07 21:50:21",15
"2020-02-07 22:50:37",15
"2020-02-07 23:50:01",15
"2020-02-08 00:50:20",15
"2020-02-08 01:50:17",15
"2020-02-08 02:50:25",15
"2020-02-08 03:50:20",15
"2020-02-08 04:50:32",15
"2020-02-08 05:50:20",15
"2020-02-08 06:50:12",15
"2020-02-08 07:50:20",15
"2020-02-08 08:50:04",15
"2020-02-08 09:50:08",15
"2020-02-08 10:49:54",15
"2020-02-08 11:50:00",15
"2020-02-08 12:50:03",15
"2020-02-08 13:49:58",15
"2020-02-08 14:50:35",15
"2020-02-08 15:50:18",15
"2020-02-08 16:50:25",15
"2020-02-08 17:50:20",15
"2020-02-08 18:53:11",15
"2020-02-08 19:50:10",15
"2020-02-08 20:50:15",15
"2020-02-08 21:50:25",15
"2020-02-08 22:50:34",15
"2020-02-08 23:50:19",15
"2020-02-09 00:50:09",15
"2020-02-09 01:50:26",15
"2020-02-09 02:50:17",15
"2020-02-09 03:50:17",15
"2020-02-09 04:50:14",15
"2020-02-09 05:50:18",15
"2020-02-09 06:50:08",15
"2020-02-09 07:50:12",15
"2020-02-09 08:50:09",15
"2020-02-09 09:50:17",15
"2020-02-09 10:50:15",15
"2020-02-09 11:50:18",15
"2020-02-09 12:50:11",15
"2020-02-09 13:50:11",15
"2020-02-09 14:50:13",15
"2020-02-09 15:50:26",15
"2020-02-09 16:50:12",15
"2020-02-09 17:50:25",15
"2020-02-09 18:50:24",15
"2020-02-09 19:50:21",15
"2020-02-09 20:50:18",15
"2020-02-09 21:50:39",15
"2020-02-09 22:50:16",15
"2020-02-09 23:51:07",15
"2020-02-10 00:50:24",15
"2020-02-10 01:50:35",15
"2020-02-10 02:50:18",15
"2020-02-10 03:50:16",15
"2020-02-10 04:50:21",15
"2020-02-10 05:50:25",15
"2020-02-10 06:50:17",15
"2020-02-10 07:50:19",15
"2020-02-10 08:50:13",15
"2020-02-10 09:50:31",15
"2020-02-10 10:50:08",15
"2020-02-10 11:50:13",15
"2020-02-10 12:49:59",15
"2020-02-10 13:50:17",15
"2020-02-10 14:50:43",15
"2020-02-10 15:50:53",15
"2020-02-10 16:50:42",15
"2020-02-10 17:50:32",15
"2020-02-10 18:50:35",15
"2020-02-10 19:50:39",15
"2020-02-10 20:50:50",15
"2020-02-10 21:50:32",15
"2020-02-10 22:50:26",15
"2020-02-10 23:50:21",15
"2020-02-11 00:50:24",15
"2020-02-11 01:50:55",15
"2020-02-11 02:50:35",15
"2020-02-11 03:50:24",15
"2020-02-11 04:50:33",15
"2020-02-11 05:50:33",15
"2020-02-11 06:50:18",15
"2020-02-11 07:50:16",15
"2020-02-11 08:50:23",15
"2020-02-11 09:50:22",15
"2020-02-11 10:49:59",15
"2020-02-11 11:50:14",15
"2020-02-11 12:49:55",15
"2020-02-11 14:11:40",15
"2020-02-11 14:50:58",15
"2020-02-11 15:50:51",15
"2020-02-11 16:50:45",15
"2020-02-11 17:50:35",15
"2020-02-11 18:50:37",15
"2020-02-11 19:50:31",15
"2020-02-11 20:50:45",15
"2020-02-11 21:55:07",15
"2020-02-11 22:50:51",15
"2020-02-11 23:50:27",15
"2020-02-12 00:50:59",15
"2020-02-12 01:50:34",15
"2020-02-12 02:51:11",15
"2020-02-12 03:50:23",15
"2020-02-12 04:50:31",15
"2020-02-12 05:50:14",15
"2020-02-12 06:50:18",15
"2020-02-12 07:50:09",15
"2020-02-12 08:50:18",15
"2020-02-12 09:50:34",15
"2020-02-12 10:50:10",15
"2020-02-12 11:50:10",15
"2020-02-12 12:50:08",15
"2020-02-12 14:11:42",15
"2020-02-12 14:50:58",15
"2020-02-12 15:50:43",15
"2020-02-12 16:50:36",15
"2020-02-12 17:50:46",15
"2020-02-12 18:50:40",15
"2020-02-12 19:50:32",15
"2020-02-12 20:50:47",15
"2020-02-12 21:50:31",15
"2020-02-12 22:49:56",15
"2020-02-12 23:49:36",15
"2020-02-13 00:50:21",15
"2020-02-13 01:50:07",15
"2020-02-13 02:50:54",15
"2020-02-13 03:50:44",15
"2020-02-13 04:50:28",15
"2020-02-13 05:50:21",15
"2020-02-13 06:50:23",15
"2020-02-13 07:50:00",15
"2020-02-13 08:50:10",15
"2020-02-13 09:49:57",15
"2020-02-13 10:49:35",15
"2020-02-13 11:50:20",15
"2020-02-13 12:49:53",15
"2020-02-13 14:11:37",15
"2020-02-13 14:50:31",15
"2020-02-13 15:50:29",15
"2020-02-13 16:50:28",15
"2020-02-13 17:50:51",15
"2020-02-13 18:50:43",15
"2020-02-13 19:50:33",15
"2020-02-13 20:50:16",15
"2020-02-13 21:50:31",15
"2020-02-13 22:50:02",15
"2020-02-13 23:49:58",15
"2020-02-14 00:49:54",15
"2020-02-14 01:50:18",15
"2020-02-14 02:50:26",15
"2020-02-14 03:50:08",15
"2020-02-14 04:50:12",15
"2020-02-14 05:50:16",15
"2020-02-14 06:49:43",15
"2020-02-14 07:49:35",15
"2020-02-14 08:50:02",15
"2020-02-14 09:49:47",15
"2020-02-14 10:49:53",15
"2020-02-14 11:49:42",15
"2020-02-14 12:49:55",15
"2020-02-14 13:50:02",15
"2020-02-14 14:50:35",15
"2020-02-14 15:51:00",15
"2020-02-14 16:50:11",15
"2020-02-14 17:50:14",15
"2020-02-14 18:50:13",15
"2020-02-14 19:50:16",15
"2020-02-14 20:50:41",15
"2020-02-14 21:50:06",15
"2020-02-14 22:49:53",15
"2020-02-14 23:50:24",15
"2020-02-15 00:49:56",15
"2020-02-15 01:50:14",15
"2020-02-15 02:50:21",15
"2020-02-15 03:50:16",15
"2020-02-15 04:50:04",15
"2020-02-15 05:48:59",15
"2020-02-15 06:49:12",15
"2020-02-15 07:49:02",15
"2020-02-15 08:49:01",15
"2020-02-15 09:49:07",15
"2020-02-15 10:48:54",15
"2020-02-15 11:49:01",15
"2020-02-15 12:49:09",15
"2020-02-15 13:48:59",15
"2020-02-15 14:49:06",15
"2020-02-15 15:49:04",15
"2020-02-15 16:49:01",15
"2020-02-15 17:48:57",15
"2020-02-15 18:49:25",15
"2020-02-15 19:48:59",15
"2020-02-15 20:49:01",15
"2020-02-15 21:48:58",15
"2020-02-15 22:49:00",15
"2020-02-15 23:48:59",15
"2020-02-16 00:48:59",15
"2020-02-16 01:48:59",15
"2020-02-16 02:49:06",15
"2020-02-16 03:49:00",15
"2020-02-16 04:49:04",15
"2020-02-16 05:49:01",15
"2020-02-16 06:48:58",15
"2020-02-16 07:48:59",15
"2020-02-16 08:48:57",15
"2020-02-16 09:49:04",15
"2020-02-16 10:48:56",15
"2020-02-16 11:48:57",15
"2020-02-16 12:49:02",15
"2020-02-16 13:48:58",15
"2020-02-16 14:49:04",15
"2020-02-16 15:49:26",15
"2020-02-16 16:49:13",15
"2020-02-16 17:49:00",15
"2020-02-16 18:49:03",15
"2020-02-16 19:49:00",15
"2020-02-16 20:49:01",15
"2020-02-16 21:48:59",15
"2020-02-16 22:49:00",15
"2020-02-16 23:49:01",15
"2020-02-17 00:48:59",15
"2020-02-17 01:48:58",15
"2020-02-17 02:49:03",15
"2020-02-17 03:49:02",15
"2020-02-17 04:48:59",15
"2020-02-17 05:49:00",15
"2020-02-17 06:49:03",15
"2020-02-17 07:48:55",15
"2020-02-17 08:49:01",15
"2020-02-17 09:49:05",15
"2020-02-17 10:48:58",15
"2020-02-17 11:48:54",15
"2020-02-17 12:49:14",15
"2020-02-17 13:48:55",15
"2020-02-17 14:48:52",15
"2020-02-17 15:48:57",15
"2020-02-17 16:49:20",15
"2020-02-17 17:48:57",15
"2020-02-17 18:49:03",15
"2020-02-17 19:48:54",15
"2020-02-17 20:48:54",15
"2020-02-17 22:49:20",15
"2020-02-17 23:49:25",15
"2020-02-18 00:48:53",15
"2020-02-18 01:49:03",15
"2020-02-18 02:49:05",15
"2020-02-18 03:49:07",15
"2020-02-18 04:49:01",15
"2020-02-18 05:49:58",15
"2020-02-18 06:49:32",15
"2020-02-18 07:49:54",15
"2020-02-18 08:50:02",15
"2020-02-18 09:49:56",15
"2020-02-18 10:49:49",15
"2020-02-18 11:49:42",15
"2020-02-18 12:50:23",15
"2020-02-18 14:12:07",15
"2020-02-18 14:50:45",15
"2020-02-18 15:50:34",15
"2020-02-18 16:50:29",15
"2020-02-18 18:50:23",15
"2020-02-18 19:50:23",15
"2020-02-18 20:50:05",15
"2020-02-18 21:49:57",15
"2020-02-18 22:49:49",15
"2020-02-18 23:50:05",15
"2020-02-19 01:49:58",15
"2020-02-19 02:50:16",15
"2020-02-19 03:50:18",15
"2020-02-19 04:50:17",15
"2020-02-19 05:49:38",15
"2020-02-19 06:50:17",15
"2020-02-19 07:50:03",15
"2020-02-19 08:49:50",15
"2020-02-19 09:50:17",15
"2020-02-19 10:49:39",15
"2020-02-19 11:49:34",15
"2020-02-19 12:49:54",15
"2020-02-19 14:13:38",15
"2020-02-19 14:50:46",15
"2020-02-19 15:50:29",15
"2020-02-19 16:50:07",15
"2020-02-19 17:50:20",15
"2020-02-19 18:50:10",15
"2020-02-19 19:50:02",15
"2020-02-19 20:50:13",15
"2020-02-19 21:50:44",15
"2020-02-19 22:50:11",15
"2020-02-19 23:50:01",15
"2020-02-20 00:50:22",15
"2020-02-20 01:50:19",15
"2020-02-20 02:50:24",15
"2020-02-20 03:50:24",15
"2020-02-20 04:50:24",15
"2020-02-20 05:50:25",15
"2020-02-20 06:50:47",15
"2020-02-20 07:50:37",15
"2020-02-20 08:50:37",15
"2020-02-20 09:50:09",15
"2020-02-20 10:50:06",15
"2020-02-20 11:50:23",15
"2020-02-20 12:50:27",15
"2020-02-20 13:50:38",15
"2020-02-20 14:49:41",15
"2020-02-20 15:49:53",15
"2020-02-20 16:49:31",15
"2020-02-20 17:50:20",15
"2020-02-20 18:50:48",15
"2020-02-20 19:51:19",15
"2020-02-20 20:50:58",15
"2020-02-20 21:50:55",15
"2020-02-20 22:51:03",15
"2020-02-20 23:50:35",15
"2020-02-21 01:50:52",15
"2020-02-21 02:51:07",15
"2020-02-21 03:51:39",15
"2020-02-21 04:51:45",15
"2020-02-21 05:51:00",15
"2020-02-21 06:50:56",15
"2020-02-21 07:51:11",15
"2020-02-21 08:50:45",15
"2020-02-21 09:51:42",15
"2020-02-21 10:52:36",15
"2020-02-21 11:51:44",15
"2020-02-21 12:51:26",15
"2020-02-21 13:51:42",15
"2020-02-21 14:51:44",15
"2020-02-21 15:52:11",14
"2020-02-21 16:52:54",14
"2020-02-21 17:52:33",14
"2020-02-21 18:51:52",14
"2020-02-21 19:50:59",14
"2020-02-21 20:51:01",14
"2020-02-21 21:51:47",14
"2020-02-21 22:51:14",14
"2020-02-21 23:54:20",14
"2020-02-22 00:52:19",14
"2020-02-22 01:51:24",14
"2020-02-22 02:51:15",14
"2020-02-22 03:52:23",14
"2020-02-22 04:51:31",14
"2020-02-22 05:50:29",14
"2020-02-22 06:49:34",14
"2020-02-22 07:50:20",14
"2020-02-22 08:51:11",14
"2020-02-22 09:49:37",14
"2020-02-22 10:50:06",14
"2020-02-22 11:49:38",14
"2020-02-22 12:50:39",14
"2020-02-22 13:53:08",14
"2020-02-22 14:49:39",14
"2020-02-22 15:49:56",14
"2020-02-22 16:52:04",14
"2020-02-22 17:50:50",14
"2020-02-22 18:49:48",14
"2020-02-22 19:49:43",14
"2020-02-22 20:50:36",14
"2020-02-22 21:52:23",14
"2020-02-22 22:51:08",14
"2020-02-22 23:49:40",14
"2020-02-23 00:49:53",14
"2020-02-23 01:50:03",14
"2020-02-23 02:50:26",14
"2020-02-23 03:49:51",14
"2020-02-23 04:50:37",14
"2020-02-23 05:50:36",14
"2020-02-23 06:49:54",14
"2020-02-23 07:50:02",14
"2020-02-23 08:51:11",14
"2020-02-23 09:49:48",14
"2020-02-23 10:49:56",14
"2020-02-23 11:50:03",14
"2020-02-23 12:49:56",14
"2020-02-23 13:49:55",14
"2020-02-23 14:50:43",14
"2020-02-23 15:49:54",14
"2020-02-23 16:50:00",14
"2020-02-23 17:49:38",14
"2020-02-23 18:49:57",14
"2020-02-23 19:49:58",14
"2020-02-23 20:49:51",14
"2020-02-23 21:50:40",14
"2020-02-23 22:49:33",14
"2020-02-23 23:50:05",14
"2020-02-24 00:50:55",14
"2020-02-24 01:49:46",14
"2020-02-24 02:50:50",14
"2020-02-24 03:49:53",14
"2020-02-24 04:50:13",14
"2020-02-24 05:52:01",14
"2020-02-24 06:50:56",14
"2020-02-24 07:50:47",14
"2020-02-24 08:50:55",14
"2020-02-24 10:00:00",14
"2020-02-24 10:50:34",14
"2020-02-24 11:51:44",14
"2020-02-24 12:50:42",14
"2020-02-24 13:51:34",14
"2020-02-24 14:52:38",14
"2020-02-24 15:51:06",15
"2020-02-24 16:52:07",15
"2020-02-24 17:51:14",15
"2020-02-24 18:51:25",15
"2020-02-24 19:52:12",15
"2020-02-24 20:52:18",15
"2020-02-24 21:51:57",15
"2020-02-24 22:51:57",15
"2020-02-24 23:50:43",15
"2020-02-25 00:50:59",15
"2020-02-25 01:50:54",15
"2020-02-25 02:51:31",15
"2020-02-25 03:51:19",15
"2020-02-25 04:51:19",15
"2020-02-25 05:52:37",15
"2020-02-25 06:51:24",15
"2020-02-25 07:51:20",15
"2020-02-25 08:51:39",15
"2020-02-25 10:00:45",15
"2020-02-25 10:51:35",15
"2020-02-25 11:50:49",15
"2020-02-25 12:51:24",15
"2020-02-25 14:13:01",15
"2020-02-25 14:51:30",15
"2020-02-25 15:51:23",15
"2020-02-25 16:51:24",14
"2020-02-25 17:51:12",14
"2020-02-25 18:51:50",14
"2020-02-25 19:51:17",14
"2020-02-25 20:52:13",14
"2020-02-25 21:52:06",14
"2020-02-25 22:51:16",14
"2020-02-25 23:51:07",14
"2020-02-26 00:51:04",14
"2020-02-26 01:51:18",14
"2020-02-26 02:51:28",14
"2020-02-26 03:51:00",14
"2020-02-26 04:52:25",14
"2020-02-26 05:52:02",14
"2020-02-26 06:51:54",14
"2020-02-26 07:52:50",14
"2020-02-26 08:51:44",14
"2020-02-26 09:51:23",14
"2020-02-26 10:50:58",14
"2020-02-26 11:51:34",14
"2020-02-26 12:50:59",14
"2020-02-26 13:52:03",14
"2020-02-26 14:52:38",14
"2020-02-26 15:52:17",14
"2020-02-26 16:51:26",14
"2020-02-26 17:51:20",14
"2020-02-26 18:51:31",14
"2020-02-26 19:52:04",14
"2020-02-26 20:52:00",14
"2020-02-26 21:51:55",14
"2020-02-26 22:52:00",14
"2020-02-26 23:51:57",14
"2020-02-27 00:50:59",14
"2020-02-27 01:51:34",14
"2020-02-27 02:50:53",14
"2020-02-27 03:52:25",14
"2020-02-27 04:51:09",14
"2020-02-27 05:51:10",14
"2020-02-27 06:51:16",14
"2020-02-27 07:50:52",14
"2020-02-27 08:51:39",14
"2020-02-27 09:51:12",14
"2020-02-27 10:52:06",14
"2020-02-27 11:51:29",14
"2020-02-27 12:51:54",14
"2020-02-27 14:11:34",14
"2020-02-27 14:52:54",14
"2020-02-27 15:52:00",14
"2020-02-27 16:52:12",14
"2020-02-27 17:51:37",14
"2020-02-27 18:51:48",14
"2020-02-27 19:50:59",14
"2020-02-27 20:51:35",14
"2020-02-27 21:51:13",14
"2020-02-27 22:51:56",14
"2020-02-27 23:51:12",14
"2020-02-28 00:52:15",14
"2020-02-28 01:51:03",14
"2020-02-28 02:51:08",14
"2020-02-28 03:52:09",14
"2020-02-28 04:52:24",14
"2020-02-28 05:52:10",14
"2020-02-28 06:51:28",14
"2020-02-28 07:51:55",14
"2020-02-28 08:52:23",14
"2020-02-28 09:52:07",14
"2020-02-28 10:50:59",14
"2020-02-28 11:51:23",14
"2020-02-28 12:51:49",14
"2020-02-28 14:12:08",14
"2020-02-28 14:51:35",14
"2020-02-28 15:51:21",14
"2020-02-28 16:51:27",14
"2020-02-28 17:51:22",14
"2020-02-28 18:51:23",14
"2020-02-28 19:52:21",14
"2020-02-28 20:51:14",14
"2020-02-28 21:51:05",14
"2020-02-28 22:51:54",14
"2020-02-28 23:51:07",14
"2020-02-29 00:51:21",14
"2020-02-29 01:51:13",14
"2020-02-29 02:51:06",14
"2020-02-29 03:50:59",14
"2020-02-29 04:51:32",14
"2020-02-29 05:51:00",14
"2020-02-29 06:50:39",14
"2020-02-29 07:52:21",14
"2020-02-29 09:52:20",14
"2020-02-29 10:49:48",14
"2020-02-29 11:49:44",14
"2020-02-29 12:52:25",14
"2020-02-29 13:52:26",14
"2020-02-29 14:50:04",14
"2020-02-29 15:50:01",14
"2020-02-29 16:50:53",14
"2020-02-29 17:50:38",14
"2020-02-29 18:49:57",14
"2020-02-29 19:49:53",14
"2020-02-29 20:49:42",14
"2020-02-29 21:50:23",14
"2020-02-29 22:53:19",14
"2020-02-29 23:52:16",14
"2020-03-01 00:52:19",14
"2020-03-01 01:52:21",14
"2020-03-01 02:50:00",14
"2020-03-01 03:52:17",14
"2020-03-01 04:49:50",14
"2020-03-01 05:50:42",14
"2020-03-01 06:49:56",14
"2020-03-01 07:50:31",14
"2020-03-01 08:49:43",14
"2020-03-01 09:52:21",14
"2020-03-01 10:52:11",14
"2020-03-01 11:50:27",14
"2020-03-01 12:50:41",14
"2020-03-01 13:49:44",14
"2020-03-01 14:49:39",14
"2020-03-01 15:52:27",14
"2020-03-01 16:50:49",14
"2020-03-01 17:52:13",14
"2020-03-01 18:52:29",14
"2020-03-01 19:52:32",14
"2020-03-01 20:52:28",14
"2020-03-01 21:49:50",14
"2020-03-01 22:49:52",14
"2020-03-01 23:52:23",14
"2020-03-02 00:49:35",14
"2020-03-02 01:50:47",14
"2020-03-02 02:52:19",14
"2020-03-02 03:53:18",14
"2020-03-02 04:50:49",14
"2020-03-02 05:53:53",14
"2020-03-02 07:51:05",14
"2020-03-02 08:53:41",14
"2020-03-02 09:53:11",14
"2020-03-02 10:51:31",14
"2020-03-02 11:51:03",14
"2020-03-02 12:51:55",14
"2020-03-02 13:53:43",14
"2020-03-02 18:50:50",14
"2020-03-03 00:52:01",14
"2020-03-03 01:52:24",14
"2020-03-03 02:51:57",14
"2020-03-03 03:52:51",14
"2020-03-03 04:53:49",14
"2020-03-03 06:54:39",14
"2020-03-03 07:51:45",14
"2020-03-03 08:54:36",14
"2020-03-03 09:54:51",14
"2020-03-03 10:51:55",14
"2020-03-03 11:55:36",14
"2020-03-03 12:51:49",14
"2020-03-03 13:55:01",14
"2020-03-03 14:53:53",14
"2020-03-03 16:55:53",14
"2020-03-03 17:55:07",14
"2020-03-03 18:51:11",14
"2020-03-03 19:51:12",14
"2020-03-03 20:52:20",14
"2020-03-03 21:51:56",14
"2020-03-03 22:55:58",14
"2020-03-03 23:53:40",14
"2020-03-04 00:54:36",14
"2020-03-04 01:53:55",14
"2020-03-04 02:51:19",14
"2020-03-04 03:51:55",14
"2020-03-04 04:54:29",14
"2020-03-04 05:51:27",14
"2020-03-04 06:54:36",14
"2020-03-04 07:51:47",14
"2020-03-04 08:53:49",14
"2020-03-04 09:51:40",14
"2020-03-04 10:50:52",14
"2020-03-04 11:54:30",14
"2020-03-04 12:54:13",14
"2020-03-04 13:53:00",14
"2020-03-04 14:51:14",14
"2020-03-04 15:54:46",14
"2020-03-04 16:51:18",14
"2020-03-04 17:51:59",14
"2020-03-04 18:53:48",14
"2020-03-04 19:59:14",14
"2020-03-04 20:54:00",14
"2020-03-04 21:50:59",14
"2020-03-04 22:53:46",14
"2020-03-04 23:51:25",14
"2020-03-05 00:51:35",14
"2020-03-05 01:52:04",14
"2020-03-05 02:51:16",14
"2020-03-05 03:51:22",14
"2020-03-05 04:51:50",14
"2020-03-05 05:51:57",14
"2020-03-05 06:51:29",14
"2020-03-05 07:51:09",14
"2020-03-05 08:52:51",14
"2020-03-05 09:51:57",14
"2020-03-05 10:51:10",14
"2020-03-05 11:54:30",14
"2020-03-05 12:51:52",14
"2020-03-05 13:51:51",14
"2020-03-05 14:54:08",14
"2020-03-05 15:52:08",14
"2020-03-05 16:54:01",14
"2020-03-05 17:51:10",14
"2020-03-05 18:51:29",14
"2020-03-05 19:51:24",14
"2020-03-05 20:51:21",14
"2020-03-05 21:51:08",14
"2020-03-05 22:53:42",14
"2020-03-05 23:53:46",14
"2020-03-06 00:51:12",14
"2020-03-06 01:51:17",14
"2020-03-06 02:55:26",14
"2020-03-06 03:53:49",14
"2020-03-06 04:53:52",14
"2020-03-06 05:53:58",14
"2020-03-06 06:54:32",14
"2020-03-06 07:53:33",14
"2020-03-06 08:51:32",14
"2020-03-06 09:53:55",14
"2020-03-06 10:51:08",14
"2020-03-06 11:54:25",14
"2020-03-06 12:51:22",14
"2020-03-06 13:50:49",14
"2020-03-06 14:55:18",14
"2020-03-06 15:52:13",15
"2020-03-06 16:52:13",15
"2020-03-06 17:51:38",15
"2020-03-06 18:51:05",15
"2020-03-06 19:51:53",15
"2020-03-06 20:51:26",15
"2020-03-06 21:51:07",15
"2020-03-06 22:51:13",15
"2020-03-06 23:52:03",15
"2020-03-07 00:51:04",15
"2020-03-07 01:52:00",15
"2020-03-07 02:51:13",15
"2020-03-07 03:54:28",15
"2020-03-07 04:54:42",15
"2020-03-07 05:53:59",15
"2020-03-07 06:53:45",15
"2020-03-07 07:52:04",15
"2020-03-07 08:53:34",15
"2020-03-07 09:51:30",15
"2020-03-07 10:51:53",15
"2020-03-07 11:53:35",15
"2020-03-07 12:51:54",15
"2020-03-07 13:50:57",15
"2020-03-07 14:51:23",15
"2020-03-07 15:50:56",15
"2020-03-07 16:51:15",15
"2020-03-07 17:52:02",15
"2020-03-07 18:51:19",15
"2020-03-07 19:51:27",15
"2020-03-07 20:53:52",15
"2020-03-07 21:54:48",15
"2020-03-07 22:53:55",15
"2020-03-07 23:53:49",15
"2020-03-08 00:51:11",15
"2020-03-08 01:52:03",15
"2020-03-08 02:52:10",15
"2020-03-08 03:54:00",15
"2020-03-08 04:53:49",15
"2020-03-08 05:53:50",15
"2020-03-08 06:52:36",15
"2020-03-08 07:53:41",15
"2020-03-08 08:53:49",15
"2020-03-08 09:51:57",15
"2020-03-08 10:53:45",15
"2020-03-08 11:51:52",15
"2020-03-08 12:54:27",15
"2020-03-08 13:54:40",15
"2020-03-08 14:51:17",15
"2020-03-08 15:53:51",15
"2020-03-08 16:51:06",15
"2020-03-08 17:51:25",15
"2020-03-08 18:54:55",15
"2020-03-08 19:52:43",15
"2020-03-08 20:52:12",15
"2020-03-08 21:51:10",15
"2020-03-08 22:53:36",15
"2020-03-08 23:51:19",15
"2020-03-09 00:54:23",15
"2020-03-09 01:51:11",15
"2020-03-09 02:54:26",15
"2020-03-09 03:54:08",15
"2020-03-09 04:53:47",15
"2020-03-09 05:51:17",15
"2020-03-09 06:51:06",15
"2020-03-09 07:51:25",15
"2020-03-09 08:50:58",15
"2020-03-09 09:51:41",15
"2020-03-09 10:53:29",15
"2020-03-09 11:53:41",15
"2020-03-09 12:52:40",15
"2020-03-09 13:50:24",15
"2020-03-09 14:53:24",15
"2020-03-09 15:51:45",15
"2020-03-09 16:51:09",15
"2020-03-09 17:50:08",15
"2020-03-09 18:50:27",15
"2020-03-09 19:51:14",15
"2020-03-09 20:51:24",15
"2020-03-09 21:53:48",15
"2020-03-09 22:53:35",15
"2020-03-09 23:54:36",15
"2020-03-10 00:50:59",15
"2020-03-10 01:53:42",15
"2020-03-10 02:51:52",15
"2020-03-10 03:54:22",15
"2020-03-10 04:51:52",15
"2020-03-10 06:54:24",15
"2020-03-10 07:54:11",15
"2020-03-10 08:51:22",15
"2020-03-10 09:53:25",15
"2020-03-10 10:53:10",15
"2020-03-10 11:53:35",15
"2020-03-10 12:51:49",15
"2020-03-10 13:52:21",15
"2020-03-10 14:54:41",15
"2020-03-10 15:54:49",15
"2020-03-10 16:51:02",15
"2020-03-10 17:54:03",15
"2020-03-10 18:53:55",15
"2020-03-10 19:54:06",15
"2020-03-10 20:56:43",15
"2020-03-10 21:54:31",15
"2020-03-10 22:53:39",15
"2020-03-10 23:51:50",15
"2020-03-11 00:54:11",15
"2020-03-11 01:54:20",15
"2020-03-11 02:54:45",15
"2020-03-11 03:51:55",15
"2020-03-11 04:52:08",15
"2020-03-11 05:54:25",15
"2020-03-11 06:53:36",15
"2020-03-11 07:51:05",15
"2020-03-11 08:51:55",15
"2020-03-11 09:50:49",15
"2020-03-11 10:51:03",15
"2020-03-11 11:53:56",15
"2020-03-11 12:54:18",15
"2020-03-11 13:53:54",15
"2020-03-11 14:52:05",15
"2020-03-11 15:51:22",15
"2020-03-11 16:54:30",15
"2020-03-11 17:52:05",15
"2020-03-11 18:51:21",15
"2020-03-11 19:54:43",15
"2020-03-11 20:54:45",15
"2020-03-11 21:51:59",15
"2020-03-11 22:52:06",15
"2020-03-11 23:52:30",15
"2020-03-12 00:51:04",15
"2020-03-12 01:53:58",15
"2020-03-12 02:51:50",15
"2020-03-12 03:54:00",15
"2020-03-12 04:54:32",15
"2020-03-12 05:52:09",15
"2020-03-12 06:51:38",15
"2020-03-12 07:51:51",15
"2020-03-12 08:54:00",15
"2020-03-12 09:52:36",15
"2020-03-12 10:53:47",15
"2020-03-12 11:53:48",15
"2020-03-12 12:53:45",15
"2020-03-12 13:55:00",15
"2020-03-12 14:51:06",15
"2020-03-12 15:51:01",15
"2020-03-12 16:51:28",15
"2020-03-12 17:51:16",15
"2020-03-12 18:54:39",15
"2020-03-12 19:52:11",15
"2020-03-12 20:51:23",15
"2020-03-12 21:54:59",15
"2020-03-12 22:51:12",15
"2020-03-12 23:54:26",15
"2020-03-13 00:54:49",15
"2020-03-13 01:51:07",15
"2020-03-13 02:53:57",15
"2020-03-13 03:54:02",15
"2020-03-13 04:51:51",15
"2020-03-13 05:52:39",15
"2020-03-13 06:55:45",15
"2020-03-13 07:55:12",15
"2020-03-13 08:55:19",15
"2020-03-13 09:55:26",15
"2020-03-13 10:51:55",15
"2020-03-13 11:53:39",15
"2020-03-13 13:11:42",15
"2020-03-13 13:52:49",15
"2020-03-13 14:52:25",15
"2020-03-13 15:52:17",15
"2020-03-13 16:54:08",15
"2020-03-13 17:53:56",15
"2020-03-13 18:54:48",15
"2020-03-13 19:54:07",15
"2020-03-13 20:51:31",15
"2020-03-13 21:52:00",15
"2020-03-13 22:51:14",15
"2020-03-13 23:53:42",15
"2020-03-14 00:52:08",15
"2020-03-14 01:54:34",15
"2020-03-14 02:54:04",15
"2020-03-14 03:51:51",15
"2020-03-14 04:54:44",15
"2020-03-14 05:54:06",15
"2020-03-14 06:52:14",15
"2020-03-14 07:54:36",15
"2020-03-14 08:53:50",15
"2020-03-14 09:53:51",15
"2020-03-14 10:51:41",15
"2020-03-14 11:51:28",15
"2020-03-14 12:51:46",15
"2020-03-14 13:51:13",15
"2020-03-14 14:54:00",15
"2020-03-14 15:51:14",15
"2020-03-14 16:53:48",15
"2020-03-14 17:51:57",15
"2020-03-14 18:53:59",15
"2020-03-14 19:52:11",15
"2020-03-14 20:54:27",15
"2020-03-14 21:53:51",15
"2020-03-14 22:54:49",15
"2020-03-14 23:53:41",15
"2020-03-15 00:51:45",15
"2020-03-15 01:51:57",15
"2020-03-15 02:54:35",15
"2020-03-15 03:54:45",15
"2020-03-15 04:51:22",15
"2020-03-15 05:54:38",15
"2020-03-15 06:52:13",15
"2020-03-15 07:54:48",15
"2020-03-15 09:04:35",15
"2020-03-15 09:52:44",15
"2020-03-15 10:53:31",15
"2020-03-15 11:54:40",15
"2020-03-15 12:53:48",15
"2020-03-15 13:51:24",15
"2020-03-15 14:52:38",15
"2020-03-15 15:51:49",15
"2020-03-15 16:53:47",15
"2020-03-15 17:52:16",15
"2020-03-15 18:54:33",15
"2020-03-15 19:53:57",15
"2020-03-15 20:52:04",15
"2020-03-15 21:52:07",15
"2020-03-15 22:53:54",15
"2020-03-15 23:53:43",15
"2020-03-16 00:51:19",15
"2020-03-16 01:51:21",15
"2020-03-16 02:51:13",15
"2020-03-16 03:53:04",15
"2020-03-16 04:54:00",15
"2020-03-16 05:54:51",15
"2020-03-16 06:52:06",15
"2020-03-16 07:54:38",15
"2020-03-16 09:03:10",15
"2020-03-16 09:53:51",15
"2020-03-16 10:52:06",15
"2020-03-16 11:53:34",15
"2020-03-16 13:13:20",15
"2020-03-16 14:52:00",15
"2020-03-16 15:53:48",15
"2020-03-16 16:51:33",15
"2020-03-16 17:52:09",15
"2020-03-16 18:51:31",15
"2020-03-16 19:54:44",15
"2020-03-16 20:51:13",15
"2020-03-16 21:52:17",15
"2020-03-16 22:51:36",15
"2020-03-16 23:54:15",15
"2020-03-17 00:54:05",15
"2020-03-17 01:51:28",15
"2020-03-17 02:54:00",15
"2020-03-17 20:15:06",13
"2020-03-17 20:24:03",13
"2020-03-17 20:52:14",13
"2020-03-17 21:51:38",13
"2020-03-17 22:51:20",13
"2020-03-17 23:51:47",13
"2020-03-18 00:52:15",13
"2020-03-18 01:52:23",13
"2020-03-18 02:52:17",13
"2020-03-18 03:52:34",13
"2020-03-18 04:52:22",13
"2020-03-18 05:52:35",13
"2020-03-18 06:51:48",13
"2020-03-18 07:52:33",13
"2020-03-18 08:51:01",13
"2020-03-18 09:51:58",13
"2020-03-18 10:51:25",13
"2020-03-18 11:51:27",13
"2020-03-18 13:13:13",13
"2020-03-18 13:52:45",13
"2020-03-18 14:51:57",14
"2020-03-18 15:52:01",14
"2020-03-18 16:51:47",14
"2020-03-18 17:52:35",14
"2020-03-18 18:51:40",14
"2020-03-18 19:52:21",14
"2020-03-18 20:51:42",14
"2020-03-18 21:51:36",14
"2020-03-18 22:51:29",14
"2020-03-18 23:52:02",14
"2020-03-19 00:51:43",14
"2020-03-19 01:52:21",14
"2020-03-19 02:51:28",14
"2020-03-19 03:51:22",14
"2020-03-19 04:51:38",14
"2020-03-19 05:54:48",14
"2020-03-19 06:51:48",14
"2020-03-19 07:51:54",14
"2020-03-19 08:51:30",14
"2020-03-19 09:52:05",14
"2020-03-19 10:51:05",14
"2020-03-19 11:51:22",14
"2020-03-19 12:51:12",14
"2020-03-19 13:51:50",14
"2020-03-19 14:51:53",14
"2020-03-19 15:51:50",14
"2020-03-19 16:51:52",14
"2020-03-19 17:51:48",14
"2020-03-19 18:51:19",14
"2020-03-19 19:52:03",14
"2020-03-19 20:52:36",14
"2020-03-19 21:52:09",14
"2020-03-19 22:51:30",14
"2020-03-19 23:52:59",14
"2020-03-20 00:51:29",14
"2020-03-20 01:51:21",14
"2020-03-20 02:53:15",14
"2020-03-20 03:51:41",14
"2020-03-20 04:51:49",14
"2020-03-20 06:52:18",14
"2020-03-20 07:51:51",14
"2020-03-20 08:53:04",14
"2020-03-20 09:52:17",14
"2020-03-20 10:51:40",14
"2020-03-20 11:51:27",14
"2020-03-20 13:12:06",14
"2020-03-20 13:52:45",14
"2020-03-20 14:51:45",14
"2020-03-20 15:51:34",14
"2020-03-20 16:51:40",14
"2020-03-20 17:51:43",14
"2020-03-20 18:51:30",14
"2020-03-20 19:51:50",14
"2020-03-20 20:51:43",14
"2020-03-20 21:51:20",14
"2020-03-20 22:52:23",14
"2020-03-20 23:52:34",14
"2020-03-21 00:51:54",14
"2020-03-21 01:51:41",14
"2020-03-21 02:52:19",14
"2020-03-21 03:52:24",14
"2020-03-21 04:51:26",14
"2020-03-21 05:51:19",14
"2020-03-21 06:51:34",14
"2020-03-21 07:52:05",14
"2020-03-21 09:14:33",14
"2020-03-21 09:51:35",14
"2020-03-21 10:51:40",14
"2020-03-21 11:51:54",14
"2020-03-21 12:51:15",14
"2020-03-21 13:51:29",14
"2020-03-21 14:52:53",14
"2020-03-21 15:52:14",14
"2020-03-21 16:52:03",14
"2020-03-21 17:52:39",14
"2020-03-21 18:51:44",14
"2020-03-21 19:51:48",14
"2020-03-21 20:51:16",14
"2020-03-21 21:51:45",14
"2020-03-21 22:51:25",14
"2020-03-21 23:51:30",14
"2020-03-22 00:51:19",14
"2020-03-22 01:52:08",14
"2020-03-22 02:51:26",14
"2020-03-22 03:52:42",14
"2020-03-22 04:51:48",14
"2020-03-22 05:51:47",14
"2020-03-22 06:52:19",14
"2020-03-22 07:52:12",14
"2020-03-22 09:18:47",14
"2020-03-22 09:51:35",14
"2020-03-22 10:52:08",14
"2020-03-22 11:51:20",14
"2020-03-22 12:52:04",14
"2020-03-22 22:01:27",14
"2020-03-22 22:52:18",14
"2020-03-22 23:51:40",14
"2020-03-23 00:53:19",14
"2020-03-23 01:52:24",14
"2020-03-23 02:51:21",14
"2020-03-23 03:51:31",14
"2020-03-23 04:52:28",14
"2020-03-23 05:52:13",14
"2020-03-23 06:52:01",14
"2020-03-23 07:51:30",14
"2020-03-23 08:51:40",14
"2020-03-23 09:52:22",14
"2020-03-23 10:51:36",14
"2020-03-23 11:52:11",14
"2020-03-23 13:11:35",14
"2020-03-23 13:52:05",14
"2020-03-23 14:52:23",14
"2020-03-23 15:51:56",14
"2020-03-23 16:52:37",14
"2020-03-23 17:51:46",14
"2020-03-23 18:51:35",14
"2020-03-23 19:52:17",14
"2020-03-23 20:52:20",14
"2020-03-23 21:51:41",14
"2020-03-23 22:51:41",14
"2020-03-23 23:51:43",14
"2020-03-24 00:51:31",14
"2020-03-24 01:51:32",14
"2020-03-24 02:51:21",14
"2020-03-24 03:51:48",14
"2020-03-24 04:52:17",14
"2020-03-24 05:54:39",14
"2020-03-24 06:52:40",14
"2020-03-24 07:52:53",14
"2020-03-24 09:13:06",14
"2020-03-24 09:51:08",14
"2020-03-24 10:51:14",14
"2020-03-24 11:51:17",14
"2020-03-24 12:50:51",14
"2020-03-24 13:53:27",14
"2020-03-24 14:53:49",14
"2020-03-24 15:53:05",14
"2020-03-24 16:53:08",14
"2020-03-24 17:52:30",14
"2020-03-24 18:52:26",14
"2020-03-24 19:51:53",14
"2020-03-24 20:51:29",14
"2020-03-24 21:51:14",14
"2020-03-24 22:52:17",14
"2020-03-24 23:52:07",14
"2020-03-25 00:51:36",14
"2020-03-25 01:51:44",14
"2020-03-25 02:51:26",14
"2020-03-25 03:51:28",14
"2020-03-25 04:51:03",14
"2020-03-25 06:52:43",14
"2020-03-25 07:51:26",14
"2020-03-25 09:53:14",14
"2020-03-25 10:51:34",14
"2020-03-25 11:52:11",14
"2020-03-25 12:52:12",14
"2020-03-25 13:52:53",14
"2020-03-25 14:52:44",14
"2020-03-25 15:53:12",14
"2020-03-25 16:52:42",14
"2020-03-25 17:53:30",14
"2020-03-25 18:51:40",14
"2020-03-25 19:51:44",14
"2020-03-25 20:51:56",14
"2020-03-25 21:51:23",14
"2020-03-25 22:51:29",14
"2020-03-25 23:51:38",14
"2020-03-26 02:10:00",14
"2020-03-26 02:51:41",14
"2020-03-26 03:52:12",14
"2020-03-26 04:53:14",14
"2020-03-26 05:51:54",14
"2020-03-26 06:52:01",14
"2020-03-26 07:52:01",14
"2020-03-26 08:51:30",14
"2020-03-26 09:52:12",14
"2020-03-26 10:51:15",14
"2020-03-26 11:51:45",14
"2020-03-26 12:51:45",14
"2020-03-26 13:51:53",14
"2020-03-26 14:52:10",14
"2020-03-26 15:52:04",14
"2020-03-26 16:51:48",14
"2020-03-26 17:52:19",14
"2020-03-26 18:51:37",14
"2020-03-26 19:51:40",14
"2020-03-26 20:51:45",14
"2020-03-26 21:52:08",14
"2020-03-26 22:51:28",14
"2020-03-26 23:52:25",14
"2020-03-27 00:51:45",14
"2020-03-27 01:52:01",14
"2020-03-27 02:52:19",14
"2020-03-27 03:51:47",14
"2020-03-27 04:52:05",14
"2020-03-27 05:51:40",14
"2020-03-27 06:52:15",14
"2020-03-27 07:52:46",14
"2020-03-27 08:55:15",14
"2020-03-27 09:52:52",14
"2020-03-27 10:51:55",14
"2020-03-27 11:51:28",14
"2020-03-27 12:51:22",14
"2020-03-27 13:52:21",14
"2020-03-27 14:51:39",14
"2020-03-27 15:51:44",14
"2020-03-27 16:52:06",14
"2020-03-27 17:51:44",14
"2020-03-27 18:52:32",14
"2020-03-27 19:51:43",14
"2020-03-27 20:51:39",14
"2020-03-27 21:52:30",14
"2020-03-27 22:51:43",14
"2020-03-27 23:52:00",14
"2020-03-28 00:52:14",14
"2020-03-28 01:51:11",14
"2020-03-28 02:51:24",14
"2020-03-28 03:51:45",14
"2020-03-28 04:51:34",14
"2020-03-28 05:53:05",14
"2020-03-28 06:51:46",14
"2020-03-28 07:51:11",14
"2020-03-28 08:51:28",14
"2020-03-28 09:52:02",14
"2020-03-28 10:52:30",14
"2020-03-28 11:51:32",14
"2020-03-28 12:52:14",14
"2020-03-28 13:52:10",14
"2020-03-28 14:51:41",14
"2020-03-28 15:51:36",14
"2020-03-28 16:51:22",14
"2020-03-28 17:51:40",14
"2020-03-28 18:51:53",14
"2020-03-28 19:51:23",14
"2020-03-28 20:51:43",14
"2020-03-28 21:51:15",14
"2020-03-28 22:52:55",14
"2020-03-28 23:51:41",14
"2020-03-29 00:51:56",14
"2020-03-29 01:52:17",14
"2020-03-29 02:52:56",14
"2020-03-29 03:53:10",14
"2020-03-29 04:52:15",14
"2020-03-29 05:51:55",14
"2020-03-29 06:53:11",14
"2020-03-29 07:52:04",14
"2020-03-29 08:51:38",14
"2020-03-29 09:51:34",14
"2020-03-29 10:52:33",14
"2020-03-29 11:51:41",14
"2020-03-29 12:51:26",14
"2020-03-29 13:51:26",14
"2020-03-29 14:51:27",14
"2020-03-29 15:51:27",14
"2020-03-29 16:51:39",14
"2020-03-29 17:52:13",14
"2020-03-29 18:51:34",14
"2020-03-29 19:51:27",14
"2020-03-29 20:51:25",14
"2020-03-29 21:52:55",14
"2020-03-29 22:51:43",14
"2020-03-29 23:51:50",14
"2020-03-30 00:51:42",14
"2020-03-30 01:51:34",14
"2020-03-30 02:52:35",14
"2020-03-30 03:51:37",14
"2020-03-30 04:52:29",14
"2020-03-30 05:51:26",14
"2020-03-30 06:51:50",14
"2020-03-30 07:52:24",14
"2020-03-30 08:51:30",14
"2020-03-30 09:51:13",14
"2020-03-30 10:51:20",14
"2020-03-30 11:50:54",14
"2020-03-30 12:51:25",14
"2020-03-30 13:52:43",14
"2020-03-30 14:51:37",14
"2020-03-30 15:52:24",14
"2020-03-30 16:51:49",14
"2020-03-30 17:52:15",14
"2020-03-30 18:51:51",14
"2020-03-30 19:52:29",14
"2020-03-30 20:51:34",14
"2020-03-30 21:52:12",14
"2020-03-30 22:51:24",14
"2020-03-30 23:51:19",14
"2020-03-31 00:51:10",14
"2020-03-31 01:51:26",14
"2020-03-31 02:51:26",14
"2020-03-31 03:51:58",14
"2020-03-31 04:51:28",14
"2020-03-31 05:51:32",14
"2020-03-31 06:51:28",14
"2020-03-31 07:51:40",14
"2020-03-31 08:51:36",14
"2020-03-31 09:51:31",14
"2020-03-31 10:51:25",14
"2020-03-31 11:52:12",14
"2020-03-31 13:10:39",14
"2020-03-31 13:51:51",14
"2020-03-31 14:52:47",14
"2020-03-31 15:51:34",14
"2020-03-31 16:52:44",14
"2020-03-31 17:51:39",14
"2020-03-31 18:52:08",14
"2020-03-31 19:51:29",14
"2020-03-31 20:52:18",14
"2020-03-31 21:51:30",14
"2020-03-31 22:51:36",14
"2020-03-31 23:50:43",14
"2020-04-01 00:50:07",14
"2020-04-01 01:50:08",14
"2020-04-01 02:50:03",14
"2020-04-01 03:50:14",14
"2020-04-01 04:50:38",14
"2020-04-01 05:51:01",14
"2020-04-01 06:50:21",14
"2020-04-01 07:50:57",14
"2020-04-01 08:50:05",14
"2020-04-01 09:50:27",14
"2020-04-01 10:49:42",14
"2020-04-01 11:51:22",14
"2020-04-01 13:13:39",14
"2020-04-01 13:50:06",14
"2020-04-01 14:51:23",14
"2020-04-01 15:50:48",14
"2020-04-01 16:49:49",14
"2020-04-01 17:49:46",14
"2020-04-01 18:49:53",14
"2020-04-01 19:50:05",14
"2020-04-01 20:50:09",14
"2020-04-01 21:49:52",14
"2020-04-01 22:49:53",14
"2020-04-01 23:50:58",14
"2020-04-02 00:50:03",14
"2020-04-02 01:50:52",14
"2020-04-02 02:50:00",14
"2020-04-02 03:50:47",14
"2020-04-02 04:50:05",14
"2020-04-02 05:50:16",14
"2020-04-02 06:49:37",14
"2020-04-02 07:50:48",14
"2020-04-02 08:51:46",14
"2020-04-02 09:50:45",14
"2020-04-02 10:50:09",14
"2020-04-02 11:49:55",14
"2020-04-02 13:14:41",14
"2020-04-02 13:51:00",14
"2020-04-02 14:49:48",14
"2020-04-02 15:50:14",14
"2020-04-02 16:49:40",14
"2020-04-02 17:49:51",14
"2020-04-02 19:49:53",14
"2020-04-02 20:50:34",14
"2020-04-02 21:51:31",14
"2020-04-02 22:51:01",14
"2020-04-02 23:49:52",14
"2020-04-03 00:50:15",14
"2020-04-03 01:50:46",14
"2020-04-03 02:50:07",14
"2020-04-03 03:49:54",14
"2020-04-03 04:50:34",14
"2020-04-03 05:50:49",14
"2020-04-03 06:50:02",14
"2020-04-03 08:50:04",14
"2020-04-03 09:50:03",14
"2020-04-03 10:50:43",14
"2020-04-03 11:49:54",14
"2020-04-03 13:15:42",14
"2020-04-03 13:50:17",14
"2020-04-03 14:50:22",14
"2020-04-03 15:50:54",15
"2020-04-03 16:50:50",15
"2020-04-03 17:50:53",15
"2020-04-03 18:50:54",15
"2020-04-03 19:49:59",15
"2020-04-03 20:49:56",15
"2020-04-03 21:50:14",15
"2020-04-03 22:51:25",15
"2020-04-03 23:50:07",15
"2020-04-04 00:49:51",15
"2020-04-04 01:50:42",15
"2020-04-04 02:50:10",15
"2020-04-04 03:50:16",15
"2020-04-04 04:50:30",15
"2020-04-04 05:50:43",15
"2020-04-04 06:49:51",15
"2020-04-04 07:50:56",15
"2020-04-04 08:50:34",15
"2020-04-04 09:50:31",15
"2020-04-04 10:50:02",15
"2020-04-04 11:50:00",15
"2020-04-04 12:49:58",15
"2020-04-04 13:49:55",15
"2020-04-04 14:50:26",15
"2020-04-04 15:49:44",15
"2020-04-04 16:50:02",15
"2020-04-04 17:50:03",15
"2020-04-04 18:49:55",15
"2020-04-04 19:49:59",15
"2020-04-04 20:49:49",15
"2020-04-04 21:49:54",15
"2020-04-04 22:50:54",15
"2020-04-04 23:49:51",15
"2020-04-05 00:51:15",15
"2020-04-05 01:50:42",15
"2020-04-05 02:49:47",15
"2020-04-05 03:50:03",15
"2020-04-05 04:50:43",15
"2020-04-05 05:50:28",15
"2020-04-05 06:50:36",15
"2020-04-05 07:50:04",15
"2020-04-05 08:50:13",15
"2020-04-05 09:49:55",15
"2020-04-05 10:50:54",15
"2020-04-05 11:50:42",15
"2020-04-05 12:49:50",15
"2020-04-05 13:50:50",15
"2020-04-05 14:50:01",15
"2020-04-05 15:49:46",15
"2020-04-05 16:50:44",15
"2020-04-05 17:49:41",15
"2020-04-05 18:50:05",15
"2020-04-05 19:49:51",15
"2020-04-05 20:50:03",15
"2020-04-05 21:50:10",15
"2020-04-05 22:50:36",15
"2020-04-05 23:49:52",15
"2020-04-06 00:49:48",15
"2020-04-06 01:50:08",15
"2020-04-06 02:50:34",15
"2020-04-06 03:51:32",15
"2020-04-06 04:49:35",15
"2020-04-06 05:50:23",15
"2020-04-06 06:50:25",15
"2020-04-06 07:50:01",15
"2020-04-06 08:50:45",15
"2020-04-06 09:49:54",15
"2020-04-06 10:50:23",15
"2020-04-06 11:49:42",15
"2020-04-06 12:50:20",15
"2020-04-06 13:50:05",15
"2020-04-06 14:50:03",15
"2020-04-06 15:50:05",15
"2020-04-06 16:49:51",15
"2020-04-06 17:49:49",15
"2020-04-06 18:53:19",15
"2020-04-06 19:50:43",15
"2020-04-06 20:49:56",15
"2020-04-06 21:49:44",15
"2020-04-06 22:50:04",15
"2020-04-06 23:50:27",15
"2020-04-07 00:50:06",15
"2020-04-07 01:50:22",15
"2020-04-07 02:50:07",15
"2020-04-07 03:49:53",15
"2020-04-07 04:49:58",15
"2020-04-07 05:49:44",15
"2020-04-07 06:50:18",15
"2020-04-07 07:50:05",15
"2020-04-07 08:50:38",15
"2020-04-07 09:49:52",15
"2020-04-07 10:49:35",15
"2020-04-07 11:49:51",15
"2020-04-07 12:49:51",15
"2020-04-07 13:50:01",15
"2020-04-07 14:49:30",15
"2020-04-07 15:49:46",15
"2020-04-07 16:50:11",16
"2020-04-07 17:49:39",16
"2020-04-07 18:49:43",16
"2020-04-07 19:49:41",16
"2020-04-07 20:49:59",16
"2020-04-07 21:50:10",16
"2020-04-07 22:49:48",16
"2020-04-07 23:49:54",16
"2020-04-08 00:50:06",16
"2020-04-08 01:49:45",16
"2020-04-08 02:49:26",16
"2020-04-08 03:50:09",16
"2020-04-08 04:49:36",16
"2020-04-08 06:50:00",16
"2020-04-08 07:50:17",16
"2020-04-08 09:12:04",16
"2020-04-08 09:49:54",16
"2020-04-08 10:49:46",16
"2020-04-08 11:49:41",16
"2020-04-08 12:49:41",16
"2020-04-08 13:49:52",16
"2020-04-08 14:49:36",16
"2020-04-08 15:49:58",16
"2020-04-08 16:49:42",16
"2020-04-08 17:50:18",16
"2020-04-08 18:49:42",16
"2020-04-08 19:50:14",16
"2020-04-08 20:49:54",16
"2020-04-08 21:49:43",16
"2020-04-08 22:49:34",16
"2020-04-08 23:49:49",16
"2020-04-09 00:49:40",16
"2020-04-09 02:49:49",16
"2020-04-09 03:49:41",16
"2020-04-09 04:50:22",16
"2020-04-09 05:49:57",16
"2020-04-09 06:50:28",16
"2020-04-09 07:49:31",16
"2020-04-09 08:49:36",16
"2020-04-09 09:49:32",16
"2020-04-09 10:49:44",16
"2020-04-09 11:49:43",16
"2020-04-09 12:49:38",16
"2020-04-09 13:50:01",16
"2020-04-09 14:50:00",16
"2020-04-09 15:49:23",17
"2020-04-09 16:49:44",17
"2020-04-09 17:49:42",17
"2020-04-09 18:49:20",17
"2020-04-09 19:50:14",17
"2020-04-09 20:49:42",17
"2020-04-09 21:49:39",17
"2020-04-09 22:49:36",17
"2020-04-09 23:49:33",17
"2020-04-10 00:49:44",17
"2020-04-10 01:49:30",17
"2020-04-10 02:49:52",17
"2020-04-10 03:49:44",17
"2020-04-10 04:49:36",17
"2020-04-10 05:49:55",17
"2020-04-10 06:49:34",17
"2020-04-10 07:49:36",17
"2020-04-10 08:49:54",17
"2020-04-10 09:49:39",17
"2020-04-10 10:49:46",17
"2020-04-10 11:49:44",17
"2020-04-10 12:49:40",17
"2020-04-10 13:49:49",17
"2020-04-10 14:50:04",17
"2020-04-10 15:49:43",17
"2020-04-10 16:49:29",17
"2020-04-10 17:49:40",17
"2020-04-10 18:49:41",17
"2020-04-10 19:49:42",17
"2020-04-10 20:50:18",17
"2020-04-10 21:49:12",17
"2020-04-10 22:49:08",17
"2020-04-10 23:49:11",17
"2020-04-11 00:49:20",17
"2020-04-11 01:49:01",17
"2020-04-11 02:49:10",17
"2020-04-11 03:49:10",17
"2020-04-11 04:49:19",17
"2020-04-11 05:49:05",17
"2020-04-11 06:49:11",17
"2020-04-11 07:49:08",17
"2020-04-11 08:48:58",17
"2020-04-11 09:49:00",17
"2020-04-11 10:49:20",17
"2020-04-11 11:48:59",17
"2020-04-11 12:49:08",17
"2020-04-11 13:49:20",17
"2020-04-11 14:48:59",17
"2020-04-11 15:49:22",17
"2020-04-11 16:49:15",17
"2020-04-11 17:49:16",17
"2020-04-11 18:49:14",17
"2020-04-11 19:49:07",17
"2020-04-11 20:48:58",17
"2020-04-11 21:49:09",17
"2020-04-11 22:49:07",17
"2020-04-11 23:49:09",17
"2020-04-12 00:49:23",17
"2020-04-12 01:49:07",17
"2020-04-12 02:49:07",17
"2020-04-12 03:49:01",17
"2020-04-12 04:49:28",17
"2020-04-12 05:49:14",17
"2020-04-12 06:49:13",17
"2020-04-12 07:49:03",17
"2020-04-12 08:49:05",17
"2020-04-12 09:49:12",17
"2020-04-12 10:49:12",17
"2020-04-12 11:49:02",17
"2020-04-12 12:49:09",17
"2020-04-12 13:49:19",17
"2020-04-12 14:49:12",17
"2020-04-12 15:49:09",17
"2020-04-12 16:49:07",17
"2020-04-12 17:48:59",17
"2020-04-12 18:49:16",17
"2020-04-12 19:49:09",17
"2020-04-12 20:49:33",17
"2020-04-12 21:49:16",17
"2020-04-12 22:49:22",17
"2020-04-12 23:49:33",17
"2020-04-13 00:49:48",17
"2020-04-13 01:49:25",17
"2020-04-13 02:49:31",17
"2020-04-13 03:49:55",17
"2020-04-13 04:49:37",17
"2020-04-13 05:49:32",17
"2020-04-13 06:49:10",17
"2020-04-13 07:48:58",17
"2020-04-13 08:49:12",17
"2020-04-13 09:49:06",17
"2020-04-13 10:49:06",17
"2020-04-13 11:49:19",17
"2020-04-13 13:12:32",17
"2020-04-13 13:49:04",17
"2020-04-13 14:49:03",17
"2020-04-13 15:49:07",17
"2020-04-13 16:49:13",17
"2020-04-13 17:49:28",17
"2020-04-13 18:49:00",17
"2020-04-13 19:49:03",17
"2020-04-13 20:49:11",17
"2020-04-13 21:49:15",17
"2020-04-13 22:49:01",17
"2020-04-13 23:49:13",17
"2020-04-14 00:49:52",17
"2020-04-14 01:49:45",17
"2020-04-14 02:49:36",17
"2020-04-14 03:49:38",17
"2020-04-14 04:49:37",17
"2020-04-14 05:49:45",17
"2020-04-14 06:49:21",17
"2020-04-14 07:49:12",17
"2020-04-14 08:49:16",17
"2020-04-14 09:49:13",17
"2020-04-14 10:49:13",17
"2020-04-14 11:49:13",17
"2020-04-14 12:49:09",17
"2020-04-14 13:49:16",17
"2020-04-14 14:49:30",17
"2020-04-14 15:49:32",17
"2020-04-14 16:49:36",17
"2020-04-14 17:48:59",16
"2020-04-14 18:49:42",16
"2020-04-14 19:49:11",16
"2020-04-14 20:49:09",16
"2020-04-14 21:49:12",16
"2020-04-14 22:49:09",16
"2020-04-14 23:49:30",16
"2020-04-15 00:49:31",16
"2020-04-15 01:49:33",16
"2020-04-15 02:49:30",16
"2020-04-15 03:49:28",16
"2020-04-15 04:49:28",16
"2020-04-15 05:49:04",16
"2020-04-15 06:49:01",16
"2020-04-15 07:49:11",16
"2020-04-15 08:49:15",16
"2020-04-15 09:49:10",16
"2020-04-15 10:49:01",16
"2020-04-15 11:48:59",16
"2020-04-15 13:15:36",16
"2020-04-15 14:49:13",16
"2020-04-15 15:49:04",16
"2020-04-15 16:49:23",16
"2020-04-15 17:49:05",16
"2020-04-15 18:49:11",16
"2020-04-15 19:49:23",16
"2020-04-15 20:49:08",16
"2020-04-15 21:49:20",16
"2020-04-15 22:49:21",16
"2020-04-15 23:49:25",16
"2020-04-16 00:49:32",16
"2020-04-16 01:49:40",16
"2020-04-16 02:49:43",16
"2020-04-16 03:49:43",16
"2020-04-16 04:49:45",16
"2020-04-16 05:49:19",16
"2020-04-16 06:49:34",16
"2020-04-16 07:49:15",16
"2020-04-16 08:49:14",16
"2020-04-16 09:49:06",16
"2020-04-16 10:49:15",16
"2020-04-16 11:49:14",16
"2020-04-16 12:49:14",16
"2020-04-16 13:49:14",16
"2020-04-16 14:49:09",16
"2020-04-16 15:49:41",16
"2020-04-16 16:49:43",16
"2020-04-16 17:49:17",16
"2020-04-16 18:49:37",16
"2020-04-16 19:49:08",16
"2020-04-16 20:49:21",16
"2020-04-16 21:49:45",16
"2020-04-16 22:49:17",16
"2020-04-16 23:49:45",16
"2020-04-17 00:49:32",16
"2020-04-17 01:49:34",16
"2020-04-17 02:49:43",16
"2020-04-17 03:49:23",16
"2020-04-17 04:49:17",16
"2020-04-17 05:49:22",16
"2020-04-17 06:49:22",16
"2020-04-17 07:49:37",16
"2020-04-17 08:49:20",16
"2020-04-17 09:49:15",16
"2020-04-17 10:49:18",16
"2020-04-17 11:49:05",16
"2020-04-17 13:12:36",16
"2020-04-17 13:49:36",16
"2020-04-17 14:49:18",16
"2020-04-17 15:49:25",16
"2020-04-17 16:49:03",16
"2020-04-17 17:49:13",16
"2020-04-17 18:49:42",16
"2020-04-17 19:49:33",16
"2020-04-17 20:49:41",16
"2020-04-17 21:49:37",16
"2020-04-17 22:49:25",16
"2020-04-17 23:49:37",16
"2020-04-18 00:49:35",16
"2020-04-18 01:49:30",16
"2020-04-18 02:49:24",16
"2020-04-18 03:49:25",16
"2020-04-18 04:49:40",16
"2020-04-18 05:49:39",16
"2020-04-18 06:49:15",16
"2020-04-18 07:49:09",16
"2020-04-18 08:49:37",16
"2020-04-18 09:48:59",16
"2020-04-18 10:49:13",16
"2020-04-18 11:49:19",16
"2020-04-18 12:49:00",16
"2020-04-18 13:49:29",16
"2020-04-18 14:49:10",16
"2020-04-18 15:49:22",16
"2020-04-18 16:49:00",16
"2020-04-18 17:49:19",16
"2020-04-18 18:49:18",16
"2020-04-18 19:49:12",16
"2020-04-18 20:49:19",16
"2020-04-18 21:49:10",16
"2020-04-18 22:49:27",16
"2020-04-18 23:49:48",16
"2020-04-19 00:49:49",16
"2020-04-19 01:50:08",16
"2020-04-19 02:49:38",16
"2020-04-19 03:49:42",16
"2020-04-19 04:50:09",16
"2020-04-19 05:49:32",16
"2020-04-19 06:49:40",16
"2020-04-19 07:49:28",16
"2020-04-19 08:49:15",16
"2020-04-19 09:49:14",16
"2020-04-19 10:49:13",16
"2020-04-19 11:49:01",16
"2020-04-19 12:49:06",16
"2020-04-19 13:49:35",16
"2020-04-19 14:49:05",16
"2020-04-19 15:49:22",16
"2020-04-19 16:49:22",16
"2020-04-19 17:49:45",16
"2020-04-19 18:49:16",16
"2020-04-19 19:49:12",16
"2020-04-19 20:49:03",16
"2020-04-19 21:49:58",16
"2020-04-19 22:49:46",16
"2020-04-19 23:49:32",16
"2020-04-20 00:49:58",16
"2020-04-20 01:49:46",16
"2020-04-20 02:50:02",16
"2020-04-20 03:50:02",16
"2020-04-20 04:49:36",16
"2020-04-20 05:49:58",16
"2020-04-20 06:49:42",16
"2020-04-20 07:49:14",16
"2020-04-20 08:49:10",16
"2020-04-20 09:49:12",16
"2020-04-20 10:49:11",16
"2020-04-20 11:49:10",16
"2020-04-20 12:49:12",16
"2020-04-20 13:49:08",16
"2020-04-20 14:49:51",17
"2020-04-20 15:49:19",17
"2020-04-20 16:49:29",18
"2020-04-20 17:49:27",18
"2020-04-20 18:49:41",18
"2020-04-20 20:50:31",18
"2020-04-20 21:50:19",18
"2020-04-20 22:50:48",18
"2020-04-20 23:49:41",18
"2020-04-21 00:49:58",18
"2020-04-21 01:49:44",18
"2020-04-21 02:49:40",18
"2020-04-21 03:51:59",18
"2020-04-21 04:52:37",18
"2020-04-21 05:52:39",18
"2020-04-21 06:49:42",18
"2020-04-21 07:49:27",18
"2020-04-21 08:49:22",18
"2020-04-21 09:49:18",18
"2020-04-21 10:49:17",18
"2020-04-21 11:49:15",18
"2020-04-21 12:49:18",18
"2020-04-21 13:49:53",18
"2020-04-21 14:49:41",18
"2020-04-21 15:49:02",18
"2020-04-21 16:49:01",19
"2020-04-21 17:49:41",19
"2020-04-21 18:49:01",19
"2020-04-21 19:49:13",20
"2020-04-21 20:49:49",20
"2020-04-21 21:49:56",20
"2020-04-21 22:49:49",20
"2020-04-21 23:49:10",20
"2020-04-22 00:49:34",20
"2020-04-22 01:49:48",20
"2020-04-22 02:49:51",20
"2020-04-22 03:49:34",20
"2020-04-22 04:49:09",20
"2020-04-22 05:49:13",20
"2020-04-22 06:49:42",20
"2020-04-22 07:49:28",20
"2020-04-22 08:49:05",20
"2020-04-22 09:49:21",20
"2020-04-22 10:49:55",20
"2020-04-22 11:49:05",20
"2020-04-22 12:49:14",20
"2020-04-22 13:49:02",20
"2020-04-22 14:49:37",20
"2020-04-22 15:49:09",20
"2020-04-22 16:49:47",20
"2020-04-22 17:49:59",20
"2020-04-22 18:49:36",20
"2020-04-22 19:49:12",20
"2020-04-22 20:49:24",20
"2020-04-22 21:49:41",20
"2020-04-22 22:49:34",20
"2020-04-22 23:49:41",20
"2020-04-23 00:49:11",20
"2020-04-23 01:49:36",20
"2020-04-23 02:49:45",20
"2020-04-23 03:49:44",20
"2020-04-23 04:49:26",20
"2020-04-23 05:49:01",20
"2020-04-23 06:49:12",20
"2020-04-23 07:49:18",20
"2020-04-23 08:49:11",20
"2020-04-23 09:48:58",20
"2020-04-23 10:49:10",20
"2020-04-23 11:49:25",20
"2020-04-23 12:49:02",20
"2020-04-23 13:49:02",20
"2020-04-23 14:49:04",20
"2020-04-23 15:49:11",20
"2020-04-23 16:49:38",20
"2020-04-23 17:49:02",20
"2020-04-23 18:49:19",20
"2020-04-23 19:49:07",20
"2020-04-23 20:49:46",20
"2020-04-23 21:49:15",20
"2020-04-23 22:49:08",20
"2020-04-23 23:49:20",20
"2020-04-24 00:49:33",20
"2020-04-24 01:50:06",20
"2020-04-24 02:48:59",20
"2020-04-24 03:49:48",20
"2020-04-24 04:49:30",20
"2020-04-24 05:49:05",20
"2020-04-24 06:49:06",20
"2020-04-24 07:48:59",20
"2020-04-24 08:49:21",20
"2020-04-24 09:49:10",20
"2020-04-24 10:49:07",20
"2020-04-24 11:48:59",20
"2020-04-24 13:13:38",20
"2020-04-24 13:49:39",20
"2020-04-24 14:49:19",20
"2020-04-24 15:49:07",20
"2020-04-24 16:49:10",20
"2020-04-24 17:49:16",20
"2020-04-24 18:50:28",20
"2020-04-24 19:49:09",20
"2020-04-24 20:49:20",20
"2020-04-24 21:49:56",20
"2020-04-24 22:49:55",20
"2020-04-24 23:49:21",20
"2020-04-25 00:49:44",20
"2020-04-25 01:49:49",20
"2020-04-25 02:49:42",20
"2020-04-25 03:49:49",20
"2020-04-25 04:49:44",20
"2020-04-25 05:49:57",20
"2020-04-25 06:49:24",20
"2020-04-25 07:49:11",20
"2020-04-25 08:49:23",20
"2020-04-25 09:49:17",20
"2020-04-25 10:49:05",20
"2020-04-25 11:49:15",20
"2020-04-25 12:49:11",20
"2020-04-25 13:49:32",20
"2020-04-25 14:49:17",20
"2020-04-25 15:49:23",20
"2020-04-25 16:49:30",20
"2020-04-25 17:49:25",20
"2020-04-25 18:49:10",20
"2020-04-25 19:49:23",20
"2020-04-25 20:49:13",20
"2020-04-25 21:49:11",20
"2020-04-25 22:49:18",20
"2020-04-25 23:49:20",20
"2020-04-26 00:49:16",20
"2020-04-26 01:49:41",20
"2020-04-26 02:49:37",20
"2020-04-26 03:49:49",20
"2020-04-26 04:49:08",20
"2020-04-26 05:49:53",20
"2020-04-26 06:49:26",20
"2020-04-26 07:49:19",20
"2020-04-26 08:49:15",20
"2020-04-26 09:49:14",20
"2020-04-26 10:49:06",20
"2020-04-26 11:49:20",20
"2020-04-26 12:49:15",20
"2020-04-26 13:49:03",20
"2020-04-26 14:49:09",20
"2020-04-26 15:49:20",20
"2020-04-26 16:49:17",20
"2020-04-26 17:49:15",20
"2020-04-26 18:49:13",20
"2020-04-26 19:49:04",20
"2020-04-26 20:49:10",20
"2020-04-26 21:49:25",20
"2020-04-26 22:49:37",20
"2020-04-26 23:50:01",20
"2020-04-27 00:49:58",20
"2020-04-27 01:49:57",20
"2020-04-27 02:49:45",20
"2020-04-27 03:49:48",20
"2020-04-27 04:49:51",20
"2020-04-27 05:49:24",20
"2020-04-27 06:49:20",20
"2020-04-27 07:49:08",20
"2020-04-27 08:49:21",20
"2020-04-27 09:49:22",20
"2020-04-27 10:49:23",20
"2020-04-27 11:48:59",20
"2020-04-27 12:49:13",20
"2020-04-27 13:50:00",20
"2020-04-27 14:49:25",21
"2020-04-27 15:49:17",21
"2020-04-27 16:49:01",21
"2020-04-27 17:49:18",21
"2020-04-27 18:49:11",21
"2020-04-27 19:49:10",21
"2020-04-27 20:49:10",21
"2020-04-27 21:49:26",21
"2020-04-27 22:49:08",21
"2020-04-27 23:49:41",21
"2020-04-28 00:50:24",21
"2020-04-28 01:49:21",21
"2020-04-28 02:49:58",21
"2020-04-28 03:49:54",21
"2020-04-28 04:49:45",21
"2020-04-28 05:49:15",21
"2020-04-28 06:49:11",21
"2020-04-28 07:49:53",21
"2020-04-28 08:49:40",21
"2020-04-28 09:49:19",21
"2020-04-28 10:49:01",21
"2020-04-28 11:49:18",21
"2020-04-28 12:49:21",21
"2020-04-28 13:49:15",21
"2020-04-28 14:49:59",21
"2020-04-28 15:49:47",21
"2020-04-28 16:49:07",21
"2020-04-28 17:49:13",21
"2020-04-28 18:49:12",21
"2020-04-28 19:49:11",21
"2020-04-28 20:49:14",21
"2020-04-28 21:49:21",21
"2020-04-28 22:49:03",21
"2020-04-28 23:49:30",21
"2020-04-29 00:50:02",21
"2020-04-29 01:50:02",21
"2020-04-29 02:49:53",21
"2020-04-29 03:49:11",21
"2020-04-29 04:49:17",21
"2020-04-29 05:49:05",21
"2020-04-29 06:49:22",21
"2020-04-29 07:49:20",21
"2020-04-29 08:49:16",21
"2020-04-29 09:49:41",21
"2020-04-29 10:49:18",21
"2020-04-29 11:48:59",21
"2020-04-29 13:11:30",21
"2020-04-29 13:49:21",21
"2020-04-29 14:49:05",22
"2020-04-29 15:49:03",22
"2020-04-29 16:49:21",21
"2020-04-29 17:49:24",21
"2020-04-29 18:49:55",21
"2020-04-29 19:49:59",21
"2020-04-29 20:49:14",21
"2020-04-29 21:49:49",21
"2020-04-29 22:49:57",21
"2020-04-29 23:49:30",21
"2020-04-30 00:49:55",21
"2020-04-30 01:50:01",21
"2020-04-30 02:50:43",21
"2020-04-30 03:50:31",21
"2020-04-30 04:49:41",21
"2020-04-30 05:49:32",21
"2020-04-30 06:49:19",21
"2020-04-30 07:49:17",21
"2020-04-30 08:49:21",21
"2020-04-30 09:49:13",21
"2020-04-30 10:49:01",21
"2020-04-30 11:49:39",21
"2020-04-30 12:49:13",21
"2020-04-30 13:49:11",21
"2020-04-30 14:49:39",21
"2020-04-30 15:49:14",21
"2020-04-30 16:49:10",23
"2020-04-30 17:53:03",23
"2020-04-30 18:49:29",23
"2020-04-30 20:49:15",23
"2020-04-30 21:49:20",23
"2020-04-30 22:49:26",23
"2020-04-30 23:49:18",23
"2020-05-01 00:50:01",23
"2020-05-01 01:49:53",23
"2020-05-01 02:49:17",23
"2020-05-01 03:49:06",23
"2020-05-01 04:49:23",23
"2020-05-01 05:49:29",23
"2020-05-01 06:49:23",23
"2020-05-01 07:49:24",23
"2020-05-01 08:49:15",23
"2020-05-01 09:49:19",23
"2020-05-01 10:49:12",23
"2020-05-01 11:49:11",23
"2020-05-01 13:12:34",23
"2020-05-01 13:50:06",23
"2020-05-01 14:49:08",25
"2020-05-01 15:49:07",25
"2020-05-01 16:49:08",25
"2020-05-01 17:49:08",25
"2020-05-01 18:49:07",25
"2020-05-01 19:49:23",25
"2020-05-01 20:49:18",25
"2020-05-01 21:49:42",25
"2020-05-01 22:49:10",25
"2020-05-01 23:49:09",25
"2020-05-02 00:49:11",25
"2020-05-02 01:49:34",25
"2020-05-02 02:49:23",25
"2020-05-02 03:49:41",25
"2020-05-02 04:49:17",25
"2020-05-02 05:49:35",25
"2020-05-02 06:49:18",25
"2020-05-02 07:49:25",25
"2020-05-02 08:49:22",25
"2020-05-02 09:49:16",25
"2020-05-02 10:49:05",25
"2020-05-02 11:49:19",25
"2020-05-02 12:49:04",25
"2020-05-02 13:49:20",25
"2020-05-02 14:49:18",25
"2020-05-02 15:49:28",25
"2020-05-02 16:49:18",25
"2020-05-02 17:49:15",25
"2020-05-02 18:49:27",25
"2020-05-02 19:49:20",25
"2020-05-02 20:49:37",25
"2020-05-02 21:49:19",25
"2020-05-02 22:49:03",25
"2020-05-02 23:49:46",25
"2020-05-03 00:49:18",25
"2020-05-03 01:49:50",25
"2020-05-03 02:49:45",25
"2020-05-03 03:49:45",25
"2020-05-03 04:49:29",25
"2020-05-03 05:49:11",25
"2020-05-03 06:49:13",25
"2020-05-03 07:49:23",25
"2020-05-03 08:49:17",25
"2020-05-03 09:50:04",25
"2020-05-03 10:49:20",25
"2020-05-03 11:49:18",25
"2020-05-03 12:49:15",25
"2020-05-03 13:49:18",25
"2020-05-03 14:49:26",25
"2020-05-03 15:49:20",25
"2020-05-03 16:49:50",25
"2020-05-03 17:49:59",25
"2020-05-03 18:49:07",25
"2020-05-03 19:50:28",25
"2020-05-03 20:49:53",25
"2020-05-03 21:49:42",25
"2020-05-03 22:49:52",25
"2020-05-03 23:49:54",25
"2020-05-04 00:49:48",25
"2020-05-04 01:49:50",25
"2020-05-04 02:49:51",25
"2020-05-04 03:49:53",25
"2020-05-04 04:49:15",25
"2020-05-04 05:49:16",25
"2020-05-04 06:49:28",25
"2020-05-04 09:35:22",25
"2020-05-04 10:52:39",25
"2020-05-04 11:00:22",25
"2020-05-04 11:07:58",25
"2020-05-04 11:49:30",25
"2020-05-04 13:11:40",25
"2020-05-04 13:49:14",25
"2020-05-04 14:49:25",25
"2020-05-04 15:49:15",26
"2020-05-04 16:49:18",25
"2020-05-04 17:49:15",25
"2020-05-04 18:50:05",25
"2020-05-04 19:49:52",25
"2020-05-04 20:49:47",25
"2020-05-04 21:49:49",25
"2020-05-04 22:49:07",25
"2020-05-04 23:49:12",25
"2020-05-05 00:49:07",25
"2020-05-05 01:49:41",25
"2020-05-05 02:49:05",25
"2020-05-05 03:49:59",25
"2020-05-05 04:49:17",25
"2020-05-05 05:49:17",25
"2020-05-05 06:49:20",25
"2020-05-05 07:49:30",25
"2020-05-05 08:49:44",25
"2020-05-05 09:49:05",25
"2020-05-05 10:49:05",25
"2020-05-05 11:49:40",25
"2020-05-05 12:49:27",25
"2020-05-05 13:49:19",25
"2020-05-05 14:49:18",25
"2020-05-05 15:49:14",25
"2020-05-05 16:49:25",25
"2020-05-05 17:49:12",25
"2020-05-05 18:49:05",25
"2020-05-05 19:49:57",25
"2020-05-05 20:49:25",25
"2020-05-05 21:49:01",25
"2020-05-05 22:49:04",25
"2020-05-05 23:49:52",25
"2020-05-06 00:49:21",25
"2020-05-06 01:49:23",25
"2020-05-06 02:49:13",25
"2020-05-06 03:49:03",25
"2020-05-06 04:49:23",25
"2020-05-06 05:49:16",25
"2020-05-06 06:49:05",25
"2020-05-06 17:49:51",26
"2020-05-06 18:49:57",26
"2020-05-06 19:49:08",26
"2020-05-06 20:49:47",26
"2020-05-06 21:49:48",26
"2020-05-06 22:49:57",26
"2020-05-06 23:50:00",26
"2020-05-07 00:49:21",26
"2020-05-07 01:49:28",26
"2020-05-07 02:49:01",26
"2020-05-07 03:49:21",26
"2020-05-07 04:49:26",26
"2020-05-07 05:49:09",26
"2020-05-07 06:49:19",26
"2020-05-07 08:49:24",26
"2020-05-07 09:49:15",26
"2020-05-07 10:49:43",26
"2020-05-07 11:49:24",26
"2020-05-07 12:49:22",26
"2020-05-07 13:49:31",26
"2020-05-07 14:49:43",26
"2020-05-07 15:49:14",26
"2020-05-07 16:49:25",26
"2020-05-07 17:49:14",26
"2020-05-07 18:49:04",26
"2020-05-07 19:50:12",26
"2020-05-07 20:49:03",26
"2020-05-07 21:49:01",26
"2020-05-07 22:49:01",26
"2020-05-07 23:49:22",26
"2020-05-08 00:49:13",26
"2020-05-08 01:49:02",26
"2020-05-08 02:49:11",26
"2020-05-08 03:49:21",26
"2020-05-08 04:49:06",26
"2020-05-08 05:49:06",26
"2020-05-08 06:49:07",26
"2020-05-08 07:49:17",26
"2020-05-08 08:49:31",26
"2020-05-08 09:49:16",26
"2020-05-08 10:49:13",26
"2020-05-08 11:49:21",26
"2020-05-08 13:11:34",26
"2020-05-08 13:49:31",26
"2020-05-08 14:49:18",26
"2020-05-08 15:49:19",26
"2020-05-08 16:49:52",26
"2020-05-08 17:49:54",26
"2020-05-08 18:49:22",26
"2020-05-08 19:49:09",26
"2020-05-08 20:49:22",26
"2020-05-08 21:49:16",26
"2020-05-08 22:49:26",26
"2020-05-08 23:49:18",26
"2020-05-09 00:49:12",26
"2020-05-09 01:49:29",26
"2020-05-09 02:49:19",26
"2020-05-09 03:50:06",26
"2020-05-09 04:49:14",26
"2020-05-09 05:49:22",26
"2020-05-09 06:49:32",26
"2020-05-09 07:49:10",26
"2020-05-09 08:49:34",26
"2020-05-09 09:49:18",26
"2020-05-09 10:49:18",26
"2020-05-09 11:49:06",26
"2020-05-09 12:49:10",26
"2020-05-09 13:49:15",26
"2020-05-09 14:49:08",26
"2020-05-09 15:49:18",26
"2020-05-09 16:49:06",26
"2020-05-09 17:49:18",26
"2020-05-09 18:49:20",26
"2020-05-09 19:49:14",26
"2020-05-09 20:49:09",26
"2020-05-09 21:49:28",26
"2020-05-09 22:49:21",26
"2020-05-09 23:49:11",26
"2020-05-10 00:49:47",26
"2020-05-10 01:49:11",26
"2020-05-10 02:49:58",26
"2020-05-10 03:49:24",26
"2020-05-10 04:49:27",26
"2020-05-10 05:49:36",26
"2020-05-10 06:49:17",26
"2020-05-10 07:49:30",26
"2020-05-10 08:49:19",26
"2020-05-10 09:49:23",26
"2020-05-10 10:49:22",26
"2020-05-10 11:49:29",26
"2020-05-10 12:49:15",26
"2020-05-10 13:49:26",26
"2020-05-10 14:49:07",26
"2020-05-10 15:49:19",26
"2020-05-10 16:49:14",26
"2020-05-10 17:49:12",26
"2020-05-10 18:49:24",26
"2020-05-10 19:49:15",26
"2020-05-10 20:49:31",26
"2020-05-10 21:49:16",26
"2020-05-10 22:49:19",26
"2020-05-10 23:49:21",26
"2020-05-11 00:49:22",26
"2020-05-11 01:49:07",26
"2020-05-11 02:49:21",26
"2020-05-11 03:50:02",26
"2020-05-11 04:49:19",26
"2020-05-11 05:49:16",26
"2020-05-11 06:49:21",26
"2020-05-11 07:49:31",26
"2020-05-11 08:49:40",26
"2020-05-11 09:49:16",26
"2020-05-11 10:49:18",26
"2020-05-11 11:49:08",26
"2020-05-11 13:10:34",26
"2020-05-11 13:49:34",26
"2020-05-11 14:49:26",27
"2020-05-11 15:49:59",27
"2020-05-11 16:49:25",28
"2020-05-11 17:49:27",28
"2020-05-11 18:49:23",28
"2020-05-11 19:49:11",29
"2020-05-11 20:49:14",29
"2020-05-11 21:49:18",29
"2020-05-11 22:49:02",29
"2020-05-11 23:49:31",29
"2020-05-12 00:49:21",29
"2020-05-12 01:49:23",29
"2020-05-12 02:49:15",29
"2020-05-12 03:49:07",29
"2020-05-12 04:49:16",29
"2020-05-12 05:49:11",29
"2020-05-12 06:49:27",29
"2020-05-12 07:49:15",29
"2020-05-12 08:49:14",29
"2020-05-12 09:50:37",29
"2020-05-12 10:49:26",29
"2020-05-12 11:49:06",29
"2020-05-12 13:16:33",29
"2020-05-12 17:49:08",32
"2020-05-12 18:49:10",32
"2020-05-12 19:49:45",32
"2020-05-12 20:49:46",32
"2020-05-12 21:49:30",32
"2020-05-12 22:49:09",32
"2020-05-12 23:49:08",32
"2020-05-13 00:49:44",32
"2020-05-13 01:49:22",32
"2020-05-13 02:49:55",32
"2020-05-13 03:49:47",32
"2020-05-13 06:49:14",32
"2020-05-13 07:49:40",32
"2020-05-13 08:49:39",32
"2020-05-13 09:49:06",32
"2020-05-13 10:49:14",32
"2020-05-13 11:49:08",32
"2020-05-13 12:49:09",32
"2020-05-13 13:49:32",32
"2020-05-13 14:49:09",32
"2020-05-13 15:49:19",32
"2020-05-13 16:49:43",32
"2020-05-13 17:49:12",32
"2020-05-13 18:49:34",32
"2020-05-13 19:49:15",32
"2020-05-13 20:49:10",32
"2020-05-13 21:49:10",32
"2020-05-13 22:49:17",32
"2020-05-13 23:49:23",32
"2020-05-14 00:49:45",32
"2020-05-14 01:49:17",32
"2020-05-14 02:49:10",32
"2020-05-14 03:49:21",32
"2020-05-14 04:49:11",32
"2020-05-14 05:49:16",32
"2020-05-14 06:49:29",32
"2020-05-14 07:49:14",32
"2020-05-14 08:49:29",32
"2020-05-14 09:49:08",32
"2020-05-14 10:49:20",32
"2020-05-14 11:49:27",32
"2020-05-14 12:49:18",32
"2020-05-14 13:49:24",32
"2020-05-14 14:49:20",31
"2020-05-14 15:49:15",31
"2020-05-14 16:49:03",31
"2020-05-14 17:49:07",31
"2020-05-14 18:49:33",31
"2020-05-14 19:49:29",31
"2020-05-14 20:49:08",31
"2020-05-14 21:49:16",31
"2020-05-14 22:49:35",31
"2020-05-14 23:49:24",31
"2020-05-15 00:49:41",31
"2020-05-15 01:49:40",31
"2020-05-15 02:49:49",31
"2020-05-15 03:49:50",31
"2020-05-15 04:49:51",31
"2020-05-15 05:49:17",31
"2020-05-15 06:49:41",31
"2020-05-15 07:49:07",31
"2020-05-15 08:49:22",31
"2020-05-15 09:49:28",31
"2020-05-15 10:49:09",31
"2020-05-15 11:49:15",31
"2020-05-15 12:49:12",31
"2020-05-15 13:49:21",31
"2020-05-15 14:49:07",31
"2020-05-15 15:49:16",31
"2020-05-15 16:49:06",31
"2020-05-15 17:49:30",31
"2020-05-15 18:49:09",31
"2020-05-15 19:49:24",31
"2020-05-15 20:49:18",31
"2020-05-15 21:49:21",31
"2020-05-15 22:49:06",31
"2020-05-15 23:49:04",31
"2020-05-16 00:49:41",31
"2020-05-16 01:49:30",31
"2020-05-16 02:50:06",31
"2020-05-16 03:49:31",31
"2020-05-16 04:49:16",31
"2020-05-16 05:49:14",31
"2020-05-16 06:49:54",31
"2020-05-16 07:49:50",31
"2020-05-16 08:49:15",31
"2020-05-16 09:49:28",31
"2020-05-16 10:49:10",31
"2020-05-16 11:49:06",31
"2020-05-16 12:49:22",31
"2020-05-16 13:49:16",31
"2020-05-16 14:49:08",31
"2020-05-16 15:49:20",31
"2020-05-16 16:49:14",31
"2020-05-16 17:49:10",31
"2020-05-16 18:49:16",31
"2020-05-16 19:49:12",31
"2020-05-16 20:49:20",31
"2020-05-16 21:49:18",31
"2020-05-16 22:49:21",31
"2020-05-16 23:49:20",31
"2020-05-17 00:49:37",31
"2020-05-17 01:49:27",31
"2020-05-18 10:05:53",31
"2020-05-18 10:07:21",31
"2020-05-18 10:07:52",31
"2020-05-18 10:08:24",31
"2020-05-18 10:08:43",31
"2020-05-18 10:18:19",31
"2020-05-18 10:18:23",31
"2020-05-18 10:18:31",31
"2020-05-18 10:20:33",31
"2020-05-18 10:27:25",31
"2020-05-18 10:27:26",31
"2020-05-18 10:27:45",31
"2020-05-18 10:28:18",31
"2020-05-18 10:29:10",31
"2020-05-18 10:32:12",31
"2020-05-18 10:37:58",31
"2020-05-18 10:40:52",31
"2020-05-18 10:41:35",31
"2020-05-18 10:43:09",31
"2020-05-18 10:44:30",31
"2020-05-18 11:01:01",31
"2020-05-18 11:05:33",31
"2020-05-18 11:15:13",31
"2020-05-18 11:20:36",31
"2020-05-18 11:23:49",31
"2020-05-18 11:30:03",31
"2020-05-18 11:32:44",31
"2020-05-18 11:34:04",31
"2020-05-18 11:38:37",31
"2020-05-18 11:39:46",31
"2020-05-18 11:48:13",31
"2020-05-18 11:55:49",31
"2020-05-18 12:03:26",31
"2020-05-18 12:11:04",31
"2020-05-18 13:11:03",31
"2020-05-18 13:49:24",31
"2020-05-18 14:49:15",30
"2020-05-18 15:50:00",29
"2020-05-18 16:50:14",29
"2020-05-18 17:49:15",29
"2020-05-18 18:49:52",29
"2020-05-18 19:49:46",29
"2020-05-18 20:49:22",29
"2020-05-18 21:49:50",29
"2020-05-18 22:49:59",29
"2020-05-18 23:50:02",29
"2020-05-19 01:49:10",29
"2020-05-19 02:49:32",29
"2020-05-19 03:49:27",29
"2020-05-19 04:49:17",29
"2020-05-19 05:49:24",29
"2020-05-19 06:49:23",29
"2020-05-19 07:49:25",29
"2020-05-19 08:49:40",29
"2020-05-19 09:50:11",29
"2020-05-19 10:49:22",29
"2020-05-19 11:49:40",29
"2020-05-19 13:11:36",29
"2020-05-19 13:49:26",29
"2020-05-19 14:49:15",29
"2020-05-19 15:49:11",30
"2020-05-19 16:49:24",30
"2020-05-19 17:49:13",30
"2020-05-19 18:49:24",30
"2020-05-19 19:49:21",30
"2020-05-19 20:49:27",30
"2020-05-19 21:49:29",30
"2020-05-19 22:49:46",30
"2020-05-19 23:49:19",30
"2020-05-20 00:49:55",30
"2020-05-20 01:50:05",30
"2020-05-20 02:49:56",30
"2020-05-20 03:49:57",30
"2020-05-20 04:49:30",30
"2020-05-20 05:49:20",30
"2020-05-20 06:49:16",30
"2020-05-20 07:49:36",30
"2020-05-20 08:49:15",30
"2020-05-20 09:49:24",30
"2020-05-20 10:49:13",30
"2020-05-20 11:49:14",30
"2020-05-20 12:49:10",30
"2020-05-20 13:49:25",30
"2020-05-20 14:49:15",31
"2020-05-20 15:50:07",31
"2020-05-20 16:49:15",31
"2020-05-20 17:49:56",31
"2020-05-20 18:49:23",31
"2020-05-20 19:49:22",31
"2020-05-20 20:49:12",31
"2020-05-20 21:49:27",31
"2020-05-20 22:49:06",31
"2020-05-20 23:49:17",31
"2020-05-21 00:49:55",31
"2020-05-21 01:49:10",31
"2020-05-21 02:49:23",31
"2020-05-21 03:49:22",31
"2020-05-21 04:49:14",31
"2020-05-21 05:49:19",31
"2020-05-21 06:49:21",31
"2020-05-21 07:49:27",31
"2020-05-21 08:49:27",31
"2020-05-21 09:49:11",31
"2020-05-21 10:49:20",31
"2020-05-21 11:49:23",31
"2020-05-21 12:49:19",31
"2020-05-21 13:49:25",31
"2020-05-21 14:49:24",31
"2020-05-21 15:49:13",31
"2020-05-21 16:49:38",31
"2020-05-21 17:49:28",31
"2020-05-21 18:49:24",30
"2020-05-21 19:49:12",30
"2020-05-21 20:49:24",30
"2020-05-21 21:49:26",30
"2020-05-21 22:49:29",30
"2020-05-21 23:49:55",30
"2020-05-22 00:50:57",30
"2020-05-22 01:49:23",30
"2020-05-22 02:49:24",30
"2020-05-22 03:50:01",30
"2020-05-22 04:49:26",30
"2020-05-22 05:49:31",30
"2020-05-22 06:49:17",30
"2020-05-22 07:49:23",30
"2020-05-22 08:49:41",30
"2020-05-22 09:49:27",30
"2020-05-22 10:49:22",30
"2020-05-22 11:49:18",30
"2020-05-22 12:49:24",30
"2020-05-22 13:49:33",30
"2020-05-22 14:49:16",30
"2020-05-22 15:49:17",31
"2020-05-22 16:49:21",30
"2020-05-22 17:49:21",30
"2020-05-22 18:49:54",30
"2020-05-22 19:49:19",30
"2020-05-22 20:49:10",30
"2020-05-22 21:49:12",30
"2020-05-22 22:49:19",30
"2020-05-22 23:49:12",30
"2020-05-23 00:49:25",30
"2020-05-23 01:49:14",30
"2020-05-23 02:49:33",30
"2020-05-23 03:49:24",30
"2020-05-23 04:49:38",30
"2020-05-23 05:49:22",30
"2020-05-23 06:49:35",30
"2020-05-23 07:49:35",30
"2020-05-23 08:49:34",30
"2020-05-23 09:49:26",30
"2020-05-23 10:49:16",30
"2020-05-23 11:49:37",30
"2020-05-23 12:49:21",30
"2020-05-23 13:49:28",30
"2020-05-23 14:49:23",30
"2020-05-23 15:49:13",30
"2020-05-23 16:49:33",30
"2020-05-23 17:49:25",30
"2020-05-23 18:49:36",30
"2020-05-23 19:49:18",30
"2020-05-23 20:49:10",30
"2020-05-23 21:49:12",30
"2020-05-23 22:49:21",30
"2020-05-23 23:49:19",30
"2020-05-24 00:49:32",30
"2020-05-24 01:49:35",30
"2020-05-24 02:49:13",30
"2020-05-24 03:49:21",30
"2020-05-24 04:49:22",30
"2020-05-24 05:49:13",30
"2020-05-24 06:49:17",30
"2020-05-24 07:49:16",30
"2020-05-24 08:49:27",30
"2020-05-24 09:49:12",30
"2020-05-24 10:49:33",30
"2020-05-24 11:49:26",30
"2020-05-24 12:49:20",30
"2020-05-24 13:49:30",30
"2020-05-24 14:49:24",30
"2020-05-24 15:49:09",30
"2020-05-24 16:49:32",30
"2020-05-24 17:49:27",30
"2020-05-24 18:49:31",30
"2020-05-24 19:49:25",30
"2020-05-24 20:49:24",30
"2020-05-24 21:49:41",30
"2020-05-24 22:49:29",30
"2020-05-24 23:49:11",30
"2020-05-25 00:49:16",30
"2020-05-25 01:49:41",30
"2020-05-25 02:49:27",30
"2020-05-25 03:49:47",30
"2020-05-25 04:49:20",30
"2020-05-25 06:50:46",30
"2020-05-25 07:49:27",30
"2020-05-25 08:49:36",30
"2020-05-25 09:49:24",30
"2020-05-25 10:49:20",30
"2020-05-25 11:49:36",30
"2020-05-25 12:49:21",30
"2020-05-25 13:49:12",30
"2020-05-25 14:49:33",30
"2020-05-25 15:49:20",30
"2020-05-25 16:49:07",30
"2020-05-25 17:49:21",30
"2020-05-25 18:49:21",30
"2020-05-25 19:49:28",30
"2020-05-25 20:49:27",30
"2020-05-25 21:49:10",30
"2020-05-25 22:49:08",30
"2020-05-25 23:49:10",30
"2020-05-26 00:49:25",30
"2020-05-26 01:49:11",30
"2020-05-26 02:49:08",30
"2020-05-26 03:49:26",30
"2020-05-26 04:49:32",30
"2020-05-26 05:49:17",30
"2020-05-26 06:49:23",30
"2020-05-26 07:49:29",30
"2020-05-26 08:49:31",30
"2020-05-26 09:49:21",30
"2020-05-26 10:49:18",30
"2020-05-26 11:49:26",30
"2020-05-26 12:49:18",30
"2020-05-26 13:49:27",30
"2020-05-26 14:49:21",30
"2020-05-26 15:49:17",30
"2020-05-26 16:49:14",31
"2020-05-26 17:49:22",31
"2020-05-26 18:49:10",31
"2020-05-26 19:49:14",33
"2020-05-26 20:49:23",32
"2020-05-26 21:49:39",32
"2020-05-26 22:49:13",32
"2020-05-26 23:49:15",32
"2020-05-27 00:50:10",32
"2020-05-27 01:49:12",32
"2020-05-27 02:49:15",32
"2020-05-27 03:49:20",32
"2020-05-27 04:49:19",32
"2020-05-27 05:49:15",32
"2020-05-27 06:49:25",32
"2020-05-27 07:49:22",32
"2020-05-27 08:49:14",32
"2020-05-27 09:49:09",32
"2020-05-27 10:49:13",32
"2020-05-27 11:49:06",32
"2020-05-27 13:12:06",32
"2020-05-27 13:49:37",32
"2020-05-27 14:49:22",32
"2020-05-27 15:49:11",32
"2020-05-27 16:49:13",33
"2020-05-27 17:49:10",34
"2020-05-27 18:49:09",34
"2020-05-27 19:49:25",34
"2020-05-27 20:49:19",34
"2020-05-27 21:49:14",34
"2020-05-27 22:49:16",34
"2020-05-27 23:49:12",34
"2020-05-28 00:49:24",34
"2020-05-28 01:49:31",34
"2020-05-28 02:49:15",34
"2020-05-28 03:49:17",34
"2020-05-28 04:49:16",34
"2020-05-28 05:49:10",34
"2020-05-28 06:49:17",34
"2020-05-28 07:49:32",34
"2020-05-28 08:49:25",34
"2020-05-28 09:49:12",34
"2020-05-28 10:49:29",34
"2020-05-28 11:49:35",34
"2020-05-28 13:12:40",33
"2020-05-28 13:49:24",33
"2020-05-28 14:49:30",33
"2020-05-28 15:49:23",33
"2020-05-28 16:49:40",33
"2020-05-28 17:49:20",33
"2020-05-28 18:49:19",33
"2020-05-28 19:49:15",33
"2020-05-28 20:49:37",33
"2020-05-28 21:49:41",33
"2020-05-28 22:49:17",33
"2020-05-28 23:49:40",33
"2020-05-29 00:49:24",33
"2020-05-29 01:49:25",33
"2020-05-29 02:50:04",33
"2020-05-29 03:49:19",33
"2020-05-29 04:49:27",33
"2020-05-29 05:49:38",33
"2020-05-29 06:49:38",33
"2020-05-29 07:49:46",33
"2020-05-29 08:49:34",33
"2020-05-29 09:55:05",33
"2020-05-29 10:49:28",33
"2020-05-29 11:49:23",33
"2020-05-29 12:50:00",33
"2020-05-29 13:49:38",33
"2020-05-29 14:49:24",35
"2020-05-29 15:49:21",35
"2020-05-29 16:49:11",35
"2020-05-29 17:49:28",36
"2020-05-29 18:49:29",36
"2020-05-29 19:49:22",36
"2020-05-29 20:49:40",36
"2020-05-29 21:49:18",36
"2020-05-29 22:49:22",36
"2020-05-29 23:49:36",36
"2020-05-30 00:49:16",36
"2020-05-30 01:49:11",36
"2020-05-30 02:49:21",36
"2020-05-30 03:49:24",36
"2020-05-30 04:49:18",36
"2020-05-30 05:49:25",36
"2020-05-30 06:49:28",36
"2020-05-30 07:49:57",36
"2020-05-30 09:31:15",36
"2020-05-30 09:49:17",36
"2020-05-30 10:49:27",36
"2020-05-30 11:49:25",36
"2020-05-30 12:49:22",36
"2020-05-30 13:49:21",36
"2020-05-30 14:49:13",36
"2020-05-30 15:49:16",36
"2020-05-30 16:49:41",36
"2020-05-30 17:49:24",36
"2020-05-30 18:49:20",36
"2020-05-30 19:49:31",36
"2020-05-30 20:49:18",36
"2020-05-30 21:49:31",36
"2020-05-30 22:49:20",36
"2020-05-30 23:49:31",36
"2020-05-31 00:49:30",36
"2020-05-31 01:49:33",36
"2020-05-31 02:49:26",36
"2020-05-31 03:49:26",36
"2020-05-31 04:49:18",36
"2020-05-31 05:49:30",36
"2020-05-31 06:49:28",36
"2020-05-31 07:49:31",36
"2020-05-31 09:33:10",36
"2020-05-31 09:49:21",36
"2020-05-31 13:15:11",36
"2020-05-31 13:24:19",36
"2020-05-31 13:25:47",36
"2020-06-01 05:26:04",36
"2020-06-01 05:41:43",36
"2020-06-01 05:41:46",36
"2020-06-01 05:42:30",36
"2020-06-01 05:56:15",36
"2020-06-01 06:06:37",36
"2020-06-01 06:07:23",36
"2020-06-01 06:11:33",36
"2020-06-01 06:16:59",36
"2020-06-01 06:21:01",36
"2020-06-01 06:23:08",36
"2020-06-01 06:24:17",36
"2020-06-01 06:30:49",36
"2020-06-01 06:33:02",36
"2020-06-01 06:34:47",36
"2020-06-01 06:41:40",36
"2020-06-01 06:49:16",36
"2020-06-01 06:56:52",36
"2020-06-01 07:49:24",36
"2020-06-01 08:49:39",36
"2020-06-01 09:49:43",36
"2020-06-01 10:49:17",36
"2020-06-01 11:49:21",36
"2020-06-01 13:10:41",36
"2020-06-01 13:50:22",36
"2020-06-01 14:49:28",36
"2020-06-01 15:49:23",36
"2020-06-01 16:50:07",36
"2020-06-01 17:50:00",36
"2020-06-01 18:49:56",36
"2020-06-01 19:49:30",37
"2020-06-01 20:49:27",37
"2020-06-01 21:49:21",37
"2020-06-01 22:49:14",37
"2020-06-01 23:49:27",37
"2020-06-02 00:49:28",37
"2020-06-02 01:49:14",37
"2020-06-02 02:49:14",37
"2020-06-02 03:49:23",37
"2020-06-02 04:49:20",37
"2020-06-02 05:49:24",37
"2020-06-02 06:49:36",37
"2020-06-02 07:49:28",37
"2020-06-02 08:49:37",37
"2020-06-02 09:49:19",37
"2020-06-02 10:49:34",37
"2020-06-02 11:49:22",37
"2020-06-02 12:49:32",37
"2020-06-02 13:49:35",37
"2020-06-02 14:50:10",37
"2020-06-02 15:50:04",38
"2020-06-02 16:49:22",40
"2020-06-02 17:50:03",40
"2020-06-02 18:49:16",40
"2020-06-02 19:49:44",40
"2020-06-02 20:50:06",40
"2020-06-02 21:49:12",40
"2020-06-02 22:49:28",40
"2020-06-02 23:49:13",40
"2020-06-03 00:49:37",40
"2020-06-03 01:50:08",40
"2020-06-03 02:49:11",40
"2020-06-03 03:49:53",40
"2020-06-03 04:49:47",40
"2020-06-03 05:49:12",40
"2020-06-03 06:49:22",40
"2020-06-03 07:49:59",40
"2020-06-03 09:25:32",40
"2020-06-03 09:49:25",40
"2020-06-03 10:49:23",40
"2020-06-03 11:49:26",40
"2020-06-03 13:14:13",40
"2020-06-03 13:49:26",40
"2020-06-03 14:49:16",40
"2020-06-03 15:50:08",40
"2020-06-03 16:49:58",40
"2020-06-03 17:49:57",40
"2020-06-03 18:50:18",41
"2020-06-03 19:49:48",41
"2020-06-03 20:49:23",41
"2020-06-03 21:49:21",41
"2020-06-03 22:49:21",41
"2020-06-03 23:49:12",41
"2020-06-04 00:49:59",41
"2020-06-04 01:49:34",41
"2020-06-04 02:49:22",41
"2020-06-04 03:49:30",41
"2020-06-04 04:49:29",41
"2020-06-04 05:49:23",41
"2020-06-04 06:49:23",41
"2020-06-04 07:49:37",41
"2020-06-04 08:49:46",41
"2020-06-04 09:49:32",41
"2020-06-04 10:49:20",41
"2020-06-04 11:49:35",41
"2020-06-04 12:49:19",41
"2020-06-04 13:50:07",41
"2020-06-04 14:50:31",39
"2020-06-04 15:50:09",38
"2020-06-04 17:12:45",37
"2020-06-04 17:49:33",37
"2020-06-04 18:49:56",37
"2020-06-04 19:49:21",37
"2020-06-04 20:50:06",37
"2020-06-04 21:50:01",37
"2020-06-04 22:49:22",37
"2020-06-04 23:49:26",37
"2020-06-05 00:49:34",37
"2020-06-05 01:49:19",37
"2020-06-05 02:49:15",37
"2020-06-05 03:49:22",37
"2020-06-05 04:49:31",37
"2020-06-05 05:49:32",37
"2020-06-05 06:49:27",37
"2020-06-05 07:49:28",37
"2020-06-05 09:29:14",37
"2020-06-05 09:49:16",37
"2020-06-05 10:49:18",37
"2020-06-05 11:49:21",37
"2020-06-05 13:15:14",37
"2020-06-05 13:49:57",37
"2020-06-05 14:49:28",38
"2020-06-05 15:49:31",38
"2020-06-05 16:50:16",38
"2020-06-05 17:49:30",38
"2020-06-05 18:49:33",38
"2020-06-05 19:49:31",38
"2020-06-05 20:50:11",38
"2020-06-05 21:49:31",38
"2020-06-05 22:49:30",38
"2020-06-05 23:49:33",38
"2020-06-06 00:49:37",38
"2020-06-06 01:49:19",38
"2020-06-06 02:49:25",38
"2020-06-06 03:49:37",38
"2020-06-06 04:49:36",38
"2020-06-06 05:49:42",38
"2020-06-06 06:49:31",38
"2020-06-06 07:50:25",38
"2020-06-06 08:49:38",38
"2020-06-06 09:58:28",38
"2020-06-06 10:49:21",38
"2020-06-06 11:49:29",38
"2020-06-06 12:49:34",38
"2020-06-06 13:49:20",38
"2020-06-06 14:50:14",38
"2020-06-06 15:49:28",38
"2020-06-06 16:50:02",38
"2020-06-06 18:49:29",38
"2020-06-06 19:49:17",38
"2020-06-06 20:49:26",38
"2020-06-06 21:49:25",38
"2020-06-06 22:49:26",38
"2020-06-06 23:49:39",38
"2020-06-07 00:49:45",38
"2020-06-07 01:49:24",38
"2020-06-07 02:49:28",38
"2020-06-07 03:49:29",38
"2020-06-07 04:49:29",38
"2020-06-07 05:49:30",38
"2020-06-07 06:49:27",38
"2020-06-07 07:49:36",38
"2020-06-07 08:49:36",38
"2020-06-08 04:49:19",38
"2020-06-08 05:49:14",38
"2020-06-08 06:49:46",38
"2020-06-08 07:49:10",38
"2020-06-08 08:49:30",38
"2020-06-08 09:49:22",38
"2020-06-08 10:49:20",38
"2020-06-08 11:49:25",38
"2020-06-08 12:50:14",38
"2020-06-08 13:49:30",38
"2020-06-08 14:50:26",38
"2020-06-08 15:49:24",38
"2020-06-08 16:49:47",38
"2020-06-08 17:49:45",38
"2020-06-08 18:50:21",38
"2020-06-08 19:50:20",38
"2020-06-08 20:49:54",38
"2020-06-08 21:49:39",38
"2020-06-08 22:49:38",38
"2020-06-08 23:49:33",38
"2020-06-09 00:49:38",38
"2020-06-09 01:49:50",38
"2020-06-09 02:49:52",38
"2020-06-09 03:49:23",38
"2020-06-09 04:50:13",38
"2020-06-09 05:50:22",38
"2020-06-09 06:50:29",38
"2020-06-09 07:49:52",38
"2020-06-09 08:50:45",38
"2020-06-09 09:49:59",38
"2020-06-09 10:49:50",38
"2020-06-09 11:49:46",38
"2020-06-09 12:50:24",38
"2020-06-09 13:50:19",38
"2020-06-09 14:49:56",38
"2020-06-09 15:50:17",38
"2020-06-09 16:50:20",38
"2020-06-09 17:49:38",38
"2020-06-09 18:50:40",38
"2020-06-09 19:50:48",38
"2020-06-09 20:50:48",38
"2020-06-09 21:50:07",37
"2020-06-09 22:50:18",37
"2020-06-09 23:50:20",37
"2020-06-10 00:50:26",37
"2020-06-10 01:50:03",37
"2020-06-10 02:50:16",37
"2020-06-10 03:50:22",37
"2020-06-10 04:50:00",37
"2020-06-10 05:50:16",37
"2020-06-10 06:49:50",37
"2020-06-10 07:49:22",37
"2020-06-10 08:49:39",37
"2020-06-10 09:49:22",37
"2020-06-10 10:49:25",37
"2020-06-10 11:49:37",37
"2020-06-10 12:49:53",37
"2020-06-10 13:50:26",37
"2020-06-10 15:49:44",38
"2020-06-10 16:49:51",38
"2020-06-10 17:49:50",38
"2020-06-10 18:49:52",38
"2020-06-10 19:49:46",38
"2020-06-10 20:49:34",38
"2020-06-10 21:50:05",38
"2020-06-10 22:49:26",38
"2020-06-10 23:50:08",38
"2020-06-11 00:51:29",38
"2020-06-11 01:49:30",38
"2020-06-11 02:50:37",38
"2020-06-11 03:50:40",38
"2020-06-11 04:49:46",38
"2020-06-11 05:50:38",38
"2020-06-11 06:49:56",38
"2020-06-11 07:50:22",38
"2020-06-11 08:49:40",38
"2020-06-11 09:49:47",38
"2020-06-11 10:49:44",38
"2020-06-11 11:49:27",38
"2020-06-11 12:49:51",38
"2020-06-11 13:50:32",38
"2020-06-11 14:49:49",36
"2020-06-11 15:50:19",37
"2020-06-11 16:50:54",37
"2020-06-11 17:50:03",38
"2020-06-11 18:50:17",38
"2020-06-11 19:50:06",38
"2020-06-11 20:49:33",38
"2020-06-11 21:49:23",38
"2020-06-11 22:49:19",38
"2020-06-11 23:49:16",38
"2020-06-12 00:49:32",38
"2020-06-12 01:49:35",38
"2020-06-12 02:49:32",38
"2020-06-12 03:49:33",38
"2020-06-12 04:49:29",38
"2020-06-12 05:49:22",38
"2020-06-12 06:49:42",38
"2020-06-12 07:49:36",38
"2020-06-12 08:49:26",38
"2020-06-12 09:49:42",38
"2020-06-12 10:49:45",38
"2020-06-12 11:49:32",38
"2020-06-12 14:14:49",38
"2020-06-12 14:22:46",38
"2020-06-12 14:50:11",38
"2020-06-12 15:49:32",38
"2020-06-12 16:49:44",37
"2020-06-12 17:49:50",36
"2020-06-12 18:49:39",36
"2020-06-12 19:50:05",36
"2020-06-12 20:50:02",36
"2020-06-12 21:49:49",36
"2020-06-12 22:49:21",36
"2020-06-12 23:49:24",36
"2020-06-13 00:49:17",36
"2020-06-13 01:49:22",36
"2020-06-13 02:49:25",36
"2020-06-13 03:49:24",36
"2020-06-13 04:49:26",36
"2020-06-13 05:49:18",36
"2020-06-13 06:49:28",36
"2020-06-13 07:49:30",36
"2020-06-13 08:49:18",36
"2020-06-13 09:49:23",36
"2020-06-13 10:49:22",36
"2020-06-13 11:49:18",36
"2020-06-13 12:49:17",36
"2020-06-13 13:49:15",36
"2020-06-13 14:49:25",36
"2020-06-13 15:49:22",36
"2020-06-13 16:49:41",36
"2020-06-13 17:49:24",36
"2020-06-13 18:49:27",36
"2020-06-13 19:49:18",36
"2020-06-13 20:49:24",36
"2020-06-13 21:49:35",36
"2020-06-13 22:49:32",36
"2020-06-13 23:49:32",36
"2020-06-14 00:49:28",36
"2020-06-14 01:49:18",36
"2020-06-14 02:49:29",36
"2020-06-14 03:49:36",36
"2020-06-14 04:49:11",36
"2020-06-14 05:49:49",36
"2020-06-14 06:49:26",36
"2020-06-14 07:49:26",36
"2020-06-14 08:49:21",36
"2020-06-14 09:49:23",36
"2020-06-14 10:49:26",36
"2020-06-14 11:49:15",36
"2020-06-14 12:49:22",36
"2020-06-14 13:49:24",36
"2020-06-14 14:49:45",36
"2020-06-14 15:49:43",36
"2020-06-14 16:49:21",36
"2020-06-14 17:49:27",36
"2020-06-14 18:49:36",36
"2020-06-14 19:49:27",36
"2020-06-14 20:49:29",36
"2020-06-14 21:49:40",36
"2020-06-14 22:49:22",36
"2020-06-14 23:49:28",36
"2020-06-15 00:49:51",36
"2020-06-15 01:49:38",36
"2020-06-15 02:49:32",36
"2020-06-15 03:49:30",36
"2020-06-15 04:49:51",36
"2020-06-15 05:50:05",36
"2020-06-15 06:49:27",36
"2020-06-15 07:49:25",36
"2020-06-15 08:50:13",36
"2020-06-15 09:49:31",36
"2020-06-15 10:49:18",36
"2020-06-15 11:49:21",36
"2020-06-15 12:49:34",36
"2020-06-15 13:50:33",36
"2020-06-15 14:50:19",39
"2020-06-15 15:49:40",38
"2020-06-15 16:50:01",38
"2020-06-15 17:49:43",38
"2020-06-15 18:45:44",38
"2020-06-15 18:53:22",38
"2020-06-15 19:01:03",38
"2020-06-15 19:08:44",38
"2020-06-15 19:16:35",38
"2020-06-15 19:24:18",38
"2020-06-15 19:32:00",38
"2020-06-15 19:39:39",38
"2020-06-15 19:47:18",38
"2020-06-15 19:55:00",38
"2020-06-15 20:02:49",38
"2020-06-15 20:15:30",38
"2020-06-15 20:23:08",38
"2020-06-15 20:30:48",38
"2020-06-15 20:38:25",38
"2020-06-15 20:46:03",38
"2020-06-15 20:53:42",38
"2020-06-15 21:01:24",38
"2020-06-15 21:09:06",38
"2020-06-15 21:16:45",38
"2020-06-15 21:24:22",38
"2020-06-15 21:31:59",38
"2020-06-15 21:39:36",38
"2020-06-15 21:47:14",38
"2020-06-15 21:54:54",38
"2020-06-15 22:49:29",38
"2020-06-15 23:49:19",38
"2020-06-16 00:49:26",38
"2020-06-16 01:49:18",38
"2020-06-16 02:50:19",38
"2020-06-16 03:49:24",38
"2020-06-16 04:49:17",38
"2020-06-16 05:49:25",38
"2020-06-16 06:50:17",38
"2020-06-16 07:50:03",38
"2020-06-16 08:49:21",38
"2020-06-16 09:49:18",38
"2020-06-16 10:49:27",38
"2020-06-16 11:49:18",38
"2020-06-16 12:49:33",38
"2020-06-16 13:49:32",38
"2020-06-16 14:50:01",38
"2020-06-16 15:49:34",38
"2020-06-16 16:49:32",38
"2020-06-16 17:50:22",38
"2020-06-16 18:49:30",38
"2020-06-16 19:49:35",38
"2020-06-16 20:49:37",38
"2020-06-16 21:49:25",38
"2020-06-16 22:49:12",38
"2020-06-16 23:49:14",38
"2020-06-17 00:49:25",38
"2020-06-17 01:49:55",38
"2020-06-17 02:49:33",38
"2020-06-17 03:50:08",38
"2020-06-17 04:49:33",38
"2020-06-17 05:49:27",38
"2020-06-17 06:49:54",38
"2020-06-17 07:49:24",38
"2020-06-17 08:49:23",38
"2020-06-17 09:49:15",38
"2020-06-17 10:49:13",38
"2020-06-17 11:49:28",38
"2020-06-17 12:49:30",38
"2020-06-17 13:49:41",38
"2020-06-17 14:49:28",39
"2020-06-17 15:49:30",39
"2020-06-17 16:49:38",39
"2020-06-17 17:49:36",39
"2020-06-17 18:49:53",39
"2020-06-17 19:50:08",39
"2020-06-17 20:50:11",40
"2020-06-17 21:49:51",40
"2020-06-17 22:49:26",40
"2020-06-17 23:49:29",40
"2020-06-18 00:49:17",40
"2020-06-18 01:49:29",40
"2020-06-18 02:49:14",40
"2020-06-18 03:49:43",40
"2020-06-18 04:49:27",40
"2020-06-18 05:49:14",40
"2020-06-18 06:49:28",40
"2020-06-18 07:49:48",40
"2020-06-18 08:49:27",40
"2020-06-18 09:49:22",40
"2020-06-18 10:49:15",40
"2020-06-18 11:49:46",40
"2020-06-18 12:49:31",40
"2020-06-18 13:49:56",40
"2020-06-18 14:49:55",40
"2020-06-18 17:11:22",40
"2020-06-18 17:49:25",40
"2020-06-18 18:49:48",40
"2020-06-18 19:49:47",40
"2020-06-18 20:49:36",42
"2020-06-18 21:49:52",42
"2020-06-18 22:49:26",42
"2020-06-18 23:49:33",42
"2020-06-19 00:50:01",42
"2020-06-19 01:49:28",42
"2020-06-19 02:49:22",42
"2020-06-19 03:50:07",42
"2020-06-19 04:51:58",42
"2020-06-19 05:49:24",42
"2020-06-19 06:49:21",42
"2020-06-19 07:49:56",42
"2020-06-19 08:50:16",42
"2020-06-19 09:49:57",42
"2020-06-19 10:49:25",42
"2020-06-19 11:49:28",42
"2020-06-19 13:12:43",42
"2020-06-19 13:50:17",42
"2020-06-19 14:49:33",42
"2020-06-19 15:49:40",42
"2020-06-19 16:49:25",42
"2020-06-19 17:50:00",42
"2020-06-19 18:49:26",42
"2020-06-19 19:49:32",43
"2020-06-19 20:49:30",43
"2020-06-19 21:49:27",43
"2020-06-19 22:49:33",43
"2020-06-19 23:49:54",43
"2020-06-20 00:49:32",43
"2020-06-20 01:49:48",43
"2020-06-20 02:49:38",43
"2020-06-20 03:49:21",43
"2020-06-20 04:49:10",43
"2020-06-20 05:49:25",43
"2020-06-20 06:49:20",43
"2020-06-20 07:49:27",43
"2020-06-20 08:49:25",43
"2020-06-20 09:49:25",43
"2020-06-20 10:49:23",43
"2020-06-20 11:49:29",43
"2020-06-20 12:49:27",43
"2020-06-20 13:49:30",43
"2020-06-20 14:49:27",43
"2020-06-20 15:49:14",43
"2020-06-20 16:50:00",43
"2020-06-20 17:49:20",43
"2020-06-20 18:49:21",43
"2020-06-20 19:49:46",43
"2020-06-20 20:49:25",43
"2020-06-20 21:49:28",43
"2020-06-20 22:49:36",43
"2020-06-20 23:49:36",43
"2020-06-21 00:49:35",43
"2020-06-21 01:49:25",43
"2020-06-21 02:49:28",43
"2020-06-21 03:50:07",43
"2020-06-21 04:49:24",43
"2020-06-21 05:50:08",43
"2020-06-21 06:49:27",43
"2020-06-21 07:49:26",43
"2020-06-21 08:49:17",43
"2020-06-21 09:49:16",43
"2020-06-21 10:49:11",43
"2020-06-21 11:49:26",43
"2020-06-21 12:49:37",43
"2020-06-21 13:49:35",43
"2020-06-21 14:50:15",43
"2020-06-21 15:49:26",43
"2020-06-21 16:49:16",43
"2020-06-21 17:49:19",43
"2020-06-21 18:49:28",43
"2020-06-21 19:49:30",43
"2020-06-21 20:49:27",43
"2020-06-21 21:49:32",43
"2020-06-21 22:50:01",43
"2020-06-21 23:49:38",43
"2020-06-22 00:49:18",43
"2020-06-22 01:50:04",43
"2020-06-22 02:49:33",43
"2020-06-22 03:49:24",43
"2020-06-22 04:49:33",43
"2020-06-22 05:50:05",43
"2020-06-22 06:49:29",43
"2020-06-22 07:49:15",43
"2020-06-22 08:49:34",43
"2020-06-22 09:49:31",43
"2020-06-22 10:49:58",43
"2020-06-22 11:49:22",43
"2020-06-22 12:49:32",43
"2020-06-22 13:49:34",43
"2020-06-22 14:49:37",45
"2020-06-22 15:50:01",45
"2020-06-22 16:49:36",44
"2020-06-22 17:51:10",44
"2020-06-22 18:49:25",44
"2020-06-22 20:49:22",44
"2020-06-22 21:50:40",44
"2020-06-22 22:49:16",44
"2020-06-22 23:49:26",44
"2020-06-23 00:49:20",44
"2020-06-23 01:49:27",44
"2020-06-23 02:49:41",44
"2020-06-23 03:49:40",44
"2020-06-23 04:49:53",44
"2020-06-23 05:49:48",44
"2020-06-23 06:49:20",44
"2020-06-23 07:49:39",44
"2020-06-23 08:50:34",44
"2020-06-23 09:49:23",44
"2020-06-23 10:49:38",44
"2020-06-23 11:49:31",44
"2020-06-23 12:49:37",44
"2020-06-23 13:49:47",44
"2020-06-23 14:49:36",44
"2020-06-23 15:49:50",45
"2020-06-23 16:49:33",46
"2020-06-23 17:49:43",47
"2020-06-23 18:50:03",47
"2020-06-23 19:49:19",47
"2020-06-23 20:49:34",47
"2020-06-23 21:49:22",47
"2020-06-23 22:49:58",47
"2020-06-23 23:50:07",47
"2020-06-24 00:50:06",47
"2020-06-24 01:50:01",47
"2020-06-24 02:50:20",47
"2020-06-24 03:49:25",47
"2020-06-24 04:49:57",47
"2020-06-24 05:50:11",47
"2020-06-24 06:49:38",47
"2020-06-24 07:49:26",47
"2020-06-24 08:50:01",47
"2020-06-24 09:49:36",47
"2020-06-24 10:49:41",47
"2020-06-24 11:49:21",47
"2020-06-24 12:49:30",47
"2020-06-24 13:49:36",47
"2020-06-24 14:49:28",47
"2020-06-24 15:49:24",46
"2020-06-24 16:49:44",46
"2020-06-24 17:50:00",46
"2020-06-24 18:49:58",46
"2020-06-24 19:50:03",47
"2020-06-24 20:49:30",47
"2020-06-24 21:49:42",47
"2020-06-24 22:49:42",47
"2020-06-24 23:49:30",47
"2020-06-25 00:49:53",47
"2020-06-25 01:49:31",47
"2020-06-25 02:49:16",47
"2020-06-25 03:49:24",47
"2020-06-25 04:49:31",47
"2020-06-25 05:49:29",47
"2020-06-25 06:49:39",47
"2020-06-25 07:49:39",47
"2020-06-25 08:49:41",47
"2020-06-25 09:50:04",47
"2020-06-25 10:49:22",47
"2020-06-25 11:50:25",47
"2020-06-25 13:11:47",47
"2020-06-25 13:50:01",47
"2020-06-25 14:50:39",48
"2020-06-25 15:50:17",48
"2020-06-25 16:50:09",48
"2020-06-25 17:50:16",48
"2020-06-25 18:49:44",48
"2020-06-25 19:49:40",48
"2020-06-25 20:49:30",47
"2020-06-25 21:50:05",47
"2020-06-25 22:50:13",47
"2020-06-25 23:49:25",47
"2020-06-26 00:50:20",47
"2020-06-26 01:49:41",47
"2020-06-26 02:49:43",47
"2020-06-26 03:50:02",47
"2020-06-26 04:49:22",47
"2020-06-26 05:49:37",47
"2020-06-26 06:49:41",47
"2020-06-26 07:49:56",47
"2020-06-26 08:49:50",47
"2020-06-26 09:49:36",47
"2020-06-26 10:49:26",47
"2020-06-26 11:49:33",47
"2020-06-26 12:49:41",47
"2020-06-26 13:50:38",47
"2020-06-26 14:49:43",49
"2020-06-26 15:49:31",49
"2020-06-26 16:49:44",49
"2020-06-26 17:49:31",49
"2020-06-26 18:49:42",49
"2020-06-26 19:49:45",49
"2020-06-26 20:49:28",49
"2020-06-26 21:49:33",49
"2020-06-26 22:50:05",49
"2020-06-26 23:49:24",49
"2020-06-27 00:50:36",49
"2020-06-27 01:50:01",49
"2020-06-27 02:49:59",49
"2020-06-27 03:49:57",49
"2020-06-27 04:50:10",49
"2020-06-27 05:49:20",49
"2020-06-27 06:49:32",49
"2020-06-27 07:49:33",49
"2020-06-27 08:49:28",49
"2020-06-27 09:49:27",49
"2020-06-27 10:49:32",49
"2020-06-27 11:49:18",49
"2020-06-27 12:49:46",49
"2020-06-27 13:49:36",49
"2020-06-27 14:49:16",49
"2020-06-27 15:50:07",49
"2020-06-27 16:49:33",49
"2020-06-27 17:49:29",49
"2020-06-27 18:49:27",49
"2020-06-27 19:49:30",49
"2020-06-27 20:49:21",49
"2020-06-27 21:49:26",49
"2020-06-27 22:49:32",49
"2020-06-27 23:49:22",49
"2020-06-28 00:49:43",49
"2020-06-28 01:49:21",49
"2020-06-28 02:49:36",49
"2020-06-28 03:49:21",49
"2020-06-28 04:49:20",49
"2020-06-28 05:49:29",49
"2020-06-28 06:49:29",49
"2020-06-28 07:49:49",49
"2020-06-28 08:49:41",49
"2020-06-28 09:49:26",49
"2020-06-28 10:49:28",49
"2020-06-28 11:49:20",49
"2020-06-28 12:49:32",49
"2020-06-28 13:49:32",49
"2020-06-28 14:49:22",49
"2020-06-28 15:49:37",49
"2020-06-28 16:49:30",49
"2020-06-28 17:49:29",49
"2020-06-28 18:49:39",49
"2020-06-28 19:49:35",49
"2020-06-28 20:49:20",49
"2020-06-28 21:49:38",49
"2020-06-28 22:49:50",49
"2020-06-28 23:49:40",49
"2020-06-29 00:49:50",49
"2020-06-29 01:49:20",49
"2020-06-29 02:49:37",49
"2020-06-29 03:49:29",49
"2020-06-29 04:49:36",49
"2020-06-29 05:49:25",49
"2020-06-29 06:49:43",49
"2020-06-29 07:49:48",49
"2020-06-29 08:49:34",49
"2020-06-29 09:49:37",49
"2020-06-29 10:49:30",49
"2020-06-29 11:49:26",49
"2020-06-29 12:49:41",49
"2020-06-29 13:49:57",49
"2020-06-29 14:50:14",46
"2020-06-29 15:49:43",46
"2020-06-29 16:49:34",46
"2020-06-29 17:49:31",46
"2020-06-29 18:49:30",47
"2020-06-29 19:49:43",47
"2020-06-29 20:49:39",47
"2020-06-29 21:49:39",47
"2020-06-29 22:49:28",47
"2020-06-29 23:49:43",47
"2020-06-30 00:50:04",47
"2020-06-30 01:49:39",47
"2020-06-30 02:50:23",47
"2020-06-30 03:49:29",47
"2020-06-30 04:50:12",47
"2020-06-30 05:49:40",47
"2020-06-30 06:49:57",47
"2020-06-30 07:49:31",47
"2020-06-30 08:49:31",47
"2020-06-30 09:49:41",47
"2020-06-30 10:51:37",47
"2020-06-30 11:49:32",47
"2020-06-30 12:49:30",47
"2020-06-30 13:50:47",47
"2020-06-30 14:49:47",48
"2020-06-30 15:50:03",49
"2020-06-30 16:50:33",49
"2020-06-30 17:49:40",50
"2020-06-30 18:50:03",50
"2020-06-30 19:49:35",50
"2020-06-30 20:49:52",50
"2020-06-30 21:50:16",50
"2020-06-30 22:49:23",50
"2020-06-30 23:49:29",50
"2020-07-01 00:50:52",50
"2020-07-01 01:49:36",50
"2020-07-01 02:50:15",50
"2020-07-01 03:49:42",50
"2020-07-01 04:49:43",50
"2020-07-01 05:49:53",50
"2020-07-01 06:49:43",50
"2020-07-01 07:49:43",50
"2020-07-01 08:50:20",50
"2020-07-01 09:50:44",50
"2020-07-01 10:50:26",50
"2020-07-01 11:49:50",50
"2020-07-01 13:11:23",50
"2020-07-01 13:50:38",50
"2020-07-01 14:50:41",49
"2020-07-01 15:50:39",49
"2020-07-01 16:50:25",49
"2020-07-01 17:50:16",49
"2020-07-01 18:50:20",49
"2020-07-01 19:50:37",50
"2020-07-01 20:50:19",50
"2020-07-01 21:49:37",50
"2020-07-01 22:50:17",50
"2020-07-01 23:49:40",50
"2020-07-02 00:51:37",50
"2020-07-02 01:49:42",50
"2020-07-02 02:49:49",50
"2020-07-02 03:49:57",50
"2020-07-02 04:49:48",50
"2020-07-02 05:49:52",50
"2020-07-02 06:49:42",50
"2020-07-02 07:49:34",50
"2020-07-02 08:49:42",50
"2020-07-02 09:50:01",50
"2020-07-02 10:49:46",50
"2020-07-02 11:49:52",50
"2020-07-02 13:14:21",50
"2020-07-02 13:50:17",50
"2020-07-02 14:49:56",50
"2020-07-02 15:49:59",50
"2020-07-02 16:50:09",51
"2020-07-02 17:49:58",51
"2020-07-02 18:50:03",51
"2020-07-02 19:50:11",51
"2020-07-02 20:49:29",50
"2020-07-02 21:49:48",50
"2020-07-02 22:49:37",50
"2020-07-02 23:49:28",50
"2020-07-03 00:50:16",50
"2020-07-03 01:49:50",50
"2020-07-03 02:50:08",50
"2020-07-03 03:49:34",50
"2020-07-03 04:50:18",50
"2020-07-03 05:49:39",50
"2020-07-03 06:49:40",50
"2020-07-03 07:49:41",50
"2020-07-03 08:49:38",50
"2020-07-03 09:50:05",50
"2020-07-03 10:49:44",50
"2020-07-03 11:49:33",50
"2020-07-03 12:49:33",50
"2020-07-03 13:49:39",50
"2020-07-03 14:49:45",50
"2020-07-03 15:49:37",50
"2020-07-03 16:49:37",50
"2020-07-03 17:49:37",50
"2020-07-03 18:49:51",50
"2020-07-03 19:49:41",50
"2020-07-03 20:49:46",50
"2020-07-03 21:49:42",50
"2020-07-03 22:49:34",50
"2020-07-03 23:49:47",50
"2020-07-04 00:49:32",50
"2020-07-04 01:49:58",50
"2020-07-04 02:50:08",50
"2020-07-04 03:49:30",50
"2020-07-04 04:49:25",50
"2020-07-04 05:49:39",50
"2020-07-04 06:49:48",50
"2020-07-04 07:49:36",50
"2020-07-04 08:49:43",50
"2020-07-04 09:49:43",50
"2020-07-04 11:41:21",50
"2020-07-04 11:49:38",50
"2020-07-04 12:49:47",50
"2020-07-04 13:49:41",50
"2020-07-04 14:49:53",50
"2020-07-04 15:49:22",50
"2020-07-04 16:50:06",50
"2020-07-04 17:49:32",50
"2020-07-04 18:49:43",50
"2020-07-04 19:49:30",50
"2020-07-04 20:49:40",50
"2020-07-04 21:49:42",50
"2020-07-04 22:49:28",50
"2020-07-04 23:49:53",50
"2020-07-05 00:49:45",50
"2020-07-05 01:49:44",50
"2020-07-05 02:49:25",50
"2020-07-05 03:49:34",50
"2020-07-05 04:49:30",50
"2020-07-05 05:49:45",50
"2020-07-05 06:49:48",50
"2020-07-05 07:49:49",50
"2020-07-05 08:49:43",50
"2020-07-05 11:41:02",50
"2020-07-05 11:42:51",50
"2020-07-05 11:50:32",50
"2020-07-05 12:49:32",50
"2020-07-05 13:49:41",50
"2020-07-05 14:49:29",50
"2020-07-05 15:49:58",50
"2020-07-05 16:49:40",50
"2020-07-05 17:49:32",50
"2020-07-05 18:49:29",50
"2020-07-05 19:49:53",50
"2020-07-05 20:49:37",50
"2020-07-05 21:49:43",50
"2020-07-05 22:49:27",50
"2020-07-05 23:49:30",50
"2020-07-06 00:49:40",50
"2020-07-06 01:49:48",50
"2020-07-06 02:49:39",50
"2020-07-06 03:49:37",50
"2020-07-06 04:49:32",50
"2020-07-06 05:49:19",50
"2020-07-06 06:49:50",50
"2020-07-06 07:50:09",50
"2020-07-06 08:49:48",50
"2020-07-06 11:43:48",50
"2020-07-06 11:47:21",50
"2020-07-06 11:55:01",50
"2020-07-06 14:12:57",49
"2020-07-06 14:20:55",49
"2020-07-06 14:50:19",49
"2020-07-06 15:49:49",49
"2020-07-06 16:50:32",48
"2020-07-06 17:49:45",48
"2020-07-06 18:49:33",48
"2020-07-06 19:49:33",48
"2020-07-06 20:49:50",48
"2020-07-06 21:49:30",48
"2020-07-06 22:50:12",48
"2020-07-06 23:49:31",48
"2020-07-07 00:49:45",48
"2020-07-07 01:49:26",48
"2020-07-07 02:49:36",48
"2020-07-07 03:50:21",48
"2020-07-07 04:49:32",48
"2020-07-07 05:49:23",48
"2020-07-07 06:49:25",48
"2020-07-07 07:49:20",48
"2020-07-07 08:49:31",48
"2020-07-07 11:28:54",48
"2020-07-07 11:35:10",48
"2020-07-07 11:49:38",48
"2020-07-07 12:49:46",48
"2020-07-07 13:49:50",48
"2020-07-07 14:49:37",47
"2020-07-07 15:50:31",47
"2020-07-07 16:51:12",47
"2020-07-07 17:49:58",47
"2020-07-07 18:49:32",47
"2020-07-07 19:50:29",47
"2020-07-07 20:49:52",47
"2020-07-07 21:50:35",47
"2020-07-07 22:49:46",47
"2020-07-07 23:49:45",47
"2020-07-08 00:51:53",47
"2020-07-08 01:50:10",47
"2020-07-08 02:49:42",47
"2020-07-08 03:49:51",47
"2020-07-08 04:49:40",47
"2020-07-08 05:50:06",47
"2020-07-08 06:49:48",47
"2020-07-08 07:49:41",47
"2020-07-08 08:49:52",47
"2020-07-08 12:02:42",47
"2020-07-08 12:03:43",47
"2020-07-08 12:08:38",47
"2020-07-08 13:15:27",47
"2020-07-08 13:50:11",47
"2020-07-08 14:49:45",48
"2020-07-08 15:49:51",49
"2020-07-08 16:49:39",49
"2020-07-08 17:49:46",49
"2020-07-08 18:50:09",49
"2020-07-08 19:50:22",50
"2020-07-08 20:49:43",50
"2020-07-08 21:49:44",50
"2020-07-08 22:49:45",50
"2020-07-08 23:49:50",50
"2020-07-09 00:51:39",50
"2020-07-09 01:49:41",50
"2020-07-09 18:51:58",50
"2020-07-09 18:54:57",50
"2020-07-09 19:02:40",50
"2020-07-09 19:51:53",50
"2020-07-09 20:49:52",50
"2020-07-09 21:50:01",50
"2020-07-09 22:50:08",50
"2020-07-09 23:49:46",50
"2020-07-10 00:51:33",50
"2020-07-10 01:49:51",50
"2020-07-10 02:50:15",50
"2020-07-10 03:49:42",50
"2020-07-10 04:49:23",50
"2020-07-10 05:49:32",50
"2020-07-10 06:49:46",50
"2020-07-10 07:49:39",50
"2020-07-10 08:49:37",50
"2020-07-10 11:47:06",50
"2020-07-10 11:54:41",50
"2020-07-10 12:02:18",50
"2020-07-10 13:15:20",50
"2020-07-10 13:49:46",50
"2020-07-10 14:49:27",50
"2020-07-10 15:49:50",49
"2020-07-10 16:49:50",49
"2020-07-10 17:49:32",49
"2020-07-10 18:49:46",50
"2020-07-10 19:49:48",50
"2020-07-10 20:49:34",50
"2020-07-10 21:50:09",50
"2020-07-10 22:49:29",50
"2020-07-10 23:49:49",50
"2020-07-11 00:49:34",50
"2020-07-11 01:49:43",50
"2020-07-11 02:49:22",50
"2020-07-11 03:49:48",50
"2020-07-11 04:49:45",50
"2020-07-11 05:49:34",50
"2020-07-11 06:49:37",50
"2020-07-11 07:49:54",50
"2020-07-11 08:49:48",50
"2020-07-11 11:58:24",50
"2020-07-11 12:04:42",50
"2020-07-11 12:11:00",50
"2020-07-11 12:49:41",50
"2020-07-11 13:49:39",50
"2020-07-11 14:49:46",50
"2020-07-11 15:49:44",50
"2020-07-11 16:49:23",50
"2020-07-11 17:49:38",50
"2020-07-11 18:49:39",50
"2020-07-11 19:49:37",50
"2020-07-11 20:49:21",50
"2020-07-11 21:50:10",50
"2020-07-11 22:49:56",50
"2020-07-11 23:49:33",50
"2020-07-12 00:49:34",50
"2020-07-12 01:50:22",50
"2020-07-12 02:49:38",50
"2020-07-12 03:49:46",50
"2020-07-12 04:49:27",50
"2020-07-12 05:49:38",50
"2020-07-12 06:50:04",50
"2020-07-12 07:49:34",50
"2020-07-12 08:49:27",50
"2020-07-12 11:41:56",50
"2020-07-12 11:46:53",50
"2020-07-12 11:56:33",50
"2020-07-12 12:49:28",50
"2020-07-12 13:49:38",50
"2020-07-12 14:49:24",50
"2020-07-12 15:49:39",50
"2020-07-12 16:49:46",50
"2020-07-12 17:49:24",50
"2020-07-12 18:49:33",50
"2020-07-12 19:49:40",50
"2020-07-12 20:49:35",50
"2020-07-12 21:49:25",50
"2020-07-12 22:49:57",50
"2020-07-12 23:49:35",50
"2020-07-13 00:49:59",50
"2020-07-13 01:49:56",50
"2020-07-13 02:50:30",50
"2020-07-13 03:49:48",50
"2020-07-13 04:49:47",50
"2020-07-13 05:49:32",50
"2020-07-13 06:49:56",50
"2020-07-13 07:49:33",50
"2020-07-13 08:49:46",50
"2020-07-13 12:08:52",50
"2020-07-13 12:12:30",50
"2020-07-13 12:15:50",50
"2020-07-13 12:50:30",50
"2020-07-13 13:49:47",50
"2020-07-13 14:49:42",50
"2020-07-13 15:50:00",50
"2020-07-13 16:50:38",50
"2020-07-13 17:49:46",50
"2020-07-13 18:49:53",50
"2020-07-13 19:50:17",50
"2020-07-13 20:50:01",50
"2020-07-13 21:50:04",50
"2020-07-13 22:50:05",50
"2020-07-13 23:50:04",50
"2020-07-14 00:51:20",50
"2020-07-14 01:50:19",50
"2020-07-14 02:50:19",50
"2020-07-14 03:49:49",50
"2020-07-14 04:49:39",50
"2020-07-14 05:49:49",50
"2020-07-14 06:49:43",50
"2020-07-14 07:50:01",50
"2020-07-14 08:49:58",50
"2020-07-14 12:14:48",50
"2020-07-14 12:21:37",50
"2020-07-14 12:25:29",50
"2020-07-14 12:49:57",50
"2020-07-14 13:50:41",50
"2020-07-14 14:50:22",49
"2020-07-14 15:50:40",49
"2020-07-14 16:51:03",49
"2020-07-14 17:51:00",49
"2020-07-14 18:50:38",49
"2020-07-14 19:50:09",50
"2020-07-14 20:50:21",50
"2020-07-14 21:50:08",50
"2020-07-14 22:50:23",50
"2020-07-14 23:50:23",50
"2020-07-15 00:50:53",50
"2020-07-15 01:50:31",50
"2020-07-15 02:33:47",50
"2020-07-15 02:41:26",50
"2020-07-15 02:49:06",50
"2020-07-15 02:57:02",50
"2020-07-15 03:18:30",50
"2020-07-15 03:26:21",50
"2020-07-15 03:34:13",50
"2020-07-15 03:41:56",50
"2020-07-15 03:49:39",50
"2020-07-15 03:57:24",50
"2020-07-15 04:05:14",50
"2020-07-15 04:12:59",50
"2020-07-15 04:20:45",50
"2020-07-15 04:28:29",50
"2020-07-15 04:36:24",50
"2020-07-15 04:44:06",50
"2020-07-15 04:51:49",50
"2020-07-15 04:59:42",50
"2020-07-15 05:08:00",50
"2020-07-15 12:22:30",50
"2020-07-15 12:30:27",50
"2020-07-15 12:38:22",50
"2020-07-15 12:46:15",50
"2020-07-15 12:54:11",50
"2020-07-15 13:02:05",50
"2020-07-15 13:10:12",50
"2020-07-15 13:18:24",50
"2020-07-15 13:26:33",50
"2020-07-15 13:34:37",50
"2020-07-15 13:42:38",50
"2020-07-15 13:50:37",50
"2020-07-15 13:58:32",50
"2020-07-15 14:06:35",50
"2020-07-15 14:14:48",50
"2020-07-15 14:22:50",50
"2020-07-15 14:30:48",50
"2020-07-15 14:38:42",50
"2020-07-15 14:48:37",50
"2020-07-15 14:58:32",50
"2020-07-15 15:08:42",50
"2020-07-15 15:18:39",50
"2020-07-15 15:28:35",50
"2020-07-15 15:38:31",50
"2020-07-15 15:48:47",50
"2020-07-15 15:58:48",50
"2020-07-15 16:08:53",50
"2020-07-15 16:18:55",50
"2020-07-15 16:28:59",50
"2020-07-15 16:39:14",50
"2020-07-15 16:49:26",50
"2020-07-15 16:59:26",50
"2020-07-15 17:16:50",50
"2020-07-15 17:24:38",50
"2020-07-15 17:32:24",50
"2020-07-15 17:40:10",50
"2020-07-15 17:47:57",50
"2020-07-15 17:55:48",50
"2020-07-15 18:03:49",49
"2020-07-15 18:11:43",49
"2020-07-15 18:19:39",49
"2020-07-15 18:27:31",49
"2020-07-15 18:35:26",49
"2020-07-15 18:43:34",49
"2020-07-15 18:51:38",49
"2020-07-15 18:59:33",49
"2020-07-15 19:07:58",49
"2020-07-15 19:15:50",49
"2020-07-15 19:23:36",49
"2020-07-15 19:31:37",49
"2020-07-15 19:41:35",49
"2020-07-15 19:51:26",49
"2020-07-15 20:01:21",49
"2020-07-15 20:11:16",47
"2020-07-15 20:21:25",47
"2020-07-15 20:31:13",47
"2020-07-15 20:41:01",47
"2020-07-15 20:50:47",47
"2020-07-15 21:00:34",47
"2020-07-15 21:10:24",47
"2020-07-15 21:20:12",47
"2020-07-15 21:29:54",47
"2020-07-15 21:40:32",47
"2020-07-15 21:50:28",47
"2020-07-15 22:00:43",47
"2020-07-15 22:10:37",47
"2020-07-15 22:20:33",47
"2020-07-15 22:30:19",47
"2020-07-15 22:40:02",47
"2020-07-15 22:49:46",47
"2020-07-15 23:06:41",47
"2020-07-15 23:13:05",47
"2020-07-15 23:19:27",47
"2020-07-15 23:29:13",47
"2020-07-15 23:39:03",47
"2020-07-15 23:48:48",47
"2020-07-15 23:58:46",47
"2020-07-16 00:09:22",47
"2020-07-16 00:19:51",47
"2020-07-16 00:30:11",47
"2020-07-16 00:40:25",47
"2020-07-16 00:50:15",47
"2020-07-16 01:00:02",47
"2020-07-16 01:09:56",47
"2020-07-16 01:19:55",47
"2020-07-16 01:29:42",47
"2020-07-16 01:39:28",47
"2020-07-16 01:49:15",47
"2020-07-16 01:59:06",47
"2020-07-16 02:09:04",47
"2020-07-16 02:19:17",47
"2020-07-16 02:29:31",47
"2020-07-16 02:39:32",47
"2020-07-16 02:49:49",47
"2020-07-16 03:04:51",47
"2020-07-16 03:09:56",47
"2020-07-16 03:20:30",47
"2020-07-16 03:30:31",47
"2020-07-16 03:40:34",47
"2020-07-16 03:50:35",47
"2020-07-16 04:00:58",47
"2020-07-16 04:11:10",47
"2020-07-16 04:21:07",47
"2020-07-16 04:31:04",47
"2020-07-16 04:40:58",47
"2020-07-16 04:50:51",47
"2020-07-16 05:00:48",47
"2020-07-16 05:10:43",47
"2020-07-16 05:20:36",47
"2020-07-16 05:30:27",47
"2020-07-16 05:42:56",47
"2020-07-16 05:54:20",47
"2020-07-16 06:04:19",47
"2020-07-16 06:14:08",47
"2020-07-16 06:22:23",47
"2020-07-16 06:31:37",47
"2020-07-16 06:40:52",47
"2020-07-16 06:50:13",47
"2020-07-16 07:12:04",47
"2020-07-16 07:17:24",47
"2020-07-16 07:22:00",47
"2020-07-16 07:33:14",47
"2020-07-16 07:47:22",47
"2020-07-16 08:04:18",47
"2020-07-16 08:14:51",47
"2020-07-16 08:24:20",47
"2020-07-16 08:33:33",47
"2020-07-16 08:43:14",47
"2020-07-16 08:52:15",47
"2020-07-16 09:01:37",47
"2020-07-16 09:11:29",47
"2020-07-16 09:21:32",47
"2020-07-16 09:31:27",47
"2020-07-16 09:40:45",47
"2020-07-16 09:49:32",47
"2020-07-16 09:58:18",47
"2020-07-16 10:07:25",47
"2020-07-16 10:16:26",47
"2020-07-16 10:24:41",47
"2020-07-16 10:33:07",47
"2020-07-16 10:41:28",47
"2020-07-16 10:51:58",47
"2020-07-16 11:02:49",47
"2020-07-16 11:13:52",47
"2020-07-16 11:24:27",47
"2020-07-16 11:34:54",47
"2020-07-16 11:45:34",47
"2020-07-16 11:56:33",47
"2020-07-16 12:08:25",47
"2020-07-16 12:19:37",47
"2020-07-16 12:30:47",47
"2020-07-16 12:41:57",47
"2020-07-16 12:53:03",47
"2020-07-16 13:04:22",47
"2020-07-16 13:16:16",47
"2020-07-16 13:27:45",47
"2020-07-16 13:39:39",47
"2020-07-16 13:50:50",47
"2020-07-16 14:01:44",47
"2020-07-16 14:12:57",45
"2020-07-16 14:24:06",45
"2020-07-16 14:42:41",45
"2020-07-16 14:49:27",45
"2020-07-16 14:56:22",45
"2020-07-16 15:07:33",45
"2020-07-16 15:18:43",45
"2020-07-16 17:01:52",46
"2020-07-16 17:10:01",46
"2020-07-16 17:18:20",46
"2020-07-16 17:26:25",46
"2020-07-16 17:34:38",46
"2020-07-16 17:42:49",46
"2020-07-16 17:50:53",46
"2020-07-16 17:58:57",46
"2020-07-16 18:07:20",46
"2020-07-16 18:15:32",46
"2020-07-16 18:23:44",46
"2020-07-16 18:31:50",45
"2020-07-16 18:39:56",45
"2020-07-16 18:48:08",45
"2020-07-16 18:56:32",45
"2020-07-16 19:04:39",45
"2020-07-16 19:12:43",45
"2020-07-16 19:20:49",45
"2020-07-16 19:30:57",45
"2020-07-16 19:41:02",45
"2020-07-16 19:51:07",45
"2020-07-16 20:01:12",45
"2020-07-16 20:11:16",45
"2020-07-16 20:21:16",45
"2020-07-16 20:31:16",45
"2020-07-16 20:41:20",45
"2020-07-16 20:51:23",45
"2020-07-16 21:01:29",45
"2020-07-16 21:11:34",45
"2020-07-16 21:21:38",45
"2020-07-16 21:32:03",45
"2020-07-16 21:42:11",45
"2020-07-16 21:52:12",45
"2020-07-16 22:02:20",45
"2020-07-16 22:12:25",45
"2020-07-16 22:22:25",45
"2020-07-16 22:32:28",45
"2020-07-16 22:42:28",45
"2020-07-16 22:59:31",45
"2020-07-16 23:06:05",45
"2020-07-16 23:12:34",45
"2020-07-16 23:22:34",45
"2020-07-16 23:32:35",45
"2020-07-16 23:42:33",45
"2020-07-16 23:52:30",45
"2020-07-17 00:03:09",45
"2020-07-17 00:13:48",45
"2020-07-17 00:24:18",45
"2020-07-17 00:34:54",45
"2020-07-17 00:45:15",45
"2020-07-17 00:55:25",45
"2020-07-17 01:05:43",45
"2020-07-17 01:15:49",45
"2020-07-17 01:25:50",45
"2020-07-17 01:35:51",45
"2020-07-17 01:45:55",45
"2020-07-17 01:55:57",45
"2020-07-17 02:06:03",45
"2020-07-17 02:16:09",45
"2020-07-17 02:26:11",45
"2020-07-17 02:36:08",45
"2020-07-17 02:46:05",45
"2020-07-17 03:01:06",45
"2020-07-17 03:06:11",45
"2020-07-17 03:16:13",45
"2020-07-17 03:26:17",45
"2020-07-17 03:36:24",45
"2020-07-17 03:46:29",45
"2020-07-17 03:56:36",45
"2020-07-17 04:06:51",45
"2020-07-17 04:16:57",45
"2020-07-17 04:27:02",45
"2020-07-17 04:37:07",45
"2020-07-17 04:47:10",45
"2020-07-17 04:57:12",45
"2020-07-17 05:07:22",45
"2020-07-17 05:17:28",45
"2020-07-17 05:27:29",45
"2020-07-17 05:37:29",45
"2020-07-17 05:47:30",45
"2020-07-17 05:57:29",45
"2020-07-17 06:07:45",45
"2020-07-17 06:15:54",45
"2020-07-17 06:23:57",45
"2020-07-17 06:32:19",45
"2020-07-17 06:40:28",45
"2020-07-17 06:57:53",45
"2020-07-17 07:01:50",45
"2020-07-17 07:05:30",45
"2020-07-17 07:13:44",45
"2020-07-17 07:21:53",45
"2020-07-17 07:30:00",45
"2020-07-17 07:38:09",45
"2020-07-17 07:46:14",45
"2020-07-17 07:54:19",45
"2020-07-17 08:02:31",45
"2020-07-17 08:10:57",45
"2020-07-17 08:19:29",45
"2020-07-17 08:28:00",45
"2020-07-17 08:36:35",45
"2020-07-17 08:44:57",45
"2020-07-17 08:53:09",45
"2020-07-17 09:01:23",45
"2020-07-17 09:09:33",45
"2020-07-17 09:17:44",45
"2020-07-17 09:25:51",45
"2020-07-17 09:33:56",45
"2020-07-17 09:41:57",45
"2020-07-17 09:49:58",45
"2020-07-17 09:58:15",45
"2020-07-17 10:11:28",45
"2020-07-17 10:18:30",45
"2020-07-17 10:22:32",45
"2020-07-17 10:30:33",45
"2020-07-17 10:40:36",45
"2020-07-17 10:50:40",45
"2020-07-17 11:01:06",45
"2020-07-17 11:11:17",45
"2020-07-17 11:21:23",45
"2020-07-17 11:31:30",45
"2020-07-17 11:41:36",45
"2020-07-17 11:51:38",45
"2020-07-17 12:01:57",45
"2020-07-17 12:12:21",45
"2020-07-17 12:22:37",45
"2020-07-17 12:32:43",45
"2020-07-17 12:42:49",45
"2020-07-17 12:52:51",45
"2020-07-17 13:03:28",45
"2020-07-17 13:14:05",45
"2020-07-17 13:24:25",45
"2020-07-17 13:33:00",45
"2020-07-17 13:41:28",45
"2020-07-17 13:49:33",45
"2020-07-17 13:58:00",45
"2020-07-17 14:06:52",45
"2020-07-17 14:15:16",45
"2020-07-17 14:23:38",45
"2020-07-17 14:31:58",45
"2020-07-17 14:40:07",45
"2020-07-17 14:48:10",45
"2020-07-17 14:56:30",45
"2020-07-17 15:05:25",45
"2020-07-17 15:14:16",45
"2020-07-17 15:22:58",45
"2020-07-17 15:31:31",45
"2020-07-17 15:39:55",45
"2020-07-17 15:48:20",45
"2020-07-17 16:03:26",45
"2020-07-17 16:12:13",45
"2020-07-17 16:19:40",45
"2020-07-17 16:28:25",45
"2020-07-17 16:37:08",45
"2020-07-17 16:45:38",45
"2020-07-17 16:54:03",45
"2020-07-17 17:07:03",45
"2020-07-17 17:15:11",45
"2020-07-17 17:23:48",45
"2020-07-17 17:32:12",45
"2020-07-17 17:40:41",45
"2020-07-17 17:49:06",45
"2020-07-17 17:57:36",45
"2020-07-17 18:06:27",45
"2020-07-17 18:14:58",45
"2020-07-17 18:23:32",45
"2020-07-17 18:32:02",45
"2020-07-17 18:40:32",45
"2020-07-17 18:48:58",45
"2020-07-17 18:57:22",45
"2020-07-17 19:09:59",45
"2020-07-17 19:18:36",45
"2020-07-17 19:26:53",45
"2020-07-17 19:35:02",45
"2020-07-17 19:46:45",45
"2020-07-17 19:54:49",45
"2020-07-17 20:03:00",45
"2020-07-17 20:11:08",45
"2020-07-17 20:19:08",45
"2020-07-17 20:27:07",45
"2020-07-17 20:35:13",45
"2020-07-17 20:43:11",45
"2020-07-17 20:51:11",45
"2020-07-17 20:59:17",45
"2020-07-17 21:07:35",45
"2020-07-17 21:15:36",45
"2020-07-17 21:23:34",45
"2020-07-17 21:31:30",45
"2020-07-17 21:39:44",45
"2020-07-17 21:47:45",45
"2020-07-17 21:55:48",45
"2020-07-17 22:04:03",45
"2020-07-17 22:14:21",45
"2020-07-17 22:24:28",45
"2020-07-17 22:34:37",45
"2020-07-17 22:45:03",45
"2020-07-17 22:55:36",45
"2020-07-17 23:06:24",45
"2020-07-17 23:16:40",45
"2020-07-17 23:26:44",45
"2020-07-17 23:36:49",45
"2020-07-17 23:46:51",45
"2020-07-17 23:57:11",45
"2020-07-18 00:09:24",45
"2020-07-18 00:20:24",45
"2020-07-18 00:30:53",45
"2020-07-18 00:41:32",45
"2020-07-18 00:51:57",45
"2020-07-18 01:02:11",45
"2020-07-18 01:12:19",45
"2020-07-18 01:22:30",45
"2020-07-18 01:32:35",45
"2020-07-18 01:49:43",45
"2020-07-18 01:56:14",45
"2020-07-18 02:02:46",45
"2020-07-18 02:12:52",45
"2020-07-18 02:22:53",45
"2020-07-18 02:32:51",45
"2020-07-18 02:42:50",45
"2020-07-18 02:52:49",45
"2020-07-18 03:03:00",45
"2020-07-18 03:13:13",45
"2020-07-18 03:23:21",45
"2020-07-18 03:33:28",45
"2020-07-18 03:43:36",45
"2020-07-18 03:53:48",45
"2020-07-18 04:04:15",45
"2020-07-18 04:14:49",45
"2020-07-18 04:25:16",45
"2020-07-18 04:35:24",45
"2020-07-18 04:45:27",45
"2020-07-18 04:55:31",45
"2020-07-18 05:06:12",45
"2020-07-18 05:16:38",45
"2020-07-18 05:26:53",45
"2020-07-18 05:36:54",45
"2020-07-18 05:51:53",45
"2020-07-18 05:56:59",45
"2020-07-18 06:07:19",45
"2020-07-18 06:19:30",45
"2020-07-18 08:41:31",45
"2020-07-18 08:49:38",45
"2020-07-18 08:57:41",45
"2020-07-18 09:05:49",45
"2020-07-18 09:13:47",45
"2020-07-18 09:21:46",45
"2020-07-18 09:29:47",45
"2020-07-18 09:37:50",45
"2020-07-18 09:45:51",45
"2020-07-18 09:53:51",45
"2020-07-18 10:01:55",45
"2020-07-18 10:09:59",45
"2020-07-18 10:18:00",45
"2020-07-18 10:26:00",45
"2020-07-18 10:34:15",45
"2020-07-18 10:42:08",45
"2020-07-18 10:49:59",45
"2020-07-18 10:57:58",45
"2020-07-18 11:08:00",45
"2020-07-18 11:17:59",45
"2020-07-18 11:27:57",45
"2020-07-18 11:37:57",45
"2020-07-18 11:47:54",45
"2020-07-18 11:57:53",45
"2020-07-18 12:08:07",45
"2020-07-18 12:18:14",45
"2020-07-18 12:28:14",45
"2020-07-18 12:38:17",45
"2020-07-18 12:48:17",45
"2020-07-18 12:58:28",45
"2020-07-18 13:08:44",45
"2020-07-18 13:18:53",45
"2020-07-18 13:28:56",45
"2020-07-18 13:38:52",45
"2020-07-18 13:48:48",45
"2020-07-18 13:58:45",45
"2020-07-18 14:08:43",45
"2020-07-18 14:18:40",45
"2020-07-18 14:35:45",45
"2020-07-18 14:42:13",45
"2020-07-18 14:48:40",45
"2020-07-18 14:58:42",45
"2020-07-18 15:08:49",45
"2020-07-18 15:18:52",45
"2020-07-18 15:28:51",45
"2020-07-18 15:38:50",45
"2020-07-18 15:48:50",45
"2020-07-18 15:58:48",45
"2020-07-18 16:08:50",45
"2020-07-18 16:18:50",45
"2020-07-18 16:28:52",45
"2020-07-18 16:38:52",45
"2020-07-18 16:48:49",45
"2020-07-18 16:58:50",45
"2020-07-18 17:08:56",45
"2020-07-18 17:18:58",45
"2020-07-18 17:28:56",45
"2020-07-18 17:38:55",45
"2020-07-18 17:48:52",45
"2020-07-18 17:58:50",45
"2020-07-18 18:08:53",45
"2020-07-18 18:18:52",45
"2020-07-18 18:33:45",45
"2020-07-18 18:38:46",45
"2020-07-18 18:48:43",45
"2020-07-18 18:58:44",45
"2020-07-18 19:09:07",45
"2020-07-18 19:19:10",45
"2020-07-18 19:29:08",45
"2020-07-18 19:39:26",45
"2020-07-18 19:49:28",45
"2020-07-18 22:13:31",45
"2020-07-18 22:21:04",45
"2020-07-18 22:28:37",45
"2020-07-18 22:36:10",45
"2020-07-18 22:43:42",45
"2020-07-18 22:51:15",45
"2020-07-18 22:58:48",45
"2020-07-18 23:06:23",45
"2020-07-18 23:13:57",45
"2020-07-18 23:21:29",45
"2020-07-18 23:29:02",45
"2020-07-18 23:36:37",45
"2020-07-18 23:44:18",45
"2020-07-18 23:52:00",45
"2020-07-18 23:59:57",45
"2020-07-19 00:07:29",45
"2020-07-19 00:14:58",45
"2020-07-19 00:22:33",45
"2020-07-19 00:32:08",45
"2020-07-19 00:41:43",45
"2020-07-19 00:51:18",45
"2020-07-19 01:00:53",45
"2020-07-19 01:10:28",45
"2020-07-19 01:20:04",45
"2020-07-19 01:29:39",45
"2020-07-19 01:39:15",45
"2020-07-19 01:48:51",45
"2020-07-19 01:58:26",45
"2020-07-19 02:08:00",45
"2020-07-19 02:17:35",45
"2020-07-19 02:27:08",45
"2020-07-19 02:36:42",45
"2020-07-19 02:46:15",45
"2020-07-19 02:55:49",45
"2020-07-19 03:05:24",45
"2020-07-19 03:14:58",45
"2020-07-19 03:24:33",45
"2020-07-19 03:34:07",45
"2020-07-19 03:50:21",45
"2020-07-19 03:56:36",45
"2020-07-19 04:02:51",45
"2020-07-19 04:12:24",45
"2020-07-19 04:21:57",45
"2020-07-19 04:31:31",45
"2020-07-19 04:41:05",45
"2020-07-19 04:50:38",45
"2020-07-19 05:00:11",45
"2020-07-19 05:09:43",45
"2020-07-19 05:19:17",45
"2020-07-19 05:28:50",45
"2020-07-19 05:38:22",45
"2020-07-19 05:47:54",45
"2020-07-19 05:57:25",45
"2020-07-19 06:06:58",45
"2020-07-19 06:16:36",45
"2020-07-19 06:26:11",45
"2020-07-19 06:46:57",45
"2020-07-19 06:54:32",45
"2020-07-19 07:02:07",45
"2020-07-19 07:09:44",45
"2020-07-19 07:17:20",45
"2020-07-19 07:24:54",45
"2020-07-19 07:32:28",45
"2020-07-19 07:40:02",45
"2020-07-19 07:47:37",45
"2020-07-19 07:55:11",45
"2020-07-19 08:02:45",45
"2020-07-19 08:10:19",45
"2020-07-19 08:17:53",45
"2020-07-19 08:25:26",45
"2020-07-19 08:33:14",45
"2020-07-19 08:40:40",45
"2020-07-19 08:48:07",45
"2020-07-19 08:55:41",45
"2020-07-19 09:05:17",45
"2020-07-19 09:14:52",45
"2020-07-19 09:24:27",45
"2020-07-19 09:34:04",45
"2020-07-19 09:43:46",45
"2020-07-19 09:53:29",45
"2020-07-19 10:03:13",45
"2020-07-19 10:12:49",45
"2020-07-19 10:22:23",45
"2020-07-19 10:32:00",45
"2020-07-19 10:41:36",45
"2020-07-19 10:51:14",45
"2020-07-19 11:00:50",45
"2020-07-19 11:10:24",45
"2020-07-19 11:19:59",45
"2020-07-19 11:29:34",45
"2020-07-19 11:39:11",45
"2020-07-19 11:48:47",45
"2020-07-19 11:58:21",45
"2020-07-19 12:07:57",45
"2020-07-19 12:24:17",45
"2020-07-19 12:30:31",45
"2020-07-19 12:36:45",45
"2020-07-19 12:46:22",45
"2020-07-19 12:56:00",45
"2020-07-19 13:05:36",45
"2020-07-19 13:15:12",45
"2020-07-19 13:24:47",45
"2020-07-19 13:34:25",45
"2020-07-19 13:44:00",45
"2020-07-19 13:53:35",45
"2020-07-19 14:03:10",45
"2020-07-19 14:12:44",45
"2020-07-19 14:22:18",45
"2020-07-19 14:31:53",45
"2020-07-19 14:41:28",45
"2020-07-19 14:51:03",45
"2020-07-19 15:00:39",45
"2020-07-19 15:10:16",45
"2020-07-19 15:19:51",45
"2020-07-19 15:29:27",45
"2020-07-19 15:39:02",45
"2020-07-19 15:48:37",45
"2020-07-19 15:58:12",45
"2020-07-19 16:12:34",45
"2020-07-19 16:17:28",45
"2020-07-19 16:27:02",45
"2020-07-19 16:36:38",45
"2020-07-19 16:46:14",45
"2020-07-19 16:55:55",45
"2020-07-19 17:05:33",45
"2020-07-19 17:15:09",45
"2020-07-19 17:24:44",45
"2020-07-19 17:34:18",45
"2020-07-19 17:43:52",45
"2020-07-19 17:53:27",45
"2020-07-19 18:03:01",45
"2020-07-19 18:12:36",45
"2020-07-19 18:22:11",45
"2020-07-19 18:31:47",45
"2020-07-19 18:41:22",45
"2020-07-19 18:50:56",45
"2020-07-19 19:00:32",45
"2020-07-19 19:10:07",45
"2020-07-19 19:17:42",45
"2020-07-19 19:25:16",45
"2020-07-19 19:32:52",45
"2020-07-19 19:40:29",45
"2020-07-19 19:56:28",45
"2020-07-19 19:59:59",45
"2020-07-19 20:03:16",45
"2020-07-19 20:10:51",45
"2020-07-19 20:18:28",45
"2020-07-19 20:26:02",45
"2020-07-19 20:33:37",45
"2020-07-19 20:41:14",45
"2020-07-19 20:48:49",45
"2020-07-19 20:56:25",45
"2020-07-19 21:04:00",45
"2020-07-19 21:11:35",45
"2020-07-19 21:19:09",45
"2020-07-19 21:26:43",45
"2020-07-19 21:34:18",45
"2020-07-19 21:41:52",45
"2020-07-19 21:49:26",45
"2020-07-19 21:57:02",45
"2020-07-19 22:04:38",45
"2020-07-19 22:12:16",45
"2020-07-19 22:19:49",45
"2020-07-19 22:27:23",45
"2020-07-19 22:34:58",45
"2020-07-19 22:42:33",45
"2020-07-19 22:54:57",45
"2020-07-19 23:01:31",45
"2020-07-19 23:05:18",45
"2020-07-19 23:12:52",45
"2020-07-19 23:22:26",45
"2020-07-19 23:32:00",45
"2020-07-19 23:41:33",45
"2020-07-19 23:51:08",45
"2020-07-20 00:00:43",45
"2020-07-20 00:10:19",45
"2020-07-20 00:19:55",45
"2020-07-20 00:29:31",45
"2020-07-20 00:39:06",45
"2020-07-20 00:48:42",45
"2020-07-20 00:58:16",45
"2020-07-20 01:07:51",45
"2020-07-20 01:17:26",45
"2020-07-20 01:27:02",45
"2020-07-20 01:36:37",45
"2020-07-20 01:46:13",45
"2020-07-20 01:55:50",45
"2020-07-20 02:03:27",45
"2020-07-20 02:11:04",45
"2020-07-20 02:18:40",45
"2020-07-20 02:26:15",45
"2020-07-20 02:33:51",45
"2020-07-20 02:41:27",45
"2020-07-20 02:49:04",45
"2020-07-20 02:56:39",45
"2020-07-20 03:04:14",45
"2020-07-20 03:11:51",45
"2020-07-20 03:19:27",45
"2020-07-20 03:27:03",45
"2020-07-20 03:34:39",45
"2020-07-20 03:42:15",45
"2020-07-20 03:49:50",45
"2020-07-20 03:57:26",45
"2020-07-20 04:05:02",45
"2020-07-20 04:18:03",45
"2020-07-20 04:25:38",45
"2020-07-20 04:32:04",45
"2020-07-20 04:39:40",45
"2020-07-20 04:47:19",45
"2020-07-20 04:54:58",45
"2020-07-20 05:02:48",45
"2020-07-20 05:10:32",45
"2020-07-20 05:18:17",45
"2020-07-20 05:26:02",45
"2020-07-20 05:33:46",45
"2020-07-20 05:41:32",45
"2020-07-20 05:49:17",45
"2020-07-20 05:57:01",45
"2020-07-20 06:04:47",45
"2020-07-20 06:12:31",45
"2020-07-20 06:20:16",45
"2020-07-20 06:28:00",45
"2020-07-20 06:35:45",45
"2020-07-20 06:43:28",45
"2020-07-20 06:51:13",45
"2020-07-20 06:58:56",45
"2020-07-20 07:06:41",45
"2020-07-20 07:14:23",45
"2020-07-20 07:22:06",45
"2020-07-20 07:29:49",45
"2020-07-20 07:37:33",45
"2020-07-20 07:45:17",45
"2020-07-20 07:53:00",45
"2020-07-20 08:00:45",45
"2020-07-20 08:08:28",45
"2020-07-20 08:16:11",45
"2020-07-20 08:23:54",45
"2020-07-20 08:31:35",45
"2020-07-20 08:39:18",45
"2020-07-20 08:47:01",45
"2020-07-20 08:54:44",45
"2020-07-20 09:02:30",45
"2020-07-20 09:10:15",45
"2020-07-20 09:17:58",45
"2020-07-20 09:25:41",45
"2020-07-20 09:33:25",45
"2020-07-20 09:41:09",45
"2020-07-20 09:48:52",45
"2020-07-20 09:56:35",45
"2020-07-20 10:04:20",45
"2020-07-20 10:12:05",45
"2020-07-20 10:19:49",45
"2020-07-20 10:27:32",45
"2020-07-20 10:35:17",45
"2020-07-20 10:43:03",45
"2020-07-20 10:50:48",45
"2020-07-20 10:58:32",45
"2020-07-20 11:06:19",45
"2020-07-20 11:14:04",45
"2020-07-20 11:21:47",45
"2020-07-20 11:29:31",45
"2020-07-20 11:37:14",45
"2020-07-20 11:44:57",45
"2020-07-20 11:52:41",45
"2020-07-20 12:00:24",45
"2020-07-20 12:08:10",45
"2020-07-20 12:15:55",45
"2020-07-20 12:23:40",45
"2020-07-20 12:31:25",45
"2020-07-20 12:39:09",45
"2020-07-20 12:46:52",45
"2020-07-20 12:54:35",45
"2020-07-20 13:02:21",45
"2020-07-20 13:10:08",45
"2020-07-20 13:17:52",45
"2020-07-20 13:25:38",45
"2020-07-20 13:33:26",45
"2020-07-20 13:41:13",45
"2020-07-20 13:48:58",45
"2020-07-20 13:56:44",45
"2020-07-20 14:04:28",45
"2020-07-20 14:12:13",45
"2020-07-20 14:19:59",45
"2020-07-20 14:27:42",45
"2020-07-20 14:47:51",45
"2020-07-20 15:48:19",47
"2020-07-20 16:47:40",48
"2020-07-20 17:47:39",49
"2020-07-20 18:48:02",50
"2020-07-20 19:48:21",50
"2020-07-20 20:48:22",50
"2020-07-20 21:48:15",50
"2020-07-20 22:47:53",50
"2020-07-20 23:47:56",50
"2020-07-21 00:47:53",50
"2020-07-21 01:48:00",50
"2020-07-21 02:47:58",50
"2020-07-21 03:48:08",50
"2020-07-21 04:48:18",50
"2020-07-21 05:48:18",50
"2020-07-21 06:48:22",50
"2020-07-21 07:48:16",50
"2020-07-21 08:47:59",50
"2020-07-21 09:47:30",50
"2020-07-21 10:47:55",50
"2020-07-21 11:47:59",50
"2020-07-21 12:47:28",50
"2020-07-21 13:47:53",50
"2020-07-21 14:47:52",50
"2020-07-21 15:47:33",50
"2020-07-21 16:48:13",50
"2020-07-21 17:48:22",50
"2020-07-21 18:47:56",49
"2020-07-21 19:47:30",49
"2020-07-21 20:47:52",49
"2020-07-21 21:47:28",49
"2020-07-21 22:48:09",49
"2020-07-21 23:48:19",49
"2020-07-22 00:47:53",49
"2020-07-22 01:47:55",49
"2020-07-22 02:47:29",49
"2020-07-22 03:48:17",49
"2020-07-22 04:47:28",49
"2020-07-22 05:47:29",49
"2020-07-22 06:47:25",49
"2020-07-22 07:47:24",49
"2020-07-22 08:47:26",49
"2020-07-22 09:47:26",49
"2020-07-22 10:47:30",49
"2020-07-22 11:47:26",49
"2020-07-22 12:47:32",49
"2020-07-22 13:47:34",49
"2020-07-22 14:47:47",49
"2020-07-22 15:47:30",49
"2020-07-22 16:48:00",49
"2020-07-22 17:47:48",49
"2020-07-22 18:48:13",48
"2020-07-22 19:47:25",48
"2020-07-22 20:47:50",48
"2020-07-22 21:47:49",48
"2020-07-22 22:47:53",48
"2020-07-22 23:47:24",48
"2020-07-23 00:47:51",48
"2020-07-23 01:47:53",48
"2020-07-23 02:47:53",48
"2020-07-23 03:47:56",48
"2020-07-23 04:47:39",48
"2020-07-23 05:48:11",48
"2020-07-23 06:47:26",48
"2020-07-23 07:47:31",48
"2020-07-23 08:47:48",48
"2020-07-23 09:47:55",48
"2020-07-23 10:48:18",48
"2020-07-23 11:47:54",48
"2020-07-23 13:12:39",48
"2020-07-23 13:49:07",48
"2020-07-23 14:47:51",49
"2020-07-23 15:48:11",49
"2020-07-23 16:47:30",49
"2020-07-23 17:47:48",48
"2020-07-23 18:47:29",48
"2020-07-23 19:48:11",48
"2020-07-23 20:47:50",48
"2020-07-23 21:47:52",48
"2020-07-23 22:47:51",48
"2020-07-23 23:47:30",48
"2020-07-24 00:48:18",48
"2020-07-24 01:47:37",48
"2020-07-24 02:47:48",48
"2020-07-24 03:47:55",48
"2020-07-24 04:47:49",48
"2020-07-24 05:48:13",48
"2020-07-24 06:47:30",48
"2020-07-24 07:48:16",48
"2020-07-24 08:47:56",48
"2020-07-24 09:47:58",48
"2020-07-24 10:47:55",48
"2020-07-24 11:47:54",48
"2020-07-24 12:48:09",48
"2020-07-24 13:47:34",48
"2020-07-24 14:47:52",48
"2020-07-24 15:48:15",50
"2020-07-24 16:47:54",51
"2020-07-24 17:47:29",52
"2020-07-24 18:47:49",52
"2020-07-24 19:47:45",52
"2020-07-24 20:47:50",53
"2020-07-24 21:47:24",53
"2020-07-24 22:48:09",53
"2020-07-24 23:47:52",53
"2020-07-25 00:47:32",53
"2020-07-25 01:47:34",53
"2020-07-25 02:47:53",53
"2020-07-25 03:47:57",53
"2020-07-25 04:47:52",53
"2020-07-25 05:47:59",53
"2020-07-25 06:47:55",53
"2020-07-25 07:48:23",53
"2020-07-25 08:48:14",53
"2020-07-25 09:48:21",53
"2020-07-25 10:47:32",53
"2020-07-25 11:48:17",53
"2020-07-25 12:47:56",53
"2020-07-25 13:48:14",53
"2020-07-25 14:47:52",53
"2020-07-25 15:47:53",53
"2020-07-25 16:48:05",53
"2020-07-25 17:47:55",53
"2020-07-25 18:47:54",53
"2020-07-25 19:47:35",53
"2020-07-25 20:48:17",53
"2020-07-25 21:47:58",53
"2020-07-25 22:47:53",53
"2020-07-25 23:47:57",53
"2020-07-26 00:47:56",53
"2020-07-26 01:48:02",53
"2020-07-26 02:48:17",53
"2020-07-26 03:47:54",53
"2020-07-26 04:47:54",53
"2020-07-26 05:47:55",53
"2020-07-26 06:47:53",53
"2020-07-26 07:47:53",53
"2020-07-26 08:47:55",53
"2020-07-26 09:48:00",53
"2020-07-26 10:47:34",53
"2020-07-26 11:47:59",53
"2020-07-26 12:48:21",53
"2020-07-26 13:48:17",53
"2020-07-26 14:47:32",53
"2020-07-26 15:48:07",53
"2020-07-26 16:47:55",53
"2020-07-26 17:47:55",53
"2020-07-26 18:47:58",53
"2020-07-26 19:47:54",53
"2020-07-26 20:47:56",53
"2020-07-26 21:48:22",53
"2020-07-26 22:48:18",53
"2020-07-26 23:47:57",53
"2020-07-27 00:48:19",53
"2020-07-27 01:48:04",53
"2020-07-27 02:48:24",53
"2020-07-27 03:48:27",53
"2020-07-27 04:48:04",53
"2020-07-27 05:48:25",53
"2020-07-27 06:48:16",53
"2020-07-27 07:48:10",53
"2020-07-27 08:47:56",53
"2020-07-27 09:47:59",53
"2020-07-27 10:47:32",53
"2020-07-27 11:48:15",53
"2020-07-27 12:47:55",53
"2020-07-27 13:47:58",53
"2020-07-27 14:48:05",55
"2020-07-27 15:48:02",55
"2020-07-27 16:48:09",55
"2020-07-27 17:48:24",55
"2020-07-27 18:48:19",55
"2020-07-27 19:47:56",55
"2020-07-27 20:48:21",55
"2020-07-27 21:47:57",55
"2020-07-27 22:47:56",55
"2020-07-27 23:48:11",55
"2020-07-28 00:48:34",55
"2020-07-28 01:48:29",55
"2020-07-28 02:48:55",55
"2020-07-28 03:48:06",55
"2020-07-28 04:48:29",55
"2020-07-28 07:10:27",55
"2020-07-28 07:16:37",55
"2020-07-28 07:48:16",55
"2020-07-28 08:47:52",55
"2020-07-28 09:47:45",55
"2020-07-28 10:48:14",55
"2020-07-28 11:48:10",55
"2020-07-28 13:16:11",55
"2020-07-28 13:48:03",55
"2020-07-28 14:47:36",54
"2020-07-28 15:47:55",54
"2020-07-28 16:47:47",54
"2020-07-28 17:47:33",54
"2020-07-28 18:47:37",54
"2020-07-28 19:47:52",54
"2020-07-28 20:47:52",54
"2020-07-28 21:47:36",54
"2020-07-28 22:47:59",54
"2020-07-28 23:48:25",54
"2020-07-29 00:47:54",54
"2020-07-29 01:48:18",54
"2020-07-29 02:47:32",54
"2020-07-29 03:47:54",54
"2020-07-29 04:47:31",54
"2020-07-29 05:48:16",54
"2020-07-29 06:47:29",54
"2020-07-29 07:47:55",54
"2020-07-29 08:47:58",54
"2020-07-29 09:48:00",54
"2020-07-29 10:48:04",54
"2020-07-29 11:48:15",54
"2020-07-29 13:18:43",54
"2020-07-29 13:48:02",54
"2020-07-29 14:48:27",54
"2020-07-29 15:48:37",54
"2020-07-29 16:48:47",55
"2020-07-29 17:48:31",55
"2020-07-29 18:48:27",54
"2020-07-29 19:48:22",53
"2020-07-29 20:48:20",53
"2020-07-29 21:48:18",53
"2020-07-29 22:48:21",53
"2020-07-29 23:48:25",53
"2020-07-30 00:48:27",53
"2020-07-30 01:48:33",53
"2020-07-30 02:48:26",53
"2020-07-30 03:48:18",53
"2020-07-30 04:49:15",53
"2020-07-30 05:48:42",53
"2020-07-30 06:48:13",53
"2020-07-30 07:48:17",53
"2020-07-30 08:48:27",53
"2020-07-30 09:48:21",53
"2020-07-30 10:48:10",53
"2020-07-30 11:48:20",53
"2020-07-30 13:11:13",53
"2020-07-30 13:48:23",53
"2020-07-30 14:48:23",53
"2020-07-30 15:48:20",54
"2020-07-30 16:47:45",54
"2020-07-30 17:48:17",54
"2020-07-30 18:48:26",54
"2020-07-30 19:48:19",54
"2020-07-30 20:47:56",53
"2020-07-30 21:47:59",53
"2020-07-30 22:48:16",53
"2020-07-30 23:47:42",53
"2020-07-31 00:48:23",53
"2020-07-31 01:47:48",53
"2020-07-31 02:48:26",53
"2020-07-31 03:47:59",53
"2020-07-31 04:47:35",53
"2020-07-31 05:47:55",53
"2020-07-31 06:47:30",53
"2020-07-31 07:47:58",53
"2020-07-31 08:47:58",53
"2020-07-31 09:47:56",53
"2020-07-31 10:47:40",53
"2020-07-31 11:47:29",53
"2020-07-31 12:47:32",53
"2020-07-31 13:48:23",53
"2020-07-31 14:47:37",53
"2020-07-31 15:47:54",53
"2020-07-31 16:48:03",53
"2020-07-31 17:47:55",53
"2020-07-31 18:47:57",53
"2020-07-31 19:47:56",53
"2020-07-31 20:47:56",53
"2020-07-31 21:47:56",53
"2020-07-31 22:47:33",53
"2020-07-31 23:48:13",53
"2020-08-01 00:48:17",53
"2020-08-01 01:47:32",53
"2020-08-01 02:47:33",53
"2020-08-01 03:47:54",53
"2020-08-01 04:48:13",53
"2020-08-01 05:47:59",53
"2020-08-01 06:47:54",53
"2020-08-01 07:48:16",53
"2020-08-01 08:48:15",53
"2020-08-01 09:48:13",53
"2020-08-01 10:47:54",53
"2020-08-01 11:47:53",53
"2020-08-01 12:47:56",53
"2020-08-01 13:47:53",53
"2020-08-01 14:47:30",53
"2020-08-01 15:48:26",53
"2020-08-01 16:48:20",53
"2020-08-01 17:47:56",53
"2020-08-01 18:47:52",53
"2020-08-01 19:47:52",53
"2020-08-01 20:47:50",53
"2020-08-01 21:47:50",53
"2020-08-01 22:47:49",53
"2020-08-01 23:47:56",53
"2020-08-02 00:48:23",53
"2020-08-02 01:47:52",53
"2020-08-02 02:47:32",53
"2020-08-02 03:48:21",53
"2020-08-02 04:47:30",53
"2020-08-02 05:47:57",53
"2020-08-02 06:48:15",53
"2020-08-02 07:48:13",53
"2020-08-02 08:48:13",53
"2020-08-02 09:48:18",53
"2020-08-02 10:48:16",53
"2020-08-02 11:47:34",53
"2020-08-02 12:47:51",53
"2020-08-02 13:47:37",53
"2020-08-02 14:47:31",53
"2020-08-02 15:48:25",53
"2020-08-02 16:47:28",53
"2020-08-02 17:47:54",53
"2020-08-02 18:47:54",53
"2020-08-02 19:47:54",53
"2020-08-02 20:47:33",53
"2020-08-02 21:47:58",53
"2020-08-02 22:47:57",53
"2020-08-02 23:47:59",53
"2020-08-03 00:48:17",53
"2020-08-03 01:47:55",53
"2020-08-03 02:47:59",53
"2020-08-03 03:47:54",53
"2020-08-03 04:47:53",53
"2020-08-03 05:48:06",53
"2020-08-03 06:47:36",53
"2020-08-03 07:47:51",53
"2020-08-03 08:47:34",53
"2020-08-03 09:48:19",53
"2020-08-03 10:48:10",53
"2020-08-03 11:47:48",53
"2020-08-03 12:48:11",53
"2020-08-03 13:47:59",53
"2020-08-03 14:47:38",53
"2020-08-03 15:48:20",53
"2020-08-03 16:48:06",53
"2020-08-03 17:47:54",53
"2020-08-03 18:47:41",53
"2020-08-03 19:47:59",53
"2020-08-03 20:47:51",53
"2020-08-03 21:47:27",53
"2020-08-03 22:47:52",53
"2020-08-03 23:48:05",53
"2020-08-04 00:48:17",53
"2020-08-04 01:48:01",53
"2020-08-04 02:48:16",53
"2020-08-04 03:48:11",53
"2020-08-04 04:48:49",53
"2020-08-04 05:47:59",53
"2020-08-04 06:48:01",53
"2020-08-04 07:47:40",53
"2020-08-04 08:48:04",53
"2020-08-04 09:47:56",53
"2020-08-04 10:47:31",53
"2020-08-04 11:47:49",53
"2020-08-04 12:47:31",53
"2020-08-04 13:48:20",53
"2020-08-04 14:47:53",53
"2020-08-04 15:47:59",53
"2020-08-04 16:47:59",53
"2020-08-04 17:48:04",53
"2020-08-04 18:48:16",53
"2020-08-04 19:47:47",54
"2020-08-04 20:47:52",54
"2020-08-04 21:47:58",54
"2020-08-04 22:47:54",54
"2020-08-04 23:48:24",54
"2020-08-05 00:48:04",54
"2020-08-05 01:48:19",54
"2020-08-05 02:47:41",54
"2020-08-05 03:48:18",54
"2020-08-05 04:48:11",54
"2020-08-05 05:48:11",54
"2020-08-05 06:47:31",54
"2020-08-05 07:47:38",54
"2020-08-05 08:47:58",54
"2020-08-05 09:48:21",54
"2020-08-05 10:47:52",54
"2020-08-05 11:47:54",54
"2020-08-05 13:14:42",54
"2020-08-05 13:48:19",54
"2020-08-05 14:47:57",53
"2020-08-05 15:47:35",53
"2020-08-05 16:47:53",53
"2020-08-05 17:47:52",54
"2020-08-05 18:47:54",54
"2020-08-05 19:48:13",54
"2020-08-05 20:47:48",54
"2020-08-05 21:47:36",54
"2020-08-05 22:48:10",55
"2020-08-05 23:47:55",55
"2020-08-06 00:48:26",55
"2020-08-06 01:47:56",55
"2020-08-06 02:47:44",55
"2020-08-06 03:47:59",55
"2020-08-06 04:47:56",55
"2020-08-06 05:48:44",55
"2020-08-06 06:48:03",55
"2020-08-06 07:48:21",55
"2020-08-06 08:48:24",55
"2020-08-06 09:47:56",55
"2020-08-06 10:48:24",55
"2020-08-06 11:47:51",55
"2020-08-06 12:48:21",55
"2020-08-06 13:47:40",55
"2020-08-06 14:47:29",55
"2020-08-06 15:47:53",55
"2020-08-06 16:48:17",55
"2020-08-06 17:47:52",55
"2020-08-06 18:47:54",55
"2020-08-06 19:47:52",55
"2020-08-06 20:48:15",55
"2020-08-06 21:47:56",55
"2020-08-06 22:47:32",55
"2020-08-06 23:48:23",55
"2020-08-07 00:47:54",55
"2020-08-07 01:48:12",55
"2020-08-07 02:47:56",55
"2020-08-07 03:47:50",55
"2020-08-07 04:48:17",55
"2020-08-07 05:48:10",55
"2020-08-07 06:47:29",55
"2020-08-07 07:48:09",55
"2020-08-07 08:47:51",55
"2020-08-07 09:47:51",55
"2020-08-07 10:47:53",55
"2020-08-07 11:47:29",55
"2020-08-07 12:47:28",55
"2020-08-07 13:47:52",55
"2020-08-07 14:47:27",57
"2020-08-07 15:48:14",57
"2020-08-07 16:47:50",57
"2020-08-07 17:47:49",57
"2020-08-07 18:47:52",56
"2020-08-07 19:47:29",56
"2020-08-07 20:47:56",56
"2020-08-07 21:47:49",56
"2020-08-07 22:47:49",55
"2020-08-07 23:47:51",55
"2020-08-08 00:47:30",55
"2020-08-08 01:48:12",55
"2020-08-08 02:47:43",55
"2020-08-08 03:47:25",55
"2020-08-08 04:47:27",55
"2020-08-08 05:47:37",55
"2020-08-08 06:47:54",55
"2020-08-08 07:47:55",55
"2020-08-08 08:48:16",55
"2020-08-08 09:47:55",55
"2020-08-08 10:48:00",55
"2020-08-08 11:47:59",55
"2020-08-08 12:47:41",55
"2020-08-08 13:47:56",55
"2020-08-08 14:47:51",55
"2020-08-08 15:47:50",55
"2020-08-08 16:47:52",55
"2020-08-08 17:47:30",55
"2020-08-08 18:47:29",55
"2020-08-08 19:47:51",55
"2020-08-08 20:48:10",55
"2020-08-08 21:47:56",55
"2020-08-08 22:47:54",55
"2020-08-08 23:48:03",55
"2020-08-09 00:48:22",55
"2020-08-09 01:48:01",55
"2020-08-09 02:48:17",55
"2020-08-09 03:48:16",55
"2020-08-09 04:47:56",55
"2020-08-09 05:48:19",55
"2020-08-09 06:48:13",55
"2020-08-09 07:47:57",55
"2020-08-09 08:47:33",55
"2020-08-09 09:48:06",55
"2020-08-09 10:47:39",55
"2020-08-09 11:47:33",55
"2020-08-09 12:48:04",55
"2020-08-09 13:48:20",55
"2020-08-09 14:47:59",55
"2020-08-09 15:47:52",55
"2020-08-09 16:48:16",55
"2020-08-09 17:47:54",55
"2020-08-09 18:47:55",55
"2020-08-09 19:48:16",55
"2020-08-09 20:47:57",55
"2020-08-09 21:47:52",55
"2020-08-09 22:47:54",55
"2020-08-09 23:47:57",55
"2020-08-10 00:48:15",55
"2020-08-10 01:47:55",55
"2020-08-10 02:48:18",55
"2020-08-10 03:47:54",55
"2020-08-10 04:47:31",55
"2020-08-10 05:47:55",55
"2020-08-10 06:47:24",55
"2020-08-10 07:47:27",55
"2020-08-10 08:47:59",55
"2020-08-10 09:47:58",55
"2020-08-10 10:47:55",55
"2020-08-10 11:47:56",55
"2020-08-10 12:47:28",55
"2020-08-10 13:48:02",55
"2020-08-10 14:47:53",53
"2020-08-10 15:48:18",53
"2020-08-10 16:47:52",53
"2020-08-10 17:48:14",53
"2020-08-10 18:47:54",53
"2020-08-10 19:48:11",54
"2020-08-10 20:47:48",54
"2020-08-10 21:48:15",54
"2020-08-10 22:47:37",54
"2020-08-10 23:47:36",54
"2020-08-11 00:47:36",54
"2020-08-11 01:47:57",54
"2020-08-11 02:47:55",54
"2020-08-11 03:48:18",54
"2020-08-11 04:47:54",54
"2020-08-11 05:47:57",54
"2020-08-11 06:47:51",54
"2020-08-11 07:48:12",54
"2020-08-11 08:47:30",54
"2020-08-11 09:47:51",54
"2020-08-11 10:47:58",54
"2020-08-11 11:47:38",54
"2020-08-11 12:47:51",54
"2020-08-11 13:48:22",54
"2020-08-11 14:48:13",55
"2020-08-11 15:47:53",56
"2020-08-11 16:47:27",56
"2020-08-11 17:47:57",58
"2020-08-11 18:47:52",58
"2020-08-11 19:47:28",59
"2020-08-11 20:47:49",59
"2020-08-11 21:48:20",59
"2020-08-11 22:47:55",59
"2020-08-11 23:47:54",59
"2020-08-12 00:47:35",59
"2020-08-12 01:48:00",59
"2020-08-12 02:47:53",59
"2020-08-12 03:48:09",59
"2020-08-12 04:47:54",59
"2020-08-12 05:48:13",59
"2020-08-12 06:47:50",59
"2020-08-12 07:48:17",59
"2020-08-12 08:47:31",59
"2020-08-12 09:48:15",59
"2020-08-12 10:47:51",59
"2020-08-12 11:47:51",59
"2020-08-12 12:47:51",59
"2020-08-12 13:47:28",59
"2020-08-12 14:47:46",59
"2020-08-12 15:48:10",59
"2020-08-12 16:47:51",59
"2020-08-12 22:47:25",61
"2020-08-12 23:48:17",61
"2020-08-13 00:47:57",61
"2020-08-13 01:47:36",61
"2020-08-13 02:47:27",61
"2020-08-13 03:56:18",61
"2020-08-13 04:52:41",61
"2020-08-13 05:52:05",61
"2020-08-13 06:57:06",61
"2020-08-13 07:55:37",61
"2020-08-13 08:55:18",61
"2020-08-13 09:57:09",61
"2020-08-13 10:54:46",61
"2020-08-13 11:56:39",61
"2020-08-13 12:56:10",61
"2020-08-13 13:58:39",61
"2020-08-13 14:56:07",59
"2020-08-13 15:55:41",59
"2020-08-13 16:55:37",58
"2020-08-13 20:54:05",56
"2020-08-13 21:52:05",56
"2020-08-13 22:57:37",56
