timestamp,users_holding
"2018-05-02 04:50:37",10
"2018-05-02 06:34:48",10
"2018-05-02 06:37:10",10
"2018-05-03 00:32:02",10
"2018-05-03 06:30:24",10
"2018-05-03 06:45:21",10
"2018-05-03 07:03:21",10
"2018-05-03 07:30:47",10
"2018-05-03 07:40:00",10
"2018-05-03 11:16:51",10
"2018-05-03 12:17:56",10
"2018-05-03 12:40:15",10
"2018-05-03 13:40:15",10
"2018-05-03 14:40:15",10
"2018-05-03 15:40:16",10
"2018-05-03 16:40:16",11
"2018-05-03 17:40:15",11
"2018-05-03 18:40:15",11
"2018-05-03 19:40:15",11
"2018-05-03 20:40:16",11
"2018-05-03 21:40:15",11
"2018-05-03 22:40:15",11
"2018-05-03 23:40:15",11
"2018-05-04 00:40:14",11
"2018-05-04 01:40:15",11
"2018-05-04 02:40:15",11
"2018-05-04 03:40:15",11
"2018-05-04 04:40:15",11
"2018-05-04 05:40:15",11
"2018-05-04 06:40:15",11
"2018-05-04 07:40:15",11
"2018-05-04 08:40:15",11
"2018-05-04 09:40:15",11
"2018-05-04 10:40:16",11
"2018-05-04 11:40:15",11
"2018-05-04 12:40:15",11
"2018-05-04 20:44:59",11
"2018-05-04 20:50:58",11
"2018-05-04 20:56:58",11
"2018-05-04 21:02:58",11
"2018-05-04 21:08:57",11
"2018-05-04 21:14:58",11
"2018-05-04 21:20:58",11
"2018-05-04 21:26:57",11
"2018-05-04 21:40:15",11
"2018-05-04 22:40:16",11
"2018-05-04 23:40:16",11
"2018-05-05 00:40:16",11
"2018-05-05 01:40:16",11
"2018-05-05 02:40:16",11
"2018-05-05 03:40:16",11
"2018-05-05 04:40:16",11
"2018-05-05 05:40:16",11
"2018-05-05 06:40:17",11
"2018-05-05 07:40:17",11
"2018-05-05 08:40:16",11
"2018-05-05 09:40:16",11
"2018-05-05 10:40:17",11
"2018-05-05 11:40:16",11
"2018-05-05 12:40:16",11
"2018-05-05 13:40:17",11
"2018-05-05 14:40:16",11
"2018-05-05 15:40:17",11
"2018-05-05 16:40:16",11
"2018-05-05 17:40:16",11
"2018-05-05 18:40:16",11
"2018-05-05 19:40:16",11
"2018-05-05 20:40:17",11
"2018-05-05 21:40:16",11
"2018-05-05 22:40:16",11
"2018-05-05 23:40:16",11
"2018-05-06 00:40:16",11
"2018-05-06 01:40:16",11
"2018-05-06 02:40:16",11
"2018-05-06 03:40:16",11
"2018-05-06 04:40:16",11
"2018-05-06 05:40:16",11
"2018-05-06 06:40:16",11
"2018-05-06 07:40:20",11
"2018-05-06 08:40:16",11
"2018-05-06 09:40:16",11
"2018-05-06 10:40:15",11
"2018-05-06 11:40:17",11
"2018-05-06 12:40:16",11
"2018-05-06 13:40:17",11
"2018-05-06 14:40:16",11
"2018-05-06 15:40:16",11
"2018-05-06 16:40:17",11
"2018-05-06 17:40:16",11
"2018-05-06 18:40:17",11
"2018-05-06 19:40:16",11
"2018-05-06 20:40:17",11
"2018-05-06 21:40:16",11
"2018-05-06 22:40:16",11
"2018-05-06 23:40:16",11
"2018-05-07 00:40:16",11
"2018-05-07 01:40:16",11
"2018-05-07 01:53:52",11
"2018-05-07 02:40:17",11
"2018-05-07 03:40:16",11
"2018-05-07 04:40:16",11
"2018-05-07 05:40:16",11
"2018-05-07 06:40:15",11
"2018-05-07 07:40:16",11
"2018-05-07 08:40:16",11
"2018-05-07 09:40:15",11
"2018-05-07 10:40:16",11
"2018-05-07 11:40:16",11
"2018-05-07 12:40:16",11
"2018-05-07 13:40:21",11
"2018-05-07 14:40:16",11
"2018-05-07 15:40:16",11
"2018-05-07 16:40:17",11
"2018-05-07 17:40:16",11
"2018-05-07 22:40:16",11
"2018-05-07 23:40:16",11
"2018-05-08 00:40:16",11
"2018-05-08 01:40:15",11
"2018-05-08 02:40:16",11
"2018-05-08 03:40:16",11
"2018-05-08 04:40:15",11
"2018-05-08 05:40:15",11
"2018-05-08 06:40:16",11
"2018-05-08 07:40:16",11
"2018-05-08 08:40:15",11
"2018-05-08 09:40:15",11
"2018-05-08 10:40:15",11
"2018-05-08 11:40:15",11
"2018-05-08 12:40:15",11
"2018-05-08 13:40:15",11
"2018-05-08 14:40:16",11
"2018-05-08 15:40:15",11
"2018-05-08 16:40:15",12
"2018-05-08 17:40:15",12
"2018-05-08 18:40:16",12
"2018-05-08 19:40:16",12
"2018-05-08 20:40:15",12
"2018-05-08 21:40:15",12
"2018-05-08 22:40:16",12
"2018-05-08 23:40:21",12
"2018-05-09 00:40:16",12
"2018-05-09 01:40:16",12
"2018-05-09 02:40:15",12
"2018-05-09 03:40:15",12
"2018-05-09 04:40:16",12
"2018-05-09 05:40:16",12
"2018-05-09 06:40:15",12
"2018-05-09 07:40:15",12
"2018-05-09 08:40:16",12
"2018-05-09 09:40:15",12
"2018-05-09 10:40:15",12
"2018-05-09 11:40:16",12
"2018-05-09 12:40:15",12
"2018-05-09 13:40:16",12
"2018-05-09 14:40:15",12
"2018-05-09 15:40:14",12
"2018-05-09 16:40:15",12
"2018-05-09 17:40:16",12
"2018-05-09 18:40:15",12
"2018-05-09 19:40:15",12
"2018-05-09 20:40:15",12
"2018-05-09 21:40:16",12
"2018-05-09 22:40:15",12
"2018-05-09 23:40:15",12
"2018-05-10 00:40:16",12
"2018-05-10 01:40:16",12
"2018-05-10 02:40:17",12
"2018-05-10 03:40:17",12
"2018-05-10 04:40:17",12
"2018-05-10 05:40:16",12
"2018-05-10 06:40:16",12
"2018-05-10 07:40:17",12
"2018-05-10 08:40:17",12
"2018-05-10 09:40:16",12
"2018-05-10 10:40:17",12
"2018-05-10 11:40:17",12
"2018-05-10 12:40:16",12
"2018-05-10 13:40:21",12
"2018-05-10 14:40:17",12
"2018-05-10 15:40:17",12
"2018-05-10 16:40:17",12
"2018-05-10 17:40:17",11
"2018-05-10 18:40:17",11
"2018-05-10 19:40:17",11
"2018-05-10 20:40:16",11
"2018-05-10 21:40:16",11
"2018-05-10 22:40:17",11
"2018-05-10 23:40:17",11
"2018-05-11 00:40:17",11
"2018-05-11 01:40:17",11
"2018-05-11 02:40:16",11
"2018-05-11 03:40:16",11
"2018-05-11 04:40:16",11
"2018-05-11 05:40:17",11
"2018-05-11 06:40:16",11
"2018-05-11 07:40:16",11
"2018-05-11 08:40:17",11
"2018-05-11 09:40:16",11
"2018-05-11 10:40:16",11
"2018-05-11 11:40:17",11
"2018-05-11 12:40:16",11
"2018-05-11 13:40:18",11
"2018-05-11 14:40:16",11
"2018-05-11 15:40:17",11
"2018-05-11 16:40:16",11
"2018-05-11 17:40:17",11
"2018-05-11 18:40:16",11
"2018-05-11 19:40:16",11
"2018-05-11 20:40:16",12
"2018-05-11 21:40:17",12
"2018-05-11 22:40:16",12
"2018-05-11 23:40:16",12
"2018-05-12 00:40:17",12
"2018-05-12 01:40:17",12
"2018-05-12 02:40:16",12
"2018-05-12 03:40:17",12
"2018-05-12 04:40:16",12
"2018-05-12 05:40:17",12
"2018-05-12 06:40:17",12
"2018-05-12 07:40:16",12
"2018-05-12 08:40:17",12
"2018-05-12 09:40:16",12
"2018-05-12 10:40:16",12
"2018-05-12 11:40:17",12
"2018-05-12 12:40:16",12
"2018-05-12 13:40:17",12
"2018-05-12 14:40:16",12
"2018-05-12 15:40:17",12
"2018-05-12 16:40:16",12
"2018-05-12 17:40:16",12
"2018-05-12 18:40:16",12
"2018-05-12 19:40:17",12
"2018-05-12 20:40:17",12
"2018-05-12 21:40:16",12
"2018-05-12 22:40:16",12
"2018-05-12 23:40:16",12
"2018-05-13 00:40:17",12
"2018-05-13 01:40:17",12
"2018-05-13 02:40:16",12
"2018-05-13 03:40:16",12
"2018-05-13 04:40:17",12
"2018-05-13 05:40:16",12
"2018-05-13 06:40:17",12
"2018-05-13 07:40:17",12
"2018-05-13 08:40:16",12
"2018-05-13 09:40:17",12
"2018-05-13 10:40:16",12
"2018-05-13 11:40:16",12
"2018-05-13 12:40:17",12
"2018-05-13 13:40:16",12
"2018-05-13 14:40:16",12
"2018-05-13 15:40:17",12
"2018-05-13 16:40:17",12
"2018-05-13 17:40:16",12
"2018-05-13 18:40:17",12
"2018-05-13 19:40:16",12
"2018-05-13 20:40:17",12
"2018-05-13 21:40:17",12
"2018-05-13 22:40:17",12
"2018-05-13 23:40:17",12
"2018-05-14 00:40:17",12
"2018-05-14 01:40:16",12
"2018-05-14 02:40:17",12
"2018-05-14 03:40:17",12
"2018-05-14 04:40:17",12
"2018-05-14 05:40:16",12
"2018-05-14 06:40:16",12
"2018-05-14 07:40:16",12
"2018-05-14 08:40:16",12
"2018-05-14 09:40:16",12
"2018-05-14 10:40:16",12
"2018-05-14 11:40:17",12
"2018-05-14 12:40:16",12
"2018-05-14 13:40:17",12
"2018-05-14 14:40:17",12
"2018-05-14 15:40:17",12
"2018-05-14 16:40:16",12
"2018-05-14 17:40:16",12
"2018-05-14 18:40:17",12
"2018-05-14 19:40:16",12
"2018-05-14 20:40:16",12
"2018-05-14 21:40:16",12
"2018-05-14 22:40:17",12
"2018-05-14 23:40:17",12
"2018-05-15 00:40:16",12
"2018-05-15 01:40:16",12
"2018-05-15 02:40:17",12
"2018-05-15 03:40:16",12
"2018-05-15 04:40:17",12
"2018-05-15 05:40:16",12
"2018-05-15 06:40:16",12
"2018-05-15 07:40:16",12
"2018-05-15 08:40:17",12
"2018-05-15 09:40:16",12
"2018-05-15 10:40:17",12
"2018-05-15 11:40:17",12
"2018-05-15 12:40:16",12
"2018-05-15 13:40:16",12
"2018-05-15 14:40:17",12
"2018-05-15 15:40:16",12
"2018-05-15 16:40:17",12
"2018-05-15 17:40:17",12
"2018-05-15 18:40:18",12
"2018-05-15 19:40:17",12
"2018-05-15 20:40:16",12
"2018-05-15 21:40:16",12
"2018-05-15 22:40:17",12
"2018-05-15 23:40:17",12
"2018-05-16 00:40:16",12
"2018-05-16 01:40:16",12
"2018-05-16 02:40:17",12
"2018-05-16 03:40:17",12
"2018-05-16 04:40:17",12
"2018-05-16 05:40:16",12
"2018-05-16 06:40:17",12
"2018-05-16 07:40:17",12
"2018-05-16 08:40:17",12
"2018-05-16 09:40:16",12
"2018-05-16 10:40:16",12
"2018-05-16 11:40:17",12
"2018-05-16 12:40:18",12
"2018-05-16 13:40:17",12
"2018-05-16 14:40:16",12
"2018-05-16 15:40:17",12
"2018-05-16 16:40:17",12
"2018-05-16 17:40:17",12
"2018-05-16 18:40:16",12
"2018-05-16 19:40:17",12
"2018-05-16 20:40:16",11
"2018-05-16 21:40:16",11
"2018-05-16 22:40:16",11
"2018-05-16 23:40:17",11
"2018-05-17 00:40:17",11
"2018-05-17 01:40:16",11
"2018-05-17 02:40:16",11
"2018-05-17 03:40:17",11
"2018-05-17 04:40:16",11
"2018-05-17 05:40:16",11
"2018-05-17 06:40:17",11
"2018-05-17 07:40:17",11
"2018-05-17 08:40:17",11
"2018-05-17 09:40:16",11
"2018-05-17 10:40:16",11
"2018-05-17 11:40:17",11
"2018-05-17 12:40:16",11
"2018-05-17 13:40:17",11
"2018-05-17 14:40:17",11
"2018-05-17 15:40:16",11
"2018-05-18 07:40:17",11
"2018-05-18 08:40:17",11
"2018-05-18 09:40:16",11
"2018-05-18 10:40:16",11
"2018-05-18 11:40:16",11
"2018-05-18 12:40:17",11
"2018-05-18 13:40:17",11
"2018-05-18 14:40:16",11
"2018-05-18 15:40:16",11
"2018-05-18 16:40:16",11
"2018-05-18 17:40:16",11
"2018-05-18 18:40:16",11
"2018-05-18 19:40:17",11
"2018-05-18 20:40:17",11
"2018-05-18 21:40:16",11
"2018-05-18 22:40:17",11
"2018-05-18 23:40:17",11
"2018-05-19 00:40:16",11
"2018-05-19 01:40:17",11
"2018-05-19 02:40:16",11
"2018-05-19 03:40:16",11
"2018-05-19 04:40:17",11
"2018-05-19 05:40:17",11
"2018-05-19 06:40:18",11
"2018-05-19 07:40:16",11
"2018-05-19 08:40:16",11
"2018-05-19 09:40:16",11
"2018-05-19 10:40:16",11
"2018-05-19 11:40:16",11
"2018-05-19 12:40:17",11
"2018-05-19 13:40:17",11
"2018-05-19 14:40:17",11
"2018-05-19 15:40:17",11
"2018-05-19 16:40:17",11
"2018-05-19 17:40:17",11
"2018-05-19 18:40:16",11
"2018-05-19 19:40:16",11
"2018-05-19 20:40:17",11
"2018-05-19 21:40:16",11
"2018-05-19 22:40:16",11
"2018-05-19 23:40:16",11
"2018-05-20 00:40:17",11
"2018-05-20 01:40:17",11
"2018-05-20 02:40:16",11
"2018-05-20 03:40:16",11
"2018-05-20 04:40:17",11
"2018-05-20 05:40:17",11
"2018-05-20 06:40:16",11
"2018-05-20 07:40:16",11
"2018-05-20 08:40:16",11
"2018-05-20 09:40:16",11
"2018-05-20 10:40:17",11
"2018-05-20 11:40:16",11
"2018-05-20 12:40:16",11
"2018-05-20 13:40:16",11
"2018-05-20 14:40:18",11
"2018-05-20 15:40:16",11
"2018-05-20 16:40:17",11
"2018-05-20 17:40:17",11
"2018-05-20 18:40:16",11
"2018-05-20 19:40:16",11
"2018-05-20 20:40:16",11
"2018-05-20 21:40:16",11
"2018-05-20 22:40:17",11
"2018-05-20 23:40:16",11
"2018-05-21 00:40:17",11
"2018-05-21 01:40:17",11
"2018-05-21 02:40:18",11
"2018-05-21 03:40:17",11
"2018-05-21 04:40:18",11
"2018-05-21 05:40:16",11
"2018-05-21 06:40:17",11
"2018-05-21 07:40:17",11
"2018-05-21 08:40:16",11
"2018-05-21 09:40:17",11
"2018-05-21 10:40:16",11
"2018-05-21 11:40:17",11
"2018-05-21 12:40:17",11
"2018-05-21 13:40:17",11
"2018-05-21 14:40:17",11
"2018-05-21 15:40:17",11
"2018-05-21 16:40:17",11
"2018-05-21 17:40:16",11
"2018-05-21 18:40:17",11
"2018-05-21 19:40:17",11
"2018-05-21 20:40:17",11
"2018-05-21 21:40:16",11
"2018-05-21 22:40:16",11
"2018-05-21 23:40:16",11
"2018-05-22 00:40:16",11
"2018-05-22 01:40:17",11
"2018-05-22 02:40:17",11
"2018-05-22 03:40:16",11
"2018-05-22 04:40:17",11
"2018-05-22 05:40:16",11
"2018-05-22 06:40:16",11
"2018-05-22 07:40:17",11
"2018-05-22 08:40:16",11
"2018-05-22 09:40:16",11
"2018-05-22 10:40:16",11
"2018-05-22 11:40:16",11
"2018-05-22 12:40:18",11
"2018-05-22 13:40:19",11
"2018-05-22 14:40:18",11
"2018-05-22 15:40:18",11
"2018-05-22 16:40:17",11
"2018-05-22 17:40:17",11
"2018-05-22 18:40:18",11
"2018-05-22 19:40:17",11
"2018-05-22 20:40:17",11
"2018-05-22 21:40:18",11
"2018-05-22 22:40:18",11
"2018-05-22 23:40:17",11
"2018-05-23 00:40:17",11
"2018-05-23 01:40:18",11
"2018-05-23 02:40:17",11
"2018-05-23 03:40:18",11
"2018-05-23 04:40:17",11
"2018-05-23 05:40:18",11
"2018-05-23 06:40:18",11
"2018-05-23 07:40:20",11
"2018-05-23 08:40:18",11
"2018-05-23 09:40:17",11
"2018-05-23 10:40:18",11
"2018-05-23 11:40:18",11
"2018-05-23 12:40:17",11
"2018-05-23 13:40:17",11
"2018-05-23 14:40:18",11
"2018-05-23 15:40:18",11
"2018-05-23 16:40:20",11
"2018-05-23 17:40:17",11
"2018-05-23 18:40:17",11
"2018-05-23 19:40:17",11
"2018-05-23 20:40:18",11
"2018-05-23 21:40:17",11
"2018-05-23 22:40:18",11
"2018-05-23 23:40:18",11
"2018-05-24 00:40:18",11
"2018-05-24 01:40:18",11
"2018-05-24 02:40:18",11
"2018-05-24 03:40:17",11
"2018-05-24 04:40:17",11
"2018-05-24 06:40:18",11
"2018-05-24 07:40:17",11
"2018-05-24 08:40:17",11
"2018-05-24 09:40:18",11
"2018-05-24 10:40:18",11
"2018-05-24 11:40:18",11
"2018-05-24 12:40:17",11
"2018-05-24 13:40:18",11
"2018-05-24 20:09:25",11
"2018-05-24 20:40:17",11
"2018-05-24 21:40:18",11
"2018-05-24 22:40:18",11
"2018-05-24 23:40:18",11
"2018-05-25 00:40:17",11
"2018-05-25 01:40:18",11
"2018-05-25 02:40:18",11
"2018-05-25 03:40:18",11
"2018-05-25 04:40:17",11
"2018-05-25 05:40:18",11
"2018-05-25 06:40:18",11
"2018-05-25 07:40:17",11
"2018-05-25 08:40:17",11
"2018-05-25 09:40:17",11
"2018-05-25 10:40:18",11
"2018-05-25 11:40:18",11
"2018-05-25 12:40:18",11
"2018-05-25 13:40:17",11
"2018-05-25 14:40:17",11
"2018-05-25 15:40:18",11
"2018-05-25 16:40:18",11
"2018-05-25 17:40:17",11
"2018-05-25 18:40:17",11
"2018-05-25 19:40:17",11
"2018-05-25 20:40:18",12
"2018-05-25 21:40:17",12
"2018-05-25 22:40:17",12
"2018-05-25 23:40:18",12
"2018-05-26 00:40:18",12
"2018-05-26 01:40:17",12
"2018-05-26 02:40:18",12
"2018-05-26 03:40:17",12
"2018-05-26 04:40:17",12
"2018-05-26 05:40:17",12
"2018-05-26 06:40:17",12
"2018-05-26 07:40:18",12
"2018-05-26 08:40:18",12
"2018-05-26 09:40:17",12
"2018-05-26 10:40:17",12
"2018-05-26 11:40:17",12
"2018-05-26 12:40:17",12
"2018-05-26 13:40:18",12
"2018-05-26 14:40:18",12
"2018-05-26 15:40:18",12
"2018-05-26 16:40:17",12
"2018-05-26 17:40:18",12
"2018-05-26 18:40:18",12
"2018-05-26 19:40:20",12
"2018-05-26 20:40:17",12
"2018-05-26 21:40:17",12
"2018-05-26 22:40:17",12
"2018-05-26 23:40:18",12
"2018-05-27 00:40:18",12
"2018-05-27 01:40:18",12
"2018-05-27 02:40:18",12
"2018-05-27 03:40:17",12
"2018-05-27 04:40:18",12
"2018-05-27 05:40:18",12
"2018-05-27 06:40:17",12
"2018-05-27 07:40:17",12
"2018-05-27 08:40:17",12
"2018-05-27 09:40:17",12
"2018-05-27 10:40:17",12
"2018-05-27 11:40:17",12
"2018-05-27 12:40:17",12
"2018-05-27 13:40:18",12
"2018-05-27 14:40:17",12
"2018-05-27 15:40:18",12
"2018-05-27 16:40:18",12
"2018-05-27 17:40:17",12
"2018-05-27 18:40:18",12
"2018-05-27 19:40:17",12
"2018-05-27 20:40:17",12
"2018-05-27 21:40:18",12
"2018-05-27 22:40:19",12
"2018-05-27 23:40:17",12
"2018-05-28 00:40:17",12
"2018-05-28 01:40:17",12
"2018-05-28 02:40:17",12
"2018-05-28 03:40:17",12
"2018-05-28 04:40:18",12
"2018-05-28 05:40:17",12
"2018-05-28 06:40:17",12
"2018-05-28 07:40:17",12
"2018-05-28 08:40:17",12
"2018-05-28 09:40:18",12
"2018-05-28 10:40:17",12
"2018-05-28 11:40:17",12
"2018-05-28 12:40:17",12
"2018-05-28 13:40:17",12
"2018-05-28 14:40:17",12
"2018-05-28 15:40:18",12
"2018-05-28 16:40:17",12
"2018-05-28 17:40:18",12
"2018-05-28 18:40:18",12
"2018-05-28 19:40:18",12
"2018-05-28 20:40:18",12
"2018-05-28 21:40:17",12
"2018-05-28 22:40:18",12
"2018-05-28 23:40:18",12
"2018-05-29 00:40:18",12
"2018-05-29 01:40:17",12
"2018-05-29 02:40:17",12
"2018-05-29 03:40:18",12
"2018-05-29 04:40:18",12
"2018-05-29 05:40:17",12
"2018-05-29 06:40:17",12
"2018-05-29 07:40:17",12
"2018-05-29 08:40:18",12
"2018-05-29 09:40:17",12
"2018-05-29 10:40:17",12
"2018-05-29 11:40:17",12
"2018-05-29 12:40:18",12
"2018-05-30 19:50:58",12
"2018-05-30 20:40:17",12
"2018-05-30 21:40:17",12
"2018-05-30 22:40:18",12
"2018-05-30 23:40:18",12
"2018-05-31 00:40:18",12
"2018-05-31 01:40:17",12
"2018-05-31 02:40:18",12
"2018-05-31 03:40:22",12
"2018-05-31 04:40:17",12
"2018-05-31 05:40:17",12
"2018-05-31 06:40:18",12
"2018-05-31 07:40:17",12
"2018-05-31 08:40:17",12
"2018-05-31 09:40:18",12
"2018-05-31 10:40:17",12
"2018-05-31 11:40:18",12
"2018-05-31 12:40:17",12
"2018-05-31 13:40:18",12
"2018-05-31 14:40:18",12
"2018-05-31 15:40:17",12
"2018-05-31 16:40:17",12
"2018-05-31 17:40:17",12
"2018-05-31 18:40:17",12
"2018-05-31 19:40:17",12
"2018-05-31 20:40:18",12
"2018-05-31 21:40:17",12
"2018-05-31 22:40:18",12
"2018-05-31 23:40:17",12
"2018-06-01 00:40:18",12
"2018-06-01 01:40:17",12
"2018-06-01 02:40:17",12
"2018-06-01 03:40:18",12
"2018-06-01 04:40:17",12
"2018-06-01 05:40:17",12
"2018-06-01 06:40:18",12
"2018-06-01 07:40:18",12
"2018-06-01 08:40:17",12
"2018-06-01 09:40:17",12
"2018-06-01 10:40:17",12
"2018-06-01 11:40:17",12
"2018-06-01 12:40:17",12
"2018-06-01 13:40:25",12
"2018-06-01 14:40:18",12
"2018-06-01 15:40:19",12
"2018-06-01 16:40:19",13
"2018-06-01 17:40:19",13
"2018-06-01 18:40:18",13
"2018-06-01 19:40:19",13
"2018-06-01 20:40:19",12
"2018-06-01 21:40:19",12
"2018-06-01 22:40:19",12
"2018-06-01 23:40:19",12
"2018-06-02 00:40:19",12
"2018-06-02 01:40:18",12
"2018-06-02 02:40:19",12
"2018-06-02 03:40:18",12
"2018-06-02 04:40:18",12
"2018-06-02 05:40:19",12
"2018-06-02 06:40:18",12
"2018-06-02 07:40:18",12
"2018-06-02 08:40:18",12
"2018-06-02 09:40:19",12
"2018-06-02 10:40:18",12
"2018-06-02 11:40:18",12
"2018-06-02 12:40:19",12
"2018-06-02 13:40:19",12
"2018-06-02 14:40:19",12
"2018-06-02 15:40:19",12
"2018-06-02 16:40:18",12
"2018-06-02 17:40:18",12
"2018-06-02 18:40:18",12
"2018-06-02 19:40:19",12
"2018-06-02 20:40:19",12
"2018-06-02 21:40:19",12
"2018-06-02 22:40:18",12
"2018-06-02 23:40:19",12
"2018-06-03 00:40:18",12
"2018-06-03 01:40:19",12
"2018-06-03 02:40:18",12
"2018-06-03 03:40:18",12
"2018-06-03 04:40:18",12
"2018-06-03 05:40:19",12
"2018-06-03 06:40:18",12
"2018-06-03 19:42:32",12
"2018-06-03 20:40:19",12
"2018-06-03 21:40:18",12
"2018-06-03 22:40:19",12
"2018-06-03 23:40:18",12
"2018-06-04 00:40:18",12
"2018-06-04 01:40:18",12
"2018-06-04 02:40:19",12
"2018-06-04 03:40:18",12
"2018-06-04 04:40:20",12
"2018-06-04 05:40:19",12
"2018-06-04 06:40:18",12
"2018-06-04 07:40:19",12
"2018-06-04 08:40:19",12
"2018-06-04 09:40:19",12
"2018-06-04 10:40:19",12
"2018-06-04 11:40:19",12
"2018-06-04 12:40:18",12
"2018-06-04 13:40:19",12
"2018-06-04 14:40:19",12
"2018-06-04 15:40:19",12
"2018-06-04 16:40:18",12
"2018-06-04 17:40:19",12
"2018-06-04 18:40:19",12
"2018-06-04 19:40:18",12
"2018-06-04 20:40:19",12
"2018-06-04 21:40:18",12
"2018-06-04 22:40:19",12
"2018-06-04 23:40:19",12
"2018-06-05 00:40:19",12
"2018-06-05 01:40:19",12
"2018-06-05 02:40:19",12
"2018-06-05 03:40:18",12
"2018-06-05 04:40:18",12
"2018-06-05 05:40:19",12
"2018-06-05 06:40:19",12
"2018-06-05 07:40:18",12
"2018-06-05 08:40:18",12
"2018-06-05 09:40:19",12
"2018-06-05 10:40:19",12
"2018-06-05 11:40:18",12
"2018-06-05 12:40:18",12
"2018-06-05 13:40:20",12
"2018-06-05 14:40:19",12
"2018-06-05 15:40:19",12
"2018-06-05 16:40:19",12
"2018-06-05 17:40:18",12
"2018-06-05 18:40:18",13
"2018-06-05 19:40:19",13
"2018-06-05 20:40:18",13
"2018-06-05 21:40:18",13
"2018-06-05 22:40:19",13
"2018-06-05 23:40:19",13
"2018-06-06 00:40:19",13
"2018-06-06 01:40:19",13
"2018-06-06 02:40:18",13
"2018-06-06 03:40:19",13
"2018-06-06 04:40:19",13
"2018-06-06 05:40:19",13
"2018-06-06 06:40:19",13
"2018-06-06 07:40:18",13
"2018-06-06 08:40:19",13
"2018-06-06 09:40:18",13
"2018-06-06 10:40:18",13
"2018-06-06 11:40:19",13
"2018-06-06 12:40:18",13
"2018-06-06 13:40:18",13
"2018-06-06 14:40:18",13
"2018-06-06 15:40:19",13
"2018-06-06 16:40:19",13
"2018-06-06 17:40:19",13
"2018-06-06 18:40:19",13
"2018-06-06 19:40:18",13
"2018-06-06 20:40:18",13
"2018-06-06 21:40:18",13
"2018-06-06 22:40:20",13
"2018-06-06 23:40:20",13
"2018-06-07 00:40:19",13
"2018-06-07 01:40:20",13
"2018-06-07 02:40:20",13
"2018-06-07 03:40:19",13
"2018-06-07 04:40:20",13
"2018-06-07 05:40:20",13
"2018-06-07 06:40:19",13
"2018-06-07 07:40:20",13
"2018-06-07 08:40:20",13
"2018-06-07 09:40:20",13
"2018-06-07 10:40:20",13
"2018-06-07 11:40:20",13
"2018-06-07 12:40:20",13
"2018-06-07 13:40:19",13
"2018-06-07 14:40:20",13
"2018-06-07 15:40:19",13
"2018-06-07 16:40:20",13
"2018-06-07 17:40:20",13
"2018-06-07 18:40:19",13
"2018-06-07 19:40:20",12
"2018-06-07 20:40:19",12
"2018-06-07 21:40:19",12
"2018-06-07 22:40:20",12
"2018-06-07 23:40:20",12
"2018-06-08 00:40:20",12
"2018-06-08 01:40:19",12
"2018-06-08 02:40:19",12
"2018-06-08 03:40:19",12
"2018-06-08 04:40:20",12
"2018-06-08 05:40:19",12
"2018-06-08 06:40:21",12
"2018-06-08 07:40:20",12
"2018-06-08 08:40:20",12
"2018-06-08 09:40:19",12
"2018-06-08 10:40:19",12
"2018-06-08 11:40:19",12
"2018-06-08 12:40:20",12
"2018-06-08 13:40:20",12
"2018-06-08 14:40:20",13
"2018-06-08 15:40:19",13
"2018-06-08 16:40:20",13
"2018-06-08 17:40:20",13
"2018-06-08 18:40:20",13
"2018-06-08 19:40:20",13
"2018-06-08 20:40:20",13
"2018-06-08 21:40:20",13
"2018-06-08 22:40:20",13
"2018-06-08 23:40:19",13
"2018-06-09 00:40:20",13
"2018-06-09 01:40:20",13
"2018-06-09 02:40:19",13
"2018-06-09 03:40:20",13
"2018-06-09 04:40:20",13
"2018-06-09 05:40:19",13
"2018-06-09 06:40:21",13
"2018-06-09 07:40:20",13
"2018-06-09 08:40:19",13
"2018-06-09 09:40:20",13
"2018-06-09 10:40:20",13
"2018-06-09 11:40:20",13
"2018-06-09 12:40:20",13
"2018-06-09 13:40:20",13
"2018-06-09 14:40:20",13
"2018-06-09 15:40:20",13
"2018-06-09 16:40:20",13
"2018-06-09 17:40:20",13
"2018-06-09 18:40:20",13
"2018-06-09 19:40:20",13
"2018-06-09 20:40:20",13
"2018-06-09 21:40:20",13
"2018-06-09 22:40:19",13
"2018-06-09 23:40:20",13
"2018-06-10 00:40:20",13
"2018-06-10 01:40:19",13
"2018-06-10 02:40:20",13
"2018-06-10 03:40:19",13
"2018-06-10 04:40:20",13
"2018-06-10 05:40:20",13
"2018-06-10 06:40:19",13
"2018-06-10 07:40:20",13
"2018-06-10 08:40:19",13
"2018-06-10 09:40:19",13
"2018-06-10 10:40:20",13
"2018-06-10 11:40:20",13
"2018-06-10 12:40:20",13
"2018-06-10 13:40:19",13
"2018-06-10 14:40:20",13
"2018-06-10 15:40:19",13
"2018-06-10 16:40:20",13
"2018-06-10 17:40:20",13
"2018-06-10 18:40:20",13
"2018-06-10 19:40:19",13
"2018-06-10 20:40:19",13
"2018-06-10 21:40:19",13
"2018-06-10 22:40:19",13
"2018-06-10 23:40:19",13
"2018-06-11 00:40:20",13
"2018-06-11 01:40:19",13
"2018-06-11 02:40:19",13
"2018-06-11 03:40:20",13
"2018-06-11 04:40:20",13
"2018-06-11 06:40:19",13
"2018-06-11 07:40:19",13
"2018-06-11 08:40:20",13
"2018-06-11 09:40:19",13
"2018-06-11 10:40:20",13
"2018-06-11 11:40:19",13
"2018-06-11 12:40:20",13
"2018-06-11 13:40:20",13
"2018-06-11 14:40:20",13
"2018-06-11 15:40:19",12
"2018-06-11 16:40:20",12
"2018-06-11 17:40:19",12
"2018-06-11 18:40:20",12
"2018-06-11 19:40:19",12
"2018-06-11 20:40:20",12
"2018-06-11 21:40:19",12
"2018-06-11 22:40:19",12
"2018-06-11 23:40:20",12
"2018-06-12 00:40:19",12
"2018-06-12 01:40:20",12
"2018-06-12 02:40:19",12
"2018-06-12 03:40:20",12
"2018-06-12 04:40:19",12
"2018-06-12 05:40:20",12
"2018-06-12 06:40:20",12
"2018-06-12 07:40:19",12
"2018-06-12 08:40:19",12
"2018-06-12 09:40:19",12
"2018-06-12 10:40:19",12
"2018-06-12 11:40:19",12
"2018-06-12 12:40:20",12
"2018-06-12 13:40:20",12
"2018-06-12 14:40:19",12
"2018-06-12 15:40:19",12
"2018-06-12 16:40:20",12
"2018-06-12 17:40:19",12
"2018-06-12 18:40:20",12
"2018-06-12 19:40:20",12
"2018-06-12 20:40:19",12
"2018-06-12 21:40:19",12
"2018-06-12 22:40:19",12
"2018-06-12 23:40:20",12
"2018-06-13 00:40:20",12
"2018-06-13 01:40:20",12
"2018-06-13 02:40:19",12
"2018-06-13 03:40:19",12
"2018-06-13 04:40:20",12
"2018-06-13 05:40:19",12
"2018-06-13 06:40:19",12
"2018-06-13 07:40:20",12
"2018-06-13 08:40:20",12
"2018-06-13 09:40:20",12
"2018-06-13 10:40:19",12
"2018-06-13 11:40:19",12
"2018-06-13 12:40:19",12
"2018-06-13 13:40:20",12
"2018-06-13 14:40:20",12
"2018-06-13 15:40:20",12
"2018-06-13 16:40:20",12
"2018-06-13 17:40:19",12
"2018-06-13 18:40:20",12
"2018-06-13 19:40:19",12
"2018-06-13 20:40:20",12
"2018-06-13 21:40:20",12
"2018-06-13 22:40:19",12
"2018-06-13 23:40:20",12
"2018-06-14 00:40:20",12
"2018-06-14 01:40:19",12
"2018-06-14 02:40:20",12
"2018-06-14 03:40:20",12
"2018-06-14 04:40:19",12
"2018-06-14 05:40:19",12
"2018-06-14 06:40:19",12
"2018-06-14 07:40:20",12
"2018-06-14 08:40:20",12
"2018-06-14 09:40:19",12
"2018-06-14 10:40:19",12
"2018-06-14 11:40:20",12
"2018-06-14 12:40:20",12
"2018-06-14 13:40:21",12
"2018-06-14 14:40:20",12
"2018-06-14 15:40:21",12
"2018-06-14 16:40:20",12
"2018-06-14 17:40:20",12
"2018-06-14 18:40:21",12
"2018-06-14 19:40:21",12
"2018-06-14 20:40:21",12
"2018-06-14 21:40:21",12
"2018-06-14 22:40:21",12
"2018-06-14 23:40:20",12
"2018-06-15 00:40:21",12
"2018-06-15 01:40:20",12
"2018-06-15 02:40:20",12
"2018-06-15 03:40:20",12
"2018-06-15 04:40:21",12
"2018-06-15 05:40:21",12
"2018-06-15 06:40:21",12
"2018-06-15 07:40:20",12
"2018-06-15 08:40:21",12
"2018-06-15 09:40:21",12
"2018-06-15 10:40:21",12
"2018-06-15 11:40:20",12
"2018-06-15 12:40:21",12
"2018-06-15 13:40:21",12
"2018-06-15 14:40:21",12
"2018-06-15 15:40:20",12
"2018-06-15 16:40:20",12
"2018-06-15 17:40:20",12
"2018-06-15 18:40:21",12
"2018-06-15 19:40:21",12
"2018-06-15 20:40:21",12
"2018-06-15 21:40:20",12
"2018-06-15 22:40:21",12
"2018-06-15 23:40:21",12
"2018-06-16 00:40:21",12
"2018-06-16 01:40:20",12
"2018-06-16 02:40:20",12
"2018-06-16 03:40:21",12
"2018-06-16 04:40:21",12
"2018-06-16 05:40:21",12
"2018-06-16 06:40:21",12
"2018-06-16 07:40:20",12
"2018-06-16 08:40:21",12
"2018-06-16 09:40:21",12
"2018-06-16 10:40:20",12
"2018-06-16 11:40:21",12
"2018-06-16 12:40:20",12
"2018-06-16 13:40:21",12
"2018-06-16 14:40:21",12
"2018-06-16 15:40:21",12
"2018-06-16 16:40:21",12
"2018-06-16 17:40:20",12
"2018-06-16 18:40:20",12
"2018-06-16 19:40:21",12
"2018-06-16 20:40:21",12
"2018-06-16 21:40:20",12
"2018-06-16 22:40:21",12
"2018-06-16 23:40:20",12
"2018-06-17 00:40:20",12
"2018-06-17 01:40:21",12
"2018-06-17 02:40:21",12
"2018-06-17 03:40:21",12
"2018-06-17 04:40:21",12
"2018-06-17 05:40:21",12
"2018-06-17 06:40:20",12
"2018-06-17 07:40:21",12
"2018-06-17 08:40:20",12
"2018-06-17 09:40:20",12
"2018-06-17 10:40:20",12
"2018-06-17 11:40:20",12
"2018-06-17 12:40:21",12
"2018-06-17 13:40:21",12
"2018-06-17 14:40:21",12
"2018-06-17 15:40:20",12
"2018-06-17 16:40:20",12
"2018-06-17 17:40:20",12
"2018-06-17 18:40:20",12
"2018-06-17 19:40:21",12
"2018-06-17 20:40:21",12
"2018-06-17 21:40:20",12
"2018-06-17 22:40:20",12
"2018-06-17 23:40:20",12
"2018-06-18 00:40:20",12
"2018-06-18 01:40:20",12
"2018-06-18 02:40:21",12
"2018-06-18 03:40:20",12
"2018-06-18 04:40:21",12
"2018-06-18 05:40:20",12
"2018-06-18 06:40:20",12
"2018-06-18 07:40:20",12
"2018-06-18 08:40:20",12
"2018-06-18 09:40:20",12
"2018-06-18 10:40:20",12
"2018-06-18 11:40:21",12
"2018-06-18 12:40:20",12
"2018-06-18 13:40:21",12
"2018-06-18 14:40:20",12
"2018-06-18 15:40:21",12
"2018-06-18 16:40:20",12
"2018-06-18 17:40:20",12
"2018-06-18 18:40:21",12
"2018-06-18 19:40:21",12
"2018-06-18 20:40:21",12
"2018-06-18 21:40:20",12
"2018-06-18 22:40:21",12
"2018-06-18 23:40:21",12
"2018-06-19 00:40:21",12
"2018-06-19 01:40:20",12
"2018-06-19 02:40:21",12
"2018-06-19 03:40:21",12
"2018-06-19 04:40:21",12
"2018-06-19 05:40:20",12
"2018-06-19 06:40:21",12
"2018-06-19 07:40:21",12
"2018-06-19 08:40:21",12
"2018-06-19 09:40:20",12
"2018-06-19 10:40:21",12
"2018-06-19 11:40:20",12
"2018-06-19 12:40:20",12
"2018-06-19 13:40:23",12
"2018-06-19 14:40:21",12
"2018-06-19 15:40:20",12
"2018-06-19 16:40:21",12
"2018-06-19 17:40:21",12
"2018-06-19 18:40:21",12
"2018-06-19 19:40:20",12
"2018-06-19 20:40:20",12
"2018-06-19 21:40:20",12
"2018-06-19 22:40:21",12
"2018-06-19 23:40:21",12
"2018-06-20 00:40:23",12
"2018-06-20 01:40:21",12
"2018-06-20 02:40:20",12
"2018-06-20 03:40:21",12
"2018-06-20 04:40:21",12
"2018-06-20 05:40:20",12
"2018-06-20 06:40:21",12
"2018-06-20 07:40:20",12
"2018-06-20 08:40:20",12
"2018-06-20 09:40:20",12
"2018-06-20 10:40:21",12
"2018-06-20 11:40:21",12
"2018-06-20 12:40:20",12
"2018-06-20 14:04:54",12
"2018-06-20 14:40:22",12
"2018-06-20 15:40:21",12
"2018-06-20 16:40:21",12
"2018-06-20 17:40:20",12
"2018-06-20 18:40:21",12
"2018-06-20 19:40:21",12
"2018-06-20 20:40:20",12
"2018-06-20 21:40:21",12
"2018-06-20 22:40:21",12
"2018-06-20 23:40:21",12
"2018-06-21 00:40:21",12
"2018-06-21 01:40:20",12
"2018-06-21 02:40:21",12
"2018-06-21 03:40:21",12
"2018-06-21 04:40:21",12
"2018-06-21 05:40:21",12
"2018-06-21 06:40:20",12
"2018-06-21 07:40:20",12
"2018-06-21 08:40:21",12
"2018-06-21 09:40:20",12
"2018-06-21 10:40:21",12
"2018-06-21 11:40:21",12
"2018-06-21 12:40:21",12
"2018-06-21 13:40:22",12
"2018-06-21 14:40:22",12
"2018-06-21 15:40:21",12
"2018-06-21 16:40:21",12
"2018-06-21 17:40:22",12
"2018-06-21 18:40:22",12
"2018-06-21 19:40:22",12
"2018-06-21 20:40:22",12
"2018-06-21 21:40:21",12
"2018-06-21 22:40:22",12
"2018-06-21 23:40:22",12
"2018-06-22 00:40:22",12
"2018-06-22 01:40:21",12
"2018-06-22 02:40:22",12
"2018-06-22 03:40:22",12
"2018-06-22 04:40:21",12
"2018-06-22 05:40:23",12
"2018-06-22 06:40:21",12
"2018-06-22 07:40:21",12
"2018-06-22 08:40:22",12
"2018-06-22 09:40:22",12
"2018-06-22 10:40:22",12
"2018-06-22 11:40:21",12
"2018-06-22 12:40:22",12
"2018-06-22 13:40:23",12
"2018-06-22 15:04:24",12
"2018-06-22 15:40:22",12
"2018-06-22 16:40:22",12
"2018-06-22 17:40:22",12
"2018-06-22 18:40:22",12
"2018-06-22 19:40:22",12
"2018-06-22 20:40:21",12
"2018-06-22 21:40:21",12
"2018-06-22 22:40:22",12
"2018-06-22 23:40:22",12
"2018-06-23 00:40:21",12
"2018-06-23 01:40:22",12
"2018-06-23 02:40:22",12
"2018-06-23 03:40:22",12
"2018-06-23 04:40:22",12
"2018-06-23 05:40:22",12
"2018-06-23 06:40:22",12
"2018-06-23 07:40:22",12
"2018-06-23 08:40:21",12
"2018-06-23 09:40:21",12
"2018-06-23 10:40:22",12
"2018-06-23 11:40:22",12
"2018-06-23 12:40:21",12
"2018-06-23 13:40:22",12
"2018-06-23 14:40:21",12
"2018-06-23 15:40:22",12
"2018-06-23 16:40:22",12
"2018-06-23 17:40:21",12
"2018-06-23 18:40:22",12
"2018-06-23 19:40:22",12
"2018-06-23 20:40:22",12
"2018-06-23 21:40:22",12
"2018-06-23 22:40:21",12
"2018-06-23 23:40:21",12
"2018-06-24 00:40:25",12
"2018-06-24 01:40:21",12
"2018-06-24 02:40:21",12
"2018-06-24 03:40:23",12
"2018-06-24 04:40:22",12
"2018-06-24 05:40:21",12
"2018-06-24 06:40:22",12
"2018-06-24 07:40:22",12
"2018-06-24 08:40:21",12
"2018-06-24 09:40:22",12
"2018-06-24 10:40:25",12
"2018-06-24 11:40:22",12
"2018-06-24 12:40:22",12
"2018-06-24 13:40:21",12
"2018-06-24 14:40:22",12
"2018-06-24 15:40:25",12
"2018-06-24 16:40:21",12
"2018-06-24 17:40:22",12
"2018-06-24 18:40:22",12
"2018-06-24 19:40:22",12
"2018-06-24 20:40:21",12
"2018-06-24 21:40:22",12
"2018-06-24 22:40:21",12
"2018-06-24 23:40:22",12
"2018-06-25 00:40:21",12
"2018-06-25 01:40:22",12
"2018-06-25 02:40:22",12
"2018-06-25 03:40:22",12
"2018-06-25 04:40:22",12
"2018-06-25 05:40:22",12
"2018-06-25 06:40:22",12
"2018-06-25 07:40:21",12
"2018-06-25 08:40:22",12
"2018-06-25 09:40:22",12
"2018-06-25 10:40:21",12
"2018-06-25 11:40:22",12
"2018-06-25 12:40:21",12
"2018-06-25 13:40:22",12
"2018-06-25 14:40:22",12
"2018-06-25 15:40:21",12
"2018-06-25 16:40:21",12
"2018-06-25 17:40:22",12
"2018-06-25 18:40:22",12
"2018-06-25 19:40:22",12
"2018-06-25 20:40:22",12
"2018-06-25 21:40:22",12
"2018-06-25 22:40:21",12
"2018-06-26 01:08:47",12
"2018-06-26 01:40:22",12
"2018-06-26 02:40:22",12
"2018-06-26 03:40:24",12
"2018-06-26 04:40:24",12
"2018-06-26 05:40:22",12
"2018-06-26 06:40:22",12
"2018-06-26 07:40:22",12
"2018-06-26 08:40:22",12
"2018-06-26 09:40:22",12
"2018-06-26 10:40:22",12
"2018-06-26 11:40:23",12
"2018-06-26 12:40:24",12
"2018-06-26 13:40:24",12
"2018-06-26 14:40:22",12
"2018-06-26 15:40:25",12
"2018-06-26 16:40:22",12
"2018-06-26 17:40:22",12
"2018-06-26 18:40:22",12
"2018-06-26 19:40:22",12
"2018-06-26 20:40:22",12
"2018-06-26 21:40:21",12
"2018-06-26 22:40:22",12
"2018-06-26 23:40:22",12
"2018-06-27 00:40:22",12
"2018-06-27 01:40:21",12
"2018-06-27 02:40:22",12
"2018-06-27 03:40:22",12
"2018-06-27 04:40:23",12
"2018-06-27 05:40:22",12
"2018-06-27 06:40:22",12
"2018-06-27 07:40:21",12
"2018-06-27 08:40:21",12
"2018-06-27 09:40:22",12
"2018-06-27 10:40:21",12
"2018-06-27 11:40:22",12
"2018-06-27 12:40:22",12
"2018-06-27 13:40:24",12
"2018-06-27 14:40:23",12
"2018-06-27 15:40:25",12
"2018-06-27 16:40:22",12
"2018-06-27 17:40:21",12
"2018-06-27 18:40:22",12
"2018-06-27 19:40:22",12
"2018-06-27 20:40:21",12
"2018-06-27 21:40:21",12
"2018-06-27 22:40:21",12
"2018-06-27 23:40:22",12
"2018-06-28 00:40:22",12
"2018-06-28 01:40:21",12
"2018-06-28 02:40:22",12
"2018-06-28 03:40:24",12
"2018-06-28 04:40:23",12
"2018-06-28 05:40:22",12
"2018-06-28 06:40:22",12
"2018-06-28 07:40:22",12
"2018-06-28 08:40:22",12
"2018-06-28 09:40:21",12
"2018-06-28 10:40:22",12
"2018-06-28 11:40:21",12
"2018-06-28 12:40:22",12
"2018-06-28 13:40:22",12
"2018-06-28 14:40:24",13
"2018-06-28 15:40:23",13
"2018-06-28 16:40:21",13
"2018-06-28 17:40:22",13
"2018-06-28 18:40:21",13
"2018-06-28 19:40:23",13
"2018-06-28 20:40:23",13
"2018-06-28 21:40:23",13
"2018-06-28 22:40:22",13
"2018-06-28 23:40:23",13
"2018-06-29 00:40:23",13
"2018-06-29 01:40:22",13
"2018-06-29 02:40:22",13
"2018-06-29 03:40:23",13
"2018-06-29 04:40:23",13
"2018-06-29 05:40:22",13
"2018-06-29 06:40:24",13
"2018-06-29 07:40:23",13
"2018-06-29 08:40:23",13
"2018-06-29 09:40:23",13
"2018-06-29 10:40:23",13
"2018-06-29 11:40:23",13
"2018-06-29 12:40:23",13
"2018-06-29 13:40:23",13
"2018-06-29 14:40:24",13
"2018-06-29 15:40:23",13
"2018-06-29 16:40:23",13
"2018-06-29 17:40:22",13
"2018-06-29 18:40:23",13
"2018-06-29 19:40:24",13
"2018-06-29 20:40:23",13
"2018-06-29 21:40:23",13
"2018-06-29 22:40:23",13
"2018-06-29 23:40:23",13
"2018-06-30 00:40:23",13
"2018-06-30 01:40:22",13
"2018-06-30 02:40:23",13
"2018-06-30 03:40:24",13
"2018-06-30 04:40:23",13
"2018-06-30 05:40:24",13
"2018-06-30 06:40:23",13
"2018-06-30 07:40:22",13
"2018-06-30 08:40:23",13
"2018-06-30 09:40:22",13
"2018-06-30 10:40:23",13
"2018-06-30 11:40:23",13
"2018-06-30 12:40:23",13
"2018-06-30 13:40:26",13
"2018-06-30 14:40:23",13
"2018-06-30 15:40:22",13
"2018-06-30 16:40:27",13
"2018-06-30 17:40:23",13
"2018-06-30 18:40:22",13
"2018-06-30 19:40:26",13
"2018-06-30 20:40:22",13
"2018-06-30 21:40:22",13
"2018-06-30 22:40:22",13
"2018-06-30 23:40:23",13
"2018-07-01 00:40:23",13
"2018-07-01 01:40:23",13
"2018-07-01 02:40:23",13
"2018-07-01 03:40:23",13
"2018-07-01 04:40:22",13
"2018-07-01 05:40:23",13
"2018-07-01 06:40:23",13
"2018-07-01 07:40:22",13
"2018-07-01 08:40:23",13
"2018-07-01 09:40:23",13
"2018-07-01 10:40:23",13
"2018-07-01 11:40:23",13
"2018-07-01 12:40:23",13
"2018-07-01 13:40:23",13
"2018-07-01 14:40:23",13
"2018-07-01 15:40:22",13
"2018-07-01 16:40:23",13
"2018-07-01 17:40:23",13
"2018-07-01 18:40:23",13
"2018-07-01 19:40:25",13
"2018-07-01 20:40:23",13
"2018-07-01 21:40:23",13
"2018-07-01 22:40:22",13
"2018-07-01 23:40:23",13
"2018-07-02 00:40:23",13
"2018-07-02 01:40:24",13
"2018-07-02 02:40:23",13
"2018-07-02 03:40:22",13
"2018-07-02 04:40:22",13
"2018-07-02 05:40:23",13
"2018-07-02 06:40:23",13
"2018-07-02 07:40:23",13
"2018-07-02 08:40:23",13
"2018-07-02 09:40:23",13
"2018-07-02 10:40:23",13
"2018-07-02 11:40:23",13
"2018-07-02 12:40:23",13
"2018-07-02 13:40:23",13
"2018-07-02 14:40:22",13
"2018-07-02 15:40:23",13
"2018-07-02 16:40:23",13
"2018-07-02 17:40:23",13
"2018-07-02 18:40:22",13
"2018-07-02 19:40:22",13
"2018-07-02 20:40:23",13
"2018-07-02 21:40:22",13
"2018-07-02 22:40:23",13
"2018-07-02 23:40:23",13
"2018-07-03 00:40:22",13
"2018-07-03 01:40:23",13
"2018-07-03 02:40:22",13
"2018-07-03 03:40:22",13
"2018-07-03 04:40:23",13
"2018-07-03 05:40:23",13
"2018-07-03 06:40:22",13
"2018-07-03 07:40:23",13
"2018-07-03 08:40:23",13
"2018-07-03 09:40:23",13
"2018-07-03 10:40:23",13
"2018-07-03 11:40:23",13
"2018-07-03 12:40:23",13
"2018-07-03 13:40:23",13
"2018-07-03 14:40:23",13
"2018-07-03 15:40:23",13
"2018-07-03 16:40:22",13
"2018-07-03 17:40:23",13
"2018-07-03 18:40:22",13
"2018-07-03 19:40:23",13
"2018-07-03 20:40:22",13
"2018-07-03 21:40:22",13
"2018-07-03 22:40:22",13
"2018-07-03 23:40:22",13
"2018-07-04 00:40:23",13
"2018-07-04 01:40:23",13
"2018-07-04 02:40:23",13
"2018-07-04 03:40:23",13
"2018-07-04 04:40:22",13
"2018-07-04 05:40:22",13
"2018-07-04 06:40:23",13
"2018-07-04 07:40:23",13
"2018-07-04 08:40:23",13
"2018-07-04 09:40:23",13
"2018-07-04 10:40:23",13
"2018-07-04 11:40:22",13
"2018-07-04 12:40:22",13
"2018-07-04 13:40:23",13
"2018-07-04 14:40:23",13
"2018-07-04 15:40:22",13
"2018-07-04 16:40:23",13
"2018-07-04 17:40:23",13
"2018-07-04 18:40:23",13
"2018-07-04 19:40:23",13
"2018-07-04 20:40:23",13
"2018-07-04 21:40:23",13
"2018-07-04 22:40:22",13
"2018-07-04 23:40:23",13
"2018-07-05 00:40:22",13
"2018-07-05 01:40:23",13
"2018-07-05 02:40:23",13
"2018-07-05 03:40:23",13
"2018-07-05 04:40:23",13
"2018-07-05 05:40:22",13
"2018-07-05 06:40:22",13
"2018-07-05 07:40:23",13
"2018-07-05 08:40:23",13
"2018-07-05 09:40:22",13
"2018-07-05 10:40:23",13
"2018-07-05 11:40:23",13
"2018-07-05 12:40:23",13
"2018-07-05 13:40:23",13
"2018-07-05 14:40:23",13
"2018-07-05 15:40:23",13
"2018-07-05 16:40:22",13
"2018-07-05 17:40:23",13
"2018-07-05 18:40:22",13
"2018-07-05 19:40:24",13
"2018-07-05 20:40:22",13
"2018-07-05 21:40:23",13
"2018-07-05 22:40:23",13
"2018-07-05 23:40:22",13
"2018-07-06 00:40:22",13
"2018-07-06 01:40:23",13
"2018-07-06 02:40:22",13
"2018-07-06 03:40:22",13
"2018-07-06 04:40:23",13
"2018-07-06 05:40:22",13
"2018-07-06 06:40:22",13
"2018-07-06 07:40:23",13
"2018-07-06 08:40:23",13
"2018-07-06 09:40:22",13
"2018-07-06 10:40:23",13
"2018-07-06 11:40:23",13
"2018-07-06 12:40:23",13
"2018-07-06 13:40:23",13
"2018-07-06 14:40:23",13
"2018-07-06 15:40:23",13
"2018-07-06 16:40:23",13
"2018-07-06 17:40:23",13
"2018-07-06 18:40:22",13
"2018-07-06 19:40:23",13
"2018-07-06 20:40:23",13
"2018-07-06 21:40:23",13
"2018-07-06 22:40:23",13
"2018-07-06 23:40:23",13
"2018-07-07 00:40:23",13
"2018-07-07 01:40:22",13
"2018-07-07 02:40:23",13
"2018-07-07 03:40:23",13
"2018-07-07 04:40:23",13
"2018-07-07 05:40:22",13
"2018-07-07 06:40:23",13
"2018-07-07 07:40:23",13
"2018-07-07 08:40:23",13
"2018-07-07 09:40:23",13
"2018-07-07 10:40:23",13
"2018-07-07 11:40:23",13
"2018-07-07 12:40:22",13
"2018-07-07 13:40:23",13
"2018-07-07 14:40:23",13
"2018-07-07 15:40:23",13
"2018-07-07 16:40:23",13
"2018-07-07 17:40:23",13
"2018-07-07 18:40:23",13
"2018-07-07 19:40:23",13
"2018-07-07 20:40:22",13
"2018-07-07 21:40:22",13
"2018-07-07 22:40:23",13
"2018-07-07 23:40:23",13
"2018-07-08 00:40:23",13
"2018-07-08 01:40:23",13
"2018-07-08 02:40:23",13
"2018-07-08 03:40:24",13
"2018-07-08 04:40:23",13
"2018-07-08 05:40:23",13
"2018-07-08 06:40:23",13
"2018-07-08 07:40:23",13
"2018-07-08 08:40:22",13
"2018-07-08 09:40:23",13
"2018-07-08 10:40:22",13
"2018-07-08 11:40:23",13
"2018-07-08 12:40:23",13
"2018-07-08 13:40:23",13
"2018-07-08 14:40:22",13
"2018-07-08 15:40:23",13
"2018-07-08 16:40:22",13
"2018-07-08 17:40:22",13
"2018-07-08 18:40:23",13
"2018-07-08 19:40:24",13
"2018-07-08 20:40:23",13
"2018-07-08 21:40:23",13
"2018-07-08 22:40:23",13
"2018-07-08 23:40:22",13
"2018-07-09 00:40:23",13
"2018-07-09 01:40:23",13
"2018-07-09 02:40:23",13
"2018-07-09 03:40:24",13
"2018-07-09 04:40:22",13
"2018-07-09 05:40:23",13
"2018-07-09 06:40:22",13
"2018-07-09 07:40:23",13
"2018-07-09 08:40:23",13
"2018-07-09 09:40:23",13
"2018-07-09 10:40:23",13
"2018-07-09 11:40:22",13
"2018-07-09 12:40:23",13
"2018-07-09 13:40:24",13
"2018-07-09 14:40:22",13
"2018-07-09 15:40:23",13
"2018-07-09 16:40:23",13
"2018-07-09 17:40:23",13
"2018-07-09 18:40:23",13
"2018-07-09 19:40:23",13
"2018-07-09 20:40:22",13
"2018-07-09 21:40:22",13
"2018-07-09 22:40:23",13
"2018-07-09 23:40:23",13
"2018-07-10 00:40:23",13
"2018-07-10 01:40:25",13
"2018-07-10 02:40:23",13
"2018-07-10 03:40:23",13
"2018-07-10 04:40:23",13
"2018-07-10 05:40:23",13
"2018-07-10 06:40:23",13
"2018-07-10 07:40:23",13
"2018-07-10 08:40:22",13
"2018-07-10 09:40:23",13
"2018-07-10 10:40:22",13
"2018-07-10 11:40:23",13
"2018-07-10 12:40:22",13
"2018-07-10 13:40:24",13
"2018-07-10 14:40:23",13
"2018-07-10 15:40:23",13
"2018-07-10 16:40:23",13
"2018-07-10 17:40:23",13
"2018-07-10 18:40:22",13
"2018-07-10 19:40:24",13
"2018-07-10 20:40:23",13
"2018-07-10 21:40:23",13
"2018-07-10 22:40:24",13
"2018-07-10 23:40:23",13
"2018-07-11 00:40:23",13
"2018-07-11 01:40:24",13
"2018-07-11 02:40:23",13
"2018-07-11 03:40:23",13
"2018-07-11 04:40:23",13
"2018-07-11 05:40:24",13
"2018-07-11 06:40:23",13
"2018-07-11 07:40:23",13
"2018-07-11 08:40:23",13
"2018-07-11 09:40:23",13
"2018-07-11 10:40:23",13
"2018-07-11 11:40:23",13
"2018-07-11 12:40:22",13
"2018-07-11 13:40:23",13
"2018-07-11 14:40:23",13
"2018-07-11 15:40:23",13
"2018-07-11 16:40:23",13
"2018-07-11 17:40:22",13
"2018-07-11 18:40:23",13
"2018-07-11 19:40:23",13
"2018-07-11 20:40:23",13
"2018-07-11 21:40:23",13
"2018-07-11 22:40:23",13
"2018-07-11 23:40:24",13
"2018-07-12 00:40:23",13
"2018-07-12 01:40:22",13
"2018-07-12 02:40:23",13
"2018-07-12 03:40:23",13
"2018-07-12 04:40:23",13
"2018-07-12 05:40:23",13
"2018-07-12 06:40:23",13
"2018-07-12 07:40:23",13
"2018-07-12 08:40:23",13
"2018-07-12 09:40:23",13
"2018-07-12 10:40:22",13
"2018-07-12 11:40:23",13
"2018-07-12 12:40:23",13
"2018-07-12 13:40:24",13
"2018-07-12 14:40:23",13
"2018-07-12 15:40:23",13
"2018-07-12 16:40:24",13
"2018-07-12 17:40:23",13
"2018-07-12 18:40:24",13
"2018-07-12 19:40:25",13
"2018-07-12 20:40:23",13
"2018-07-12 21:40:23",13
"2018-07-12 22:40:24",13
"2018-07-12 23:40:24",13
"2018-07-13 00:40:24",13
"2018-07-13 01:40:24",13
"2018-07-13 02:40:24",13
"2018-07-13 03:40:24",13
"2018-07-13 04:40:24",13
"2018-07-13 05:40:24",13
"2018-07-13 06:40:24",13
"2018-07-13 07:40:24",13
"2018-07-13 08:40:24",13
"2018-07-13 09:40:24",13
"2018-07-13 10:40:23",13
"2018-07-13 11:40:24",13
"2018-07-13 12:40:24",13
"2018-07-13 13:40:25",13
"2018-07-13 14:40:24",13
"2018-07-13 15:40:25",13
"2018-07-13 16:40:24",13
"2018-07-13 17:40:24",13
"2018-07-13 18:40:23",13
"2018-07-13 19:40:24",13
"2018-07-13 20:40:24",13
"2018-07-13 21:40:23",13
"2018-07-13 22:40:23",13
"2018-07-13 23:40:24",13
"2018-07-14 00:40:24",13
"2018-07-14 01:40:23",13
"2018-07-14 02:40:24",13
"2018-07-14 03:40:24",13
"2018-07-14 04:40:24",13
"2018-07-14 05:40:23",13
"2018-07-14 06:40:23",13
"2018-07-14 07:40:24",13
"2018-07-14 08:40:23",13
"2018-07-14 09:40:24",13
"2018-07-14 10:40:24",13
"2018-07-14 11:40:24",13
"2018-07-14 12:40:24",13
"2018-07-14 13:40:24",13
"2018-07-14 14:40:24",13
"2018-07-14 15:40:24",13
"2018-07-14 16:40:23",13
"2018-07-14 17:40:24",13
"2018-07-14 18:40:24",13
"2018-07-14 19:40:23",13
"2018-07-14 20:40:24",13
"2018-07-14 21:40:23",13
"2018-07-14 22:40:24",13
"2018-07-14 23:40:24",13
"2018-07-15 00:40:23",13
"2018-07-15 01:40:24",13
"2018-07-15 02:40:24",13
"2018-07-15 03:40:24",13
"2018-07-15 04:40:23",13
"2018-07-15 05:40:24",13
"2018-07-15 06:40:24",13
"2018-07-15 07:40:24",13
"2018-07-15 08:40:23",13
"2018-07-15 09:40:24",13
"2018-07-15 10:40:24",13
"2018-07-15 11:40:24",13
"2018-07-15 12:40:24",13
"2018-07-15 13:40:24",13
"2018-07-15 14:40:23",13
"2018-07-15 15:40:24",13
"2018-07-15 16:40:24",13
"2018-07-15 17:40:24",13
"2018-07-15 18:40:24",13
"2018-07-15 19:40:26",13
"2018-07-15 20:40:24",13
"2018-07-15 21:40:24",13
"2018-07-15 22:40:24",13
"2018-07-15 23:40:24",13
"2018-07-16 00:40:24",13
"2018-07-16 01:40:23",13
"2018-07-16 02:40:24",13
"2018-07-16 03:40:25",13
"2018-07-16 04:40:25",13
"2018-07-16 05:40:24",13
"2018-07-16 06:40:24",13
"2018-07-16 07:40:24",13
"2018-07-16 08:40:24",13
"2018-07-16 09:40:23",13
"2018-07-16 10:40:24",13
"2018-07-16 11:40:24",13
"2018-07-16 12:40:23",13
"2018-07-16 13:40:25",13
"2018-07-16 14:40:24",13
"2018-07-16 15:40:25",13
"2018-07-16 16:40:24",13
"2018-07-16 17:40:25",13
"2018-07-16 18:40:24",13
"2018-07-16 19:40:26",13
"2018-07-16 20:40:24",13
"2018-07-16 21:40:24",13
"2018-07-16 22:40:24",13
"2018-07-16 23:40:24",13
"2018-07-17 00:40:25",13
"2018-07-17 01:40:25",13
"2018-07-17 02:40:24",13
"2018-07-17 03:40:23",13
"2018-07-17 04:40:25",13
"2018-07-17 05:40:24",13
"2018-07-17 06:40:24",13
"2018-07-17 07:40:24",13
"2018-07-17 08:40:24",13
"2018-07-17 09:40:24",13
"2018-07-17 10:40:24",13
"2018-07-17 11:40:24",13
"2018-07-17 12:40:24",13
"2018-07-17 13:40:25",13
"2018-07-17 14:40:24",13
"2018-07-17 15:40:24",13
"2018-07-17 16:40:24",13
"2018-07-17 17:40:24",13
"2018-07-17 18:40:24",13
"2018-07-17 19:40:23",13
"2018-07-17 20:40:24",13
"2018-07-17 21:40:24",13
"2018-07-17 22:40:23",13
"2018-07-17 23:40:25",13
"2018-07-18 00:40:26",13
"2018-07-18 01:40:25",13
"2018-07-18 02:40:25",13
"2018-07-18 03:40:25",13
"2018-07-18 04:40:25",13
"2018-07-18 05:40:26",13
"2018-07-18 06:40:24",13
"2018-07-18 07:40:25",13
"2018-07-18 08:40:25",13
"2018-07-18 09:40:25",13
"2018-07-18 10:40:25",13
"2018-07-18 11:40:25",13
"2018-07-18 12:40:24",13
"2018-07-18 13:40:25",13
"2018-07-18 14:40:26",13
"2018-07-18 15:40:25",13
"2018-07-18 16:40:25",13
"2018-07-18 17:40:26",13
"2018-07-18 18:40:25",13
"2018-07-18 19:40:26",13
"2018-07-18 20:40:24",13
"2018-07-18 21:40:25",13
"2018-07-18 22:40:25",13
"2018-07-18 23:40:25",13
"2018-07-19 00:40:25",13
"2018-07-19 01:40:25",13
"2018-07-19 02:40:25",13
"2018-07-19 03:40:25",13
"2018-07-19 04:40:26",13
"2018-07-19 05:40:26",13
"2018-07-19 06:40:25",13
"2018-07-19 07:40:26",13
"2018-07-19 08:40:25",13
"2018-07-19 09:40:25",13
"2018-07-19 10:40:25",13
"2018-07-19 11:40:25",13
"2018-07-19 12:40:25",13
"2018-07-19 13:40:27",13
"2018-07-19 14:40:26",12
"2018-07-19 15:40:26",12
"2018-07-19 16:40:26",12
"2018-07-19 17:40:27",12
"2018-07-19 18:40:26",12
"2018-07-19 19:40:26",12
"2018-07-19 20:40:26",12
"2018-07-19 21:40:26",12
"2018-07-19 22:40:26",12
"2018-07-19 23:40:27",12
"2018-07-20 00:40:26",12
"2018-07-20 01:40:26",12
"2018-07-20 02:40:26",12
"2018-07-20 03:40:26",12
"2018-07-20 04:40:27",12
"2018-07-20 05:40:27",12
"2018-07-20 06:40:27",12
"2018-07-20 07:40:26",12
"2018-07-20 08:40:26",12
"2018-07-20 09:40:27",12
"2018-07-20 10:40:26",12
"2018-07-20 11:40:26",12
"2018-07-20 12:40:25",12
"2018-07-20 14:03:59",12
"2018-07-20 14:40:26",12
"2018-07-20 15:40:26",12
"2018-07-20 16:40:26",12
"2018-07-20 17:40:26",12
"2018-07-20 18:40:27",12
"2018-07-20 19:40:28",12
"2018-07-20 20:40:26",12
"2018-07-20 21:40:26",12
"2018-07-20 22:40:25",12
"2018-07-20 23:40:26",12
"2018-07-21 00:40:26",12
"2018-07-21 01:40:26",12
"2018-07-21 02:40:27",12
"2018-07-21 03:40:27",12
"2018-07-21 04:40:26",12
"2018-07-21 05:40:26",12
"2018-07-21 06:40:26",12
"2018-07-21 07:40:25",12
"2018-07-21 08:40:25",12
"2018-07-21 09:40:26",12
"2018-07-21 10:40:27",12
"2018-07-21 11:40:25",12
"2018-07-21 12:40:25",12
"2018-07-21 13:40:26",12
"2018-07-21 14:40:26",12
"2018-07-21 15:40:26",12
"2018-07-21 16:40:27",12
"2018-07-21 17:40:26",12
"2018-07-21 18:40:26",12
"2018-07-21 19:40:26",12
"2018-07-21 20:40:25",12
"2018-07-21 21:40:25",12
"2018-07-21 22:40:26",12
"2018-07-21 23:40:26",12
"2018-07-22 00:40:26",12
"2018-07-22 01:40:26",12
"2018-07-22 02:40:26",12
"2018-07-22 03:40:27",12
"2018-07-22 04:40:26",12
"2018-07-22 05:40:26",12
"2018-07-22 06:40:27",12
"2018-07-22 07:40:28",12
"2018-07-22 08:40:26",12
"2018-07-22 09:40:25",12
"2018-07-22 10:40:25",12
"2018-07-22 11:40:26",12
"2018-07-22 12:40:26",12
"2018-07-22 13:40:26",12
"2018-07-22 14:40:26",12
"2018-07-22 15:40:26",12
"2018-07-22 16:40:27",12
"2018-07-22 17:40:26",12
"2018-07-22 18:40:26",12
"2018-07-22 19:40:27",12
"2018-07-22 20:40:26",12
"2018-07-22 21:40:26",12
"2018-07-22 22:40:26",12
"2018-07-22 23:40:26",12
"2018-07-23 00:40:26",12
"2018-07-23 01:40:26",12
"2018-07-23 02:40:26",12
"2018-07-23 03:40:26",12
"2018-07-23 04:40:26",12
"2018-07-23 05:40:25",12
"2018-07-23 06:40:26",12
"2018-07-23 07:40:27",12
"2018-07-23 08:40:27",12
"2018-07-23 09:40:26",12
"2018-07-23 23:40:25",11
"2018-07-24 00:40:26",11
"2018-07-24 01:40:26",11
"2018-07-24 02:40:26",11
"2018-07-24 03:40:26",11
"2018-07-24 04:40:26",11
"2018-07-24 05:40:25",11
"2018-07-24 06:40:26",11
"2018-07-24 07:40:26",11
"2018-07-24 08:40:25",11
"2018-07-24 09:40:26",11
"2018-07-24 10:40:26",11
"2018-07-24 11:40:26",11
"2018-07-24 12:40:26",11
"2018-07-24 13:40:27",11
"2018-07-24 14:40:25",11
"2018-07-24 15:40:26",11
"2018-07-24 16:40:27",11
"2018-07-24 17:40:26",11
"2018-07-24 18:40:26",11
"2018-07-24 19:40:26",11
"2018-07-24 20:40:26",11
"2018-07-24 21:40:26",11
"2018-07-24 22:40:26",11
"2018-07-24 23:40:25",11
"2018-07-25 00:40:26",11
"2018-07-25 01:40:25",11
"2018-07-25 02:40:25",11
"2018-07-25 03:40:26",11
"2018-07-25 04:40:26",11
"2018-07-25 05:40:25",11
"2018-07-25 06:40:26",11
"2018-07-25 07:40:25",11
"2018-07-25 08:40:25",11
"2018-07-25 09:40:26",11
"2018-07-25 10:40:25",11
"2018-07-25 11:40:25",11
"2018-07-25 12:40:26",11
"2018-07-25 13:40:27",11
"2018-07-25 14:40:27",11
"2018-07-25 15:40:26",11
"2018-07-25 16:40:27",11
"2018-07-25 17:40:32",11
"2018-07-25 18:40:25",11
"2018-07-25 19:40:26",11
"2018-07-25 20:40:27",11
"2018-07-25 21:40:27",11
"2018-07-25 22:40:27",11
"2018-07-25 23:40:27",11
"2018-07-26 00:40:27",11
"2018-07-26 01:40:28",11
"2018-07-26 02:40:27",11
"2018-07-26 03:40:28",11
"2018-07-26 04:40:28",11
"2018-07-26 05:40:27",11
"2018-07-26 06:40:27",11
"2018-07-26 07:40:27",11
"2018-07-26 08:40:27",11
"2018-07-26 09:40:27",11
"2018-07-26 10:40:26",11
"2018-07-26 11:40:26",11
"2018-07-26 12:40:27",11
"2018-07-26 14:40:28",11
"2018-07-26 15:40:27",11
"2018-07-26 16:40:27",11
"2018-07-26 17:40:28",11
"2018-07-26 18:40:28",11
"2018-07-26 19:40:27",11
"2018-07-26 20:40:28",11
"2018-07-26 21:40:27",11
"2018-07-26 22:40:27",11
"2018-07-26 23:40:27",11
"2018-07-27 00:40:27",11
"2018-07-27 01:40:27",11
"2018-07-27 02:40:27",11
"2018-07-27 03:40:27",11
"2018-07-27 04:40:27",11
"2018-07-27 05:40:27",11
"2018-07-27 06:40:28",11
"2018-07-27 07:40:28",11
"2018-07-27 08:40:27",11
"2018-07-27 09:40:27",11
"2018-07-27 10:40:27",11
"2018-07-27 11:40:26",11
"2018-07-27 12:40:27",11
"2018-07-27 13:40:29",11
"2018-07-27 14:40:28",11
"2018-07-27 15:40:27",11
"2018-07-27 16:40:27",11
"2018-07-27 17:40:27",11
"2018-07-27 18:40:28",11
"2018-07-27 19:40:27",11
"2018-07-27 20:40:27",11
"2018-07-27 21:40:27",11
"2018-07-27 22:40:26",11
"2018-07-27 23:40:27",11
"2018-07-28 00:40:27",11
"2018-07-28 01:40:28",11
"2018-07-28 02:40:27",11
"2018-07-28 03:40:27",11
"2018-07-28 04:40:26",11
"2018-07-28 05:40:27",11
"2018-07-28 06:40:27",11
"2018-07-28 07:40:26",11
"2018-07-28 08:40:27",11
"2018-07-28 09:40:27",11
"2018-07-28 10:40:27",11
"2018-07-28 11:40:27",11
"2018-07-28 12:40:26",11
"2018-07-28 13:40:27",11
"2018-07-28 14:40:26",11
"2018-07-28 15:40:28",11
"2018-07-28 16:40:27",11
"2018-07-28 17:40:27",11
"2018-07-28 18:40:28",11
"2018-07-28 19:40:31",11
"2018-07-28 20:40:27",11
"2018-07-28 21:40:27",11
"2018-07-28 22:40:27",11
"2018-07-28 23:40:27",11
"2018-07-29 00:40:27",11
"2018-07-29 01:40:27",11
"2018-07-29 02:40:27",11
"2018-07-29 03:40:26",11
"2018-07-29 04:40:28",11
"2018-07-29 05:40:28",11
"2018-07-29 06:40:27",11
"2018-07-29 07:40:27",11
"2018-07-29 08:40:27",11
"2018-07-29 09:40:27",11
"2018-07-29 10:40:27",11
"2018-07-29 11:40:27",11
"2018-07-29 12:40:27",11
"2018-07-29 13:40:27",11
"2018-07-29 14:40:27",11
"2018-07-29 15:40:26",11
"2018-07-29 16:40:28",11
"2018-07-29 17:40:27",11
"2018-07-29 18:40:27",11
"2018-07-29 19:40:28",11
"2018-07-29 20:40:28",11
"2018-07-29 21:40:28",11
"2018-07-29 22:40:27",11
"2018-07-29 23:40:28",11
"2018-07-30 00:40:27",11
"2018-07-30 01:40:27",11
"2018-07-30 02:40:27",11
"2018-07-30 03:40:28",11
"2018-07-30 04:40:27",11
"2018-07-30 05:40:27",11
"2018-07-30 06:40:26",11
"2018-07-30 07:40:27",11
"2018-07-30 08:40:27",11
"2018-07-30 09:40:27",11
"2018-07-30 10:40:26",11
"2018-07-30 11:40:27",11
"2018-07-30 12:40:27",11
"2018-07-30 13:40:29",11
"2018-07-30 14:40:28",11
"2018-07-30 15:40:27",11
"2018-07-30 16:40:27",11
"2018-07-30 17:40:28",11
"2018-07-30 18:40:26",11
"2018-07-30 19:40:27",11
"2018-07-30 20:40:26",11
"2018-07-30 21:40:27",11
"2018-07-30 22:40:27",11
"2018-07-30 23:40:27",11
"2018-07-31 00:40:27",11
"2018-07-31 01:40:27",11
"2018-07-31 02:40:27",11
"2018-07-31 03:40:27",11
"2018-07-31 04:40:27",11
"2018-07-31 05:40:27",11
"2018-07-31 06:40:27",11
"2018-07-31 07:40:28",11
"2018-07-31 08:40:36",11
"2018-07-31 09:47:23",11
"2018-07-31 10:40:27",11
"2018-07-31 11:40:27",11
"2018-07-31 12:40:27",11
"2018-07-31 13:40:28",11
"2018-07-31 14:40:28",11
"2018-07-31 15:40:27",11
"2018-07-31 16:40:27",11
"2018-07-31 17:40:27",11
"2018-07-31 18:40:27",11
"2018-07-31 19:40:27",11
"2018-07-31 20:40:27",11
"2018-07-31 21:40:27",11
"2018-07-31 22:40:27",11
"2018-07-31 23:40:27",11
"2018-08-01 00:40:28",11
"2018-08-01 01:40:27",11
"2018-08-01 02:40:27",11
"2018-08-01 03:40:27",11
"2018-08-01 04:40:27",11
"2018-08-01 05:40:27",11
"2018-08-01 06:40:27",11
"2018-08-01 07:40:27",11
"2018-08-01 08:40:27",11
"2018-08-01 09:40:27",11
"2018-08-01 10:40:26",11
"2018-08-01 11:40:27",11
"2018-08-01 12:40:27",11
"2018-08-01 14:05:33",11
"2018-08-01 14:40:28",11
"2018-08-01 15:40:29",11
"2018-08-01 16:40:29",11
"2018-08-01 17:40:29",12
"2018-08-01 18:40:28",12
"2018-08-01 19:40:29",12
"2018-08-01 20:40:28",12
"2018-08-01 21:40:28",12
"2018-08-01 22:40:28",12
"2018-08-01 23:40:28",12
"2018-08-02 00:40:28",12
"2018-08-02 01:40:28",12
"2018-08-02 02:40:28",12
"2018-08-02 03:40:28",12
"2018-08-02 04:40:29",12
"2018-08-02 05:40:28",12
"2018-08-02 06:40:27",12
"2018-08-02 07:40:28",12
"2018-08-02 08:40:28",12
"2018-08-02 09:40:28",12
"2018-08-02 10:40:28",12
"2018-08-02 11:40:28",12
"2018-08-02 12:40:28",12
"2018-08-02 13:40:28",12
"2018-08-02 14:40:28",12
"2018-08-02 15:40:29",12
"2018-08-02 16:40:28",12
"2018-08-02 17:40:28",12
"2018-08-02 18:40:28",12
"2018-08-02 19:40:29",12
"2018-08-02 20:40:29",12
"2018-08-02 21:40:28",12
"2018-08-02 22:40:27",12
"2018-08-02 23:40:28",12
"2018-08-03 00:40:28",12
"2018-08-03 01:40:28",12
"2018-08-03 02:40:29",12
"2018-08-03 03:40:28",12
"2018-08-03 04:40:29",12
"2018-08-03 05:40:28",12
"2018-08-03 06:40:29",12
"2018-08-03 07:40:28",12
"2018-08-03 08:40:28",12
"2018-08-03 09:40:28",12
"2018-08-03 10:40:28",12
"2018-08-03 11:40:44",12
"2018-08-03 13:05:27",12
"2018-08-03 13:40:28",12
"2018-08-03 14:40:28",12
"2018-08-03 15:40:28",12
"2018-08-03 16:40:28",12
"2018-08-03 17:40:28",12
"2018-08-03 18:40:28",12
"2018-08-03 19:40:28",12
"2018-08-03 20:40:28",12
"2018-08-03 21:40:28",12
"2018-08-03 22:40:28",12
"2018-08-03 23:40:28",12
"2018-08-04 00:40:27",12
"2018-08-04 01:40:27",12
"2018-08-04 02:40:28",12
"2018-08-04 03:40:28",12
"2018-08-04 04:40:28",12
"2018-08-04 05:40:28",12
"2018-08-04 06:40:28",12
"2018-08-04 07:40:28",12
"2018-08-04 08:40:28",12
"2018-08-04 09:40:28",12
"2018-08-04 10:40:28",12
"2018-08-04 11:40:28",12
"2018-08-04 12:40:28",12
"2018-08-04 13:40:28",12
"2018-08-04 14:40:28",12
"2018-08-04 15:40:28",12
"2018-08-04 16:40:28",12
"2018-08-04 17:40:28",12
"2018-08-04 18:40:28",12
"2018-08-04 19:40:28",12
"2018-08-04 20:40:28",12
"2018-08-04 21:40:28",12
"2018-08-04 22:40:28",12
"2018-08-04 23:40:28",12
"2018-08-05 00:40:27",12
"2018-08-05 01:40:28",12
"2018-08-05 02:40:28",12
"2018-08-05 03:40:28",12
"2018-08-05 04:40:28",12
"2018-08-05 05:40:27",12
"2018-08-05 06:40:28",12
"2018-08-05 07:40:28",12
"2018-08-05 08:40:28",12
"2018-08-05 09:40:27",12
"2018-08-05 10:40:28",12
"2018-08-05 11:40:28",12
"2018-08-05 12:40:28",12
"2018-08-05 13:40:28",12
"2018-08-05 14:40:28",12
"2018-08-05 15:40:28",12
"2018-08-05 16:40:29",12
"2018-08-05 17:40:28",12
"2018-08-05 18:40:28",12
"2018-08-05 19:40:28",12
"2018-08-05 20:40:28",12
"2018-08-05 21:40:28",12
"2018-08-05 22:40:27",12
"2018-08-05 23:40:28",12
"2018-08-06 00:40:28",12
"2018-08-06 01:40:27",12
"2018-08-06 02:40:28",12
"2018-08-06 03:40:28",12
"2018-08-06 04:40:28",12
"2018-08-06 05:40:28",12
"2018-08-06 06:40:28",12
"2018-08-06 07:40:28",12
"2018-08-06 08:40:28",12
"2018-08-06 09:40:28",12
"2018-08-06 10:40:28",12
"2018-08-06 11:40:27",12
"2018-08-06 12:40:28",12
"2018-08-06 13:40:29",12
"2018-08-06 14:40:29",11
"2018-08-06 15:40:28",11
"2018-08-06 16:40:32",11
"2018-08-06 17:40:29",11
"2018-08-06 18:40:29",11
"2018-08-06 19:40:28",11
"2018-08-06 20:40:28",11
"2018-08-06 21:40:30",11
"2018-08-06 22:40:28",11
"2018-08-06 23:40:28",11
"2018-08-07 00:40:28",11
"2018-08-07 01:40:28",11
"2018-08-07 02:40:28",11
"2018-08-07 03:40:28",11
"2018-08-07 04:40:29",11
"2018-08-07 05:40:29",11
"2018-08-07 06:40:28",11
"2018-08-07 07:40:28",11
"2018-08-07 08:40:28",11
"2018-08-07 09:40:28",11
"2018-08-07 10:40:27",11
"2018-08-07 11:40:28",11
"2018-08-07 12:40:29",11
"2018-08-07 13:40:29",11
"2018-08-07 14:40:28",11
"2018-08-07 15:40:28",11
"2018-08-07 16:40:28",11
"2018-08-07 17:40:28",11
"2018-08-07 18:40:29",11
"2018-08-07 19:40:29",11
"2018-08-07 20:40:28",11
"2018-08-07 21:40:28",11
"2018-08-07 22:40:28",11
"2018-08-07 23:40:28",11
"2018-08-08 00:40:28",11
"2018-08-08 01:40:29",11
"2018-08-08 02:40:29",11
"2018-08-08 03:40:29",11
"2018-08-08 04:40:28",11
"2018-08-08 05:40:28",11
"2018-08-08 06:40:28",11
"2018-08-08 07:40:29",11
"2018-08-08 08:40:28",11
"2018-08-08 09:40:28",11
"2018-08-08 10:40:28",11
"2018-08-08 11:40:28",11
"2018-08-08 12:40:29",11
"2018-08-08 13:40:29",11
"2018-08-08 14:40:30",11
"2018-08-08 15:40:30",11
"2018-08-08 16:40:30",11
"2018-08-08 17:40:29",11
"2018-08-08 18:40:29",11
"2018-08-08 19:40:29",11
"2018-08-08 20:40:29",11
"2018-08-08 21:40:29",11
"2018-08-08 22:40:29",11
"2018-08-08 23:40:29",11
"2018-08-10 00:18:46",11
"2018-08-10 00:40:30",11
"2018-08-10 01:40:30",11
"2018-08-10 02:40:30",11
"2018-08-10 03:40:29",11
"2018-08-10 04:40:30",11
"2018-08-10 05:40:34",11
"2018-08-10 06:40:33",11
"2018-08-10 07:40:34",11
"2018-08-10 08:40:34",11
"2018-08-10 09:40:33",11
"2018-08-10 10:40:33",11
"2018-08-10 11:40:33",11
"2018-08-10 12:40:32",11
"2018-08-10 13:40:34",11
"2018-08-10 14:40:33",11
"2018-08-10 15:40:34",11
"2018-08-10 16:40:34",11
"2018-08-10 17:40:33",11
"2018-08-10 18:40:33",11
"2018-08-10 19:40:33",11
"2018-08-10 20:40:33",11
"2018-08-10 21:40:34",11
"2018-08-10 22:40:32",11
"2018-08-10 23:40:34",11
"2018-08-11 00:40:33",11
"2018-08-11 01:40:33",11
"2018-08-11 02:40:34",11
"2018-08-11 03:40:33",11
"2018-08-11 04:40:33",11
"2018-08-11 05:40:34",11
"2018-08-11 06:40:33",11
"2018-08-11 07:40:33",11
"2018-08-11 08:40:33",11
"2018-08-11 09:40:33",11
"2018-08-11 10:40:33",11
"2018-08-11 11:40:33",11
"2018-08-11 12:40:33",11
"2018-08-11 13:40:33",11
"2018-08-11 14:40:33",11
"2018-08-11 15:40:33",11
"2018-08-11 16:40:33",11
"2018-08-11 17:40:33",11
"2018-08-11 18:40:33",11
"2018-08-11 19:40:33",11
"2018-08-11 20:40:33",11
"2018-08-11 21:40:33",11
"2018-08-11 22:40:33",11
"2018-08-11 23:40:34",11
"2018-08-12 00:40:33",11
"2018-08-12 01:40:33",11
"2018-08-12 02:40:33",11
"2018-08-12 03:40:33",11
"2018-08-12 04:40:33",11
"2018-08-12 05:40:33",11
"2018-08-12 06:40:33",11
"2018-08-12 07:40:33",11
"2018-08-12 08:40:33",11
"2018-08-12 09:40:33",11
"2018-08-12 10:40:33",11
"2018-08-12 11:40:33",11
"2018-08-12 12:40:33",11
"2018-08-12 13:40:34",11
"2018-08-12 14:40:33",11
"2018-08-12 15:40:34",11
"2018-08-12 16:40:34",11
"2018-08-12 17:40:33",11
"2018-08-12 18:40:33",11
"2018-08-12 19:40:34",11
"2018-08-12 20:40:34",11
"2018-08-12 21:40:33",11
"2018-08-12 22:40:33",11
"2018-08-12 23:40:34",11
"2018-08-13 00:40:33",11
"2018-08-13 01:40:33",11
"2018-08-13 02:40:34",11
"2018-08-13 03:40:33",11
"2018-08-13 04:40:33",11
"2018-08-13 05:40:33",11
"2018-08-13 06:40:33",11
"2018-08-13 07:40:33",11
"2018-08-13 08:40:34",11
"2018-08-13 09:40:34",11
"2018-08-13 10:40:33",11
"2018-08-13 11:40:33",11
"2018-08-13 12:40:33",11
"2018-08-13 13:40:35",11
"2018-08-13 14:40:35",12
"2018-08-13 15:40:35",12
"2018-08-13 16:40:35",12
"2018-08-13 17:40:34",11
"2018-08-13 18:40:35",11
"2018-08-13 19:40:35",11
"2018-08-13 20:40:34",11
"2018-08-13 21:40:35",11
"2018-08-13 22:40:34",11
"2018-08-13 23:40:35",11
"2018-08-14 00:40:34",11
"2018-08-14 01:40:35",11
"2018-08-14 02:40:34",11
"2018-08-14 03:40:34",11
"2018-08-14 04:40:35",11
"2018-08-14 05:40:34",11
"2018-08-14 06:40:35",11
"2018-08-14 07:40:35",11
"2018-08-14 08:40:34",11
"2018-08-14 09:40:34",11
"2018-08-14 10:40:34",11
"2018-08-14 11:40:33",11
"2018-08-14 12:40:34",11
"2018-08-14 13:40:35",11
"2018-08-14 14:40:35",11
"2018-08-14 15:40:35",11
"2018-08-14 16:40:34",11
"2018-08-14 17:40:34",11
"2018-08-14 18:40:35",11
"2018-08-14 19:40:35",11
"2018-08-14 20:40:35",11
"2018-08-14 21:40:34",11
"2018-08-14 22:40:35",11
"2018-08-14 23:40:34",11
"2018-08-15 00:40:34",11
"2018-08-15 01:40:35",11
"2018-08-15 02:40:35",11
"2018-08-15 03:40:35",11
"2018-08-15 04:40:35",11
"2018-08-15 05:40:34",11
"2018-08-15 06:40:35",11
"2018-08-15 07:40:34",11
"2018-08-15 08:40:34",11
"2018-08-15 09:40:34",11
"2018-08-15 10:40:35",11
"2018-08-15 11:40:34",11
"2018-08-15 12:40:34",11
"2018-08-15 14:06:08",11
"2018-08-15 14:40:35",11
"2018-08-15 15:40:35",11
"2018-08-15 16:40:35",11
"2018-08-15 17:40:34",11
"2018-08-15 18:40:33",11
"2018-08-15 19:40:34",11
"2018-08-15 20:40:34",11
"2018-08-15 21:40:34",11
"2018-08-15 22:40:34",11
"2018-08-15 23:40:34",11
"2018-08-16 00:40:35",11
"2018-08-16 01:40:34",11
"2018-08-16 02:40:35",11
"2018-08-16 03:40:35",11
"2018-08-16 04:40:35",11
"2018-08-16 05:40:34",11
"2018-08-16 06:40:34",11
"2018-08-16 07:40:35",11
"2018-08-16 08:40:34",11
"2018-08-16 09:40:34",11
"2018-08-16 10:40:35",11
"2018-08-16 11:40:34",11
"2018-08-16 12:40:34",11
"2018-08-16 13:40:35",11
"2018-08-16 14:40:34",11
"2018-08-16 15:40:36",11
"2018-08-16 16:40:35",11
"2018-08-16 17:40:35",11
"2018-08-16 18:40:34",11
"2018-08-16 19:40:34",11
"2018-08-16 20:40:35",11
"2018-08-16 21:40:35",11
"2018-08-16 22:40:34",11
"2018-08-16 23:40:34",11
"2018-08-17 00:40:34",11
"2018-08-17 01:40:34",11
"2018-08-17 02:40:35",11
"2018-08-17 03:40:35",11
"2018-08-17 04:40:35",11
"2018-08-17 05:40:34",11
"2018-08-17 06:40:34",11
"2018-08-17 07:40:34",11
"2018-08-17 08:40:35",11
"2018-08-17 09:40:35",11
"2018-08-17 10:40:34",11
"2018-08-17 11:40:35",11
"2018-08-17 12:40:34",11
"2018-08-17 13:40:34",11
"2018-08-17 14:40:35",11
"2018-08-17 15:40:36",11
"2018-08-17 16:40:35",11
"2018-08-17 17:40:34",11
"2018-08-17 18:40:34",11
"2018-08-17 19:40:35",11
"2018-08-17 20:40:34",11
"2018-08-17 21:40:34",11
"2018-08-17 22:40:35",11
"2018-08-17 23:40:34",11
"2018-08-18 00:40:35",11
"2018-08-18 01:40:35",11
"2018-08-18 02:40:35",11
"2018-08-18 03:40:35",11
"2018-08-18 04:40:35",11
"2018-08-18 05:40:35",11
"2018-08-18 06:40:35",11
"2018-08-18 07:40:34",11
"2018-08-18 08:40:35",11
"2018-08-18 09:40:35",11
"2018-08-18 10:40:34",11
"2018-08-18 11:40:34",11
"2018-08-18 12:40:35",11
"2018-08-18 13:40:35",11
"2018-08-18 14:40:35",11
"2018-08-18 15:40:35",11
"2018-08-18 16:40:35",11
"2018-08-18 17:40:35",11
"2018-08-18 18:40:34",11
"2018-08-18 19:40:35",11
"2018-08-18 20:40:36",11
"2018-08-18 21:40:34",11
"2018-08-18 22:40:34",11
"2018-08-18 23:40:34",11
"2018-08-19 00:40:35",11
"2018-08-19 01:40:34",11
"2018-08-19 02:40:34",11
"2018-08-19 03:40:34",11
"2018-08-19 04:40:35",11
"2018-08-19 05:40:34",11
"2018-08-19 06:40:34",11
"2018-08-19 07:40:34",11
"2018-08-19 08:40:35",11
"2018-08-19 09:40:34",11
"2018-08-19 10:40:34",11
"2018-08-19 11:40:34",11
"2018-08-19 12:40:35",11
"2018-08-19 13:40:34",11
"2018-08-19 14:40:34",11
"2018-08-19 15:40:35",11
"2018-08-19 16:40:34",11
"2018-08-19 17:40:35",11
"2018-08-19 18:40:35",11
"2018-08-19 19:40:34",11
"2018-08-19 20:40:34",11
"2018-08-19 21:40:35",11
"2018-08-19 22:40:34",11
"2018-08-19 23:40:34",11
"2018-08-20 00:40:35",11
"2018-08-20 01:40:35",11
"2018-08-20 02:40:34",11
"2018-08-20 03:40:34",11
"2018-08-20 04:40:35",11
"2018-08-20 05:40:34",11
"2018-08-20 06:40:35",11
"2018-08-20 07:40:34",11
"2018-08-20 08:40:38",11
"2018-08-20 09:40:34",11
"2018-08-20 10:40:34",11
"2018-08-20 11:40:35",11
"2018-08-20 12:40:34",11
"2018-08-20 13:40:35",11
"2018-08-20 14:40:36",11
"2018-08-20 15:40:35",11
"2018-08-20 16:40:35",11
"2018-08-20 17:40:34",11
"2018-08-20 18:40:35",11
"2018-08-20 19:40:35",11
"2018-08-20 20:40:35",11
"2018-08-20 21:40:34",11
"2018-08-20 22:40:35",11
"2018-08-20 23:40:34",11
"2018-08-21 00:40:34",11
"2018-08-21 01:40:35",11
"2018-08-21 02:40:35",11
"2018-08-21 03:40:35",11
"2018-08-21 04:40:34",11
"2018-08-21 05:40:34",11
"2018-08-21 06:40:35",11
"2018-08-21 07:40:34",11
"2018-08-21 08:40:35",11
"2018-08-21 09:40:34",11
"2018-08-21 10:40:35",11
"2018-08-21 11:40:34",11
"2018-08-21 12:40:35",11
"2018-08-21 13:40:36",11
"2018-08-21 14:40:35",11
"2018-08-21 15:40:34",11
"2018-08-21 16:40:34",11
"2018-08-21 17:40:33",11
"2018-08-21 18:40:34",11
"2018-08-21 19:40:34",11
"2018-08-21 20:40:34",11
"2018-08-21 21:40:33",11
"2018-08-21 22:40:34",11
"2018-08-21 23:40:34",11
"2018-08-22 00:40:33",11
"2018-08-22 01:40:34",11
"2018-08-22 02:40:34",11
"2018-08-22 03:40:34",11
"2018-08-22 04:40:34",11
"2018-08-22 05:40:34",11
"2018-08-22 06:40:34",11
"2018-08-22 07:40:34",11
"2018-08-22 08:40:33",11
"2018-08-22 09:40:34",11
"2018-08-22 10:40:34",11
"2018-08-22 11:40:34",11
"2018-08-22 12:40:33",11
"2018-08-22 13:40:35",11
"2018-08-22 14:40:33",11
"2018-08-22 15:40:33",11
"2018-08-22 16:40:34",11
"2018-08-22 17:40:33",11
"2018-08-22 18:40:34",11
"2018-08-22 19:40:34",11
"2018-08-22 20:40:33",11
"2018-08-22 21:40:33",11
"2018-08-22 22:40:34",11
"2018-08-22 23:40:34",11
"2018-08-23 00:40:33",11
"2018-08-23 01:40:34",11
"2018-08-23 02:40:34",11
"2018-08-23 03:40:34",11
"2018-08-23 04:40:34",11
"2018-08-23 05:40:34",11
"2018-08-23 06:40:33",11
"2018-08-23 07:40:34",11
"2018-08-23 08:40:33",11
"2018-08-23 09:40:34",11
"2018-08-23 10:40:33",11
"2018-08-23 11:40:34",11
"2018-08-23 12:40:34",11
"2018-08-23 13:40:35",11
"2018-08-23 14:40:34",11
"2018-08-23 15:40:34",11
"2018-08-23 16:40:35",11
"2018-08-23 17:40:33",11
"2018-08-23 18:40:34",11
"2018-08-23 19:40:34",11
"2018-08-23 20:40:34",11
"2018-08-23 21:40:33",11
"2018-08-23 22:40:33",11
"2018-08-23 23:40:34",11
"2018-08-24 00:40:34",11
"2018-08-24 01:40:34",11
"2018-08-24 02:40:33",11
"2018-08-24 03:40:33",11
"2018-08-24 19:58:51",11
"2018-08-24 20:40:34",11
"2018-08-24 21:40:34",11
"2018-08-24 22:40:34",11
"2018-08-24 23:40:33",11
"2018-08-25 00:40:34",11
"2018-08-25 01:40:34",11
"2018-08-25 02:40:34",11
"2018-08-25 03:40:34",11
"2018-08-25 04:40:34",11
"2018-08-25 05:40:34",11
"2018-08-25 06:40:34",11
"2018-08-25 07:40:33",11
"2018-08-25 08:40:34",11
"2018-08-25 09:40:33",11
"2018-08-25 10:40:34",11
"2018-08-25 11:40:33",11
"2018-08-25 12:40:34",11
"2018-08-25 13:40:34",11
"2018-08-25 14:40:34",11
"2018-08-25 15:40:34",11
"2018-08-25 16:40:34",11
"2018-08-25 17:40:34",11
"2018-08-25 18:40:34",11
"2018-08-25 19:40:34",11
"2018-08-25 20:40:34",11
"2018-08-25 21:40:34",11
"2018-08-25 22:40:34",11
"2018-08-25 23:40:34",11
"2018-08-26 00:40:34",11
"2018-08-26 01:40:34",11
"2018-08-26 02:40:34",11
"2018-08-26 03:40:34",11
"2018-08-26 04:40:33",11
"2018-08-26 05:40:33",11
"2018-08-26 06:40:34",11
"2018-08-26 07:40:34",11
"2018-08-26 08:40:34",11
"2018-08-26 09:40:33",11
"2018-08-26 10:40:34",11
"2018-08-26 11:40:34",11
"2018-08-26 12:40:34",11
"2018-08-26 13:40:34",11
"2018-08-26 14:40:33",11
"2018-08-26 15:40:33",11
"2018-08-26 16:40:34",11
"2018-08-26 17:40:33",11
"2018-08-26 18:40:33",11
"2018-08-26 19:40:33",11
"2018-08-26 20:40:34",11
"2018-08-26 21:40:33",11
"2018-08-26 22:40:33",11
"2018-08-26 23:40:34",11
"2018-08-27 00:40:34",11
"2018-08-27 01:40:33",11
"2018-08-27 02:40:34",11
"2018-08-27 03:40:34",11
"2018-08-27 04:40:33",11
"2018-08-27 05:40:34",11
"2018-08-27 06:40:34",11
"2018-08-27 07:40:34",11
"2018-08-27 08:40:34",11
"2018-08-27 09:40:33",11
"2018-08-27 10:40:34",11
"2018-08-27 11:40:33",11
"2018-08-27 12:40:34",11
"2018-08-27 14:04:35",11
"2018-08-27 14:40:34",11
"2018-08-27 15:40:34",11
"2018-08-27 16:40:34",11
"2018-08-27 17:40:34",11
"2018-08-27 18:40:34",11
"2018-08-27 19:40:34",11
"2018-08-27 20:40:34",11
"2018-08-27 21:40:34",11
"2018-08-27 22:40:34",11
"2018-08-27 23:40:34",11
"2018-08-28 00:40:34",11
"2018-08-28 01:40:34",11
"2018-08-28 02:40:33",11
"2018-08-28 03:40:33",11
"2018-08-28 04:40:34",11
"2018-08-28 05:40:33",11
"2018-08-28 06:40:34",11
"2018-08-28 07:40:33",11
"2018-08-28 08:40:33",11
"2018-08-28 09:40:34",11
"2018-08-28 10:40:34",11
"2018-08-28 11:40:34",11
"2018-08-28 12:40:34",11
"2018-08-28 13:40:46",11
"2018-08-28 14:40:46",11
"2018-08-28 15:40:46",12
"2018-08-28 16:40:46",12
"2018-08-28 17:40:47",12
"2018-08-28 18:40:48",12
"2018-08-28 19:40:46",12
"2018-08-28 20:40:46",12
"2018-08-28 21:40:47",12
"2018-08-28 22:40:47",12
"2018-08-28 23:40:46",12
"2018-08-29 00:40:47",12
"2018-08-29 01:40:47",12
"2018-08-29 02:40:46",12
"2018-08-29 03:40:46",12
"2018-08-29 04:40:46",12
"2018-08-29 05:40:46",12
"2018-08-29 06:40:45",12
"2018-08-29 07:40:46",12
"2018-08-29 08:40:46",12
"2018-08-29 09:40:46",12
"2018-08-29 10:40:46",12
"2018-08-29 11:40:46",12
"2018-08-29 12:40:46",12
"2018-08-29 14:04:21",11
"2018-08-29 14:40:47",11
"2018-08-29 15:40:46",11
"2018-08-29 16:40:46",11
"2018-08-29 17:40:47",11
"2018-08-29 18:40:48",11
"2018-08-29 19:40:46",10
"2018-08-29 20:40:46",10
"2018-08-29 21:40:46",10
"2018-08-29 22:40:46",10
"2018-08-29 23:40:46",10
"2018-08-30 00:41:31",10
"2018-08-30 01:40:46",10
"2018-08-30 02:40:46",10
"2018-08-30 03:40:46",10
"2018-08-30 04:40:46",10
"2018-08-30 05:40:46",10
"2018-08-30 06:40:46",10
"2018-08-30 07:40:46",10
"2018-08-30 08:40:46",10
"2018-08-30 09:40:46",10
"2018-08-30 10:40:46",10
"2018-08-30 11:40:47",10
"2018-08-30 12:40:46",10
"2018-08-30 13:40:48",10
"2018-08-30 14:40:47",10
"2018-08-30 15:40:46",10
"2018-08-30 16:40:46",10
"2018-08-30 17:40:46",10
"2018-08-30 18:40:47",10
"2018-08-30 19:40:47",10
"2018-08-30 20:40:45",10
"2018-08-30 21:40:46",10
"2018-08-30 22:40:46",10
"2018-08-30 23:40:46",10
"2018-08-31 00:40:47",10
"2018-08-31 01:40:46",10
"2018-08-31 02:40:46",10
"2018-08-31 03:40:47",10
"2018-08-31 04:40:46",10
"2018-08-31 05:40:46",10
"2018-08-31 06:40:46",10
"2018-08-31 07:40:46",10
"2018-08-31 08:40:46",10
"2018-08-31 09:40:47",10
"2018-08-31 10:40:46",10
"2018-08-31 11:40:47",10
"2018-08-31 12:40:46",10
"2018-08-31 13:40:47",10
"2018-08-31 14:40:46",10
"2018-08-31 15:40:46",10
"2018-08-31 16:40:46",10
"2018-08-31 17:40:46",10
"2018-08-31 18:40:46",10
"2018-08-31 19:40:46",10
"2018-08-31 20:40:48",10
"2018-08-31 21:40:46",10
"2018-08-31 22:40:46",10
"2018-08-31 23:40:46",10
"2018-09-01 00:40:46",10
"2018-09-01 01:40:46",10
"2018-09-01 02:40:46",10
"2018-09-01 03:40:46",10
"2018-09-01 04:40:47",10
"2018-09-01 05:40:46",10
"2018-09-01 06:40:46",10
"2018-09-01 07:40:46",10
"2018-09-01 08:40:46",10
"2018-09-01 09:40:47",10
"2018-09-01 10:40:46",10
"2018-09-01 11:40:46",10
"2018-09-01 12:40:46",10
"2018-09-01 13:40:47",10
"2018-09-01 14:40:47",10
"2018-09-01 15:40:46",10
"2018-09-01 16:40:46",10
"2018-09-01 17:40:45",10
"2018-09-01 18:40:47",10
"2018-09-01 19:40:46",10
"2018-09-01 20:40:46",10
"2018-09-01 21:40:46",10
"2018-09-01 22:40:46",10
"2018-09-01 23:40:46",10
"2018-09-02 00:40:46",10
"2018-09-02 01:40:46",10
"2018-09-02 02:40:47",10
"2018-09-02 03:40:47",10
"2018-09-02 04:40:46",10
"2018-09-02 05:40:47",10
"2018-09-02 06:40:46",10
"2018-09-02 07:40:46",10
"2018-09-02 08:40:47",10
"2018-09-02 09:40:46",10
"2018-09-02 10:40:46",10
"2018-09-02 11:40:46",10
"2018-09-02 12:40:46",10
"2018-09-02 13:40:47",10
"2018-09-02 14:40:47",10
"2018-09-02 15:40:46",10
"2018-09-02 16:40:47",10
"2018-09-02 17:40:46",10
"2018-09-02 18:40:46",10
"2018-09-02 19:40:46",10
"2018-09-02 20:40:46",10
"2018-09-02 21:40:46",10
"2018-09-02 22:40:47",10
"2018-09-02 23:40:47",10
"2018-09-03 00:40:46",10
"2018-09-03 01:40:47",10
"2018-09-03 02:40:47",10
"2018-09-03 03:40:46",10
"2018-09-03 04:40:47",10
"2018-09-03 05:40:46",10
"2018-09-03 06:40:46",10
"2018-09-03 07:40:46",10
"2018-09-03 08:40:50",10
"2018-09-03 09:40:47",10
"2018-09-03 10:40:46",10
"2018-09-03 11:40:47",10
"2018-09-03 12:40:46",10
"2018-09-03 13:40:46",10
"2018-09-03 14:40:46",10
"2018-09-03 15:40:46",10
"2018-09-03 16:40:46",10
"2018-09-03 17:40:46",10
"2018-09-03 18:40:47",10
"2018-09-03 19:40:46",10
"2018-09-03 20:40:47",10
"2018-09-03 21:40:45",10
"2018-09-03 22:40:47",10
"2018-09-03 23:40:46",10
"2018-09-04 00:40:47",10
"2018-09-04 01:40:47",10
"2018-09-04 02:40:46",10
"2018-09-04 03:40:46",10
"2018-09-04 04:40:46",10
"2018-09-04 05:40:46",10
"2018-09-04 06:40:46",10
"2018-09-04 07:40:47",10
"2018-09-04 08:40:47",10
"2018-09-04 09:40:46",10
"2018-09-04 10:40:46",10
"2018-09-04 11:40:45",10
"2018-09-04 12:40:46",10
"2018-09-04 13:40:47",10
"2018-09-04 14:40:47",10
"2018-09-04 15:40:46",10
"2018-09-04 16:40:47",11
"2018-09-04 17:40:47",11
"2018-09-04 18:40:47",11
"2018-09-04 19:40:48",11
"2018-09-04 20:40:47",10
"2018-09-04 21:40:46",10
"2018-09-04 22:40:47",10
"2018-09-04 23:40:46",10
"2018-09-05 00:40:46",10
"2018-09-05 01:40:47",10
"2018-09-05 02:40:46",10
"2018-09-05 03:40:45",10
"2018-09-05 04:40:46",10
"2018-09-05 05:40:46",10
"2018-09-05 06:40:46",10
"2018-09-05 07:40:47",10
"2018-09-05 08:40:46",10
"2018-09-05 09:40:46",10
"2018-09-05 10:40:46",10
"2018-09-05 11:40:50",10
"2018-09-05 12:40:45",10
"2018-09-05 13:40:50",10
"2018-09-05 14:40:47",10
"2018-09-05 15:40:46",10
"2018-09-05 16:40:47",10
"2018-09-05 17:40:47",10
"2018-09-05 18:40:47",10
"2018-09-05 19:40:47",10
"2018-09-05 20:40:46",10
"2018-09-05 21:40:45",10
"2018-09-05 22:40:46",10
"2018-09-05 23:40:46",10
"2018-09-06 00:40:46",10
"2018-09-06 01:40:46",10
"2018-09-06 02:40:46",10
"2018-09-06 03:40:47",10
"2018-09-06 04:40:47",10
"2018-09-06 05:40:46",10
"2018-09-06 06:40:46",10
"2018-09-06 07:40:46",10
"2018-09-06 08:40:47",10
"2018-09-06 09:40:46",10
"2018-09-06 10:40:46",10
"2018-09-06 11:40:47",10
"2018-09-06 13:05:49",10
"2018-09-06 13:40:48",10
"2018-09-06 14:40:46",10
"2018-09-06 15:40:47",10
"2018-09-06 16:40:47",10
"2018-09-06 17:40:47",10
"2018-09-06 18:40:46",10
"2018-09-06 19:40:47",10
"2018-09-06 20:40:45",10
"2018-09-06 21:40:45",10
"2018-09-06 22:40:46",10
"2018-09-06 23:40:47",10
"2018-09-07 00:40:46",10
"2018-09-07 01:40:46",10
"2018-09-07 02:40:46",10
"2018-09-07 03:40:46",10
"2018-09-07 04:40:46",10
"2018-09-07 05:40:47",10
"2018-09-07 06:40:47",10
"2018-09-07 08:40:46",10
"2018-09-07 09:40:46",10
"2018-09-07 10:40:47",10
"2018-09-07 11:40:46",10
"2018-09-07 12:40:46",10
"2018-09-07 13:40:48",10
"2018-09-07 14:40:46",10
"2018-09-07 15:40:47",10
"2018-09-07 16:40:47",10
"2018-09-07 17:40:46",10
"2018-09-07 18:40:46",10
"2018-09-07 19:40:46",10
"2018-09-07 20:40:46",10
"2018-09-07 21:40:46",10
"2018-09-07 22:40:46",10
"2018-09-07 23:40:47",10
"2018-09-08 00:40:46",10
"2018-09-08 01:40:46",10
"2018-09-08 02:40:46",10
"2018-09-08 03:40:46",10
"2018-09-08 04:40:46",10
"2018-09-08 05:40:46",10
"2018-09-08 06:40:47",10
"2018-09-08 07:40:46",10
"2018-09-08 08:40:46",10
"2018-09-08 09:40:46",10
"2018-09-08 10:40:45",10
"2018-09-08 11:40:45",10
"2018-09-08 12:40:47",10
"2018-09-08 13:40:47",10
"2018-09-08 14:40:46",10
"2018-09-08 15:40:46",10
"2018-09-08 16:40:46",10
"2018-09-08 17:40:46",10
"2018-09-08 18:40:46",10
"2018-09-08 19:40:46",10
"2018-09-08 20:40:46",10
"2018-09-08 21:40:46",10
"2018-09-08 22:40:46",10
"2018-09-08 23:40:47",10
"2018-09-09 00:40:46",10
"2018-09-09 01:40:47",10
"2018-09-09 02:40:47",10
"2018-09-09 03:40:46",10
"2018-09-09 04:40:46",10
"2018-09-09 05:40:46",10
"2018-09-09 06:40:47",10
"2018-09-09 07:40:46",10
"2018-09-09 08:40:47",10
"2018-09-09 09:40:46",10
"2018-09-09 10:40:46",10
"2018-09-09 11:40:47",10
"2018-09-09 12:40:46",10
"2018-09-09 13:40:47",10
"2018-09-09 14:40:47",10
"2018-09-09 15:40:46",10
"2018-09-09 16:40:46",10
"2018-09-09 17:40:46",10
"2018-09-09 18:40:46",10
"2018-09-09 19:40:46",10
"2018-09-09 20:40:46",10
"2018-09-09 21:40:47",10
"2018-09-09 22:40:45",10
"2018-09-09 23:40:47",10
"2018-09-10 00:40:46",10
"2018-09-10 01:40:48",10
"2018-09-10 02:40:46",10
"2018-09-10 03:40:47",10
"2018-09-10 04:40:47",10
"2018-09-10 05:40:46",10
"2018-09-10 06:40:46",10
"2018-09-10 07:40:46",10
"2018-09-10 08:40:45",10
"2018-09-10 09:40:46",10
"2018-09-10 10:40:46",10
"2018-09-10 11:40:46",10
"2018-09-10 12:40:46",10
"2018-09-10 13:40:47",10
"2018-09-10 14:40:47",10
"2018-09-10 15:40:47",10
"2018-09-10 16:40:47",10
"2018-09-10 17:40:47",10
"2018-09-10 18:40:47",10
"2018-09-10 19:40:46",10
"2018-09-10 20:40:46",10
"2018-09-10 21:40:45",10
"2018-09-10 22:40:47",10
"2018-09-10 23:40:46",10
"2018-09-11 00:40:47",10
"2018-09-11 01:40:47",10
"2018-09-11 02:40:47",10
"2018-09-11 03:40:47",10
"2018-09-11 04:40:46",10
"2018-09-11 05:40:47",10
"2018-09-11 06:40:47",10
"2018-09-11 07:40:47",10
"2018-09-11 08:40:45",10
"2018-09-11 09:40:46",10
"2018-09-11 10:40:46",10
"2018-09-11 11:40:46",10
"2018-09-11 12:40:46",10
"2018-09-11 13:40:48",10
"2018-09-11 14:40:46",10
"2018-09-11 15:40:46",10
"2018-09-11 16:40:46",10
"2018-09-11 17:40:46",10
"2018-09-11 18:40:47",10
"2018-09-11 19:40:46",10
"2018-09-11 20:40:46",10
"2018-09-11 21:40:46",10
"2018-09-11 22:40:45",10
"2018-09-11 23:40:47",10
"2018-09-12 00:40:47",10
"2018-09-12 01:40:47",10
"2018-09-12 20:40:47",10
"2018-09-12 21:40:47",10
"2018-09-12 22:40:47",10
"2018-09-12 23:40:47",10
"2018-09-13 00:40:47",10
"2018-09-13 01:40:47",10
"2018-09-13 02:40:48",10
"2018-09-13 03:40:47",10
"2018-09-13 04:40:47",10
"2018-09-13 05:40:47",10
"2018-09-13 06:40:47",10
"2018-09-13 07:40:47",10
"2018-09-13 08:40:47",10
"2018-09-13 09:40:46",10
"2018-09-13 10:40:47",10
"2018-09-13 11:40:47",10
"2018-09-13 12:40:47",10
"2018-09-13 13:43:04",10
"2018-09-13 14:40:48",10
"2018-09-13 15:40:47",11
"2018-09-13 16:40:47",11
"2018-09-13 17:40:47",11
"2018-09-13 18:40:48",11
"2018-09-13 19:40:47",11
"2018-09-13 20:40:47",11
"2018-09-13 21:40:47",11
"2018-09-13 22:40:47",11
"2018-09-13 23:40:47",11
"2018-09-14 00:40:48",11
"2018-09-14 01:40:47",11
"2018-09-14 02:40:47",11
"2018-09-14 03:40:47",11
"2018-09-14 04:40:48",11
"2018-09-14 05:40:48",11
"2018-09-14 06:40:47",11
"2018-09-14 07:40:47",11
"2018-09-14 08:40:47",11
"2018-09-14 09:40:47",11
"2018-09-14 10:40:47",11
"2018-09-14 11:40:47",11
"2018-09-14 12:40:47",11
"2018-09-14 13:40:51",11
"2018-09-14 14:40:50",11
"2018-09-14 15:40:48",11
"2018-09-14 16:40:48",11
"2018-09-14 17:40:49",11
"2018-09-14 18:40:49",11
"2018-09-14 19:40:48",11
"2018-09-14 20:40:49",11
"2018-09-14 21:40:47",11
"2018-09-14 22:40:48",11
"2018-09-14 23:40:48",11
"2018-09-15 00:40:49",11
"2018-09-15 01:40:48",11
"2018-09-15 02:40:49",11
"2018-09-15 03:40:48",11
"2018-09-15 04:40:48",11
"2018-09-15 05:40:48",11
"2018-09-15 06:40:48",11
"2018-09-15 07:40:49",11
"2018-09-15 08:40:48",11
"2018-09-15 09:40:48",11
"2018-09-15 10:40:48",11
"2018-09-15 11:40:48",11
"2018-09-15 12:40:49",11
"2018-09-15 13:40:49",11
"2018-09-15 14:40:48",11
"2018-09-15 15:40:48",11
"2018-09-15 16:40:48",11
"2018-09-15 17:40:47",11
"2018-09-15 18:40:48",11
"2018-09-15 19:40:48",11
"2018-09-15 20:40:49",11
"2018-09-15 21:40:48",11
"2018-09-15 22:40:48",11
"2018-09-15 23:40:48",11
"2018-09-16 00:40:48",11
"2018-09-16 01:40:48",11
"2018-09-16 02:40:49",11
"2018-09-16 03:40:48",11
"2018-09-16 04:40:49",11
"2018-09-16 05:40:48",11
"2018-09-16 06:40:49",11
"2018-09-16 07:40:48",11
"2018-09-16 08:40:48",11
"2018-09-16 09:40:48",11
"2018-09-16 10:40:48",11
"2018-09-16 11:40:48",11
"2018-09-16 12:40:48",11
"2018-09-16 13:40:49",11
"2018-09-16 14:40:48",11
"2018-09-16 15:40:49",11
"2018-09-16 16:40:49",11
"2018-09-16 17:40:48",11
"2018-09-16 18:40:49",11
"2018-09-16 19:40:48",11
"2018-09-16 20:40:49",11
"2018-09-16 21:40:48",11
"2018-09-16 22:40:48",11
"2018-09-16 23:40:48",11
"2018-09-17 00:40:49",11
"2018-09-17 01:40:48",11
"2018-09-17 02:40:49",11
"2018-09-17 03:40:48",11
"2018-09-17 04:40:49",11
"2018-09-17 05:40:48",11
"2018-09-17 06:40:48",11
"2018-09-17 07:40:48",11
"2018-09-17 08:40:49",11
"2018-09-17 09:40:48",11
"2018-09-17 10:40:48",11
"2018-09-17 11:40:47",11
"2018-09-17 12:40:48",11
"2018-09-17 13:40:50",11
"2018-09-17 14:40:49",11
"2018-09-17 15:40:54",12
"2018-09-17 16:40:49",12
"2018-09-17 17:40:48",12
"2018-09-17 18:40:48",12
"2018-09-17 19:40:48",12
"2018-09-17 20:40:48",12
"2018-09-17 21:40:48",12
"2018-09-17 22:40:48",12
"2018-09-17 23:40:48",12
"2018-09-18 00:40:48",12
"2018-09-18 01:40:48",12
"2018-09-18 02:40:48",12
"2018-09-18 03:40:48",12
"2018-09-18 04:40:49",12
"2018-09-18 05:40:48",12
"2018-09-18 06:40:49",12
"2018-09-18 07:40:48",12
"2018-09-18 08:40:48",12
"2018-09-18 09:40:48",12
"2018-09-18 10:40:48",12
"2018-09-18 11:40:48",12
"2018-09-18 12:40:49",12
"2018-09-18 13:40:50",12
"2018-09-18 14:40:49",12
"2018-09-18 15:40:48",12
"2018-09-18 16:40:49",12
"2018-09-18 17:40:49",12
"2018-09-18 18:40:49",12
"2018-09-18 19:40:49",12
"2018-09-18 20:40:48",12
"2018-09-18 21:40:48",12
"2018-09-18 22:40:48",12
"2018-09-18 23:40:49",12
"2018-09-19 00:40:49",12
"2018-09-19 01:40:48",12
"2018-09-19 02:40:48",12
"2018-09-19 03:40:48",12
"2018-09-19 04:40:48",12
"2018-09-19 05:40:48",12
"2018-09-19 06:40:49",12
"2018-09-19 07:40:48",12
"2018-09-19 08:40:48",12
"2018-09-19 09:40:48",12
"2018-09-19 10:40:48",12
"2018-09-19 11:40:47",12
"2018-09-19 12:40:48",12
"2018-09-19 13:41:09",12
"2018-09-19 14:40:50",12
"2018-09-19 15:40:50",12
"2018-09-19 16:40:49",12
"2018-09-19 17:40:49",12
"2018-09-19 18:40:49",12
"2018-09-19 19:40:54",12
"2018-09-19 20:40:48",12
"2018-09-19 21:40:49",12
"2018-09-19 22:40:48",12
"2018-09-19 23:40:48",12
"2018-09-20 00:40:49",12
"2018-09-20 01:40:49",12
"2018-09-20 02:40:49",12
"2018-09-20 03:40:53",12
"2018-09-20 04:40:49",12
"2018-09-20 05:40:49",12
"2018-09-20 06:40:49",12
"2018-09-20 07:40:48",12
"2018-09-20 08:40:49",12
"2018-09-20 09:40:49",12
"2018-09-20 10:40:49",12
"2018-09-20 11:40:48",12
"2018-09-20 13:06:52",12
"2018-09-20 14:40:51",12
"2018-09-20 15:40:49",12
"2018-09-20 16:40:49",12
"2018-09-20 17:40:48",12
"2018-09-20 18:40:49",12
"2018-09-20 19:40:49",12
"2018-09-20 20:40:49",12
"2018-09-20 21:40:48",12
"2018-09-20 22:40:48",12
"2018-09-20 23:40:49",12
"2018-09-21 00:40:49",12
"2018-09-21 01:40:49",12
"2018-09-21 02:40:48",12
"2018-09-21 03:40:49",12
"2018-09-21 04:40:50",12
"2018-09-21 05:40:49",12
"2018-09-21 06:40:48",12
"2018-09-21 07:40:49",12
"2018-09-21 08:40:48",12
"2018-09-21 09:40:48",12
"2018-09-21 10:40:48",12
"2018-09-21 11:40:48",12
"2018-09-21 13:08:22",12
"2018-09-21 13:40:52",12
"2018-09-21 14:40:49",12
"2018-09-21 15:40:50",12
"2018-09-21 16:40:50",12
"2018-09-21 17:40:50",12
"2018-09-21 18:40:50",12
"2018-09-21 19:40:49",12
"2018-09-21 20:40:49",12
"2018-09-21 21:40:49",12
"2018-09-21 22:40:48",12
"2018-09-21 23:40:50",12
"2018-09-22 00:40:49",12
"2018-09-22 01:40:49",12
"2018-09-22 02:40:49",12
"2018-09-22 03:40:49",12
"2018-09-22 04:40:50",12
"2018-09-22 05:40:50",12
"2018-09-22 06:40:49",12
"2018-09-22 07:40:49",12
"2018-09-22 08:40:49",12
"2018-09-22 09:40:49",12
"2018-09-22 10:40:49",12
"2018-09-22 11:40:49",12
"2018-09-22 12:40:49",12
"2018-09-22 13:40:50",12
"2018-09-22 14:40:49",12
"2018-09-22 15:40:50",12
"2018-09-22 16:40:49",12
"2018-09-22 17:40:49",12
"2018-09-22 18:40:50",12
"2018-09-22 19:40:50",12
"2018-09-22 20:40:49",12
"2018-09-22 21:40:49",12
"2018-09-22 22:40:49",12
"2018-09-22 23:40:49",12
"2018-09-23 00:40:50",12
"2018-09-23 01:40:50",12
"2018-09-23 02:40:49",12
"2018-09-23 03:40:50",12
"2018-09-23 04:40:50",12
"2018-09-23 05:40:49",12
"2018-09-23 06:40:49",12
"2018-09-23 07:40:50",12
"2018-09-23 08:40:49",12
"2018-09-23 09:40:49",12
"2018-09-23 10:40:49",12
"2018-09-23 11:40:50",12
"2018-09-23 12:40:49",12
"2018-09-23 13:40:50",12
"2018-09-23 14:40:50",12
"2018-09-23 15:40:50",12
"2018-09-23 16:40:50",12
"2018-09-23 17:40:49",12
"2018-09-23 18:40:49",12
"2018-09-23 19:40:49",12
"2018-09-23 20:40:49",12
"2018-09-23 21:40:50",12
"2018-09-23 22:40:50",12
"2018-09-23 23:40:50",12
"2018-09-24 00:40:49",12
"2018-09-24 01:40:50",12
"2018-09-24 02:40:49",12
"2018-09-24 03:40:49",12
"2018-09-24 04:40:50",12
"2018-09-24 05:40:49",12
"2018-09-24 06:40:49",12
"2018-09-24 07:40:50",12
"2018-09-24 08:40:49",12
"2018-09-24 09:40:49",12
"2018-09-24 10:40:49",12
"2018-09-24 11:40:50",12
"2018-09-24 12:40:49",12
"2018-09-24 13:40:52",12
"2018-09-24 14:40:50",12
"2018-09-24 15:40:49",12
"2018-09-24 16:40:49",13
"2018-09-24 17:40:50",13
"2018-09-24 18:40:49",13
"2018-09-24 19:40:50",13
"2018-09-24 20:40:50",13
"2018-09-24 21:40:50",13
"2018-09-24 22:40:50",13
"2018-09-24 23:40:50",13
"2018-09-25 00:40:50",13
"2018-09-25 01:40:49",13
"2018-09-25 02:40:48",13
"2018-09-25 03:40:49",13
"2018-09-25 04:40:49",13
"2018-09-25 05:40:49",13
"2018-09-25 06:40:49",13
"2018-09-25 07:40:49",13
"2018-09-25 08:40:50",13
"2018-09-25 09:40:49",13
"2018-09-25 10:40:49",13
"2018-09-25 11:40:50",13
"2018-09-25 12:40:50",13
"2018-09-25 13:40:51",13
"2018-09-25 14:40:50",12
"2018-09-25 15:40:50",13
"2018-09-25 16:40:50",13
"2018-09-25 17:40:49",13
"2018-09-25 18:40:50",13
"2018-09-25 19:40:49",13
"2018-09-25 20:40:50",13
"2018-09-25 21:40:50",13
"2018-09-25 22:40:50",13
"2018-09-25 23:40:50",13
"2018-09-26 00:40:50",13
"2018-09-26 01:40:50",13
"2018-09-26 02:40:51",13
"2018-09-26 03:40:50",13
"2018-09-26 04:40:50",13
"2018-09-26 05:40:49",13
"2018-09-26 06:40:50",13
"2018-09-26 07:40:49",13
"2018-09-26 08:40:50",13
"2018-09-26 09:40:50",13
"2018-09-26 10:40:49",13
"2018-09-26 11:40:49",13
"2018-09-26 13:07:23",13
"2018-09-26 13:40:52",13
"2018-09-26 14:40:50",13
"2018-09-26 15:40:50",13
"2018-09-26 16:40:50",13
"2018-09-26 17:40:49",13
"2018-09-26 18:40:51",13
"2018-09-26 19:40:50",13
"2018-09-26 20:40:50",13
"2018-09-26 21:40:49",13
"2018-09-26 22:40:49",13
"2018-09-26 23:40:50",13
"2018-09-27 00:40:50",13
"2018-09-27 01:40:49",13
"2018-09-27 02:40:50",13
"2018-09-27 03:40:50",13
"2018-09-27 04:40:49",13
"2018-09-27 05:40:49",13
"2018-09-27 06:40:50",13
"2018-09-27 07:40:50",13
"2018-09-27 08:40:49",13
"2018-09-27 09:40:49",13
"2018-09-27 10:40:50",13
"2018-09-27 11:40:50",13
"2018-09-27 12:40:49",13
"2018-09-27 13:40:51",13
"2018-09-27 14:40:50",13
"2018-09-27 15:40:50",13
"2018-09-27 17:06:24",13
"2018-09-27 17:40:50",13
"2018-09-27 18:40:50",13
"2018-09-27 19:40:50",13
"2018-09-27 20:40:50",13
"2018-09-27 21:40:50",13
"2018-09-27 22:40:50",13
"2018-09-27 23:40:51",13
"2018-09-28 00:40:50",13
"2018-09-28 01:40:50",13
"2018-09-28 02:40:49",13
"2018-09-28 03:40:50",13
"2018-09-28 04:40:50",13
"2018-09-28 05:40:50",13
"2018-09-28 06:40:50",13
"2018-09-28 07:40:50",13
"2018-09-28 08:40:50",13
"2018-09-28 09:40:50",13
"2018-09-28 10:40:50",13
"2018-09-28 11:40:50",13
"2018-09-28 12:40:51",13
"2018-09-28 13:40:52",13
"2018-09-28 14:40:49",14
"2018-09-28 15:40:51",14
"2018-09-28 16:40:51",14
"2018-09-28 17:40:50",14
"2018-09-28 18:40:50",14
"2018-09-28 19:40:51",14
"2018-09-28 20:40:50",14
"2018-09-28 21:40:50",14
"2018-09-28 22:40:50",14
"2018-09-28 23:40:50",14
"2018-09-29 00:40:50",14
"2018-09-29 01:40:49",14
"2018-09-29 02:40:50",14
"2018-09-29 03:40:50",14
"2018-09-29 04:40:49",14
"2018-09-29 05:40:50",14
"2018-09-29 06:40:49",14
"2018-09-29 07:40:50",14
"2018-09-29 08:40:49",14
"2018-09-29 09:40:50",14
"2018-09-29 10:40:50",14
"2018-09-29 11:40:51",14
"2018-09-29 12:40:49",14
"2018-09-29 13:40:50",14
"2018-09-29 14:40:50",14
"2018-09-29 15:40:51",14
"2018-09-29 16:40:49",14
"2018-09-29 17:40:50",14
"2018-09-29 18:40:51",14
"2018-09-29 19:40:49",14
"2018-09-29 20:40:49",14
"2018-09-29 21:40:50",14
"2018-09-29 22:40:50",14
"2018-09-29 23:40:50",14
"2018-09-30 00:40:50",14
"2018-09-30 01:40:50",14
"2018-09-30 02:40:49",14
"2018-09-30 03:40:50",14
"2018-09-30 04:40:50",14
"2018-09-30 05:40:49",14
"2018-09-30 06:40:49",14
"2018-09-30 07:40:49",14
"2018-09-30 08:40:49",14
"2018-09-30 09:40:49",14
"2018-09-30 10:40:49",14
"2018-09-30 11:40:49",14
"2018-09-30 12:40:49",14
"2018-09-30 13:40:50",14
"2018-09-30 14:40:49",14
"2018-09-30 15:40:49",14
"2018-09-30 16:40:50",14
"2018-09-30 17:40:49",14
"2018-09-30 18:40:49",14
"2018-09-30 19:40:50",14
"2018-09-30 20:40:49",14
"2018-09-30 21:40:49",14
"2018-09-30 22:40:49",14
"2018-09-30 23:40:50",14
"2018-10-01 00:40:51",14
"2018-10-01 01:40:50",14
"2018-10-01 02:40:50",14
"2018-10-01 03:40:50",14
"2018-10-01 04:40:50",14
"2018-10-01 05:40:50",14
"2018-10-01 06:40:50",14
"2018-10-01 07:40:49",14
"2018-10-01 08:40:50",14
"2018-10-01 09:40:50",14
"2018-10-01 10:40:48",14
"2018-10-01 11:40:50",14
"2018-10-01 12:40:51",14
"2018-10-01 14:06:03",14
"2018-10-01 14:40:51",14
"2018-10-01 15:40:51",14
"2018-10-01 16:40:51",14
"2018-10-01 17:40:51",14
"2018-10-01 18:40:50",14
"2018-10-01 19:40:51",14
"2018-10-01 20:40:50",14
"2018-10-01 21:40:51",14
"2018-10-01 22:40:50",14
"2018-10-01 23:40:51",14
"2018-10-02 00:40:51",14
"2018-10-02 01:40:50",14
"2018-10-02 02:40:51",14
"2018-10-02 03:40:50",14
"2018-10-02 04:40:51",14
"2018-10-02 05:40:50",14
"2018-10-02 06:40:51",14
"2018-10-02 07:40:51",14
"2018-10-02 08:40:51",14
"2018-10-02 09:40:51",14
"2018-10-02 10:40:51",14
"2018-10-02 11:40:51",14
"2018-10-02 12:40:50",14
"2018-10-02 13:40:52",14
"2018-10-02 14:40:51",14
"2018-10-02 15:40:51",14
"2018-10-02 16:40:51",14
"2018-10-02 17:40:50",14
"2018-10-02 18:40:50",14
"2018-10-02 19:40:51",14
"2018-10-02 20:40:51",14
"2018-10-02 21:40:51",14
"2018-10-02 22:40:51",14
"2018-10-02 23:40:51",14
"2018-10-03 00:40:51",14
"2018-10-03 01:40:50",14
"2018-10-03 02:40:50",14
"2018-10-03 03:40:51",14
"2018-10-03 04:40:52",14
"2018-10-03 05:40:51",14
"2018-10-03 06:40:50",14
"2018-10-03 07:40:51",14
"2018-10-03 08:40:51",14
"2018-10-03 09:40:51",14
"2018-10-03 10:40:51",14
"2018-10-03 11:40:51",14
"2018-10-03 12:40:50",14
"2018-10-03 13:40:57",14
"2018-10-03 15:05:55",14
"2018-10-03 15:40:51",14
"2018-10-03 16:40:51",14
"2018-10-03 17:40:51",14
"2018-10-03 18:40:51",14
"2018-10-03 19:40:51",14
"2018-10-03 20:40:50",14
"2018-10-03 21:40:50",14
"2018-10-03 22:40:52",14
"2018-10-03 23:40:50",14
"2018-10-04 00:40:51",14
"2018-10-04 01:40:52",14
"2018-10-04 02:40:51",14
"2018-10-04 03:40:50",14
"2018-10-04 04:40:51",14
"2018-10-04 05:40:51",14
"2018-10-04 06:40:50",14
"2018-10-04 07:40:51",14
"2018-10-04 08:40:50",14
"2018-10-04 09:40:51",14
"2018-10-04 10:40:51",14
"2018-10-04 11:40:50",14
"2018-10-04 12:40:51",14
"2018-10-04 14:06:58",14
"2018-10-04 14:40:52",14
"2018-10-04 15:40:51",14
"2018-10-04 16:40:53",14
"2018-10-04 17:40:52",14
"2018-10-04 18:40:51",14
"2018-10-04 19:40:52",14
"2018-10-04 20:40:52",14
"2018-10-04 21:40:51",14
"2018-10-04 22:40:52",14
"2018-10-04 23:40:52",14
"2018-10-05 00:40:52",14
"2018-10-05 01:40:52",14
"2018-10-05 02:40:51",14
"2018-10-05 03:40:52",14
"2018-10-05 04:40:52",14
"2018-10-05 05:40:52",14
"2018-10-05 06:40:52",14
"2018-10-05 07:40:52",14
"2018-10-05 08:40:51",14
"2018-10-05 09:40:52",14
"2018-10-05 10:40:52",14
"2018-10-05 11:40:51",14
"2018-10-05 12:40:52",14
"2018-10-05 13:40:54",14
"2018-10-05 14:40:52",14
"2018-10-05 15:40:53",14
"2018-10-05 16:40:53",14
"2018-10-05 17:40:53",14
"2018-10-05 18:40:53",14
"2018-10-05 19:40:52",14
"2018-10-05 20:40:51",14
"2018-10-05 21:40:51",14
"2018-10-05 22:40:52",14
"2018-10-05 23:40:51",14
"2018-10-06 00:40:52",14
"2018-10-06 01:40:52",14
"2018-10-06 02:40:52",14
"2018-10-06 03:40:52",14
"2018-10-06 04:40:52",14
"2018-10-06 05:40:52",14
"2018-10-06 06:40:52",14
"2018-10-06 07:40:52",14
"2018-10-06 08:40:51",14
"2018-10-06 09:40:51",14
"2018-10-06 10:40:52",14
"2018-10-06 11:40:51",14
"2018-10-06 12:40:52",14
"2018-10-06 13:40:51",14
"2018-10-06 14:40:52",14
"2018-10-06 15:40:52",14
"2018-10-06 16:40:52",14
"2018-10-06 17:40:52",14
"2018-10-06 18:40:52",14
"2018-10-06 19:40:52",14
"2018-10-06 20:40:51",14
"2018-10-06 21:40:51",14
"2018-10-06 22:40:51",14
"2018-10-06 23:40:52",14
"2018-10-07 00:40:51",14
"2018-10-07 01:40:52",14
"2018-10-07 02:40:52",14
"2018-10-07 03:40:52",14
"2018-10-07 04:40:52",14
"2018-10-07 05:40:52",14
"2018-10-07 06:40:52",14
"2018-10-07 07:40:51",14
"2018-10-07 08:40:51",14
"2018-10-07 09:40:51",14
"2018-10-07 10:40:51",14
"2018-10-07 11:40:51",14
"2018-10-07 12:40:51",14
"2018-10-07 13:40:52",14
"2018-10-07 14:40:52",14
"2018-10-07 15:40:52",14
"2018-10-07 16:40:52",14
"2018-10-07 17:40:52",14
"2018-10-07 18:40:52",14
"2018-10-07 19:40:52",14
"2018-10-07 20:40:52",14
"2018-10-07 21:40:52",14
"2018-10-07 22:40:51",14
"2018-10-07 23:40:52",14
"2018-10-08 00:40:52",14
"2018-10-08 01:40:52",14
"2018-10-08 02:40:52",14
"2018-10-08 03:40:51",14
"2018-10-08 04:40:51",14
"2018-10-08 05:40:51",14
"2018-10-08 06:40:52",14
"2018-10-08 07:40:51",14
"2018-10-08 08:40:52",14
"2018-10-08 09:40:52",14
"2018-10-08 10:40:51",14
"2018-10-08 11:40:51",14
"2018-10-08 12:40:51",14
"2018-10-08 13:40:55",14
"2018-10-08 14:40:52",14
"2018-10-08 15:40:53",14
"2018-10-08 16:40:52",14
"2018-10-08 17:40:52",14
"2018-10-08 18:40:52",14
"2018-10-08 19:40:53",14
"2018-10-08 20:40:52",14
"2018-10-08 21:40:52",14
"2018-10-08 22:40:51",14
"2018-10-08 23:40:52",14
"2018-10-09 00:40:51",14
"2018-10-09 01:40:51",14
"2018-10-09 02:40:50",14
"2018-10-09 03:40:55",14
"2018-10-09 04:40:51",14
"2018-10-09 05:40:51",14
"2018-10-09 06:40:50",14
"2018-10-09 07:40:50",14
"2018-10-09 08:40:51",14
"2018-10-09 09:40:50",14
"2018-10-09 10:40:51",14
"2018-10-09 11:40:51",14
"2018-10-09 12:40:51",14
"2018-10-09 13:40:52",14
"2018-10-09 14:40:51",14
"2018-10-09 15:40:51",14
"2018-10-09 16:40:51",14
"2018-10-09 17:40:50",14
"2018-10-09 18:40:51",14
"2018-10-09 19:40:50",14
"2018-10-09 20:40:50",14
"2018-10-09 21:40:50",14
"2018-10-09 22:40:51",14
"2018-10-09 23:40:50",14
"2018-10-10 00:40:50",14
"2018-10-10 01:40:51",14
"2018-10-10 02:40:51",14
"2018-10-10 03:40:53",14
"2018-10-10 04:40:51",14
"2018-10-10 05:40:50",14
"2018-10-10 06:40:50",14
"2018-10-10 07:40:51",14
"2018-10-10 08:40:51",14
"2018-10-10 09:40:50",14
"2018-10-10 10:40:51",14
"2018-10-10 11:40:51",14
"2018-10-10 12:40:51",14
"2018-10-10 13:40:53",14
"2018-10-10 14:40:51",14
"2018-10-10 15:40:51",14
"2018-10-10 16:40:51",14
"2018-10-10 17:40:50",14
"2018-10-10 18:40:51",14
"2018-10-10 19:40:53",14
"2018-10-10 20:40:51",14
"2018-10-10 21:40:50",14
"2018-10-10 22:40:51",14
"2018-10-10 23:40:51",14
"2018-10-11 00:40:51",14
"2018-10-11 01:40:51",14
"2018-10-11 02:40:50",14
"2018-10-11 03:40:50",14
"2018-10-11 04:40:50",14
"2018-10-11 05:40:50",14
"2018-10-11 06:40:51",14
"2018-10-11 07:40:50",14
"2018-10-11 08:40:51",14
"2018-10-11 09:40:50",14
"2018-10-11 10:40:51",14
"2018-10-11 11:40:51",14
"2018-10-11 12:40:50",14
"2018-10-11 13:40:52",14
"2018-10-11 14:40:50",14
"2018-10-11 15:40:51",14
"2018-10-11 16:40:51",14
"2018-10-11 17:40:51",14
"2018-10-11 18:40:52",14
"2018-10-11 19:40:50",14
"2018-10-11 20:40:51",14
"2018-10-11 21:40:51",14
"2018-10-11 22:40:50",14
"2018-10-11 23:40:51",14
"2018-10-12 00:40:50",14
"2018-10-12 01:40:50",14
"2018-10-12 02:40:51",14
"2018-10-12 03:40:50",14
"2018-10-12 04:40:51",14
"2018-10-12 05:40:50",14
"2018-10-12 06:40:50",14
"2018-10-12 07:40:50",14
"2018-10-12 08:40:51",14
"2018-10-12 09:40:51",14
"2018-10-12 10:40:51",14
"2018-10-12 11:40:51",14
"2018-10-12 12:40:50",14
"2018-10-12 13:40:52",14
"2018-10-12 14:40:50",14
"2018-10-12 15:40:52",14
"2018-10-12 16:40:51",14
"2018-10-12 17:40:51",14
"2018-10-12 18:40:51",14
"2018-10-12 19:40:51",14
"2018-10-12 20:40:51",14
"2018-10-12 21:40:50",14
"2018-10-12 22:40:50",14
"2018-10-12 23:40:51",14
"2018-10-13 00:40:50",14
"2018-10-13 01:40:50",14
"2018-10-13 02:40:51",14
"2018-10-13 03:40:51",14
"2018-10-13 04:40:51",14
"2018-10-13 05:40:50",14
"2018-10-13 06:40:50",14
"2018-10-13 07:40:51",14
"2018-10-13 08:40:51",14
"2018-10-13 09:40:51",14
"2018-10-13 10:40:50",14
"2018-10-13 11:40:50",14
"2018-10-13 12:40:50",14
"2018-10-13 13:40:51",14
"2018-10-13 14:40:51",14
"2018-10-13 15:40:51",14
"2018-10-13 16:40:50",14
"2018-10-13 17:40:51",14
"2018-10-13 18:40:51",14
"2018-10-13 19:40:51",14
"2018-10-13 20:40:51",14
"2018-10-13 21:40:51",14
"2018-10-13 22:40:51",14
"2018-10-13 23:40:50",14
"2018-10-14 00:40:50",14
"2018-10-14 01:40:50",14
"2018-10-14 02:40:50",14
"2018-10-14 03:40:50",14
"2018-10-14 04:40:51",14
"2018-10-14 05:40:50",14
"2018-10-14 06:40:50",14
"2018-10-14 07:40:51",14
"2018-10-14 08:40:50",14
"2018-10-14 09:40:50",14
"2018-10-14 10:40:50",14
"2018-10-14 11:40:51",14
"2018-10-14 12:40:50",14
"2018-10-14 13:40:50",14
"2018-10-14 14:40:50",14
"2018-10-14 15:40:51",14
"2018-10-14 16:40:50",14
"2018-10-14 17:40:50",14
"2018-10-14 18:40:50",14
"2018-10-14 19:40:51",14
"2018-10-14 20:40:50",14
"2018-10-14 21:40:51",14
"2018-10-14 22:40:50",14
"2018-10-14 23:40:51",14
"2018-10-15 00:40:51",14
"2018-10-15 01:40:50",14
"2018-10-15 02:40:50",14
"2018-10-15 03:40:51",14
"2018-10-15 04:40:50",14
"2018-10-15 05:40:51",14
"2018-10-15 06:40:51",14
"2018-10-15 07:40:51",14
"2018-10-15 08:40:50",14
"2018-10-15 09:40:50",14
"2018-10-15 10:40:51",14
"2018-10-15 11:40:50",14
"2018-10-15 12:40:52",14
"2018-10-15 13:40:53",14
"2018-10-15 14:40:52",14
"2018-10-15 15:40:52",14
"2018-10-15 16:40:53",14
"2018-10-15 17:40:52",14
"2018-10-15 18:40:52",14
"2018-10-15 19:40:52",14
"2018-10-15 20:40:53",14
"2018-10-15 21:40:53",14
"2018-10-15 22:40:52",14
"2018-10-15 23:40:52",14
"2018-10-16 00:40:52",14
"2018-10-16 01:40:53",14
"2018-10-16 02:40:52",14
"2018-10-16 03:40:52",14
"2018-10-16 04:40:52",14
"2018-10-16 09:40:51",14
"2018-10-16 10:40:52",14
"2018-10-16 11:40:51",14
"2018-10-16 12:40:52",14
"2018-10-16 13:40:54",14
"2018-10-16 14:40:52",14
"2018-10-16 15:40:51",14
"2018-10-16 16:40:52",14
"2018-10-16 17:40:52",14
"2018-10-16 18:40:53",14
"2018-10-16 19:40:53",14
"2018-10-16 20:40:52",14
"2018-10-16 21:40:52",14
"2018-10-16 22:40:52",14
"2018-10-16 23:40:53",14
"2018-10-17 00:40:52",14
"2018-10-17 01:40:52",14
"2018-10-17 02:40:51",14
"2018-10-17 03:40:52",14
"2018-10-17 04:40:51",14
"2018-10-17 05:40:52",14
"2018-10-17 06:40:52",14
"2018-10-17 07:40:52",14
"2018-10-17 08:40:52",14
"2018-10-17 09:40:52",14
"2018-10-17 10:40:51",14
"2018-10-17 11:40:51",14
"2018-10-17 12:40:52",14
"2018-10-17 14:06:55",14
"2018-10-17 14:40:52",14
"2018-10-17 15:40:52",14
"2018-10-17 16:40:52",14
"2018-10-17 17:40:52",14
"2018-10-17 18:40:52",14
"2018-10-17 19:40:52",14
"2018-10-17 20:40:51",14
"2018-10-17 21:40:52",14
"2018-10-17 22:40:52",14
"2018-10-17 23:40:52",14
"2018-10-18 00:40:52",14
"2018-10-18 01:40:51",14
"2018-10-18 02:40:52",14
"2018-10-18 03:40:53",14
"2018-10-18 04:40:51",14
"2018-10-18 05:40:52",14
"2018-10-18 06:40:51",14
"2018-10-18 07:40:51",14
"2018-10-18 08:40:51",14
"2018-10-18 09:40:51",14
"2018-10-18 10:40:51",14
"2018-10-18 11:40:51",14
"2018-10-18 13:05:54",14
"2018-10-18 13:40:52",14
"2018-10-18 14:40:52",14
"2018-10-18 15:40:51",14
"2018-10-18 16:40:52",14
"2018-10-18 17:40:51",14
"2018-10-18 18:40:51",14
"2018-10-18 19:40:51",14
"2018-10-18 20:40:52",13
"2018-10-18 21:40:52",13
"2018-10-18 22:40:51",13
"2018-10-18 23:40:51",13
"2018-10-19 00:40:52",13
"2018-10-19 01:40:52",13
"2018-10-19 02:40:52",13
"2018-10-19 03:40:51",13
"2018-10-19 04:40:51",13
"2018-10-19 05:40:51",13
"2018-10-19 06:40:51",13
"2018-10-19 07:40:52",13
"2018-10-19 08:40:51",13
"2018-10-19 09:40:51",13
"2018-10-19 10:40:51",13
"2018-10-19 11:40:51",13
"2018-10-19 13:05:25",13
"2018-10-19 13:40:56",13
"2018-10-19 14:40:52",13
"2018-10-19 15:40:53",13
"2018-10-19 16:40:52",13
"2018-10-19 17:40:52",13
"2018-10-19 18:40:53",13
"2018-10-19 19:40:53",13
"2018-10-19 20:40:53",13
"2018-10-19 21:40:52",13
"2018-10-19 22:40:52",13
"2018-10-19 23:40:52",13
"2018-10-20 00:40:53",13
"2018-10-20 01:40:53",13
"2018-10-20 02:40:52",13
"2018-10-20 03:40:52",13
"2018-10-20 04:40:52",13
"2018-10-20 05:40:52",13
"2018-10-20 06:40:53",13
"2018-10-20 07:40:52",13
"2018-10-20 08:40:53",13
"2018-10-20 09:40:52",13
"2018-10-20 10:40:52",13
"2018-10-20 11:40:53",13
"2018-10-20 12:40:52",13
"2018-10-20 13:40:53",13
"2018-10-20 14:40:53",13
"2018-10-20 15:40:53",13
"2018-10-20 16:40:53",13
"2018-10-20 17:40:53",13
"2018-10-20 18:40:53",13
"2018-10-20 19:40:53",13
"2018-10-20 20:40:53",13
"2018-10-20 21:40:53",13
"2018-10-20 22:40:53",13
"2018-10-20 23:40:52",13
"2018-10-21 00:40:53",13
"2018-10-21 01:40:53",13
"2018-10-21 02:40:53",13
"2018-10-21 03:40:53",13
"2018-10-21 04:40:52",13
"2018-10-21 05:40:53",13
"2018-10-21 06:40:52",13
"2018-10-21 07:40:58",13
"2018-10-21 08:40:52",13
"2018-10-21 09:40:52",13
"2018-10-21 10:40:52",13
"2018-10-21 11:40:52",13
"2018-10-21 12:40:52",13
"2018-10-21 13:40:54",13
"2018-10-21 14:40:53",13
"2018-10-21 15:40:53",13
"2018-10-21 16:40:52",13
"2018-10-21 17:40:53",13
"2018-10-21 18:40:52",13
"2018-10-21 19:40:52",13
"2018-10-21 20:40:53",13
"2018-10-21 21:40:53",13
"2018-10-21 22:40:53",13
"2018-10-21 23:40:53",13
"2018-10-22 00:40:53",13
"2018-10-22 01:40:53",13
"2018-10-22 02:40:53",13
"2018-10-22 03:40:54",13
"2018-10-22 04:40:54",13
"2018-10-22 05:40:52",13
"2018-10-22 06:40:53",13
"2018-10-22 07:40:54",13
"2018-10-22 08:40:53",13
"2018-10-22 09:40:53",13
"2018-10-22 10:40:53",13
"2018-10-22 11:40:52",13
"2018-10-22 12:40:52",13
"2018-10-22 13:40:53",13
"2018-10-22 14:40:54",13
"2018-10-22 15:40:53",13
"2018-10-22 16:40:52",13
"2018-10-22 17:40:53",13
"2018-10-22 18:40:52",13
"2018-10-22 19:40:53",13
"2018-10-22 20:40:53",13
"2018-10-22 21:40:53",13
"2018-10-22 22:40:52",13
"2018-10-22 23:40:53",13
"2018-10-23 00:40:53",13
"2018-10-23 01:40:53",13
"2018-10-23 02:40:52",13
"2018-10-23 03:40:53",13
"2018-10-23 04:40:53",13
"2018-10-23 05:40:53",13
"2018-10-23 06:40:53",13
"2018-10-23 07:40:56",13
"2018-10-23 08:40:52",13
"2018-10-23 09:40:53",13
"2018-10-23 10:40:53",13
"2018-10-23 11:40:53",13
"2018-10-23 12:40:52",13
"2018-10-23 13:40:54",13
"2018-10-23 14:40:53",13
"2018-10-23 15:40:52",13
"2018-10-23 16:40:52",13
"2018-10-23 17:40:53",13
"2018-10-23 18:40:53",13
"2018-10-23 19:40:52",13
"2018-10-23 20:40:53",13
"2018-10-23 21:40:53",13
"2018-10-23 22:40:52",13
"2018-10-23 23:40:52",13
"2018-10-24 00:40:52",13
"2018-10-24 01:40:53",13
"2018-10-24 02:40:53",13
"2018-10-24 03:40:53",13
"2018-10-24 04:40:52",13
"2018-10-24 05:40:53",13
"2018-10-24 06:40:53",13
"2018-10-24 07:40:53",13
"2018-10-24 08:40:53",13
"2018-10-24 09:40:52",13
"2018-10-24 10:40:53",13
"2018-10-24 11:40:52",13
"2018-10-24 12:40:52",13
"2018-10-24 13:40:53",13
"2018-10-24 14:40:53",13
"2018-10-24 15:40:53",13
"2018-10-24 16:40:53",13
"2018-10-24 17:40:53",13
"2018-10-24 18:40:54",13
"2018-10-24 19:40:53",12
"2018-10-24 20:40:53",12
"2018-10-24 21:40:52",12
"2018-10-24 22:40:53",12
"2018-10-24 23:40:53",12
"2018-10-25 00:40:53",12
"2018-10-25 01:40:53",12
"2018-10-25 02:40:53",12
"2018-10-25 03:40:52",12
"2018-10-25 04:40:53",12
"2018-10-25 05:40:53",12
"2018-10-25 06:40:52",12
"2018-10-25 07:40:53",12
"2018-10-25 08:40:52",12
"2018-10-25 09:40:52",12
"2018-10-25 10:40:52",12
"2018-10-25 11:40:54",12
"2018-10-25 14:06:58",12
"2018-10-25 14:40:53",12
"2018-10-25 15:40:53",12
"2018-10-25 16:40:53",12
"2018-10-25 17:40:54",12
"2018-10-25 18:40:54",12
"2018-10-25 19:40:53",12
"2018-10-25 20:40:53",12
"2018-10-25 21:40:53",12
"2018-10-25 22:40:53",12
"2018-10-25 23:40:54",12
"2018-10-26 00:40:53",12
"2018-10-26 01:40:52",12
"2018-10-26 02:40:53",12
"2018-10-26 03:40:53",12
"2018-10-26 04:40:53",12
"2018-10-26 05:40:53",12
"2018-10-26 06:40:53",12
"2018-10-26 07:40:52",12
"2018-10-26 08:40:52",12
"2018-10-26 09:40:52",12
"2018-10-26 10:40:52",12
"2018-10-26 11:40:53",12
"2018-10-26 12:40:53",12
"2018-10-26 13:40:54",12
"2018-10-26 14:40:54",12
"2018-10-26 15:40:53",12
"2018-10-26 16:40:54",12
"2018-10-26 17:40:54",12
"2018-10-26 18:40:53",12
"2018-10-26 19:40:54",12
"2018-10-26 20:40:54",12
"2018-10-26 21:40:53",12
"2018-10-26 22:40:53",12
"2018-10-26 23:40:53",12
"2018-10-27 00:40:53",12
"2018-10-27 01:40:54",12
"2018-10-27 02:40:53",12
"2018-10-27 03:40:53",12
"2018-10-27 04:40:53",12
"2018-10-27 05:40:54",12
"2018-10-27 06:40:54",12
"2018-10-27 07:40:53",12
"2018-10-27 08:40:54",12
"2018-10-27 09:40:54",12
"2018-10-27 10:40:54",12
"2018-10-27 11:40:53",12
"2018-10-27 12:40:53",12
"2018-10-27 13:40:53",12
"2018-10-27 14:40:53",12
"2018-10-27 15:40:54",12
"2018-10-27 16:40:53",12
"2018-10-27 17:40:54",12
"2018-10-27 18:40:53",12
"2018-10-27 19:40:54",12
"2018-10-27 20:40:53",12
"2018-10-27 21:40:54",12
"2018-10-27 22:40:54",12
"2018-10-27 23:40:53",12
"2018-10-28 00:40:54",12
"2018-10-28 01:40:54",12
"2018-10-28 02:40:53",12
"2018-10-28 03:40:53",12
"2018-10-28 04:40:54",12
"2018-10-28 05:40:53",12
"2018-10-28 06:40:53",12
"2018-10-28 07:40:53",12
"2018-10-28 08:40:53",12
"2018-10-28 09:40:54",12
"2018-10-28 10:40:53",12
"2018-10-28 11:40:53",12
"2018-10-28 12:40:53",12
"2018-10-28 13:40:54",12
"2018-10-28 14:40:54",12
"2018-10-28 15:40:54",12
"2018-10-28 16:40:54",12
"2018-10-28 17:40:53",12
"2018-10-28 18:40:54",12
"2018-10-28 19:40:53",12
"2018-10-28 20:40:53",12
"2018-10-28 21:40:53",12
"2018-10-28 22:40:54",12
"2018-10-28 23:40:53",12
"2018-10-29 00:40:54",12
"2018-10-29 01:40:54",12
"2018-10-29 02:40:54",12
"2018-10-29 03:40:53",12
"2018-10-29 04:40:54",12
"2018-10-29 05:40:53",12
"2018-10-29 06:40:54",12
"2018-10-29 07:40:53",12
"2018-10-29 08:40:53",12
"2018-10-29 09:40:53",12
"2018-10-29 10:40:53",12
"2018-10-29 11:40:53",12
"2018-10-29 12:40:54",12
"2018-10-29 13:40:54",12
"2018-10-29 14:40:54",12
"2018-10-29 15:40:53",12
"2018-10-29 16:40:54",12
"2018-10-29 17:40:53",12
"2018-10-29 18:40:54",12
"2018-10-29 19:40:55",12
"2018-10-29 20:40:54",12
"2018-10-29 21:40:54",12
"2018-10-29 22:40:54",12
"2018-10-29 23:40:53",12
"2018-10-30 00:40:54",12
"2018-10-30 01:40:53",12
"2018-10-30 02:40:54",12
"2018-10-30 03:40:54",12
"2018-10-30 04:40:54",12
"2018-10-30 05:40:53",12
"2018-10-30 06:40:53",12
"2018-10-30 07:40:53",12
"2018-10-30 08:40:53",12
"2018-10-30 09:40:54",12
"2018-10-30 10:40:54",12
"2018-10-30 11:40:53",12
"2018-10-30 12:40:53",12
"2018-10-30 13:40:54",12
"2018-10-30 14:40:55",12
"2018-10-30 15:40:54",12
"2018-10-30 16:40:54",12
"2018-10-30 17:40:53",12
"2018-10-30 18:40:54",12
"2018-10-30 19:40:54",12
"2018-10-30 20:40:54",12
"2018-10-30 21:40:54",12
"2018-10-30 22:40:54",12
"2018-10-30 23:40:53",12
"2018-10-31 00:40:54",12
"2018-10-31 01:40:54",12
"2018-10-31 02:40:54",12
"2018-10-31 03:40:53",12
"2018-10-31 04:40:54",12
"2018-10-31 05:40:54",12
"2018-10-31 06:40:54",12
"2018-10-31 07:40:53",12
"2018-10-31 08:40:54",12
"2018-10-31 09:40:53",12
"2018-10-31 10:40:54",12
"2018-10-31 11:40:54",12
"2018-10-31 12:40:54",12
"2018-10-31 14:07:27",12
"2018-10-31 14:40:53",12
"2018-10-31 15:40:54",12
"2018-10-31 16:40:54",12
"2018-10-31 17:40:53",12
"2018-10-31 18:40:53",12
"2018-10-31 19:40:53",12
"2018-10-31 20:40:54",12
"2018-10-31 21:40:53",12
"2018-10-31 22:40:53",12
"2018-10-31 23:40:54",12
"2018-11-01 00:40:53",12
"2018-11-01 01:40:53",12
"2018-11-01 02:40:54",12
"2018-11-01 03:40:53",12
"2018-11-01 04:40:53",12
"2018-11-01 05:40:53",12
"2018-11-01 06:40:54",12
"2018-11-01 07:40:54",12
"2018-11-01 08:40:54",12
"2018-11-01 09:40:53",12
"2018-11-01 10:40:54",12
"2018-11-01 11:40:53",12
"2018-11-01 12:40:53",12
"2018-11-01 13:40:54",12
"2018-11-01 14:40:55",12
"2018-11-01 15:40:54",12
"2018-11-01 16:40:54",12
"2018-11-01 17:40:53",12
"2018-11-01 18:40:54",12
"2018-11-01 19:40:54",12
"2018-11-01 20:40:55",12
"2018-11-01 21:40:54",12
"2018-11-01 22:40:54",12
"2018-11-01 23:40:54",12
"2018-11-02 00:40:53",12
"2018-11-02 01:40:54",12
"2018-11-02 02:40:54",12
"2018-11-02 03:40:55",12
"2018-11-02 04:40:53",12
"2018-11-02 05:40:53",12
"2018-11-02 06:40:54",12
"2018-11-02 07:40:53",12
"2018-11-02 08:40:53",12
"2018-11-02 09:40:54",12
"2018-11-02 10:40:54",12
"2018-11-02 11:40:53",12
"2018-11-02 12:40:54",12
"2018-11-02 14:05:29",12
"2018-11-02 14:40:55",12
"2018-11-02 15:40:55",12
"2018-11-02 16:40:55",12
"2018-11-02 17:40:55",12
"2018-11-02 18:40:54",12
"2018-11-02 19:40:55",12
"2018-11-02 20:40:55",12
"2018-11-02 21:40:55",12
"2018-11-02 22:40:55",12
"2018-11-02 23:40:55",12
"2018-11-03 00:40:55",12
"2018-11-03 01:40:55",12
"2018-11-03 02:40:56",12
"2018-11-03 03:40:54",12
"2018-11-03 04:40:54",12
"2018-11-03 05:40:55",12
"2018-11-03 06:40:54",12
"2018-11-03 07:40:54",12
"2018-11-03 08:40:55",12
"2018-11-03 09:40:56",12
"2018-11-03 10:40:54",12
"2018-11-03 11:40:55",12
"2018-11-03 12:40:55",12
"2018-11-03 13:40:54",12
"2018-11-03 14:40:55",12
"2018-11-03 15:40:54",12
"2018-11-03 16:40:54",12
"2018-11-03 17:40:55",12
"2018-11-03 18:40:55",12
"2018-11-03 19:40:55",12
"2018-11-03 20:40:54",12
"2018-11-03 21:41:07",12
"2018-11-03 22:40:55",12
"2018-11-03 23:40:55",12
"2018-11-04 00:40:55",12
"2018-11-04 01:40:55",12
"2018-11-04 02:40:55",12
"2018-11-04 03:40:55",12
"2018-11-04 04:40:55",12
"2018-11-04 05:40:55",12
"2018-11-04 06:40:54",12
"2018-11-04 07:40:55",12
"2018-11-04 08:40:55",12
"2018-11-04 09:40:54",12
"2018-11-04 10:40:54",12
"2018-11-04 11:40:55",12
"2018-11-04 12:40:55",12
"2018-11-04 13:40:54",12
"2018-11-04 14:40:54",12
"2018-11-04 15:40:54",12
"2018-11-04 16:40:54",12
"2018-11-04 17:40:55",12
"2018-11-04 18:40:55",12
"2018-11-04 19:40:55",12
"2018-11-04 20:40:54",12
"2018-11-04 21:40:54",12
"2018-11-04 22:40:55",12
"2018-11-04 23:40:55",12
"2018-11-05 00:40:54",12
"2018-11-05 01:40:54",12
"2018-11-05 02:40:54",12
"2018-11-05 03:40:56",12
"2018-11-05 04:40:55",12
"2018-11-05 05:40:55",12
"2018-11-05 06:40:55",12
"2018-11-05 07:40:54",12
"2018-11-05 08:40:55",12
"2018-11-05 09:40:55",12
"2018-11-05 10:40:54",12
"2018-11-05 11:40:54",12
"2018-11-05 12:40:54",12
"2018-11-05 13:40:55",12
"2018-11-05 14:40:57",12
"2018-11-05 15:40:55",13
"2018-11-05 16:40:56",13
"2018-11-05 17:40:54",13
"2018-11-05 18:40:54",13
"2018-11-05 19:40:54",13
"2018-11-05 20:40:55",13
"2018-11-05 21:40:56",13
"2018-11-05 22:40:55",13
"2018-11-05 23:40:55",13
"2018-11-06 00:40:55",13
"2018-11-06 01:40:55",13
"2018-11-06 02:40:55",13
"2018-11-06 03:40:56",13
"2018-11-06 04:40:55",13
"2018-11-06 05:40:56",13
"2018-11-06 06:40:55",13
"2018-11-06 07:40:57",13
"2018-11-06 08:40:56",13
"2018-11-06 09:40:56",13
"2018-11-06 10:40:56",13
"2018-11-06 11:40:56",13
"2018-11-06 12:40:56",13
"2018-11-06 13:40:56",13
"2018-11-06 14:40:58",13
"2018-11-06 15:40:57",13
"2018-11-06 16:40:57",13
"2018-11-06 17:40:59",13
"2018-11-06 18:40:57",13
"2018-11-06 19:40:56",13
"2018-11-06 20:40:57",13
"2018-11-06 21:40:56",13
"2018-11-06 22:40:57",13
"2018-11-06 23:40:56",13
"2018-11-07 00:40:57",13
"2018-11-07 01:40:56",13
"2018-11-07 02:40:57",13
"2018-11-07 03:40:56",13
"2018-11-07 04:40:55",13
"2018-11-07 05:40:56",13
"2018-11-07 06:40:56",13
"2018-11-07 07:40:56",13
"2018-11-07 08:40:56",13
"2018-11-07 09:40:55",13
"2018-11-07 10:40:56",13
"2018-11-07 11:40:56",13
"2018-11-07 12:40:56",13
"2018-11-07 13:40:56",13
"2018-11-07 14:40:59",13
"2018-11-07 15:40:56",13
"2018-11-07 16:40:56",13
"2018-11-07 17:40:56",13
"2018-11-07 18:40:58",13
"2018-11-07 19:40:57",13
"2018-11-07 20:40:58",13
"2018-11-07 21:40:56",13
"2018-11-07 22:40:57",13
"2018-11-07 23:40:56",13
"2018-11-08 00:40:56",13
"2018-11-08 01:40:56",13
"2018-11-08 02:40:56",13
"2018-11-08 03:40:56",13
"2018-11-08 04:40:56",13
"2018-11-08 05:40:56",13
"2018-11-08 06:40:56",13
"2018-11-08 07:40:56",13
"2018-11-08 08:40:57",13
"2018-11-08 09:40:56",13
"2018-11-08 10:40:56",13
"2018-11-08 11:40:55",13
"2018-11-08 12:40:56",13
"2018-11-08 13:40:56",13
"2018-11-08 14:40:58",13
"2018-11-08 15:40:56",13
"2018-11-08 16:40:57",13
"2018-11-08 17:40:56",13
"2018-11-08 18:40:56",13
"2018-11-08 19:40:56",13
"2018-11-08 20:40:57",13
"2018-11-08 21:40:57",13
"2018-11-08 22:40:56",13
"2018-11-08 23:40:56",13
"2018-11-09 00:40:57",13
"2018-11-09 01:40:56",13
"2018-11-09 02:40:56",13
"2018-11-09 03:40:57",13
"2018-11-09 04:40:56",13
"2018-11-09 05:40:56",13
"2018-11-09 06:40:55",13
"2018-11-09 07:40:56",13
"2018-11-09 08:40:56",13
"2018-11-09 09:40:56",13
"2018-11-09 10:40:55",13
"2018-11-09 11:40:56",13
"2018-11-09 12:40:56",13
"2018-11-09 13:40:55",13
"2018-11-09 15:05:00",13
"2018-11-09 15:40:59",13
"2018-11-09 16:40:57",13
"2018-11-09 17:40:57",13
"2018-11-09 18:40:58",13
"2018-11-09 19:40:59",13
"2018-11-09 20:40:58",13
"2018-11-09 21:40:57",13
"2018-11-09 22:40:58",13
"2018-11-09 23:40:57",13
"2018-11-10 00:40:57",13
"2018-11-10 01:40:58",13
"2018-11-10 02:40:56",13
"2018-11-10 03:40:57",13
"2018-11-10 04:40:58",13
"2018-11-10 05:40:57",13
"2018-11-10 06:40:57",13
"2018-11-10 07:40:57",13
"2018-11-10 08:40:57",13
"2018-11-10 09:40:58",13
"2018-11-10 10:40:56",13
"2018-11-10 11:40:57",13
"2018-11-10 12:40:57",13
"2018-11-10 13:40:57",13
"2018-11-10 14:40:57",13
"2018-11-10 15:40:58",13
"2018-11-10 16:40:57",13
"2018-11-10 17:40:58",13
"2018-11-10 18:40:58",13
"2018-11-10 19:40:58",13
"2018-11-10 20:40:57",13
"2018-11-10 21:40:58",13
"2018-11-10 22:40:57",13
"2018-11-10 23:40:58",13
"2018-11-11 00:40:58",13
"2018-11-11 01:40:58",13
"2018-11-11 02:40:56",13
"2018-11-11 03:40:58",13
"2018-11-11 04:40:57",13
"2018-11-11 05:40:58",13
"2018-11-11 06:40:57",13
"2018-11-11 07:40:58",13
"2018-11-11 08:40:57",13
"2018-11-11 09:40:57",13
"2018-11-11 10:40:58",13
"2018-11-11 11:40:57",13
"2018-11-11 12:40:57",13
"2018-11-11 13:40:57",13
"2018-11-11 14:40:58",13
"2018-11-11 15:40:58",13
"2018-11-11 16:40:57",13
"2018-11-11 17:40:57",13
"2018-11-11 18:40:57",13
"2018-11-11 19:40:57",13
"2018-11-11 20:40:58",13
"2018-11-11 21:40:57",13
"2018-11-11 22:40:58",13
"2018-11-11 23:40:57",13
"2018-11-12 00:40:58",13
"2018-11-12 01:40:57",13
"2018-11-12 02:40:57",13
"2018-11-12 03:40:58",13
"2018-11-12 04:40:57",13
"2018-11-12 05:40:57",13
"2018-11-12 06:40:58",13
"2018-11-12 07:40:57",13
"2018-11-12 08:40:58",13
"2018-11-12 09:40:57",13
"2018-11-12 10:40:57",13
"2018-11-12 11:40:58",13
"2018-11-12 12:40:57",13
"2018-11-12 13:40:57",13
"2018-11-12 14:40:58",13
"2018-11-12 15:40:57",12
"2018-11-12 16:40:58",12
"2018-11-12 17:40:56",13
"2018-11-12 18:40:57",13
"2018-11-12 19:40:58",13
"2018-11-12 20:40:57",13
"2018-11-12 21:40:57",13
"2018-11-12 22:40:57",13
"2018-11-12 23:40:57",13
"2018-11-13 00:40:57",13
"2018-11-13 01:40:57",13
"2018-11-13 02:40:58",13
"2018-11-13 03:40:57",13
"2018-11-13 04:40:57",13
"2018-11-13 05:40:57",13
"2018-11-13 06:40:57",13
"2018-11-13 07:40:58",13
"2018-11-13 08:40:58",13
"2018-11-13 09:40:57",13
"2018-11-13 10:40:58",13
"2018-11-13 11:40:58",13
"2018-11-13 12:40:57",13
"2018-11-13 13:40:57",13
"2018-11-13 14:40:59",13
"2018-11-13 15:40:57",13
"2018-11-13 16:40:57",13
"2018-11-13 17:40:58",13
"2018-11-13 18:40:57",13
"2018-11-13 19:40:57",13
"2018-11-13 20:40:57",13
"2018-11-13 21:40:57",13
"2018-11-13 22:40:57",13
"2018-11-13 23:40:58",13
"2018-11-14 00:40:57",13
"2018-11-14 01:40:58",13
"2018-11-14 02:40:57",13
"2018-11-14 03:40:57",13
"2018-11-14 04:40:57",13
"2018-11-14 05:40:57",13
"2018-11-14 06:40:57",13
"2018-11-14 07:40:57",13
"2018-11-14 08:40:57",13
"2018-11-14 09:40:58",13
"2018-11-14 10:40:57",13
"2018-11-14 11:40:58",13
"2018-11-14 12:40:57",13
"2018-11-14 13:40:58",13
"2018-11-14 14:40:58",13
"2018-11-14 15:40:58",13
"2018-11-14 16:40:58",14
"2018-11-14 17:40:58",14
"2018-11-14 18:40:58",14
"2018-11-14 19:40:58",14
"2018-11-14 20:40:58",13
"2018-11-14 21:40:58",13
"2018-11-14 22:40:58",13
"2018-11-14 23:40:57",13
"2018-11-15 00:40:57",13
"2018-11-15 01:40:57",13
"2018-11-15 02:40:57",13
"2018-11-15 03:40:58",13
"2018-11-15 04:40:57",13
"2018-11-15 05:40:58",13
"2018-11-15 06:40:57",13
"2018-11-15 07:40:57",13
"2018-11-15 08:40:57",13
"2018-11-15 09:40:58",13
"2018-11-15 10:40:58",13
"2018-11-15 11:40:57",13
"2018-11-15 12:40:57",13
"2018-11-15 13:40:58",13
"2018-11-15 14:40:58",13
"2018-11-15 15:40:58",12
"2018-11-15 16:40:57",12
"2018-11-15 17:40:58",13
"2018-11-15 18:40:58",13
"2018-11-15 19:40:57",13
"2018-11-15 20:40:58",13
"2018-11-15 21:40:59",13
"2018-11-15 22:40:58",13
"2018-11-15 23:40:57",13
"2018-11-16 00:40:58",13
"2018-11-16 01:40:57",13
"2018-11-16 02:40:57",13
"2018-11-16 03:40:57",13
"2018-11-16 04:40:57",13
"2018-11-16 05:40:57",13
"2018-11-16 06:40:57",13
"2018-11-16 07:40:58",13
"2018-11-16 08:40:57",13
"2018-11-16 09:40:57",13
"2018-11-16 10:40:58",13
"2018-11-16 11:40:57",13
"2018-11-16 12:40:57",13
"2018-11-16 13:40:57",13
"2018-11-16 14:40:58",13
"2018-11-16 15:40:58",13
"2018-11-16 16:40:58",13
"2018-11-16 17:40:58",13
"2018-11-16 18:40:57",13
"2018-11-16 19:40:57",13
"2018-11-16 20:40:59",13
"2018-11-16 21:40:58",12
"2018-11-16 22:40:58",12
"2018-11-16 23:40:58",12
"2018-11-17 00:40:58",12
"2018-11-17 01:40:57",12
"2018-11-17 02:40:56",12
"2018-11-17 03:41:01",12
"2018-11-17 04:40:58",12
"2018-11-17 05:40:58",12
"2018-11-17 06:40:59",12
"2018-11-17 07:40:56",12
"2018-11-17 08:40:58",12
"2018-11-17 09:40:57",12
"2018-11-17 10:40:57",12
"2018-11-17 11:40:58",12
"2018-11-17 12:40:57",12
"2018-11-17 13:40:57",12
"2018-11-17 14:40:58",12
"2018-11-17 15:40:57",12
"2018-11-17 16:40:57",12
"2018-11-17 17:40:58",12
"2018-11-17 18:40:58",12
"2018-11-17 19:40:58",12
"2018-11-17 20:40:57",12
"2018-11-17 21:40:57",12
"2018-11-17 22:40:57",12
"2018-11-17 23:40:57",12
"2018-11-18 00:40:57",12
"2018-11-18 01:40:57",12
"2018-11-18 02:40:58",12
"2018-11-18 03:40:58",12
"2018-11-18 04:40:57",12
"2018-11-18 05:40:56",12
"2018-11-18 06:40:57",12
"2018-11-18 07:40:57",12
"2018-11-18 08:40:57",12
"2018-11-18 09:40:57",12
"2018-11-18 10:40:57",12
"2018-11-18 11:40:57",12
"2018-11-18 12:40:57",12
"2018-11-18 13:40:57",12
"2018-11-18 14:40:58",12
"2018-11-18 15:40:58",12
"2018-11-18 16:40:57",12
"2018-11-18 17:40:58",12
"2018-11-18 18:40:58",12
"2018-11-18 19:40:57",12
"2018-11-18 20:40:58",12
"2018-11-18 21:40:57",12
"2018-11-18 22:40:57",12
"2018-11-18 23:40:58",12
"2018-11-19 00:40:57",12
"2018-11-19 01:40:58",12
"2018-11-19 02:40:57",12
"2018-11-19 03:40:57",12
"2018-11-19 04:40:57",12
"2018-11-19 05:40:57",12
"2018-11-19 06:40:57",12
"2018-11-19 07:40:57",12
"2018-11-19 08:40:57",12
"2018-11-19 09:40:56",12
"2018-11-19 10:40:58",12
"2018-11-19 11:40:57",12
"2018-11-19 12:40:58",12
"2018-11-19 13:40:57",12
"2018-11-19 14:40:58",12
"2018-11-19 15:40:57",12
"2018-11-19 16:40:58",12
"2018-11-19 17:40:58",12
"2018-11-19 18:40:57",12
"2018-11-19 19:40:57",12
"2018-11-19 20:40:57",12
"2018-11-19 21:40:57",12
"2018-11-19 22:40:57",12
"2018-11-19 23:40:57",12
"2018-11-20 00:40:58",12
"2018-11-20 01:40:58",12
"2018-11-20 02:40:57",12
"2018-11-20 03:40:58",12
"2018-11-20 04:40:57",12
"2018-11-20 05:40:57",12
"2018-11-20 06:40:57",12
"2018-11-20 07:40:58",12
"2018-11-20 08:40:58",12
"2018-11-20 09:40:57",12
"2018-11-20 10:40:57",12
"2018-11-20 11:40:57",12
"2018-11-20 12:40:57",12
"2018-11-20 13:40:58",12
"2018-11-20 14:40:58",12
"2018-11-20 15:40:57",12
"2018-11-20 16:40:56",12
"2018-11-20 17:40:57",12
"2018-11-20 18:40:59",13
"2018-11-20 19:40:57",12
"2018-11-20 20:40:57",12
"2018-11-20 21:40:58",12
"2018-11-20 22:40:57",12
"2018-11-20 23:40:57",12
"2018-11-21 00:40:56",12
"2018-11-21 01:40:56",12
"2018-11-21 02:40:56",12
"2018-11-21 03:40:57",12
"2018-11-21 04:40:57",12
"2018-11-21 05:40:56",12
"2018-11-21 06:40:57",12
"2018-11-21 07:40:57",12
"2018-11-21 08:40:57",12
"2018-11-21 09:40:56",12
"2018-11-21 10:40:56",12
"2018-11-21 11:40:56",12
"2018-11-21 12:40:56",12
"2018-11-21 13:40:56",12
"2018-11-21 14:40:58",12
"2018-11-21 16:40:56",12
"2018-11-21 17:40:58",12
"2018-11-21 18:40:56",12
"2018-11-21 19:40:57",12
"2018-11-21 20:40:58",12
"2018-11-21 21:40:57",12
"2018-11-21 22:40:56",12
"2018-11-21 23:40:57",12
"2018-11-22 00:40:56",12
"2018-11-22 01:40:57",12
"2018-11-22 02:40:57",12
"2018-11-22 03:40:57",12
"2018-11-22 04:40:57",12
"2018-11-22 05:40:57",12
"2018-11-22 06:40:57",12
"2018-11-22 07:40:57",12
"2018-11-22 08:40:57",12
"2018-11-22 09:40:57",12
"2018-11-22 10:40:57",12
"2018-11-22 11:40:57",12
"2018-11-22 12:40:57",12
"2018-11-22 13:40:57",12
"2018-11-22 14:40:56",12
"2018-11-22 15:40:57",12
"2018-11-22 16:40:56",12
"2018-11-22 17:40:57",12
"2018-11-22 18:40:56",12
"2018-11-22 19:40:56",12
"2018-11-22 20:40:57",12
"2018-11-22 21:40:57",12
"2018-11-22 22:40:57",12
"2018-11-22 23:40:57",12
"2018-11-23 00:40:57",12
"2018-11-23 01:40:56",12
"2018-11-23 02:40:57",12
"2018-11-23 03:40:57",12
"2018-11-23 04:40:57",12
"2018-11-23 05:40:57",12
"2018-11-23 06:40:56",12
"2018-11-23 07:40:57",12
"2018-11-23 08:40:57",12
"2018-11-23 09:40:57",12
"2018-11-23 10:40:57",12
"2018-11-23 11:40:57",12
"2018-11-23 12:40:57",12
"2018-11-23 13:40:56",12
"2018-11-23 14:40:57",12
"2018-11-23 15:40:57",13
"2018-11-23 16:40:56",13
"2018-11-23 17:40:57",13
"2018-11-23 18:40:56",13
"2018-11-23 19:40:57",13
"2018-11-23 20:40:58",13
"2018-11-23 21:40:58",13
"2018-11-23 22:40:57",13
"2018-11-23 23:40:58",13
"2018-11-24 00:40:57",13
"2018-11-24 01:40:58",13
"2018-11-24 02:40:58",13
"2018-11-24 03:40:58",13
"2018-11-24 04:40:58",13
"2018-11-24 05:40:58",13
"2018-11-24 06:40:58",13
"2018-11-24 07:40:57",13
"2018-11-24 08:40:58",13
"2018-11-24 09:40:57",13
"2018-11-24 10:40:57",13
"2018-11-24 11:40:58",13
"2018-11-24 12:40:58",13
"2018-11-24 13:40:57",13
"2018-11-24 14:40:58",13
"2018-11-24 15:40:58",13
"2018-11-24 16:40:57",13
"2018-11-24 17:40:58",13
"2018-11-24 18:40:57",13
"2018-11-24 19:40:57",13
"2018-11-24 20:40:58",13
"2018-11-24 21:40:57",13
"2018-11-24 22:40:57",13
"2018-11-24 23:40:58",13
"2018-11-25 00:40:58",13
"2018-11-25 01:40:58",13
"2018-11-25 02:40:58",13
"2018-11-25 03:40:57",13
"2018-11-25 04:40:58",13
"2018-11-25 05:40:58",13
"2018-11-25 06:40:57",13
"2018-11-25 07:40:58",13
"2018-11-25 08:40:57",13
"2018-11-25 09:40:58",13
"2018-11-25 10:40:57",13
"2018-11-25 11:40:58",13
"2018-11-25 12:40:57",13
"2018-11-25 13:40:57",13
"2018-11-25 14:40:57",13
"2018-11-25 15:40:57",13
"2018-11-25 16:40:58",13
"2018-11-25 17:40:58",13
"2018-11-25 18:40:58",13
"2018-11-25 19:40:58",13
"2018-11-25 20:40:58",13
"2018-11-25 21:40:57",13
"2018-11-25 22:40:58",13
"2018-11-25 23:40:57",13
"2018-11-26 00:40:57",13
"2018-11-26 01:40:58",13
"2018-11-26 02:40:58",13
"2018-11-26 03:40:57",13
"2018-11-26 04:40:57",13
"2018-11-26 05:40:58",13
"2018-11-26 06:40:57",13
"2018-11-26 07:40:57",13
"2018-11-26 08:40:57",13
"2018-11-26 09:40:58",13
"2018-11-26 10:40:58",13
"2018-11-26 11:40:57",13
"2018-11-26 12:40:57",13
"2018-11-26 13:40:56",13
"2018-11-26 14:41:00",13
"2018-11-26 15:40:57",13
"2018-11-26 16:40:58",13
"2018-11-26 17:40:58",13
"2018-11-26 18:40:58",13
"2018-11-26 19:40:57",13
"2018-11-26 20:40:59",13
"2018-11-26 21:40:57",13
"2018-11-26 22:40:59",13
"2018-11-26 23:40:59",13
"2018-11-27 00:40:58",13
"2018-11-27 01:40:58",13
"2018-11-27 02:40:58",13
"2018-11-27 03:40:58",13
"2018-11-27 04:40:58",13
"2018-11-27 05:40:58",13
"2018-11-27 06:40:58",13
"2018-11-27 07:40:58",13
"2018-11-27 08:40:58",13
"2018-11-27 09:40:58",13
"2018-11-27 10:40:58",13
"2018-11-27 11:40:58",13
"2018-11-27 12:40:58",13
"2018-11-27 13:40:57",13
"2018-11-27 14:40:59",13
"2018-11-27 15:40:58",13
"2018-11-27 16:40:59",13
"2018-11-27 17:40:58",13
"2018-11-27 18:40:58",13
"2018-11-27 19:40:58",13
"2018-11-27 20:40:58",13
"2018-11-27 21:40:58",13
"2018-11-27 22:40:58",13
"2018-11-27 23:40:59",13
"2018-11-28 00:40:58",13
"2018-11-28 01:40:57",13
"2018-11-28 02:40:58",13
"2018-11-28 03:40:59",13
"2018-11-28 04:40:59",13
"2018-11-28 05:40:58",13
"2018-11-28 06:40:58",13
"2018-11-28 07:40:57",13
"2018-11-28 08:40:58",13
"2018-11-28 09:40:59",13
"2018-11-28 10:40:58",13
"2018-11-28 11:40:58",13
"2018-11-28 12:40:58",13
"2018-11-28 14:06:00",13
"2018-11-28 14:40:59",13
"2018-11-28 15:41:00",14
"2018-11-28 16:40:59",15
"2018-11-28 17:40:59",15
"2018-11-28 18:40:58",15
"2018-11-28 19:40:59",15
"2018-11-28 20:40:59",15
"2018-11-28 21:40:58",15
"2018-11-28 22:40:58",15
"2018-11-28 23:40:57",15
"2018-11-29 00:40:58",15
"2018-11-29 01:40:58",15
"2018-11-29 02:40:58",15
"2018-11-29 03:40:57",15
"2018-11-29 04:40:58",15
"2018-11-29 05:40:58",15
"2018-11-29 06:40:58",15
"2018-11-29 07:40:57",15
"2018-11-29 08:40:57",15
"2018-11-29 09:40:58",15
"2018-11-29 10:40:58",15
"2018-11-29 11:40:57",15
"2018-11-29 12:40:58",15
"2018-11-29 13:40:58",15
"2018-11-29 15:06:01",15
"2018-11-29 15:40:59",15
"2018-11-29 16:40:58",14
"2018-11-29 17:40:59",14
"2018-11-29 18:40:59",14
"2018-11-29 19:40:58",14
"2018-11-29 20:40:57",14
"2018-11-29 21:40:58",14
"2018-11-29 22:40:58",14
"2018-11-29 23:40:59",14
"2018-11-30 00:40:59",14
"2018-11-30 01:40:59",14
"2018-11-30 02:40:57",14
"2018-11-30 03:40:59",14
"2018-11-30 04:40:58",14
"2018-11-30 05:40:59",14
"2018-11-30 06:40:58",14
"2018-11-30 07:40:58",14
"2018-11-30 08:40:58",14
"2018-11-30 09:40:58",14
"2018-11-30 10:40:58",14
"2018-11-30 11:40:57",14
"2018-11-30 12:40:58",14
"2018-11-30 13:40:58",14
"2018-11-30 14:40:59",14
"2018-11-30 15:40:58",14
"2018-11-30 16:40:58",14
"2018-11-30 17:40:58",14
"2018-11-30 18:40:58",14
"2018-11-30 19:40:58",14
"2018-11-30 20:40:58",14
"2018-11-30 21:40:57",14
"2018-11-30 22:40:59",14
"2018-11-30 23:40:58",14
"2018-12-01 00:40:58",14
"2018-12-01 01:40:58",14
"2018-12-01 02:40:58",14
"2018-12-01 03:40:58",14
"2018-12-01 04:40:58",14
"2018-12-01 05:40:58",14
"2018-12-01 06:40:58",14
"2018-12-01 07:40:57",14
"2018-12-01 08:40:58",14
"2018-12-01 09:40:58",14
"2018-12-01 10:40:58",14
"2018-12-01 11:40:58",14
"2018-12-01 12:40:58",14
"2018-12-01 13:40:58",14
"2018-12-01 14:40:57",14
"2018-12-01 15:40:58",14
"2018-12-01 16:40:58",14
"2018-12-01 17:40:58",14
"2018-12-01 18:40:57",14
"2018-12-01 19:40:57",14
"2018-12-01 20:40:58",14
"2018-12-01 21:40:57",14
"2018-12-01 22:40:59",14
"2018-12-01 23:40:58",14
"2018-12-02 00:40:57",14
"2018-12-02 01:40:58",14
"2018-12-02 02:40:57",14
"2018-12-02 03:40:58",14
"2018-12-02 04:40:58",14
"2018-12-02 05:40:58",14
"2018-12-02 06:40:57",14
"2018-12-02 07:40:58",14
"2018-12-02 08:40:59",14
"2018-12-02 09:40:57",14
"2018-12-02 10:40:58",14
"2018-12-02 11:40:58",14
"2018-12-02 12:40:57",14
"2018-12-02 13:40:58",14
"2018-12-02 14:40:57",14
"2018-12-02 15:40:58",14
"2018-12-02 16:40:58",14
"2018-12-02 17:40:57",14
"2018-12-02 18:40:57",14
"2018-12-02 19:40:58",14
"2018-12-02 20:40:58",14
"2018-12-02 21:40:57",14
"2018-12-02 22:40:57",14
"2018-12-02 23:40:58",14
"2018-12-03 00:40:58",14
"2018-12-03 01:40:57",14
"2018-12-03 02:40:58",14
"2018-12-03 03:40:58",14
"2018-12-03 04:40:58",14
"2018-12-03 05:40:57",14
"2018-12-03 06:40:58",14
"2018-12-03 07:40:57",14
"2018-12-03 08:40:58",14
"2018-12-03 09:40:58",14
"2018-12-03 10:40:58",14
"2018-12-03 11:40:58",14
"2018-12-03 12:40:57",14
"2018-12-03 13:40:57",14
"2018-12-03 14:41:01",14
"2018-12-03 15:40:58",14
"2018-12-03 16:40:59",14
"2018-12-03 17:40:58",15
"2018-12-03 18:40:58",15
"2018-12-03 19:40:57",15
"2018-12-03 20:40:58",15
"2018-12-03 21:40:58",14
"2018-12-03 22:40:58",14
"2018-12-03 23:40:58",14
"2018-12-04 00:40:58",14
"2018-12-04 01:40:58",14
"2018-12-04 02:40:58",14
"2018-12-04 03:40:58",14
"2018-12-04 04:40:57",14
"2018-12-04 05:40:59",14
"2018-12-04 06:40:58",14
"2018-12-04 07:40:58",14
"2018-12-04 08:40:59",14
"2018-12-04 09:40:58",14
"2018-12-04 10:40:57",14
"2018-12-04 11:40:57",14
"2018-12-04 12:40:58",14
"2018-12-04 13:40:58",14
"2018-12-04 15:07:32",13
"2018-12-04 15:40:59",13
"2018-12-04 16:40:58",14
"2018-12-04 17:40:58",14
"2018-12-04 18:40:58",14
"2018-12-04 19:40:58",14
"2018-12-04 20:40:58",14
"2018-12-04 21:40:58",14
"2018-12-04 22:40:59",14
"2018-12-04 23:40:58",14
"2018-12-05 00:40:58",14
"2018-12-05 01:40:58",14
"2018-12-05 02:40:59",14
"2018-12-05 03:40:58",14
"2018-12-05 04:41:00",14
"2018-12-05 05:41:00",14
"2018-12-05 06:40:58",14
"2018-12-05 07:40:58",14
"2018-12-05 08:40:57",14
"2018-12-05 09:40:57",14
"2018-12-05 10:40:58",14
"2018-12-05 11:40:58",14
"2018-12-05 12:40:58",14
"2018-12-05 13:40:57",14
"2018-12-05 14:40:58",14
"2018-12-05 15:40:58",14
"2018-12-05 16:40:57",14
"2018-12-05 17:40:58",14
"2018-12-05 18:40:58",14
"2018-12-05 19:40:58",14
"2018-12-05 20:40:58",14
"2018-12-05 21:40:59",14
"2018-12-05 22:40:58",14
"2018-12-05 23:40:59",14
"2018-12-06 00:40:59",14
"2018-12-06 01:40:59",14
"2018-12-06 02:40:58",14
"2018-12-06 03:40:59",14
"2018-12-06 04:40:57",14
"2018-12-06 05:40:58",14
"2018-12-06 06:40:58",14
"2018-12-06 07:40:57",14
"2018-12-06 08:40:59",14
"2018-12-06 09:40:58",14
"2018-12-06 10:40:57",14
"2018-12-06 11:40:58",14
"2018-12-06 12:40:58",14
"2018-12-06 13:40:58",14
"2018-12-06 14:40:59",14
"2018-12-06 15:40:59",14
"2018-12-06 16:40:59",14
"2018-12-06 17:40:59",14
"2018-12-06 18:40:58",14
"2018-12-06 19:40:58",14
"2018-12-06 20:40:58",14
"2018-12-06 21:40:58",14
"2018-12-06 22:40:58",14
"2018-12-06 23:40:59",14
"2018-12-07 00:40:59",14
"2018-12-07 01:40:59",14
"2018-12-07 02:40:59",14
"2018-12-07 03:40:59",14
"2018-12-07 04:40:59",14
"2018-12-07 05:41:00",14
"2018-12-07 06:40:59",14
"2018-12-07 07:40:59",14
"2018-12-07 08:40:59",14
"2018-12-07 09:40:59",14
"2018-12-07 10:40:59",14
"2018-12-07 11:40:59",14
"2018-12-07 12:41:00",14
"2018-12-07 14:06:00",14
"2018-12-07 14:41:00",14
"2018-12-07 16:06:03",14
"2018-12-07 16:41:00",14
"2018-12-07 17:41:01",14
"2018-12-07 18:41:00",14
"2018-12-07 19:41:02",14
"2018-12-07 20:41:00",14
"2018-12-07 21:41:00",14
"2018-12-07 22:41:01",14
"2018-12-07 23:41:01",14
"2018-12-08 00:41:00",14
"2018-12-08 01:40:59",14
"2018-12-08 03:41:00",14
"2018-12-08 04:41:01",14
"2018-12-08 05:41:00",14
"2018-12-08 06:40:59",14
"2018-12-08 07:41:01",14
"2018-12-08 08:41:00",14
"2018-12-08 09:41:00",14
"2018-12-08 10:41:00",14
"2018-12-08 11:41:00",14
"2018-12-08 12:41:00",14
"2018-12-08 13:40:59",14
"2018-12-08 14:41:00",14
"2018-12-08 15:40:59",14
"2018-12-08 16:41:00",14
"2018-12-08 17:41:00",14
"2018-12-08 18:40:59",14
"2018-12-08 19:41:00",14
"2018-12-08 20:41:01",14
"2018-12-08 21:41:00",14
"2018-12-08 22:41:00",14
"2018-12-08 23:41:00",14
"2018-12-09 00:41:00",14
"2018-12-09 01:41:01",14
"2018-12-09 02:41:00",14
"2018-12-09 03:41:00",14
"2018-12-09 04:41:00",14
"2018-12-09 05:40:59",14
"2018-12-09 06:41:00",14
"2018-12-09 07:41:00",14
"2018-12-09 08:41:00",14
"2018-12-09 09:41:01",14
"2018-12-09 10:41:00",14
"2018-12-09 11:41:00",14
"2018-12-09 12:41:00",14
"2018-12-09 13:41:00",14
"2018-12-09 14:41:00",14
"2018-12-09 15:41:01",14
"2018-12-09 16:41:00",14
"2018-12-09 17:41:00",14
"2018-12-09 18:41:00",14
"2018-12-09 19:40:59",14
"2018-12-09 20:40:59",14
"2018-12-09 21:41:00",14
"2018-12-09 22:41:00",14
"2018-12-09 23:41:00",14
"2018-12-10 00:41:01",14
"2018-12-10 01:40:59",14
"2018-12-10 02:41:00",14
"2018-12-10 03:41:00",14
"2018-12-10 04:41:01",14
"2018-12-10 05:40:59",14
"2018-12-10 06:41:01",14
"2018-12-10 07:41:01",14
"2018-12-10 08:40:59",14
"2018-12-10 09:41:00",14
"2018-12-10 10:41:01",14
"2018-12-10 11:40:59",14
"2018-12-10 12:41:00",14
"2018-12-10 13:41:01",14
"2018-12-10 15:04:32",14
"2018-12-10 15:40:59",14
"2018-12-10 16:40:59",14
"2018-12-10 17:41:00",14
"2018-12-10 18:41:00",14
"2018-12-10 19:40:59",14
"2018-12-10 20:40:58",14
"2018-12-10 21:40:59",14
"2018-12-10 22:40:59",14
"2018-12-10 23:41:00",14
"2018-12-11 00:40:59",14
"2018-12-11 01:40:59",14
"2018-12-11 02:40:59",14
"2018-12-11 03:40:59",14
"2018-12-11 04:40:58",14
"2018-12-11 05:41:00",14
"2018-12-11 06:40:59",14
"2018-12-11 07:40:59",14
"2018-12-11 08:40:59",14
"2018-12-11 09:40:59",14
"2018-12-11 10:40:59",14
"2018-12-11 11:41:00",14
"2018-12-11 12:40:59",14
"2018-12-11 13:40:59",14
"2018-12-11 15:05:32",14
"2018-12-11 15:41:00",14
"2018-12-11 16:40:59",14
"2018-12-11 17:41:00",14
"2018-12-11 18:41:00",14
"2018-12-11 19:40:59",14
"2018-12-11 20:40:59",14
"2018-12-11 21:41:01",14
"2018-12-11 22:41:00",14
"2018-12-11 23:40:59",14
"2018-12-12 00:40:59",14
"2018-12-12 01:40:59",14
"2018-12-12 02:40:59",14
"2018-12-12 03:40:59",14
"2018-12-12 04:40:59",14
"2018-12-12 05:40:58",14
"2018-12-12 06:40:59",14
"2018-12-12 07:40:59",14
"2018-12-12 08:40:59",14
"2018-12-12 09:40:59",14
"2018-12-12 10:40:59",14
"2018-12-12 11:41:00",14
"2018-12-12 12:41:01",14
"2018-12-12 14:06:33",14
"2018-12-12 14:41:00",14
"2018-12-12 15:40:59",14
"2018-12-12 16:41:00",14
"2018-12-12 17:40:59",14
"2018-12-12 18:40:59",13
"2018-12-12 19:40:59",13
"2018-12-12 20:40:59",13
"2018-12-12 21:41:00",13
"2018-12-12 22:40:59",13
"2018-12-12 23:40:59",13
"2018-12-13 00:40:59",13
"2018-12-13 01:40:59",13
"2018-12-13 02:41:00",13
"2018-12-13 03:40:59",13
"2018-12-13 04:41:01",13
"2018-12-13 05:41:00",13
"2018-12-13 06:41:00",13
"2018-12-13 07:40:59",13
"2018-12-13 08:40:59",13
"2018-12-13 09:40:59",13
"2018-12-13 10:40:59",13
"2018-12-13 11:40:59",13
"2018-12-13 12:40:58",13
"2018-12-13 14:05:03",13
"2018-12-13 14:41:01",13
"2018-12-13 15:41:01",13
"2018-12-13 16:41:00",13
"2018-12-13 17:41:01",13
"2018-12-13 18:41:00",13
"2018-12-13 19:41:00",13
"2018-12-13 20:41:01",13
"2018-12-13 21:41:00",13
"2018-12-13 22:41:00",13
"2018-12-13 23:41:01",13
"2018-12-14 00:41:01",13
"2018-12-14 01:41:01",13
"2018-12-14 02:41:00",13
"2018-12-14 03:41:00",13
"2018-12-14 04:41:01",13
"2018-12-14 05:41:00",13
"2018-12-14 06:41:00",13
"2018-12-14 07:41:00",13
"2018-12-14 08:41:01",13
"2018-12-14 09:41:00",13
"2018-12-14 10:41:01",13
"2018-12-14 11:41:00",13
"2018-12-14 12:41:01",13
"2018-12-14 14:05:03",13
"2018-12-14 14:41:01",13
"2018-12-14 15:41:01",13
"2018-12-14 16:41:00",13
"2018-12-14 17:41:01",13
"2018-12-14 18:41:02",13
"2018-12-14 19:41:02",13
"2018-12-14 20:41:01",13
"2018-12-14 21:41:00",13
"2018-12-14 22:41:01",13
"2018-12-14 23:41:01",13
"2018-12-15 00:41:00",13
"2018-12-15 01:41:01",13
"2018-12-15 02:41:00",13
"2018-12-15 03:41:00",13
"2018-12-15 04:41:00",13
"2018-12-15 05:41:01",13
"2018-12-15 06:41:01",13
"2018-12-15 07:41:01",13
"2018-12-15 08:40:59",13
"2018-12-15 09:41:00",13
"2018-12-15 10:41:00",13
"2018-12-15 11:41:00",13
"2018-12-15 12:41:01",13
"2018-12-15 13:41:01",13
"2018-12-15 14:41:00",13
"2018-12-15 15:41:01",13
"2018-12-15 16:41:00",13
"2018-12-15 17:41:01",13
"2018-12-15 18:41:00",13
"2018-12-15 19:41:01",13
"2018-12-15 20:41:00",13
"2018-12-15 21:41:00",13
"2018-12-15 22:41:01",13
"2018-12-15 23:41:00",13
"2018-12-16 00:41:01",13
"2018-12-16 01:41:01",13
"2018-12-16 02:41:00",13
"2018-12-16 03:41:00",13
"2018-12-16 04:41:01",13
"2018-12-16 05:41:00",13
"2018-12-16 06:41:01",13
"2018-12-16 07:41:00",13
"2018-12-16 08:41:00",13
"2018-12-16 09:41:01",13
"2018-12-16 10:41:00",13
"2018-12-16 11:41:00",13
"2018-12-16 12:41:00",13
"2018-12-16 13:41:00",13
"2018-12-16 14:41:00",13
"2018-12-16 15:40:59",13
"2018-12-16 16:41:00",13
"2018-12-16 17:41:01",13
"2018-12-16 18:41:00",13
"2018-12-16 19:41:01",13
"2018-12-16 20:41:01",13
"2018-12-16 21:41:00",13
"2018-12-16 22:41:01",13
"2018-12-16 23:41:01",13
"2018-12-17 00:41:01",13
"2018-12-17 01:41:00",13
"2018-12-17 02:41:00",13
"2018-12-17 03:41:00",13
"2018-12-17 04:41:02",13
"2018-12-17 05:41:00",13
"2018-12-17 06:41:01",13
"2018-12-17 07:41:01",13
"2018-12-17 08:41:01",13
"2018-12-17 09:41:01",13
"2018-12-17 10:41:01",13
"2018-12-17 11:41:00",13
"2018-12-17 12:41:00",13
"2018-12-17 13:41:01",13
"2018-12-17 14:41:03",13
"2018-12-17 15:41:01",13
"2018-12-17 16:41:01",13
"2018-12-17 17:41:01",13
"2018-12-17 18:41:01",13
"2018-12-17 20:06:33",13
"2018-12-17 20:41:01",13
"2018-12-17 21:41:02",13
"2018-12-17 22:41:00",13
"2018-12-17 23:41:00",13
"2018-12-18 00:41:00",13
"2018-12-18 01:41:01",13
"2018-12-18 02:40:59",13
"2018-12-18 03:41:01",13
"2018-12-18 04:41:00",13
"2018-12-18 05:41:01",13
"2018-12-18 06:41:00",13
"2018-12-18 07:41:01",13
"2018-12-18 08:41:00",13
"2018-12-18 09:41:00",13
"2018-12-18 10:41:00",13
"2018-12-18 11:41:00",13
"2018-12-18 12:41:01",13
"2018-12-18 13:41:00",13
"2018-12-18 14:41:00",13
"2018-12-18 15:41:00",13
"2018-12-18 16:41:00",13
"2018-12-18 17:41:00",13
"2018-12-18 18:41:00",13
"2018-12-18 19:41:00",13
"2018-12-18 20:41:01",13
"2018-12-18 21:41:00",13
"2018-12-18 22:41:00",13
"2018-12-18 23:41:01",13
"2018-12-19 00:41:00",13
"2018-12-19 01:41:01",13
"2018-12-19 02:41:00",13
"2018-12-19 03:41:01",13
"2018-12-19 04:41:00",13
"2018-12-19 05:41:02",13
"2018-12-19 06:41:01",13
"2018-12-19 07:41:00",13
"2018-12-19 08:41:00",13
"2018-12-19 09:41:01",13
"2018-12-19 11:41:01",13
"2018-12-19 12:41:00",13
"2018-12-19 13:41:00",13
"2018-12-19 14:41:00",13
"2018-12-19 15:41:00",13
"2018-12-19 16:41:00",13
"2018-12-19 17:40:59",13
"2018-12-19 18:41:00",13
"2018-12-19 19:41:00",13
"2018-12-19 20:41:00",13
"2018-12-19 21:41:02",14
"2018-12-19 22:41:02",14
"2018-12-19 23:41:02",14
"2018-12-20 00:41:02",14
"2018-12-20 01:41:01",14
"2018-12-20 02:41:01",14
"2018-12-20 03:41:01",14
"2018-12-20 04:41:01",14
"2018-12-20 05:41:00",14
"2018-12-20 06:41:00",14
"2018-12-20 07:41:01",14
"2018-12-20 08:41:01",14
"2018-12-20 09:41:00",14
"2018-12-20 10:41:01",14
"2018-12-20 11:41:00",14
"2018-12-20 12:41:00",14
"2018-12-20 13:41:01",14
"2018-12-20 14:41:01",14
"2018-12-20 15:41:01",14
"2018-12-20 16:41:01",14
"2018-12-20 17:41:01",14
"2018-12-20 18:41:00",14
"2018-12-20 19:41:01",14
"2018-12-20 20:41:01",14
"2018-12-20 21:41:01",14
"2018-12-20 22:41:01",14
"2018-12-20 23:41:01",14
"2018-12-21 00:41:01",14
"2018-12-21 01:41:01",14
"2018-12-21 02:41:01",14
"2018-12-21 03:41:00",14
"2018-12-21 04:41:01",14
"2018-12-21 05:41:00",14
"2018-12-21 06:41:01",14
"2018-12-21 07:41:00",14
"2018-12-21 08:41:00",14
"2018-12-21 09:41:01",14
"2018-12-21 10:41:00",14
"2018-12-21 11:41:01",14
"2018-12-21 12:41:01",14
"2018-12-21 13:41:00",14
"2018-12-21 14:41:02",14
"2018-12-21 15:41:01",14
"2018-12-21 16:41:02",14
"2018-12-21 17:41:02",14
"2018-12-21 18:41:04",14
"2018-12-21 19:41:02",14
"2018-12-21 20:41:03",14
"2018-12-21 21:41:03",14
"2018-12-21 22:41:03",14
"2018-12-21 23:41:01",14
"2018-12-22 00:41:02",14
"2018-12-22 01:41:02",14
"2018-12-22 02:41:03",14
"2018-12-22 03:41:00",14
"2018-12-22 04:41:03",14
"2018-12-22 05:41:01",14
"2018-12-22 06:41:03",14
"2018-12-22 07:41:02",14
"2018-12-22 08:41:01",14
"2018-12-22 09:41:01",14
"2018-12-22 10:41:01",14
"2018-12-22 11:41:01",14
"2018-12-22 12:41:01",14
"2018-12-22 13:41:01",14
"2018-12-22 14:41:02",14
"2018-12-22 15:41:01",14
"2018-12-22 16:41:01",14
"2018-12-22 17:41:01",14
"2018-12-22 18:41:01",14
"2018-12-22 19:41:02",14
"2018-12-22 20:41:02",14
"2018-12-22 21:41:02",14
"2018-12-22 22:41:02",14
"2018-12-22 23:41:02",14
"2018-12-23 00:41:02",14
"2018-12-23 01:41:02",14
"2018-12-23 02:41:01",14
"2018-12-23 03:41:03",14
"2018-12-23 04:41:02",14
"2018-12-23 05:41:02",14
"2018-12-23 06:41:02",14
"2018-12-23 07:41:01",14
"2018-12-23 08:41:02",14
"2018-12-23 09:41:02",14
"2018-12-23 10:41:03",14
"2018-12-23 11:41:02",14
"2018-12-23 12:41:01",14
"2018-12-23 13:41:02",14
"2018-12-23 14:41:02",14
"2018-12-23 15:41:02",14
"2018-12-23 16:41:02",14
"2018-12-23 17:41:03",14
"2018-12-23 18:41:02",14
"2018-12-23 19:41:02",14
"2018-12-23 20:41:03",14
"2018-12-23 21:41:03",14
"2018-12-23 22:41:02",14
"2018-12-23 23:41:01",14
"2018-12-24 00:41:02",14
"2018-12-24 01:41:03",14
"2018-12-24 02:41:03",14
"2018-12-24 03:41:03",14
"2018-12-24 04:41:01",14
"2018-12-24 05:41:01",14
"2018-12-24 06:41:02",14
"2018-12-24 07:41:02",14
"2018-12-24 08:41:01",14
"2018-12-24 09:41:04",14
"2018-12-24 10:41:02",14
"2018-12-24 11:41:02",14
"2018-12-24 12:41:01",14
"2018-12-24 13:41:02",14
"2018-12-24 15:04:36",14
"2018-12-24 15:41:03",14
"2018-12-24 16:41:03",14
"2018-12-24 17:41:03",14
"2018-12-24 18:41:04",14
"2018-12-24 19:41:03",14
"2018-12-24 20:41:03",14
"2018-12-24 21:41:01",14
"2018-12-24 22:41:01",14
"2018-12-24 23:41:01",14
"2018-12-25 00:41:02",14
"2018-12-25 01:41:01",14
"2018-12-25 02:41:02",14
"2018-12-25 03:41:01",14
"2018-12-25 04:41:02",14
"2018-12-25 05:41:02",14
"2018-12-25 06:41:02",14
"2018-12-25 07:41:02",14
"2018-12-25 08:41:01",14
"2018-12-25 09:41:01",14
"2018-12-25 10:41:01",14
"2018-12-25 11:41:01",14
"2018-12-25 12:41:02",14
"2018-12-25 13:41:02",14
"2018-12-25 14:41:02",14
"2018-12-25 15:41:02",14
"2018-12-25 16:41:01",14
"2018-12-25 17:41:02",14
"2018-12-25 18:41:01",14
"2018-12-25 19:41:02",14
"2018-12-25 20:41:01",14
"2018-12-25 21:41:01",14
"2018-12-25 22:41:02",14
"2018-12-25 23:41:01",14
"2018-12-26 00:41:02",14
"2018-12-26 01:41:02",14
"2018-12-26 02:41:02",14
"2018-12-26 03:41:01",14
"2018-12-26 04:41:01",14
"2018-12-26 05:41:01",14
"2018-12-26 06:41:03",14
"2018-12-26 07:41:02",14
"2018-12-26 08:41:02",14
"2018-12-26 09:41:01",14
"2018-12-26 10:41:02",14
"2018-12-26 11:41:01",14
"2018-12-26 12:41:02",14
"2018-12-26 13:41:03",14
"2018-12-26 15:06:07",14
"2018-12-26 15:41:02",14
"2018-12-26 16:41:02",14
"2018-12-26 17:41:02",13
"2018-12-26 18:41:01",13
"2018-12-26 19:41:02",13
"2018-12-26 20:41:02",13
"2018-12-26 21:41:03",13
"2018-12-26 22:41:02",13
"2018-12-26 23:41:02",13
"2018-12-27 00:41:02",13
"2018-12-27 01:41:03",13
"2018-12-27 02:41:02",13
"2018-12-27 03:41:03",13
"2018-12-27 04:41:01",13
"2018-12-27 05:41:02",13
"2018-12-27 06:41:01",13
"2018-12-27 07:41:02",13
"2018-12-27 08:41:02",13
"2018-12-27 09:41:02",13
"2018-12-27 10:41:01",13
"2018-12-27 11:41:01",13
"2018-12-27 12:41:01",13
"2018-12-27 13:41:01",13
"2018-12-27 14:41:02",13
"2018-12-27 15:41:01",13
"2018-12-27 16:41:02",13
"2018-12-27 17:41:03",13
"2018-12-27 18:41:03",13
"2018-12-27 19:41:03",13
"2018-12-27 20:41:01",13
"2018-12-27 21:41:02",13
"2018-12-27 22:41:05",13
"2018-12-27 23:41:05",13
"2018-12-28 00:41:03",13
"2018-12-28 01:41:03",13
"2018-12-28 02:41:03",13
"2018-12-28 03:41:01",13
"2018-12-28 04:41:03",13
"2018-12-28 05:41:02",13
"2018-12-28 06:41:03",13
"2018-12-28 07:41:04",13
"2018-12-28 08:41:02",13
"2018-12-28 09:41:03",13
"2018-12-28 10:41:01",13
"2018-12-28 11:41:02",13
"2018-12-28 12:41:01",13
"2018-12-28 13:41:01",13
"2018-12-28 14:41:02",13
"2018-12-28 16:06:35",14
"2018-12-28 16:41:02",14
"2018-12-28 17:41:02",14
"2018-12-28 18:41:03",14
"2018-12-28 19:41:02",14
"2018-12-28 20:41:03",14
"2018-12-28 21:41:03",14
"2018-12-28 22:41:01",14
"2018-12-28 23:41:03",14
"2018-12-29 00:41:01",14
"2018-12-29 01:41:01",14
"2018-12-29 02:41:02",14
"2018-12-29 03:41:01",14
"2018-12-29 04:41:02",14
"2018-12-29 05:41:02",14
"2018-12-29 06:41:01",14
"2018-12-29 07:41:03",14
"2018-12-29 08:41:03",14
"2018-12-29 09:41:02",14
"2018-12-29 10:41:02",14
"2018-12-29 11:41:02",14
"2018-12-29 12:41:02",14
"2018-12-29 13:41:01",14
"2018-12-29 14:41:01",14
"2018-12-29 15:41:01",14
"2018-12-29 16:41:02",14
"2018-12-29 17:41:01",14
"2018-12-29 18:41:02",14
"2018-12-29 19:41:03",14
"2018-12-29 20:41:01",14
"2018-12-29 21:41:04",14
"2018-12-29 22:41:02",14
"2018-12-29 23:41:03",14
"2018-12-30 00:41:02",14
"2018-12-30 01:41:02",14
"2018-12-30 02:41:01",14
"2018-12-30 03:41:01",14
"2018-12-30 04:41:01",14
"2018-12-30 05:41:01",14
"2018-12-30 06:41:01",14
"2018-12-30 07:41:01",14
"2018-12-30 08:41:01",14
"2018-12-30 09:41:01",14
"2018-12-30 10:41:01",14
"2018-12-30 11:41:02",14
"2018-12-30 12:41:02",14
"2018-12-30 13:41:02",14
"2018-12-30 14:41:01",14
"2018-12-30 15:41:01",14
"2018-12-30 16:41:01",14
"2018-12-30 17:41:02",14
"2018-12-30 18:41:01",14
"2018-12-30 19:41:02",14
"2018-12-30 20:41:01",14
"2018-12-30 21:41:02",14
"2018-12-30 22:41:02",14
"2018-12-30 23:41:01",14
"2018-12-31 00:41:01",14
"2018-12-31 01:41:01",14
"2018-12-31 02:41:00",14
"2018-12-31 03:41:02",14
"2018-12-31 04:41:02",14
"2018-12-31 05:41:02",14
"2018-12-31 06:41:01",14
"2018-12-31 07:41:01",14
"2018-12-31 08:41:01",14
"2018-12-31 09:41:02",14
"2018-12-31 10:41:02",14
"2018-12-31 11:41:01",14
"2018-12-31 12:41:01",14
"2018-12-31 13:41:01",14
"2018-12-31 14:41:03",14
"2018-12-31 15:41:03",14
"2018-12-31 16:41:02",14
"2018-12-31 17:41:03",14
"2018-12-31 18:41:03",14
"2018-12-31 19:41:03",14
"2018-12-31 20:41:03",15
"2018-12-31 21:41:03",15
"2018-12-31 22:41:03",15
"2018-12-31 23:41:02",15
"2019-01-01 00:41:03",15
"2019-01-01 01:41:03",15
"2019-01-01 02:41:03",15
"2019-01-01 03:41:02",15
"2019-01-01 04:41:03",15
"2019-01-01 05:41:02",15
"2019-01-01 06:41:02",15
"2019-01-01 07:41:02",15
"2019-01-01 08:41:03",15
"2019-01-01 09:41:02",15
"2019-01-01 10:41:02",15
"2019-01-01 11:41:02",15
"2019-01-01 12:41:02",15
"2019-01-01 13:41:02",15
"2019-01-01 14:41:03",15
"2019-01-01 15:41:03",15
"2019-01-01 16:41:02",15
"2019-01-01 17:41:03",15
"2019-01-01 18:41:01",15
"2019-01-01 19:41:03",15
"2019-01-01 20:41:02",15
"2019-01-01 21:41:02",15
"2019-01-01 22:41:04",15
"2019-01-01 23:41:02",15
"2019-01-02 00:41:03",15
"2019-01-02 01:41:02",15
"2019-01-02 02:41:03",15
"2019-01-02 03:41:02",15
"2019-01-02 04:41:03",15
"2019-01-02 05:41:03",15
"2019-01-02 06:41:03",15
"2019-01-02 07:41:03",15
"2019-01-02 08:41:02",15
"2019-01-02 09:41:03",15
"2019-01-02 10:41:03",15
"2019-01-02 11:41:02",15
"2019-01-02 12:41:02",15
"2019-01-02 13:41:02",15
"2019-01-02 15:06:07",14
"2019-01-02 15:41:03",14
"2019-01-02 16:41:02",14
"2019-01-02 17:41:02",14
"2019-01-02 18:41:03",14
"2019-01-02 19:41:03",14
"2019-01-02 20:41:03",15
"2019-01-02 21:41:02",15
"2019-01-02 22:41:03",15
"2019-01-02 23:41:03",15
"2019-01-03 00:41:03",15
"2019-01-03 01:41:03",15
"2019-01-03 02:41:03",15
"2019-01-03 03:41:03",15
"2019-01-03 05:41:03",15
"2019-01-03 06:41:03",15
"2019-01-03 07:41:03",15
"2019-01-03 08:41:03",15
"2019-01-03 09:41:03",15
"2019-01-03 10:41:03",15
"2019-01-03 11:41:02",15
"2019-01-03 12:41:03",15
"2019-01-03 13:41:01",15
"2019-01-03 14:41:04",15
"2019-01-03 15:41:04",15
"2019-01-03 16:41:05",15
"2019-01-03 17:41:05",15
"2019-01-03 18:41:03",15
"2019-01-03 19:41:04",15
"2019-01-03 20:41:03",15
"2019-01-03 21:41:03",15
"2019-01-03 22:41:04",15
"2019-01-03 23:41:02",15
"2019-01-04 00:41:03",15
"2019-01-04 01:41:03",15
"2019-01-04 02:41:04",15
"2019-01-04 03:41:03",15
"2019-01-04 04:41:02",15
"2019-01-04 05:41:03",15
"2019-01-04 06:41:03",15
"2019-01-04 07:41:02",15
"2019-01-04 08:41:02",15
"2019-01-04 09:41:03",15
"2019-01-04 10:41:02",15
"2019-01-04 11:41:03",15
"2019-01-04 12:41:03",15
"2019-01-04 13:41:03",15
"2019-01-04 15:05:37",16
"2019-01-04 15:41:03",16
"2019-01-04 16:41:03",16
"2019-01-04 17:41:02",16
"2019-01-04 18:41:04",17
"2019-01-04 19:41:04",18
"2019-01-04 20:41:03",18
"2019-01-04 21:41:03",18
"2019-01-04 22:41:02",18
"2019-01-04 23:41:03",18
"2019-01-05 00:41:04",18
"2019-01-05 01:41:03",18
"2019-01-05 02:41:04",18
"2019-01-05 03:41:02",18
"2019-01-05 04:41:03",18
"2019-01-05 05:41:03",18
"2019-01-05 06:41:01",18
"2019-01-05 07:41:02",18
"2019-01-05 08:41:04",18
"2019-01-05 09:41:03",18
"2019-01-05 10:41:03",18
"2019-01-05 11:41:02",18
"2019-01-05 12:41:02",18
"2019-01-05 13:41:03",18
"2019-01-05 14:41:02",18
"2019-01-05 15:41:02",18
"2019-01-05 16:41:02",18
"2019-01-05 17:41:02",18
"2019-01-05 18:41:03",18
"2019-01-05 19:41:04",18
"2019-01-05 20:41:02",18
"2019-01-05 21:41:03",18
"2019-01-05 22:41:02",18
"2019-01-05 23:41:03",18
"2019-01-06 00:41:03",18
"2019-01-06 01:41:02",18
"2019-01-06 02:41:02",18
"2019-01-06 03:41:03",18
"2019-01-06 04:41:03",18
"2019-01-06 05:41:02",18
"2019-01-06 06:41:02",18
"2019-01-06 07:41:03",18
"2019-01-06 08:41:01",18
"2019-01-06 09:41:01",18
"2019-01-06 10:41:02",18
"2019-01-06 11:41:02",18
"2019-01-06 12:41:02",18
"2019-01-06 13:41:02",18
"2019-01-06 14:41:02",18
"2019-01-06 15:41:03",18
"2019-01-06 16:41:03",18
"2019-01-06 17:41:03",18
"2019-01-06 18:41:02",18
"2019-01-06 19:41:02",18
"2019-01-06 20:41:02",18
"2019-01-06 21:41:02",18
"2019-01-06 22:41:02",18
"2019-01-06 23:41:02",18
"2019-01-07 00:41:01",18
"2019-01-07 01:41:02",18
"2019-01-07 02:41:03",18
"2019-01-07 03:41:03",18
"2019-01-07 04:41:03",18
"2019-01-07 05:41:01",18
"2019-01-07 06:41:03",18
"2019-01-07 07:41:02",18
"2019-01-07 08:41:02",18
"2019-01-07 09:41:03",18
"2019-01-07 10:41:03",18
"2019-01-07 11:41:03",18
"2019-01-07 12:41:04",18
"2019-01-07 14:06:36",18
"2019-01-07 14:41:05",18
"2019-01-07 15:41:04",18
"2019-01-07 16:41:05",18
"2019-01-07 17:41:06",18
"2019-01-07 18:41:04",18
"2019-01-07 19:41:03",18
"2019-01-07 20:41:05",18
"2019-01-07 21:41:05",18
"2019-01-07 22:41:04",18
"2019-01-07 23:41:05",18
"2019-01-08 00:41:03",18
"2019-01-08 01:41:04",18
"2019-01-08 02:41:05",18
"2019-01-08 03:41:04",18
"2019-01-08 04:41:04",18
"2019-01-08 05:41:04",18
"2019-01-08 06:41:04",18
"2019-01-08 07:41:04",18
"2019-01-08 08:41:04",18
"2019-01-08 09:41:03",18
"2019-01-08 10:41:04",18
"2019-01-08 11:41:04",18
"2019-01-08 12:41:03",18
"2019-01-08 13:41:04",18
"2019-01-08 14:41:06",18
"2019-01-08 15:41:05",18
"2019-01-08 16:41:04",18
"2019-01-08 17:41:04",18
"2019-01-08 18:41:04",18
"2019-01-08 19:41:04",18
"2019-01-08 20:41:03",18
"2019-01-08 21:41:04",18
"2019-01-08 22:41:03",18
"2019-01-08 23:41:05",18
"2019-01-09 00:41:04",18
"2019-01-09 01:41:04",18
"2019-01-09 02:41:06",18
"2019-01-09 03:42:22",18
"2019-01-09 04:41:04",18
"2019-01-09 05:41:05",18
"2019-01-09 06:41:04",18
"2019-01-09 07:41:05",18
"2019-01-09 08:41:04",18
"2019-01-09 09:41:04",18
"2019-01-09 10:41:04",18
"2019-01-09 11:41:04",18
"2019-01-09 12:41:03",18
"2019-01-09 14:06:37",18
"2019-01-09 14:41:04",18
"2019-01-09 15:41:03",19
"2019-01-09 16:41:05",19
"2019-01-09 17:41:04",19
"2019-01-09 18:41:05",19
"2019-01-09 19:41:04",19
"2019-01-09 20:41:06",19
"2019-01-09 21:41:04",19
"2019-01-09 22:41:04",19
"2019-01-09 23:41:04",19
"2019-01-10 00:41:03",19
"2019-01-10 01:41:03",19
"2019-01-10 02:41:04",19
"2019-01-10 03:41:03",19
"2019-01-10 04:41:03",19
"2019-01-10 05:41:03",19
"2019-01-10 06:41:02",19
"2019-01-10 07:41:04",19
"2019-01-10 08:41:04",19
"2019-01-10 09:41:03",19
"2019-01-10 10:41:03",19
"2019-01-10 11:41:03",19
"2019-01-10 12:41:03",19
"2019-01-10 13:41:04",19
"2019-01-10 15:05:38",18
"2019-01-10 15:41:05",18
"2019-01-10 16:41:04",18
"2019-01-10 17:41:04",18
"2019-01-10 18:41:04",18
"2019-01-10 19:41:03",18
"2019-01-10 20:41:04",18
"2019-01-10 21:41:04",18
"2019-01-10 22:41:03",18
"2019-01-10 23:41:04",18
"2019-01-11 00:41:04",18
"2019-01-11 01:41:03",18
"2019-01-11 02:41:04",18
"2019-01-11 03:41:04",18
"2019-01-11 04:41:03",18
"2019-01-11 05:41:04",18
"2019-01-11 06:41:03",18
"2019-01-11 07:41:06",18
"2019-01-11 08:41:03",18
"2019-01-11 09:41:03",18
"2019-01-11 10:41:03",18
"2019-01-11 11:41:04",18
"2019-01-11 12:41:04",18
"2019-01-11 13:41:03",18
"2019-01-11 14:41:06",18
"2019-01-11 15:41:05",18
"2019-01-11 16:41:03",18
"2019-01-11 17:41:04",18
"2019-01-11 18:41:04",18
"2019-01-11 19:41:04",18
"2019-01-11 20:41:05",18
"2019-01-11 21:41:03",18
"2019-01-11 22:41:04",18
"2019-01-11 23:41:03",18
"2019-01-12 00:41:03",18
"2019-01-12 01:41:05",18
"2019-01-12 02:41:03",18
"2019-01-12 03:41:04",18
"2019-01-12 04:41:03",18
"2019-01-12 05:41:03",18
"2019-01-12 06:41:04",18
"2019-01-12 07:41:03",18
"2019-01-12 08:41:03",18
"2019-01-12 09:41:04",18
"2019-01-12 10:41:04",18
"2019-01-12 11:41:04",18
"2019-01-12 12:41:03",18
"2019-01-12 13:41:03",18
"2019-01-12 14:41:04",18
"2019-01-12 15:41:03",18
"2019-01-12 16:41:04",18
"2019-01-12 17:41:04",18
"2019-01-12 18:41:03",18
"2019-01-12 19:41:04",18
"2019-01-12 20:41:04",18
"2019-01-12 21:41:03",18
"2019-01-12 22:41:04",18
"2019-01-12 23:41:05",18
"2019-01-13 00:41:04",18
"2019-01-13 01:41:03",18
"2019-01-13 02:41:03",18
"2019-01-13 03:41:03",18
"2019-01-13 04:41:05",18
"2019-01-13 05:41:04",18
"2019-01-13 06:41:03",18
"2019-01-13 07:41:03",18
"2019-01-13 08:41:03",18
"2019-01-13 09:41:04",18
"2019-01-13 10:41:05",18
"2019-01-13 11:41:05",18
"2019-01-13 12:41:03",18
"2019-01-13 13:41:04",18
"2019-01-13 14:41:02",18
"2019-01-13 15:41:04",18
"2019-01-13 16:41:03",18
"2019-01-13 17:41:03",18
"2019-01-13 18:41:03",18
"2019-01-13 19:41:03",18
"2019-01-13 20:41:04",18
"2019-01-13 21:41:03",18
"2019-01-13 22:41:03",18
"2019-01-13 23:41:04",18
"2019-01-14 00:41:03",18
"2019-01-14 01:41:03",18
"2019-01-14 02:41:03",18
"2019-01-14 03:41:03",18
"2019-01-14 04:41:03",18
"2019-01-14 05:41:04",18
"2019-01-14 06:41:03",18
"2019-01-14 07:41:03",18
"2019-01-14 08:41:03",18
"2019-01-14 09:41:03",18
"2019-01-14 10:41:04",18
"2019-01-14 11:41:03",18
"2019-01-14 12:41:03",18
"2019-01-14 13:41:03",18
"2019-01-14 14:41:03",18
"2019-01-14 15:41:04",18
"2019-01-14 16:41:04",18
"2019-01-14 17:41:03",18
"2019-01-14 18:41:03",18
"2019-01-14 19:41:04",18
"2019-01-14 20:41:02",18
"2019-01-14 21:41:04",18
"2019-01-14 22:41:03",18
"2019-01-14 23:41:03",18
"2019-01-15 00:41:04",18
"2019-01-15 01:41:03",18
"2019-01-15 02:41:03",18
"2019-01-15 03:41:03",18
"2019-01-15 04:41:05",18
"2019-01-15 05:41:03",18
"2019-01-15 06:41:03",18
"2019-01-15 07:41:03",18
"2019-01-15 08:41:03",18
"2019-01-15 09:41:03",18
"2019-01-15 10:41:03",18
"2019-01-15 11:41:03",18
"2019-01-15 12:41:03",18
"2019-01-15 13:41:03",18
"2019-01-15 14:41:06",18
"2019-01-15 15:41:04",18
"2019-01-15 16:41:04",18
"2019-01-15 17:41:03",18
"2019-01-15 18:41:04",18
"2019-01-15 19:41:04",18
"2019-01-15 20:41:04",18
"2019-01-15 21:41:03",18
"2019-01-15 22:41:04",18
"2019-01-15 23:41:04",18
"2019-01-16 00:41:03",18
"2019-01-16 01:41:06",18
"2019-01-16 02:41:04",18
"2019-01-16 03:41:03",18
"2019-01-16 04:41:03",18
"2019-01-16 05:41:03",18
"2019-01-16 06:41:03",18
"2019-01-16 07:41:03",18
"2019-01-16 08:41:02",18
"2019-01-16 09:41:03",18
"2019-01-16 10:41:03",18
"2019-01-16 11:41:02",18
"2019-01-16 12:41:03",18
"2019-01-16 14:07:36",18
"2019-01-16 15:06:37",18
"2019-01-16 15:41:03",18
"2019-01-16 16:41:04",18
"2019-01-16 17:41:03",18
"2019-01-16 18:41:04",18
"2019-01-16 19:41:04",18
"2019-01-16 20:41:03",18
"2019-01-16 21:41:04",18
"2019-01-16 22:41:03",18
"2019-01-16 23:41:02",18
"2019-01-17 00:41:03",18
"2019-01-17 01:41:04",18
"2019-01-17 02:41:04",18
"2019-01-17 03:41:03",18
"2019-01-17 04:41:04",18
"2019-01-17 05:41:03",18
"2019-01-17 06:41:03",18
"2019-01-17 07:41:03",18
"2019-01-17 08:41:03",18
"2019-01-17 09:41:04",18
"2019-01-17 10:41:03",18
"2019-01-17 11:41:03",18
"2019-01-17 12:41:03",18
"2019-01-17 13:41:02",18
"2019-01-17 15:07:10",17
"2019-01-17 15:41:06",17
"2019-01-17 16:41:04",17
"2019-01-17 17:41:03",17
"2019-01-17 18:41:04",17
"2019-01-17 19:41:05",17
"2019-01-17 20:41:04",17
"2019-01-17 21:41:04",17
"2019-01-17 22:41:04",17
"2019-01-17 23:41:04",17
"2019-01-18 00:41:03",17
"2019-01-18 01:41:04",17
"2019-01-18 02:41:03",17
"2019-01-18 03:41:05",17
"2019-01-18 04:41:04",17
"2019-01-18 05:41:04",17
"2019-01-18 06:41:03",17
"2019-01-18 07:41:04",17
"2019-01-18 08:41:03",17
"2019-01-18 09:41:04",17
"2019-01-18 10:41:04",17
"2019-01-18 11:41:03",17
"2019-01-18 12:41:04",17
"2019-01-18 13:41:04",17
"2019-01-18 14:41:06",17
"2019-01-18 15:41:05",17
"2019-01-18 16:41:05",17
"2019-01-18 17:41:06",17
"2019-01-18 18:41:05",17
"2019-01-18 19:41:03",17
"2019-01-18 20:41:05",17
"2019-01-18 21:41:04",17
"2019-01-18 22:41:04",17
"2019-01-18 23:41:04",17
"2019-01-19 00:41:04",17
"2019-01-19 01:41:04",17
"2019-01-19 02:41:05",17
"2019-01-19 03:41:04",17
"2019-01-19 04:41:05",17
"2019-01-19 05:41:04",17
"2019-01-19 06:41:03",17
"2019-01-19 07:41:04",17
"2019-01-19 08:41:04",17
"2019-01-19 09:41:04",17
"2019-01-19 10:41:05",17
"2019-01-19 11:41:03",17
"2019-01-19 12:41:03",17
"2019-01-19 13:41:05",17
"2019-01-19 14:41:04",17
"2019-01-19 15:41:05",17
"2019-01-19 16:41:04",17
"2019-01-19 17:41:04",17
"2019-01-19 18:41:03",17
"2019-01-19 19:41:03",17
"2019-01-19 20:41:04",17
"2019-01-19 21:41:04",17
"2019-01-19 22:41:04",17
"2019-01-19 23:41:05",17
"2019-01-20 00:41:05",17
"2019-01-20 01:41:04",17
"2019-01-20 02:41:05",17
"2019-01-20 03:41:04",17
"2019-01-20 04:41:05",17
"2019-01-20 05:41:04",17
"2019-01-20 06:41:04",17
"2019-01-20 07:41:05",17
"2019-01-20 08:41:04",17
"2019-01-20 09:41:04",17
"2019-01-20 10:41:04",17
"2019-01-20 11:41:04",17
"2019-01-20 12:41:04",17
"2019-01-20 13:41:04",17
"2019-01-20 14:41:04",17
"2019-01-20 15:41:04",17
"2019-01-20 16:41:04",17
"2019-01-20 17:41:05",17
"2019-01-20 18:41:04",17
"2019-01-20 19:41:04",17
"2019-01-20 20:41:04",17
"2019-01-20 21:41:04",17
"2019-01-20 22:41:04",17
"2019-01-20 23:41:05",17
"2019-01-21 00:41:04",17
"2019-01-21 01:41:04",17
"2019-01-21 02:41:04",17
"2019-01-21 03:41:04",17
"2019-01-21 04:41:05",17
"2019-01-21 05:41:04",17
"2019-01-21 06:41:03",17
"2019-01-21 07:41:03",17
"2019-01-21 08:41:04",17
"2019-01-21 09:41:04",17
"2019-01-21 10:41:04",17
"2019-01-21 11:41:03",17
"2019-01-21 12:41:04",17
"2019-01-21 13:41:03",17
"2019-01-21 14:41:04",17
"2019-01-21 15:41:03",17
"2019-01-21 16:41:04",17
"2019-01-21 17:41:04",17
"2019-01-21 18:41:04",17
"2019-01-21 19:41:03",17
"2019-01-21 20:41:04",17
"2019-01-21 21:41:03",17
"2019-01-21 22:41:05",17
"2019-01-21 23:41:04",17
"2019-01-22 00:41:04",17
"2019-01-22 01:41:03",17
"2019-01-22 02:41:04",17
"2019-01-22 03:41:04",17
"2019-01-22 04:41:05",17
"2019-01-22 05:41:05",17
"2019-01-22 06:41:03",17
"2019-01-22 07:41:04",17
"2019-01-22 08:41:04",17
"2019-01-22 09:41:03",17
"2019-01-22 10:41:04",17
"2019-01-22 11:41:03",17
"2019-01-22 12:41:04",17
"2019-01-22 13:41:04",17
"2019-01-22 14:41:04",17
"2019-01-22 15:41:04",17
"2019-01-22 16:41:03",17
"2019-01-22 17:41:03",18
"2019-01-22 18:41:04",18
"2019-01-22 19:41:05",18
"2019-01-22 20:41:04",18
"2019-01-22 21:41:05",18
"2019-01-22 22:41:03",18
"2019-01-22 23:41:04",18
"2019-01-23 00:41:04",18
"2019-01-23 01:41:04",18
"2019-01-23 02:41:04",18
"2019-01-23 03:41:04",18
"2019-01-23 04:41:04",18
"2019-01-23 05:41:04",18
"2019-01-23 06:41:05",18
"2019-01-23 07:41:04",18
"2019-01-23 08:41:05",18
"2019-01-23 09:41:05",18
"2019-01-23 10:41:04",18
"2019-01-23 11:41:03",18
"2019-01-23 12:41:04",18
"2019-01-23 13:41:04",18
"2019-01-23 15:05:07",18
"2019-01-23 15:41:03",18
"2019-01-23 16:41:03",18
"2019-01-23 17:41:04",18
"2019-01-23 18:41:04",18
"2019-01-23 19:41:04",18
"2019-01-23 20:41:03",18
"2019-01-23 21:41:04",18
"2019-01-23 22:41:04",18
"2019-01-23 23:41:04",18
"2019-01-30 08:07:30",15
"2019-01-30 08:13:02",15
"2019-01-30 08:19:07",15
"2019-01-30 08:42:12",15
"2019-01-30 08:42:14",15
"2019-01-30 09:42:10",15
"2019-01-30 09:42:12",15
"2019-01-30 10:42:11",15
"2019-01-30 10:42:13",15
"2019-01-30 11:42:12",15
"2019-01-30 11:42:14",15
"2019-01-30 12:42:13",15
"2019-01-30 12:42:15",15
"2019-01-30 13:42:11",15
"2019-01-30 13:42:14",15
"2019-01-30 14:42:13",15
"2019-01-30 14:42:15",15
"2019-01-30 15:42:11",15
"2019-01-30 15:42:13",15
"2019-01-30 16:42:12",15
"2019-01-30 16:42:14",15
"2019-01-30 17:42:13",15
"2019-01-30 17:42:15",15
"2019-01-30 18:42:11",15
"2019-01-30 18:42:13",15
"2019-01-30 19:42:14",15
"2019-01-30 19:42:16",15
"2019-01-30 20:42:08",15
"2019-01-30 21:42:12",15
"2019-01-30 21:42:15",15
"2019-01-30 22:42:11",15
"2019-01-30 22:42:13",15
"2019-01-30 23:42:12",15
"2019-01-30 23:42:14",15
"2019-01-31 00:42:15",15
"2019-01-31 00:42:16",15
"2019-01-31 01:42:10",15
"2019-01-31 01:42:11",15
"2019-01-31 02:42:13",15
"2019-01-31 02:42:15",15
"2019-01-31 03:42:12",15
"2019-01-31 03:42:14",15
"2019-01-31 04:42:10",15
"2019-01-31 04:42:13",15
"2019-01-31 05:42:11",15
"2019-01-31 05:42:13",15
"2019-01-31 06:42:14",15
"2019-01-31 06:42:16",15
"2019-01-31 08:09:57",15
"2019-01-31 08:14:33",15
"2019-01-31 08:41:09",15
"2019-01-31 10:04:42",15
"2019-01-31 10:41:09",15
"2019-01-31 11:41:08",15
"2019-01-31 12:41:07",15
"2019-01-31 13:41:09",15
"2019-01-31 15:41:08",15
"2019-01-31 16:41:12",15
"2019-01-31 17:41:10",15
"2019-01-31 18:41:09",15
"2019-01-31 19:41:11",15
"2019-01-31 20:41:10",15
"2019-01-31 21:41:09",16
"2019-01-31 22:41:08",16
"2019-01-31 23:41:08",16
"2019-02-01 00:41:09",16
"2019-02-01 01:41:09",16
"2019-02-01 02:41:11",16
"2019-02-01 03:41:09",16
"2019-02-01 04:41:09",16
"2019-02-01 05:41:08",16
"2019-02-01 06:41:08",16
"2019-02-01 07:41:09",16
"2019-02-01 08:41:08",16
"2019-02-01 09:41:08",16
"2019-02-01 10:41:09",16
"2019-02-01 11:41:09",16
"2019-02-01 12:41:08",16
"2019-02-01 13:41:08",16
"2019-02-01 14:41:09",16
"2019-02-01 15:41:09",16
"2019-02-01 16:41:09",15
"2019-02-01 17:41:08",15
"2019-02-01 18:41:11",15
"2019-02-01 19:41:11",15
"2019-02-01 20:41:08",15
"2019-02-01 21:41:10",15
"2019-02-01 22:41:10",15
"2019-02-02 00:06:11",15
"2019-02-02 00:41:10",15
"2019-02-02 01:41:09",15
"2019-02-02 02:41:09",15
"2019-02-02 03:41:08",15
"2019-02-02 04:41:08",15
"2019-02-02 05:41:08",15
"2019-02-02 06:41:08",15
"2019-02-02 07:41:08",15
"2019-02-02 08:41:08",15
"2019-02-02 09:41:09",15
"2019-02-02 10:41:08",15
"2019-02-02 11:41:09",15
"2019-02-02 12:41:09",15
"2019-02-02 13:41:09",15
"2019-02-02 14:41:10",15
"2019-02-02 15:41:08",15
"2019-02-02 16:41:11",15
"2019-02-02 17:41:09",15
"2019-02-02 18:41:10",15
"2019-02-02 19:41:08",15
"2019-02-02 20:41:10",15
"2019-02-02 21:41:08",15
"2019-02-02 22:41:09",15
"2019-02-02 23:41:09",15
"2019-02-03 00:41:10",15
"2019-02-03 01:41:09",15
"2019-02-03 02:41:09",15
"2019-02-03 03:41:09",15
"2019-02-03 04:41:10",15
"2019-02-03 05:41:07",15
"2019-02-03 06:41:09",15
"2019-02-03 07:41:08",15
"2019-02-03 08:41:08",15
"2019-02-03 09:41:09",15
"2019-02-03 10:41:08",15
"2019-02-03 11:41:09",15
"2019-02-03 12:41:09",15
"2019-02-03 13:41:09",15
"2019-02-03 14:41:11",15
"2019-02-03 15:41:08",15
"2019-02-03 16:41:09",15
"2019-02-03 17:41:10",15
"2019-02-03 18:41:11",15
"2019-02-03 19:41:08",15
"2019-02-03 20:41:09",15
"2019-02-03 21:41:09",15
"2019-02-03 22:41:11",15
"2019-02-03 23:41:11",15
"2019-02-04 00:41:10",15
"2019-02-04 01:41:09",15
"2019-02-04 02:41:10",15
"2019-02-04 03:41:09",15
"2019-02-04 04:41:10",15
"2019-02-04 05:41:08",15
"2019-02-04 06:41:08",15
"2019-02-04 07:41:08",15
"2019-02-04 08:41:09",15
"2019-02-04 09:41:08",15
"2019-02-04 10:41:09",15
"2019-02-04 11:41:09",15
"2019-02-04 12:41:07",15
"2019-02-04 13:41:10",15
"2019-02-04 14:41:11",15
"2019-02-04 15:41:11",15
"2019-02-04 16:41:11",15
"2019-02-04 17:41:10",15
"2019-02-04 18:41:11",15
"2019-02-04 19:41:10",15
"2019-02-04 20:41:12",15
"2019-02-04 21:41:10",15
"2019-02-04 22:41:11",15
"2019-02-04 23:41:13",15
"2019-02-05 00:41:12",15
"2019-02-05 01:41:13",15
"2019-02-05 02:41:11",15
"2019-02-05 03:41:10",15
"2019-02-05 04:41:15",15
"2019-02-05 05:41:11",15
"2019-02-05 06:41:12",15
"2019-02-05 07:41:10",15
"2019-02-05 08:41:11",15
"2019-02-05 09:41:10",15
"2019-02-05 10:41:11",15
"2019-02-05 11:41:10",15
"2019-02-05 12:41:09",15
"2019-02-05 13:41:10",15
"2019-02-05 14:41:11",15
"2019-02-05 15:41:10",15
"2019-02-05 16:41:12",15
"2019-02-05 17:41:10",16
"2019-02-05 18:41:12",16
"2019-02-05 19:41:12",16
"2019-02-05 20:41:11",16
"2019-02-05 21:41:10",16
"2019-02-05 22:41:11",16
"2019-02-05 23:41:14",16
"2019-02-06 00:41:12",16
"2019-02-06 01:41:10",16
"2019-02-06 02:41:11",16
"2019-02-06 03:41:11",16
"2019-02-06 04:41:10",16
"2019-02-06 05:41:10",16
"2019-02-06 06:41:12",16
"2019-02-06 07:41:12",16
"2019-02-06 08:41:07",16
"2019-02-06 09:41:07",16
"2019-02-07 02:41:13",16
"2019-02-07 03:41:10",16
"2019-02-07 04:41:10",16
"2019-02-07 05:41:11",16
"2019-02-07 06:41:09",16
"2019-02-07 07:41:09",16
"2019-02-07 08:41:09",16
"2019-02-07 09:41:09",16
"2019-02-07 10:41:11",16
"2019-02-07 11:41:12",16
"2019-02-07 12:41:12",16
"2019-02-07 13:41:11",16
"2019-02-07 15:04:42",16
"2019-02-07 15:41:12",16
"2019-02-07 16:41:15",16
"2019-02-07 17:41:11",16
"2019-02-07 18:41:14",16
"2019-02-07 19:41:14",16
"2019-02-07 20:41:12",15
"2019-02-07 21:41:12",15
"2019-02-07 22:41:11",15
"2019-02-07 23:41:12",15
"2019-02-08 00:41:13",15
"2019-02-08 01:41:12",15
"2019-02-08 02:41:12",15
"2019-02-08 03:41:15",15
"2019-02-08 04:41:11",15
"2019-02-08 05:41:11",15
"2019-02-08 06:41:10",15
"2019-02-08 07:41:11",15
"2019-02-08 08:41:10",15
"2019-02-08 09:41:11",15
"2019-02-08 10:41:12",15
"2019-02-08 11:41:12",15
"2019-02-08 12:41:12",15
"2019-02-08 13:41:12",15
"2019-02-08 15:05:45",15
"2019-02-08 15:41:10",15
"2019-02-08 16:41:11",15
"2019-02-08 17:41:12",15
"2019-02-08 18:41:15",15
"2019-02-08 19:41:13",15
"2019-02-08 20:41:13",15
"2019-02-08 21:41:13",15
"2019-02-08 22:41:10",15
"2019-02-08 23:41:10",15
"2019-02-09 00:41:12",15
"2019-02-09 01:41:11",15
"2019-02-09 02:41:11",15
"2019-02-09 03:41:10",15
"2019-02-09 04:41:12",15
"2019-02-09 05:41:11",15
"2019-02-09 06:41:11",15
"2019-02-09 07:41:11",15
"2019-02-09 08:41:10",15
"2019-02-09 09:41:11",15
"2019-02-09 10:41:12",15
"2019-02-09 11:41:10",15
"2019-02-09 12:41:12",15
"2019-02-09 13:41:11",15
"2019-02-09 14:41:11",15
"2019-02-09 15:41:13",15
"2019-02-09 16:41:12",15
"2019-02-09 17:41:13",15
"2019-02-09 18:41:11",15
"2019-02-09 19:41:12",15
"2019-02-09 20:41:11",15
"2019-02-09 21:41:13",15
"2019-02-09 22:41:11",15
"2019-02-09 23:41:12",15
"2019-02-10 00:41:10",15
"2019-02-10 01:41:12",15
"2019-02-10 02:41:12",15
"2019-02-10 03:41:10",15
"2019-02-10 04:41:13",15
"2019-02-10 05:41:14",15
"2019-02-10 06:41:12",15
"2019-02-10 07:41:10",15
"2019-02-10 08:41:11",15
"2019-02-10 09:41:10",15
"2019-02-10 10:41:11",15
"2019-02-10 11:41:11",15
"2019-02-10 12:41:11",15
"2019-02-10 13:41:12",15
"2019-02-10 14:41:12",15
"2019-02-10 15:41:13",15
"2019-02-10 16:41:13",15
"2019-02-10 17:41:11",15
"2019-02-10 18:41:11",15
"2019-02-10 19:41:13",15
"2019-02-10 20:41:12",15
"2019-02-10 21:41:10",15
"2019-02-10 22:41:12",15
"2019-02-10 23:41:13",15
"2019-02-11 00:41:12",15
"2019-02-11 01:41:13",15
"2019-02-11 02:41:14",15
"2019-02-11 03:41:13",15
"2019-02-11 04:41:15",15
"2019-02-11 05:41:11",15
"2019-02-11 06:41:13",15
"2019-02-11 07:41:10",15
"2019-02-11 08:41:11",15
"2019-02-11 09:41:12",15
"2019-02-11 10:41:13",15
"2019-02-11 11:41:10",15
"2019-02-11 12:41:11",15
"2019-02-11 13:41:11",15
"2019-02-11 14:41:10",15
"2019-02-11 15:41:11",16
"2019-02-11 16:41:11",16
"2019-02-11 17:41:12",16
"2019-02-11 18:41:12",16
"2019-02-11 19:41:11",16
"2019-02-11 20:41:11",16
"2019-02-11 21:41:10",16
"2019-02-11 22:41:10",16
"2019-02-11 23:41:12",16
"2019-02-12 00:41:11",16
"2019-02-12 01:41:10",16
"2019-02-12 02:41:15",16
"2019-02-12 03:41:11",16
"2019-02-12 04:41:12",16
"2019-02-12 05:41:11",16
"2019-02-12 06:41:11",16
"2019-02-12 07:41:10",16
"2019-02-12 08:41:09",16
"2019-02-12 09:41:11",16
"2019-02-12 10:41:10",16
"2019-02-12 11:41:11",16
"2019-02-12 12:41:10",16
"2019-02-12 13:41:11",16
"2019-02-12 14:41:11",16
"2019-02-12 15:41:13",16
"2019-02-12 16:41:11",16
"2019-02-12 17:41:10",16
"2019-02-12 18:41:11",16
"2019-02-12 19:41:11",16
"2019-02-12 20:41:10",16
"2019-02-12 21:41:12",16
"2019-02-12 22:41:11",16
"2019-02-12 23:41:11",16
"2019-02-13 00:41:11",16
"2019-02-13 01:41:13",16
"2019-02-13 02:41:11",16
"2019-02-13 03:41:11",16
"2019-02-13 04:41:12",16
"2019-02-13 05:41:12",16
"2019-02-13 06:41:11",16
"2019-02-13 07:41:11",16
"2019-02-13 08:41:11",16
"2019-02-13 09:41:11",16
"2019-02-13 10:41:12",16
"2019-02-13 11:41:10",16
"2019-02-13 12:41:12",16
"2019-02-13 13:41:10",16
"2019-02-13 14:41:10",16
"2019-02-13 15:41:11",16
"2019-02-13 16:41:10",16
"2019-02-13 17:41:13",16
"2019-02-13 18:41:10",16
"2019-02-13 19:41:10",16
"2019-02-13 20:41:11",16
"2019-02-13 21:41:11",16
"2019-02-13 22:41:11",16
"2019-02-13 23:41:12",16
"2019-02-14 00:41:10",16
"2019-02-14 01:41:11",16
"2019-02-14 02:41:11",16
"2019-02-14 03:41:13",16
"2019-02-14 04:41:10",16
"2019-02-14 05:41:14",16
"2019-02-14 06:41:10",16
"2019-02-14 07:41:10",16
"2019-02-14 08:41:10",16
"2019-02-14 09:41:10",16
"2019-02-14 10:41:12",16
"2019-02-14 11:41:11",16
"2019-02-14 12:41:10",16
"2019-02-14 13:41:12",16
"2019-02-14 14:41:11",16
"2019-02-14 15:41:13",16
"2019-02-14 16:41:10",16
"2019-02-14 17:41:12",16
"2019-02-14 18:41:11",16
"2019-02-14 19:41:10",16
"2019-02-14 20:41:12",16
"2019-02-14 21:41:11",16
"2019-02-14 22:41:12",16
"2019-02-15 00:41:12",16
"2019-02-15 01:41:11",16
"2019-02-15 02:41:13",16
"2019-02-15 03:41:14",16
"2019-02-15 04:41:16",16
"2019-02-15 05:41:11",16
"2019-02-15 06:41:10",16
"2019-02-15 07:41:12",16
"2019-02-15 08:41:12",16
"2019-02-15 09:41:11",16
"2019-02-15 10:41:12",16
"2019-02-15 11:41:12",16
"2019-02-15 12:41:10",16
"2019-02-15 14:06:14",16
"2019-02-15 14:41:14",16
"2019-02-15 15:41:18",16
"2019-02-15 16:41:16",16
"2019-02-15 17:41:11",16
"2019-02-15 18:41:15",16
"2019-02-15 19:41:13",16
"2019-02-15 20:41:13",16
"2019-02-15 21:41:14",16
"2019-02-15 22:41:13",16
"2019-02-15 23:41:14",16
"2019-02-16 00:41:14",16
"2019-02-16 01:41:20",16
"2019-02-16 02:41:17",16
"2019-02-16 03:41:15",16
"2019-02-16 04:41:12",16
"2019-02-16 05:41:14",16
"2019-02-16 06:41:12",16
"2019-02-16 07:41:12",16
"2019-02-16 08:41:12",16
"2019-02-16 09:41:15",16
"2019-02-16 10:41:14",16
"2019-02-16 11:41:11",16
"2019-02-16 12:41:14",16
"2019-02-16 13:41:14",16
"2019-02-16 14:41:12",16
"2019-02-16 15:41:17",16
"2019-02-16 16:41:12",16
"2019-02-16 17:41:12",16
"2019-02-16 18:41:13",16
"2019-02-16 19:41:12",16
"2019-02-16 20:41:13",16
"2019-02-16 21:41:13",16
"2019-02-16 22:41:13",16
"2019-02-16 23:41:12",16
"2019-02-17 00:41:14",16
"2019-02-17 01:41:13",16
"2019-02-17 02:41:11",16
"2019-02-17 03:41:13",16
"2019-02-17 04:41:11",16
"2019-02-17 05:41:12",16
"2019-02-17 06:41:12",16
"2019-02-17 07:41:13",16
"2019-02-17 08:41:12",16
"2019-02-17 09:41:11",16
"2019-02-17 10:41:12",16
"2019-02-17 11:41:13",16
"2019-02-17 12:41:11",16
"2019-02-17 13:41:13",16
"2019-02-17 14:41:12",16
"2019-02-17 15:41:14",16
"2019-02-17 16:41:13",16
"2019-02-17 17:41:13",16
"2019-02-17 18:41:14",16
"2019-02-17 19:41:13",16
"2019-02-17 20:41:13",16
"2019-02-17 21:41:11",16
"2019-02-17 22:41:12",16
"2019-02-17 23:41:13",16
"2019-02-18 00:41:13",16
"2019-02-18 01:41:13",16
"2019-02-18 02:41:15",16
"2019-02-18 03:41:14",16
"2019-02-18 04:41:11",16
"2019-02-18 05:41:13",16
"2019-02-18 06:41:11",16
"2019-02-18 07:41:13",16
"2019-02-18 08:41:12",16
"2019-02-18 09:41:14",16
"2019-02-18 10:41:12",16
"2019-02-18 11:41:12",16
"2019-02-18 12:41:13",16
"2019-02-18 13:41:16",16
"2019-02-18 14:41:12",16
"2019-02-18 15:41:14",16
"2019-02-18 16:41:13",16
"2019-02-18 17:41:14",16
"2019-02-18 18:41:13",16
"2019-02-18 19:41:13",16
"2019-02-18 20:41:13",16
"2019-02-18 21:41:12",16
"2019-02-18 22:41:10",16
"2019-02-18 23:41:12",16
"2019-02-19 00:41:11",16
"2019-02-19 01:41:15",16
"2019-02-19 02:41:13",16
"2019-02-19 03:41:13",16
"2019-02-19 04:41:13",16
"2019-02-19 05:41:11",16
"2019-02-19 06:41:11",16
"2019-02-19 07:41:11",16
"2019-02-19 08:41:12",16
"2019-02-19 09:41:10",16
"2019-02-19 10:41:10",16
"2019-02-19 11:41:08",16
"2019-02-19 12:41:09",16
"2019-02-19 14:05:44",16
"2019-02-19 14:41:14",16
"2019-02-19 15:41:14",15
"2019-02-19 16:41:13",15
"2019-02-19 17:41:14",15
"2019-02-19 18:41:16",15
"2019-02-19 19:41:14",15
"2019-02-19 20:41:15",16
"2019-02-19 21:41:14",16
"2019-02-19 22:41:13",16
"2019-02-19 23:41:13",16
"2019-02-20 00:41:19",16
"2019-02-20 01:41:14",16
"2019-02-20 02:41:14",16
"2019-02-20 03:41:18",16
"2019-02-20 04:41:15",16
"2019-02-20 05:41:13",16
"2019-02-20 06:41:15",16
"2019-02-20 07:41:12",16
"2019-02-20 08:41:14",16
"2019-02-20 09:41:13",16
"2019-02-20 10:41:13",16
"2019-02-20 11:41:15",16
"2019-02-20 12:41:13",16
"2019-02-20 13:41:12",16
"2019-02-20 14:41:14",16
"2019-02-20 15:41:14",16
"2019-02-20 16:41:13",16
"2019-02-20 17:41:14",16
"2019-02-20 18:41:13",16
"2019-02-20 19:41:14",16
"2019-02-20 20:41:14",16
"2019-02-20 21:41:15",16
"2019-02-20 22:41:14",16
"2019-02-20 23:41:12",16
"2019-02-21 00:41:14",16
"2019-02-21 01:41:15",16
"2019-02-21 02:41:16",16
"2019-02-21 03:41:14",16
"2019-02-21 04:41:12",16
"2019-02-21 05:41:15",16
"2019-02-21 06:41:13",16
"2019-02-21 07:41:13",16
"2019-02-21 08:41:12",16
"2019-02-21 09:41:13",16
"2019-02-21 10:41:13",16
"2019-02-21 11:41:14",16
"2019-02-21 12:41:11",16
"2019-02-21 13:41:12",16
"2019-02-21 14:41:13",16
"2019-02-21 15:41:16",16
"2019-02-21 17:05:15",16
"2019-02-21 17:41:12",16
"2019-02-21 18:41:11",16
"2019-02-21 19:41:12",16
"2019-02-21 20:41:15",16
"2019-02-21 21:41:11",16
"2019-02-21 22:41:12",16
"2019-02-21 23:41:12",16
"2019-02-22 00:41:13",16
"2019-02-22 01:41:15",16
"2019-02-22 02:41:13",16
"2019-02-22 03:41:14",16
"2019-02-22 04:41:12",16
"2019-02-22 05:41:12",16
"2019-02-22 06:41:12",16
"2019-02-22 07:41:15",16
"2019-02-22 08:41:15",16
"2019-02-22 09:41:13",16
"2019-02-22 10:41:12",16
"2019-02-22 11:41:13",16
"2019-02-22 12:41:12",16
"2019-02-22 13:41:11",16
"2019-02-22 14:41:13",16
"2019-02-22 15:41:14",16
"2019-02-22 16:41:12",16
"2019-02-22 17:41:12",16
"2019-02-22 18:41:13",16
"2019-02-22 19:41:11",16
"2019-02-22 20:41:11",16
"2019-02-22 21:41:15",16
"2019-02-22 22:41:12",16
"2019-02-22 23:41:15",16
"2019-02-23 00:41:11",16
"2019-02-23 01:41:13",16
"2019-02-23 02:41:15",16
"2019-02-23 03:41:15",16
"2019-02-23 04:41:12",16
"2019-02-23 05:41:13",16
"2019-02-23 06:41:11",16
"2019-02-23 07:41:11",16
"2019-02-23 08:41:13",16
"2019-02-23 09:41:12",16
"2019-02-23 10:41:12",16
"2019-02-23 11:41:14",16
"2019-02-23 12:41:12",16
"2019-02-23 13:41:11",16
"2019-02-23 14:41:13",16
"2019-02-23 15:41:13",16
"2019-02-23 16:41:12",16
"2019-02-23 17:41:12",16
"2019-02-23 18:41:12",16
"2019-02-23 19:41:12",16
"2019-02-23 20:41:13",16
"2019-02-23 21:41:14",16
"2019-02-23 22:41:12",16
"2019-02-23 23:41:12",16
"2019-02-24 00:41:14",16
"2019-02-24 01:41:12",16
"2019-02-24 02:41:13",16
"2019-02-24 03:41:13",16
"2019-02-24 04:41:13",16
"2019-02-24 05:41:13",16
"2019-02-24 06:41:12",16
"2019-02-24 07:41:13",16
"2019-02-24 08:41:12",16
"2019-02-24 09:41:12",16
"2019-02-24 10:41:11",16
"2019-02-24 11:41:12",16
"2019-02-24 12:41:11",16
"2019-02-24 13:41:11",16
"2019-02-24 14:41:11",16
"2019-02-24 15:41:14",16
"2019-02-24 16:41:12",16
"2019-02-24 17:41:14",16
"2019-02-24 18:41:14",16
"2019-02-24 19:41:13",16
"2019-02-24 20:41:12",16
"2019-02-24 21:41:12",16
"2019-02-24 22:41:13",16
"2019-02-24 23:41:12",16
"2019-02-25 00:41:14",16
"2019-02-25 01:41:12",16
"2019-02-25 02:41:12",16
"2019-02-25 03:41:14",16
"2019-02-25 04:41:12",16
"2019-02-25 05:41:12",16
"2019-02-25 06:41:11",16
"2019-02-25 07:41:12",16
"2019-02-25 08:41:11",16
"2019-02-25 09:41:13",16
"2019-02-25 10:41:12",16
"2019-02-25 11:41:14",16
"2019-02-25 12:41:11",16
"2019-02-25 14:06:16",16
"2019-02-25 14:41:13",16
"2019-02-25 15:41:13",15
"2019-02-25 16:41:13",15
"2019-02-25 17:41:14",15
"2019-02-25 18:41:15",15
"2019-02-25 19:41:12",15
"2019-02-25 20:41:13",15
"2019-02-25 21:41:13",15
"2019-02-25 22:41:12",15
"2019-02-25 23:41:14",15
"2019-02-26 00:41:13",15
"2019-02-26 01:41:13",15
"2019-02-26 02:41:14",15
"2019-02-26 03:41:15",15
"2019-02-26 04:41:15",15
"2019-02-26 05:41:12",15
"2019-02-26 06:41:14",15
"2019-02-26 07:41:14",15
"2019-02-26 08:41:13",15
"2019-02-26 09:41:14",15
"2019-02-26 10:41:12",15
"2019-02-26 11:41:13",15
"2019-02-26 12:41:12",15
"2019-02-26 13:41:12",15
"2019-02-26 14:41:13",15
"2019-02-26 15:41:15",16
"2019-02-26 16:41:13",16
"2019-02-26 17:41:13",16
"2019-02-26 18:41:12",16
"2019-02-26 19:41:15",16
"2019-02-26 20:41:14",16
"2019-02-26 21:41:12",16
"2019-02-26 22:41:15",16
"2019-02-26 23:41:14",16
"2019-02-27 00:41:16",16
"2019-02-27 01:41:16",16
"2019-02-27 02:42:14",16
"2019-02-27 03:41:27",16
"2019-02-27 04:41:15",16
"2019-02-27 05:41:14",16
"2019-02-27 06:41:16",16
"2019-02-27 07:41:15",16
"2019-02-27 08:41:15",16
"2019-02-27 09:41:12",16
"2019-02-27 10:41:12",16
"2019-02-27 11:41:16",16
"2019-02-27 12:41:18",16
"2019-02-27 13:41:14",15
"2019-02-27 14:41:15",15
"2019-02-27 15:41:17",15
"2019-02-27 16:41:13",15
"2019-02-27 17:41:13",15
"2019-02-27 18:41:16",15
"2019-02-27 19:41:16",15
"2019-02-27 20:41:14",15
"2019-02-27 21:41:14",15
"2019-02-27 22:41:16",15
"2019-02-27 23:41:13",15
"2019-02-28 00:41:14",15
"2019-02-28 01:41:12",15
"2019-02-28 02:41:14",15
"2019-02-28 04:41:14",15
"2019-02-28 05:41:13",15
"2019-02-28 06:41:12",15
"2019-02-28 07:41:13",15
"2019-02-28 08:41:13",15
"2019-02-28 09:41:12",15
"2019-02-28 10:41:14",15
"2019-02-28 11:41:14",15
"2019-02-28 12:41:14",15
"2019-02-28 13:41:14",15
"2019-02-28 15:05:18",15
"2019-02-28 15:41:11",15
"2019-02-28 16:41:16",15
"2019-02-28 17:41:13",15
"2019-02-28 18:41:16",15
"2019-02-28 19:41:14",15
"2019-02-28 20:41:13",15
"2019-02-28 21:41:13",15
"2019-02-28 22:41:14",15
"2019-02-28 23:41:13",15
"2019-03-01 00:41:14",15
"2019-03-01 01:41:14",15
"2019-03-01 02:41:15",15
"2019-03-01 03:41:16",15
"2019-03-01 04:41:15",15
"2019-03-01 05:41:15",15
"2019-03-01 06:41:13",15
"2019-03-01 07:41:15",15
"2019-03-01 08:41:14",15
"2019-03-01 09:41:12",15
"2019-03-01 10:41:14",15
"2019-03-01 11:41:13",15
"2019-03-01 12:41:12",15
"2019-03-01 13:41:18",15
"2019-03-01 14:41:15",15
"2019-03-01 15:41:14",15
"2019-03-01 16:41:14",15
"2019-03-01 17:41:14",15
"2019-03-01 18:41:15",15
"2019-03-01 19:41:16",15
"2019-03-01 20:41:17",15
"2019-03-01 21:41:15",15
"2019-03-01 22:41:15",15
"2019-03-01 23:41:15",15
"2019-03-02 07:41:13",15
"2019-03-02 08:41:15",15
"2019-03-02 09:41:12",15
"2019-03-02 10:41:13",15
"2019-03-02 11:41:14",15
"2019-03-02 15:41:18",15
"2019-03-02 16:41:14",15
"2019-03-02 17:41:14",15
"2019-03-04 02:41:14",15
"2019-03-04 07:41:16",15
"2019-03-04 10:41:11",15
"2019-03-04 11:41:13",15
"2019-03-04 12:41:12",15
"2019-03-04 13:41:11",15
"2019-03-04 14:41:15",15
"2019-03-04 15:41:12",16
"2019-03-04 16:41:14",16
"2019-03-04 17:41:15",16
"2019-03-04 18:41:13",16
"2019-03-04 19:41:14",16
"2019-03-04 20:41:14",16
"2019-03-04 21:41:14",16
"2019-03-04 22:41:15",16
"2019-03-04 23:41:13",16
"2019-03-05 00:41:16",16
"2019-03-05 01:41:14",16
"2019-03-05 02:41:16",16
"2019-03-05 03:41:15",16
"2019-03-05 04:41:14",16
"2019-03-05 05:41:13",16
"2019-03-05 06:41:13",16
"2019-03-05 07:41:13",16
"2019-03-05 08:41:13",16
"2019-03-05 09:41:15",16
"2019-03-05 10:41:13",16
"2019-03-05 11:41:11",16
"2019-03-05 12:41:13",16
"2019-03-05 14:06:19",16
"2019-03-05 14:41:15",16
"2019-03-05 15:41:16",16
"2019-03-05 16:41:15",15
"2019-03-05 17:41:15",15
"2019-03-05 18:41:16",15
"2019-03-05 19:41:14",15
"2019-03-05 20:41:16",15
"2019-03-05 21:41:15",15
"2019-03-05 22:41:18",15
"2019-03-05 23:41:17",15
"2019-03-06 00:41:17",15
"2019-03-06 01:41:17",15
"2019-03-06 02:41:15",15
"2019-03-06 03:41:16",15
"2019-03-06 04:41:18",15
"2019-03-06 05:41:16",15
"2019-03-06 06:41:20",15
"2019-03-06 07:41:15",15
"2019-03-06 08:41:14",15
"2019-03-06 09:41:14",15
"2019-03-06 10:41:16",15
"2019-03-06 11:41:45",15
"2019-03-06 12:41:24",15
"2019-03-06 14:05:58",15
"2019-03-06 14:41:33",15
"2019-03-06 15:41:28",15
"2019-03-06 16:41:14",15
"2019-03-06 17:41:19",15
"2019-03-06 18:41:18",15
"2019-03-06 19:41:16",15
"2019-03-06 20:41:16",15
"2019-03-06 21:41:16",15
"2019-03-06 22:41:14",15
"2019-03-06 23:41:16",15
"2019-03-07 00:41:15",15
"2019-03-07 01:41:16",15
"2019-03-07 02:41:16",15
"2019-03-07 04:41:19",15
"2019-03-07 05:41:16",15
"2019-03-07 06:41:15",15
"2019-03-07 07:41:15",15
"2019-03-07 08:41:16",15
"2019-03-07 09:41:15",15
"2019-03-07 10:41:15",15
"2019-03-07 11:41:14",15
"2019-03-07 12:41:14",15
"2019-03-07 13:41:16",15
"2019-03-07 14:41:18",15
"2019-03-07 15:41:14",15
"2019-03-07 16:41:16",15
"2019-03-07 17:41:17",15
"2019-03-07 18:41:17",15
"2019-03-07 20:05:49",15
"2019-03-07 20:41:16",15
"2019-03-07 21:41:17",15
"2019-03-07 22:41:20",15
"2019-03-07 23:41:14",15
"2019-03-08 00:41:15",15
"2019-03-08 01:41:16",15
"2019-03-08 02:41:15",15
"2019-03-08 04:41:15",15
"2019-03-08 05:41:14",15
"2019-03-08 06:41:15",15
"2019-03-08 07:41:16",15
"2019-03-08 08:41:15",15
"2019-03-08 09:41:14",15
"2019-03-08 10:41:15",15
"2019-03-08 11:41:16",15
"2019-03-08 12:41:14",15
"2019-03-08 14:06:19",15
"2019-03-08 14:41:14",15
"2019-03-08 15:41:16",15
"2019-03-08 16:41:14",15
"2019-03-08 17:41:14",15
"2019-03-08 18:41:17",15
"2019-03-08 19:41:17",15
"2019-03-08 20:41:13",15
"2019-03-08 21:41:20",15
"2019-03-08 22:41:13",15
"2019-03-08 23:41:17",15
"2019-03-09 00:41:20",15
"2019-03-09 01:41:15",15
"2019-03-09 02:41:15",15
"2019-03-09 03:41:16",15
"2019-03-09 04:41:16",15
"2019-03-09 05:41:15",15
"2019-03-09 06:41:15",15
"2019-03-09 07:41:14",15
"2019-03-09 08:41:13",15
"2019-03-09 09:41:13",15
"2019-03-09 10:41:15",15
"2019-03-09 11:41:14",15
"2019-03-09 12:41:14",15
"2019-03-09 13:41:13",15
"2019-03-09 14:41:14",15
"2019-03-09 15:41:17",15
"2019-03-09 16:41:14",15
"2019-03-09 17:41:16",15
"2019-03-09 18:41:15",15
"2019-03-09 19:41:14",15
"2019-03-09 20:41:14",15
"2019-03-09 21:41:14",15
"2019-03-09 22:41:15",15
"2019-03-09 23:41:14",15
"2019-03-10 00:41:14",15
"2019-03-10 01:41:15",15
"2019-03-10 02:41:17",15
"2019-03-10 03:41:15",15
"2019-03-10 04:41:15",15
"2019-03-10 05:41:15",15
"2019-03-10 06:41:16",15
"2019-03-10 07:41:14",15
"2019-03-10 08:41:13",15
"2019-03-10 09:41:13",15
"2019-03-10 10:41:13",15
"2019-03-10 11:41:14",15
"2019-03-10 12:41:15",15
"2019-03-10 13:41:13",15
"2019-03-10 14:41:14",15
"2019-03-10 15:41:15",15
"2019-03-10 16:41:14",15
"2019-03-10 17:41:18",15
"2019-03-10 18:41:17",15
"2019-03-10 19:41:15",15
"2019-03-10 20:41:14",15
"2019-03-10 21:41:14",15
"2019-03-10 22:41:13",15
"2019-03-10 23:41:16",15
"2019-03-11 00:41:16",15
"2019-03-11 01:41:16",15
"2019-03-11 02:41:14",15
"2019-03-11 03:41:14",15
"2019-03-11 04:41:15",15
"2019-03-11 05:41:15",15
"2019-03-11 06:41:14",15
"2019-03-11 07:41:13",15
"2019-03-11 08:41:13",15
"2019-03-11 09:41:14",15
"2019-03-11 10:41:15",15
"2019-03-11 11:41:13",15
"2019-03-11 12:41:17",15
"2019-03-11 13:41:15",15
"2019-03-11 14:41:17",15
"2019-03-11 15:41:15",15
"2019-03-11 16:41:14",15
"2019-03-11 17:41:14",15
"2019-03-11 18:41:15",15
"2019-03-11 19:41:14",15
"2019-03-11 20:41:14",15
"2019-03-11 21:41:17",15
"2019-03-11 22:41:15",15
"2019-03-11 23:41:16",15
"2019-03-12 00:41:17",15
"2019-03-12 01:41:13",15
"2019-03-12 02:41:14",15
"2019-03-12 03:41:16",15
"2019-03-12 04:41:15",15
"2019-03-12 05:41:15",15
"2019-03-12 06:41:16",15
"2019-03-12 07:41:12",15
"2019-03-12 08:41:14",15
"2019-03-12 09:41:14",15
"2019-03-12 10:41:17",15
"2019-03-12 11:41:14",15
"2019-03-12 12:41:15",15
"2019-03-12 13:41:15",15
"2019-03-12 14:41:13",15
"2019-03-12 15:41:14",15
"2019-03-12 16:41:15",16
"2019-03-12 17:41:13",16
"2019-03-12 18:41:15",16
"2019-03-12 19:41:13",16
"2019-03-12 20:41:15",16
"2019-03-12 21:41:14",16
"2019-03-12 22:41:15",16
"2019-03-12 23:41:16",16
"2019-03-13 00:41:14",16
"2019-03-13 01:41:15",16
"2019-03-13 02:41:14",16
"2019-03-13 03:41:16",16
"2019-03-13 04:41:15",16
"2019-03-13 05:41:14",16
"2019-03-13 06:41:13",16
"2019-03-13 07:41:17",16
"2019-03-13 08:41:13",16
"2019-03-13 09:41:13",16
"2019-03-13 10:41:13",16
"2019-03-13 11:41:13",16
"2019-03-13 13:05:17",16
"2019-03-13 13:41:15",16
"2019-03-13 14:41:15",16
"2019-03-13 15:41:15",16
"2019-03-13 16:41:15",16
"2019-03-13 17:41:18",16
"2019-03-13 18:41:14",16
"2019-03-13 19:41:16",16
"2019-03-13 20:41:15",16
"2019-03-13 21:41:17",16
"2019-03-13 22:41:14",16
"2019-03-13 23:41:16",16
"2019-03-14 00:41:14",16
"2019-03-14 01:41:17",16
"2019-03-14 02:41:17",16
"2019-03-14 03:41:14",16
"2019-03-14 04:41:15",16
"2019-03-14 05:41:15",16
"2019-03-14 06:41:16",16
"2019-03-14 07:41:14",16
"2019-03-14 08:41:14",16
"2019-03-14 09:41:14",16
"2019-03-14 10:41:16",16
"2019-03-14 11:41:15",16
"2019-03-14 13:05:49",16
"2019-03-14 13:41:14",16
"2019-03-14 14:41:16",16
"2019-03-14 15:41:15",16
"2019-03-14 16:41:15",17
"2019-03-14 17:41:16",17
"2019-03-14 18:41:15",17
"2019-03-14 19:41:19",17
"2019-03-14 20:41:15",17
"2019-03-14 21:41:16",17
"2019-03-14 22:41:19",17
"2019-03-14 23:41:18",17
"2019-03-15 00:41:17",17
"2019-03-15 01:41:16",17
"2019-03-15 02:41:18",17
"2019-03-15 03:41:16",17
"2019-03-15 04:41:16",17
"2019-03-15 05:41:15",17
"2019-03-15 06:41:13",17
"2019-03-15 07:41:15",17
"2019-03-15 08:41:16",17
"2019-03-15 09:41:16",17
"2019-03-15 10:41:18",17
"2019-03-15 11:41:17",17
"2019-03-15 12:41:17",17
"2019-03-15 13:41:16",17
"2019-03-15 14:41:16",17
"2019-03-15 15:41:19",17
"2019-03-15 16:41:17",17
"2019-03-15 17:41:20",17
"2019-03-15 18:41:17",17
"2019-03-15 19:41:16",17
"2019-03-15 20:41:16",17
"2019-03-15 21:41:15",17
"2019-03-15 22:41:15",17
"2019-03-15 23:41:18",17
"2019-03-16 00:41:17",17
"2019-03-16 01:41:15",17
"2019-03-16 02:41:17",17
"2019-03-16 03:41:17",17
"2019-03-16 04:41:18",17
"2019-03-16 05:41:18",17
"2019-03-16 06:41:17",17
"2019-03-16 07:41:16",17
"2019-03-16 08:41:19",17
"2019-03-16 09:41:16",17
"2019-03-16 10:41:16",17
"2019-03-16 11:41:16",17
"2019-03-16 12:41:16",17
"2019-03-16 13:41:16",17
"2019-03-16 14:41:16",17
"2019-03-16 15:41:17",17
"2019-03-16 16:41:16",17
"2019-03-16 17:41:16",17
"2019-03-16 18:41:15",17
"2019-03-16 19:41:16",17
"2019-03-16 20:41:17",17
"2019-03-16 21:41:18",17
"2019-03-16 22:41:18",17
"2019-03-16 23:41:16",17
"2019-03-17 00:41:18",17
"2019-03-17 01:41:17",17
"2019-03-17 02:41:19",17
"2019-03-17 03:41:17",17
"2019-03-17 04:41:17",17
"2019-03-17 05:41:18",17
"2019-03-17 06:41:16",17
"2019-03-17 07:41:16",17
"2019-03-17 08:41:14",17
"2019-03-17 09:41:18",17
"2019-03-17 10:41:15",17
"2019-03-17 11:41:16",17
"2019-03-17 12:41:16",17
"2019-03-17 13:41:16",17
"2019-03-17 14:41:14",17
"2019-03-17 15:41:15",17
"2019-03-17 16:41:14",17
"2019-03-17 17:41:14",17
"2019-03-17 18:41:15",17
"2019-03-17 19:41:15",17
"2019-03-17 20:41:14",17
"2019-03-17 21:41:14",17
"2019-03-17 22:41:14",17
"2019-03-17 23:41:15",17
"2019-03-18 00:41:15",17
"2019-03-18 01:41:15",17
"2019-03-18 02:41:16",17
"2019-03-18 03:41:16",17
"2019-03-18 04:41:15",17
"2019-03-18 05:41:15",17
"2019-03-18 06:41:15",17
"2019-03-18 07:41:16",17
"2019-03-18 08:41:14",17
"2019-03-18 09:41:17",17
"2019-03-18 10:41:15",17
"2019-03-18 11:41:14",17
"2019-03-18 12:41:17",17
"2019-03-18 13:41:17",17
"2019-03-18 14:41:17",17
"2019-03-18 15:41:22",17
"2019-03-18 16:41:15",17
"2019-03-18 17:41:18",17
"2019-03-18 18:41:18",17
"2019-03-18 19:41:18",17
"2019-03-18 20:41:16",17
"2019-03-18 21:41:18",17
"2019-03-18 22:41:19",17
"2019-03-18 23:41:18",17
"2019-03-19 00:41:21",17
"2019-03-19 01:41:19",17
"2019-03-19 02:41:19",17
"2019-03-19 03:41:16",17
"2019-03-19 04:41:16",17
"2019-03-19 05:41:14",17
"2019-03-19 06:41:21",17
"2019-03-19 07:41:17",17
"2019-03-19 08:41:15",17
"2019-03-19 09:41:17",17
"2019-03-19 10:41:16",17
"2019-03-19 11:41:16",17
"2019-03-19 12:41:18",17
"2019-03-19 13:41:16",17
"2019-03-19 14:41:17",17
"2019-03-19 15:41:19",17
"2019-03-19 16:41:17",17
"2019-03-19 17:41:19",18
"2019-03-19 18:41:17",18
"2019-03-19 19:41:18",18
"2019-03-19 20:41:18",18
"2019-03-19 21:41:22",18
"2019-03-19 22:41:19",18
"2019-03-19 23:41:19",18
"2019-03-20 00:41:20",18
"2019-03-20 01:41:20",18
"2019-03-20 02:41:19",18
"2019-03-20 03:41:19",18
"2019-03-20 04:41:18",18
"2019-03-20 05:41:18",18
"2019-03-20 06:41:22",18
"2019-03-20 07:41:20",18
"2019-03-20 08:41:20",18
"2019-03-20 09:41:18",18
"2019-03-20 10:41:19",18
"2019-03-20 11:41:18",18
"2019-03-20 13:05:25",18
"2019-03-20 13:41:18",18
"2019-03-20 14:41:19",18
"2019-03-20 15:41:23",18
"2019-03-20 16:41:19",18
"2019-03-20 17:41:19",18
"2019-03-20 18:41:18",18
"2019-03-20 19:41:17",18
"2019-03-20 20:41:16",18
"2019-03-20 21:41:16",18
"2019-03-20 22:41:16",18
"2019-03-20 23:41:15",18
"2019-03-21 00:41:16",18
"2019-03-21 01:41:15",18
"2019-03-21 02:41:18",18
"2019-03-21 03:41:18",18
"2019-03-21 04:41:16",18
"2019-03-21 05:41:19",18
"2019-03-21 06:41:15",18
"2019-03-21 07:41:15",18
"2019-03-21 08:41:14",18
"2019-03-21 09:41:15",18
"2019-03-21 10:41:17",18
"2019-03-21 11:41:16",18
"2019-03-21 13:06:19",18
"2019-03-21 13:41:16",18
"2019-03-21 14:41:16",18
"2019-03-21 15:41:17",17
"2019-03-21 16:41:15",17
"2019-03-21 17:41:16",17
"2019-03-21 18:41:17",17
"2019-03-21 19:41:16",17
"2019-03-21 20:41:13",17
"2019-03-21 21:41:14",17
"2019-03-21 22:41:14",17
"2019-03-21 23:41:15",17
"2019-03-22 00:41:15",17
"2019-03-22 01:41:14",17
"2019-03-22 02:41:19",17
"2019-03-22 03:41:15",17
"2019-03-22 04:41:14",17
"2019-03-22 05:41:15",17
"2019-03-22 06:41:13",17
"2019-03-22 07:41:14",17
"2019-03-22 08:41:24",17
"2019-03-22 09:41:15",17
"2019-03-22 10:41:15",17
"2019-03-22 11:41:13",17
"2019-03-22 12:41:19",17
"2019-03-22 13:41:14",17
"2019-03-22 14:41:14",17
"2019-03-22 15:41:14",17
"2019-03-22 16:41:15",17
"2019-03-22 17:41:17",17
"2019-03-22 18:41:16",16
"2019-03-22 19:41:15",16
"2019-03-22 20:41:15",16
"2019-03-22 21:41:14",16
"2019-03-22 22:41:15",16
"2019-03-22 23:41:14",16
"2019-03-23 00:41:15",16
"2019-03-23 01:41:21",16
"2019-03-23 02:41:16",16
"2019-03-23 03:41:14",16
"2019-03-23 04:41:13",16
"2019-03-23 05:41:15",16
"2019-03-23 06:41:14",16
"2019-03-23 07:41:18",16
"2019-03-23 08:41:14",16
"2019-03-23 09:41:15",16
"2019-03-23 10:41:13",16
"2019-03-23 11:41:15",16
"2019-03-23 12:41:13",16
"2019-03-23 13:41:17",16
"2019-03-23 14:41:15",16
"2019-03-23 15:41:15",16
"2019-03-23 16:41:13",16
"2019-03-23 17:41:14",16
"2019-03-23 18:41:14",16
"2019-03-23 19:41:18",16
"2019-03-23 20:41:15",16
"2019-03-23 21:41:15",16
"2019-03-23 22:41:15",16
"2019-03-23 23:41:15",16
"2019-03-24 00:41:14",16
"2019-03-24 01:41:16",16
"2019-03-24 02:41:15",16
"2019-03-24 03:41:17",16
"2019-03-24 04:41:20",16
"2019-03-24 05:41:15",16
"2019-03-24 06:41:16",16
"2019-03-24 07:41:16",16
"2019-03-24 08:41:15",16
"2019-03-24 09:41:21",16
"2019-03-24 10:41:17",16
"2019-03-24 11:41:14",16
"2019-03-24 12:41:14",16
"2019-03-24 13:41:18",16
"2019-03-24 14:41:14",16
"2019-03-24 15:41:15",16
"2019-03-24 16:41:14",16
"2019-03-24 17:41:15",16
"2019-03-24 18:41:16",16
"2019-03-24 19:41:15",16
"2019-03-24 20:41:15",16
"2019-03-24 21:41:21",16
"2019-03-24 22:41:16",16
"2019-03-24 23:41:16",16
"2019-03-25 00:41:16",16
"2019-03-25 01:41:16",16
"2019-03-25 02:41:16",16
"2019-03-25 03:41:21",16
"2019-03-25 04:41:16",16
"2019-03-25 05:41:16",16
"2019-03-25 06:41:15",16
"2019-03-25 07:41:16",16
"2019-03-25 08:41:17",16
"2019-03-25 09:41:15",16
"2019-03-25 10:41:15",16
"2019-03-25 11:41:23",16
"2019-03-25 13:05:20",16
"2019-03-25 13:41:19",16
"2019-03-25 14:41:16",16
"2019-03-25 15:41:16",16
"2019-03-25 16:41:16",16
"2019-03-25 17:41:17",16
"2019-03-25 18:41:18",16
"2019-03-25 19:41:19",16
"2019-03-25 20:41:16",16
"2019-03-25 21:41:16",16
"2019-03-25 22:41:24",16
"2019-03-25 23:41:19",16
"2019-03-26 00:41:19",16
"2019-03-26 01:41:18",16
"2019-03-26 02:41:15",16
"2019-03-26 03:41:17",16
"2019-03-26 04:41:16",16
"2019-03-26 05:41:15",16
"2019-03-26 06:41:17",16
"2019-03-26 07:41:15",16
"2019-03-26 08:41:14",16
"2019-03-26 09:41:15",16
"2019-03-26 10:41:18",16
"2019-03-26 11:41:15",16
"2019-03-26 12:41:17",16
"2019-03-26 13:41:22",16
"2019-03-26 14:41:14",17
"2019-03-26 15:41:23",17
"2019-03-26 16:41:20",17
"2019-03-26 17:41:16",17
"2019-03-26 18:41:19",17
"2019-03-26 19:41:21",17
"2019-03-26 20:41:18",18
"2019-03-26 21:41:18",18
"2019-03-26 22:41:16",18
"2019-03-26 23:41:15",18
"2019-03-27 00:41:18",18
"2019-03-27 01:41:16",18
"2019-03-27 02:41:15",18
"2019-03-27 03:41:20",18
"2019-03-27 04:41:17",18
"2019-03-27 05:41:18",18
"2019-03-27 06:41:21",18
"2019-03-27 07:41:15",18
"2019-03-27 08:41:15",18
"2019-03-27 09:41:16",18
"2019-03-27 10:41:19",18
"2019-03-27 11:41:14",18
"2019-03-27 13:05:55",18
"2019-03-27 13:41:17",18
"2019-03-27 14:41:21",18
"2019-03-27 15:41:16",18
"2019-03-27 16:41:17",18
"2019-03-27 17:41:25",18
"2019-03-27 18:41:15",18
"2019-03-27 19:41:15",18
"2019-03-27 20:41:19",18
"2019-03-27 21:41:16",18
"2019-03-27 22:41:23",18
"2019-03-27 23:41:18",18
"2019-03-28 00:41:18",18
"2019-03-28 01:41:16",18
"2019-03-28 02:41:23",18
"2019-03-28 03:41:17",18
"2019-03-28 04:41:19",18
"2019-03-28 05:41:15",18
"2019-03-28 06:41:14",18
"2019-03-28 07:41:15",18
"2019-03-28 08:41:14",18
"2019-03-28 09:41:15",18
"2019-03-28 10:41:15",18
"2019-03-28 11:41:14",18
"2019-03-28 13:05:48",18
"2019-03-28 13:41:18",18
"2019-03-28 14:41:16",18
"2019-03-28 15:41:17",18
"2019-03-28 16:41:18",18
"2019-03-28 17:41:16",18
"2019-03-28 18:41:16",18
"2019-03-28 19:41:15",18
"2019-03-28 20:41:18",18
"2019-03-28 21:41:18",18
"2019-03-28 22:41:14",18
"2019-03-28 23:41:16",18
"2019-03-29 00:41:14",18
"2019-03-29 01:41:27",18
"2019-03-29 02:41:19",18
"2019-03-29 03:41:21",18
"2019-03-29 04:41:18",18
"2019-03-29 05:41:14",18
"2019-03-29 06:41:14",18
"2019-03-29 07:41:15",18
"2019-03-29 08:41:20",18
"2019-03-29 09:41:16",18
"2019-03-29 10:41:15",18
"2019-03-29 11:41:19",18
"2019-03-29 13:06:19",18
"2019-03-29 13:41:17",18
"2019-03-29 14:41:19",18
"2019-03-29 15:41:20",18
"2019-03-29 16:41:14",18
"2019-03-29 17:41:20",18
"2019-03-29 18:41:27",19
"2019-03-29 19:41:20",19
"2019-03-29 20:41:19",19
"2019-03-29 21:41:17",19
"2019-03-29 22:41:21",19
"2019-03-29 23:41:24",19
"2019-03-30 00:41:20",19
"2019-03-30 01:41:19",19
"2019-03-30 02:41:23",19
"2019-03-30 03:41:22",19
"2019-03-30 04:41:23",19
"2019-03-30 05:41:18",19
"2019-03-30 06:41:18",19
"2019-03-30 07:41:18",19
"2019-03-30 08:41:33",19
"2019-03-30 09:41:20",19
"2019-03-30 10:41:18",19
"2019-03-30 11:41:19",19
"2019-03-30 12:41:23",19
"2019-03-30 13:41:15",19
"2019-03-30 14:41:17",19
"2019-03-30 15:41:16",19
"2019-03-30 16:41:16",19
"2019-03-30 17:41:20",19
"2019-03-30 18:41:16",19
"2019-03-30 19:41:17",19
"2019-03-30 20:41:15",19
"2019-03-30 21:41:15",19
"2019-03-30 22:41:22",19
"2019-03-30 23:41:17",19
"2019-03-31 00:41:17",19
"2019-03-31 01:41:18",19
"2019-03-31 02:41:21",19
"2019-03-31 03:41:18",19
"2019-03-31 04:41:16",19
"2019-03-31 05:41:16",19
"2019-03-31 06:41:22",19
"2019-03-31 07:41:18",19
"2019-03-31 08:41:15",19
"2019-03-31 09:41:15",19
"2019-03-31 10:41:20",19
"2019-03-31 11:41:17",19
"2019-03-31 12:41:16",19
"2019-03-31 13:41:18",19
"2019-03-31 14:41:16",19
"2019-03-31 15:41:17",19
"2019-03-31 16:41:17",19
"2019-03-31 17:41:24",19
"2019-03-31 18:41:16",19
"2019-03-31 19:41:17",19
"2019-03-31 20:41:16",19
"2019-03-31 21:41:17",19
"2019-03-31 22:41:16",19
"2019-03-31 23:41:20",19
"2019-04-01 00:41:21",19
"2019-04-01 01:41:19",19
"2019-04-01 02:41:21",19
"2019-04-01 03:41:25",19
"2019-04-01 04:41:18",19
"2019-04-01 05:41:17",19
"2019-04-01 06:41:15",19
"2019-04-01 07:41:23",19
"2019-04-01 08:41:17",19
"2019-04-01 09:41:18",19
"2019-04-01 10:41:23",19
"2019-04-01 11:41:20",19
"2019-04-01 13:41:20",19
"2019-04-01 14:41:22",18
"2019-04-01 15:41:28",18
"2019-04-01 16:41:25",18
"2019-04-01 17:41:22",19
"2019-04-01 18:41:18",19
"2019-04-01 19:41:29",19
"2019-04-01 20:41:18",19
"2019-04-01 21:41:16",19
"2019-04-01 22:41:20",19
"2019-04-01 23:41:19",19
"2019-04-02 00:41:22",19
"2019-04-02 01:41:18",19
"2019-04-02 02:41:19",19
"2019-04-02 03:41:26",19
"2019-04-02 04:41:16",19
"2019-04-02 05:41:17",19
"2019-04-02 06:41:17",19
"2019-04-02 07:41:21",19
"2019-04-02 08:41:19",19
"2019-04-02 09:41:21",19
"2019-04-02 10:41:17",19
"2019-04-02 11:41:17",19
"2019-04-02 13:05:54",19
"2019-04-02 13:41:20",19
"2019-04-02 14:41:16",19
"2019-04-02 15:41:27",19
"2019-04-02 16:41:17",19
"2019-04-02 17:41:24",19
"2019-04-02 18:41:17",19
"2019-04-02 19:41:18",19
"2019-04-02 20:41:23",19
"2019-04-02 21:41:20",19
"2019-04-02 22:41:19",19
"2019-04-02 23:41:20",19
"2019-04-03 00:41:28",19
"2019-04-03 01:41:20",19
"2019-04-03 02:41:17",19
"2019-04-03 03:41:20",19
"2019-04-03 04:41:21",19
"2019-04-03 05:41:20",19
"2019-04-03 06:41:22",19
"2019-04-03 07:41:18",19
"2019-04-03 08:41:18",19
"2019-04-03 09:41:26",19
"2019-04-03 10:41:21",19
"2019-04-03 11:41:19",19
"2019-04-03 13:05:56",19
"2019-04-03 13:41:19",19
"2019-04-03 14:41:25",19
"2019-04-03 15:41:25",19
"2019-04-03 16:41:19",19
"2019-04-03 17:41:17",19
"2019-04-03 18:41:18",19
"2019-04-03 19:41:19",19
"2019-04-03 20:41:21",19
"2019-04-03 21:41:18",19
"2019-04-03 22:41:18",19
"2019-04-03 23:41:24",19
"2019-04-04 00:41:17",19
"2019-04-04 01:41:18",19
"2019-04-04 02:41:19",19
"2019-04-04 03:41:23",19
"2019-04-04 04:41:17",19
"2019-04-04 05:41:16",19
"2019-04-04 06:41:17",19
"2019-04-04 07:41:19",19
"2019-04-04 08:41:21",19
"2019-04-04 09:41:17",19
"2019-04-04 10:41:19",19
"2019-04-04 11:41:22",19
"2019-04-04 12:41:18",19
"2019-04-04 13:41:18",19
"2019-04-04 14:41:25",18
"2019-04-04 15:41:19",18
"2019-04-04 16:41:24",18
"2019-04-04 17:41:17",18
"2019-04-04 18:41:21",18
"2019-04-04 19:41:19",18
"2019-04-04 20:41:18",18
"2019-04-04 21:41:21",18
"2019-04-04 22:41:26",18
"2019-04-04 23:41:18",18
"2019-04-05 00:41:20",18
"2019-04-05 01:41:17",18
"2019-04-05 02:41:18",18
"2019-04-05 03:41:28",18
"2019-04-05 04:41:19",18
"2019-04-05 05:41:17",18
"2019-04-05 06:41:16",18
"2019-04-05 07:41:18",18
"2019-04-05 08:41:25",18
"2019-04-05 09:41:19",18
"2019-04-05 10:41:24",18
"2019-04-05 11:41:18",18
"2019-04-05 13:05:23",18
"2019-04-05 13:41:22",18
"2019-04-05 14:41:20",18
"2019-04-05 15:41:25",18
"2019-04-05 16:41:17",18
"2019-04-05 17:41:18",18
"2019-04-05 18:41:20",18
"2019-04-05 19:41:18",18
"2019-04-05 20:41:17",18
"2019-04-05 21:41:21",18
"2019-04-05 22:41:20",18
"2019-04-05 23:41:22",18
"2019-04-06 00:41:20",18
"2019-04-06 01:41:28",18
"2019-04-06 02:41:22",18
"2019-04-06 03:41:20",18
"2019-04-06 04:41:23",18
"2019-04-06 05:41:20",18
"2019-04-06 06:41:18",18
"2019-04-06 07:41:19",18
"2019-04-06 08:41:28",18
"2019-04-06 09:41:20",18
"2019-04-06 10:41:19",18
"2019-04-06 11:41:18",18
"2019-04-06 12:41:20",18
"2019-04-06 13:41:17",18
"2019-04-06 14:41:17",18
"2019-04-06 15:41:23",18
"2019-04-06 16:41:17",18
"2019-04-06 17:41:19",18
"2019-04-06 18:41:20",18
"2019-04-06 19:41:19",18
"2019-04-06 20:41:17",18
"2019-04-06 21:41:25",18
"2019-04-06 22:41:18",18
"2019-04-06 23:41:18",18
"2019-04-07 00:41:18",18
"2019-04-07 01:41:16",18
"2019-04-07 02:41:20",18
"2019-04-07 03:41:23",18
"2019-04-07 04:41:19",18
"2019-04-07 05:41:19",18
"2019-04-07 06:41:20",18
"2019-04-07 07:41:26",18
"2019-04-07 08:41:20",18
"2019-04-07 09:41:23",18
"2019-04-07 10:41:18",18
"2019-04-07 11:41:23",18
"2019-04-07 12:41:20",18
"2019-04-07 13:41:23",18
"2019-04-07 14:41:19",18
"2019-04-07 15:41:20",18
"2019-04-07 16:41:23",18
"2019-04-07 17:41:19",18
"2019-04-07 18:41:18",18
"2019-04-07 19:41:19",18
"2019-04-07 20:41:25",18
"2019-04-07 21:41:19",18
"2019-04-07 22:41:18",18
"2019-04-07 23:41:17",18
"2019-04-08 00:41:28",18
"2019-04-08 01:41:19",18
"2019-04-08 02:41:19",18
"2019-04-08 03:41:19",18
"2019-04-08 04:41:16",18
"2019-04-08 05:41:27",18
"2019-04-08 06:41:17",18
"2019-04-08 07:41:17",18
"2019-04-08 08:41:18",18
"2019-04-08 09:41:20",18
"2019-04-08 10:41:18",18
"2019-04-08 11:41:27",18
"2019-04-08 12:41:17",18
"2019-04-08 13:41:23",18
"2019-04-08 14:41:18",18
"2019-04-08 15:41:22",18
"2019-04-08 16:41:26",18
"2019-04-08 17:41:19",18
"2019-04-08 18:41:18",18
"2019-04-08 19:41:19",18
"2019-04-08 20:41:19",18
"2019-04-08 21:41:20",18
"2019-04-08 22:41:20",18
"2019-04-08 23:41:18",18
"2019-04-09 00:41:24",18
"2019-04-09 01:41:19",18
"2019-04-09 02:41:21",18
"2019-04-09 03:41:21",18
"2019-04-09 04:41:19",18
"2019-04-09 05:41:22",18
"2019-04-09 06:41:19",18
"2019-04-09 07:41:18",18
"2019-04-09 08:41:22",18
"2019-04-09 09:41:27",18
"2019-04-09 10:41:19",18
"2019-04-09 11:41:20",18
"2019-04-09 13:06:33",18
"2019-04-09 13:41:20",18
"2019-04-09 14:41:20",17
"2019-04-09 15:41:31",17
"2019-04-09 16:41:22",17
"2019-04-09 17:41:21",17
"2019-04-09 18:41:20",17
"2019-04-09 19:41:21",17
"2019-04-09 20:41:20",17
"2019-04-09 21:41:21",17
"2019-04-09 22:41:19",17
"2019-04-09 23:41:25",17
"2019-04-10 00:41:21",17
"2019-04-10 01:41:20",17
"2019-04-10 02:41:22",17
"2019-04-10 03:41:24",17
"2019-04-10 04:41:25",17
"2019-04-10 05:41:20",17
"2019-04-10 06:41:21",17
"2019-04-10 07:41:19",17
"2019-04-10 08:41:24",17
"2019-04-10 09:41:21",17
"2019-04-10 10:41:21",17
"2019-04-10 11:41:22",17
"2019-04-10 12:41:29",17
"2019-04-10 13:41:28",17
"2019-04-10 14:41:21",17
"2019-04-10 15:41:22",17
"2019-04-10 16:41:21",17
"2019-04-10 17:41:22",17
"2019-04-10 18:41:24",17
"2019-04-10 19:41:23",17
"2019-04-10 20:41:19",17
"2019-04-10 21:41:19",17
"2019-04-10 22:41:18",17
"2019-04-10 23:41:27",17
"2019-04-11 00:41:20",17
"2019-04-11 01:41:18",17
"2019-04-11 02:41:21",17
"2019-04-11 03:41:22",17
"2019-04-11 04:41:23",17
"2019-04-11 05:41:22",17
"2019-04-11 06:41:18",17
"2019-04-11 18:41:23",17
"2019-04-11 19:41:30",17
"2019-04-11 20:41:20",17
"2019-04-11 21:41:21",17
"2019-04-11 22:41:20",17
"2019-04-11 23:41:20",17
"2019-04-12 00:41:19",17
"2019-04-12 01:41:21",17
"2019-04-12 02:41:25",17
"2019-04-12 03:41:21",17
"2019-04-12 04:41:21",17
"2019-04-12 05:41:21",17
"2019-04-12 06:41:18",17
"2019-04-12 07:41:20",17
"2019-04-12 08:41:19",17
"2019-04-12 09:41:24",17
"2019-04-12 10:41:19",17
"2019-04-12 11:41:19",17
"2019-04-12 13:05:00",16
"2019-04-12 13:41:21",16
"2019-04-12 14:41:18",16
"2019-04-12 15:41:23",16
"2019-04-12 16:41:22",16
"2019-04-12 17:41:20",16
"2019-04-12 18:41:20",16
"2019-04-12 19:41:19",16
"2019-04-12 20:41:19",16
"2019-04-12 21:41:18",16
"2019-04-12 22:41:27",16
"2019-04-12 23:41:19",16
"2019-04-13 00:41:22",16
"2019-04-13 01:41:19",16
"2019-04-13 02:41:21",16
"2019-04-13 03:41:28",16
"2019-04-13 04:41:21",16
"2019-04-13 05:41:22",16
"2019-04-13 06:41:21",16
"2019-04-13 07:41:18",16
"2019-04-13 08:41:19",16
"2019-04-13 09:41:23",16
"2019-04-13 10:41:19",16
"2019-04-13 11:41:20",16
"2019-04-13 12:41:19",16
"2019-04-13 13:41:20",16
"2019-04-13 14:41:23",16
"2019-04-13 15:41:22",16
"2019-04-13 16:41:22",16
"2019-04-13 17:41:18",16
"2019-04-13 18:41:20",16
"2019-04-13 19:41:21",16
"2019-04-13 20:41:20",16
"2019-04-13 21:41:24",16
"2019-04-13 22:41:20",16
"2019-04-13 23:41:19",16
"2019-04-14 00:41:22",16
"2019-04-14 01:41:24",16
"2019-04-14 02:41:19",16
"2019-04-14 03:41:18",16
"2019-04-14 04:41:26",16
"2019-04-14 05:41:20",16
"2019-04-14 06:41:21",16
"2019-04-14 07:41:24",16
"2019-04-14 08:41:20",16
"2019-04-14 09:41:23",16
"2019-04-14 10:41:17",16
"2019-04-14 11:41:22",16
"2019-04-14 12:41:18",16
"2019-04-14 13:41:20",16
"2019-04-14 14:41:25",16
"2019-04-14 15:41:23",16
"2019-04-14 16:41:22",16
"2019-04-14 17:41:20",16
"2019-04-14 18:41:21",16
"2019-04-14 19:41:22",16
"2019-04-14 20:41:23",16
"2019-04-14 21:41:26",16
"2019-04-14 22:41:20",16
"2019-04-14 23:41:22",16
"2019-04-15 00:41:20",16
"2019-04-15 01:41:19",16
"2019-04-15 02:41:21",16
"2019-04-15 03:41:28",16
"2019-04-15 04:41:20",16
"2019-04-15 05:41:21",16
"2019-04-15 06:41:18",16
"2019-04-15 07:41:20",16
"2019-04-15 08:41:23",16
"2019-04-15 09:41:19",16
"2019-04-15 10:41:19",16
"2019-04-15 11:41:20",16
"2019-04-15 13:06:58",16
"2019-04-15 13:41:19",16
"2019-04-15 14:41:21",16
"2019-04-15 15:41:25",16
"2019-04-15 16:41:21",16
"2019-04-15 17:41:24",16
"2019-04-15 18:41:25",16
"2019-04-15 19:41:34",16
"2019-04-15 20:41:20",16
"2019-04-15 21:41:21",16
"2019-04-15 22:41:23",16
"2019-04-15 23:41:25",16
"2019-04-16 00:41:23",16
"2019-04-16 01:41:21",16
"2019-04-16 02:41:22",16
"2019-04-16 03:41:25",16
"2019-04-16 04:41:21",16
"2019-04-16 05:41:22",16
"2019-04-16 06:41:21",16
"2019-04-16 07:41:19",16
"2019-04-16 08:41:32",16
"2019-04-16 09:41:19",16
"2019-04-16 10:41:26",16
"2019-04-16 11:41:21",16
"2019-04-16 13:05:24",16
"2019-04-16 13:41:21",16
"2019-04-16 14:41:25",16
"2019-04-16 15:41:20",16
"2019-04-16 16:41:20",16
"2019-04-16 17:41:19",16
"2019-04-16 18:41:25",16
"2019-04-16 19:41:22",16
"2019-04-16 20:41:22",16
"2019-04-16 21:41:19",16
"2019-04-16 22:41:20",16
"2019-04-16 23:41:20",16
"2019-04-17 00:41:21",16
"2019-04-17 01:41:22",16
"2019-04-17 02:41:25",16
"2019-04-17 03:41:21",16
"2019-04-17 04:41:22",16
"2019-04-17 05:41:21",16
"2019-04-17 06:41:33",16
"2019-04-17 07:41:22",16
"2019-04-17 08:41:19",16
"2019-04-17 09:41:25",16
"2019-04-17 10:41:19",16
"2019-04-17 11:41:21",16
"2019-04-17 13:06:25",16
"2019-04-17 13:41:22",16
"2019-04-17 14:41:21",16
"2019-04-17 15:41:28",16
"2019-04-17 16:41:20",16
"2019-04-17 17:41:25",16
"2019-04-17 18:41:21",16
"2019-04-17 19:41:20",16
"2019-04-17 20:41:22",16
"2019-04-17 21:41:20",16
"2019-04-17 22:41:21",16
"2019-04-17 23:41:25",16
"2019-04-18 00:41:19",16
"2019-04-18 01:41:22",16
"2019-04-18 02:41:20",16
"2019-04-18 03:41:28",16
"2019-04-18 04:41:21",16
"2019-04-18 05:41:26",16
"2019-04-18 06:41:20",16
"2019-04-18 07:41:20",16
"2019-04-18 08:41:24",16
"2019-04-18 09:41:21",16
"2019-04-18 10:41:22",16
"2019-04-18 11:41:23",16
"2019-04-18 13:06:24",16
"2019-04-18 13:41:22",16
"2019-04-18 14:41:25",16
"2019-04-18 15:41:22",16
"2019-04-18 16:41:23",16
"2019-04-18 17:41:27",16
"2019-04-18 18:41:22",16
"2019-04-18 19:41:20",16
"2019-04-18 20:41:22",16
"2019-04-18 21:41:23",16
"2019-04-18 22:41:22",16
"2019-04-18 23:41:25",16
"2019-04-19 00:41:52",16
"2019-04-19 02:41:21",16
"2019-04-19 03:41:28",16
"2019-04-19 04:41:21",16
"2019-04-19 05:41:20",16
"2019-04-19 06:41:23",16
"2019-04-19 07:41:25",16
"2019-04-19 08:41:24",16
"2019-04-19 09:41:22",16
"2019-04-19 10:41:24",16
"2019-04-19 11:41:20",16
"2019-04-19 12:41:22",16
"2019-04-19 13:41:25",16
"2019-04-19 14:41:26",16
"2019-04-19 15:41:21",16
"2019-04-19 16:41:22",16
"2019-04-19 17:41:26",16
"2019-04-19 18:41:21",16
"2019-04-19 19:41:21",16
"2019-04-19 20:41:20",16
"2019-04-19 21:41:20",16
"2019-04-19 22:41:21",16
"2019-04-19 23:41:23",16
"2019-04-20 00:41:26",16
"2019-04-20 01:41:23",16
"2019-04-20 02:41:22",16
"2019-04-20 03:41:21",16
"2019-04-20 04:41:26",16
"2019-04-20 05:41:21",16
"2019-04-20 06:41:21",16
"2019-04-20 07:41:24",16
"2019-04-20 08:41:22",16
"2019-04-20 09:41:26",16
"2019-04-20 10:41:22",16
"2019-04-20 11:41:19",16
"2019-04-20 12:41:30",16
"2019-04-20 13:41:54",16
"2019-04-20 14:41:22",16
"2019-04-20 15:41:19",16
"2019-04-20 16:41:24",16
"2019-04-20 17:41:24",16
"2019-04-20 18:41:21",16
"2019-04-20 19:41:21",16
"2019-04-20 20:41:22",16
"2019-04-20 21:41:20",16
"2019-04-20 22:41:21",16
"2019-04-20 23:41:27",16
"2019-04-21 00:41:21",16
"2019-04-21 01:41:20",16
"2019-04-21 02:41:23",16
"2019-04-21 03:41:22",16
"2019-04-21 04:41:24",16
"2019-04-21 05:41:21",16
"2019-04-21 06:41:20",16
"2019-04-21 07:41:26",16
"2019-04-21 08:41:20",16
"2019-04-21 09:41:20",16
"2019-04-21 10:41:22",16
"2019-04-21 11:41:22",16
"2019-04-21 12:41:21",16
"2019-04-21 13:41:20",16
"2019-04-21 14:41:26",16
"2019-04-21 15:41:21",16
"2019-04-21 16:41:23",16
"2019-04-21 17:41:22",16
"2019-04-21 18:41:20",16
"2019-04-21 19:41:26",16
"2019-04-21 20:41:20",16
"2019-04-21 21:41:21",16
"2019-04-21 22:41:20",16
"2019-04-21 23:41:20",16
"2019-04-22 00:41:21",16
"2019-04-22 01:41:24",16
"2019-04-22 02:41:29",16
"2019-04-22 03:41:22",16
"2019-04-22 04:41:19",16
"2019-04-22 05:41:19",16
"2019-04-22 06:41:23",16
"2019-04-22 07:41:23",16
"2019-04-22 08:41:21",16
"2019-04-22 09:41:20",16
"2019-04-22 10:41:26",16
"2019-04-22 11:41:24",16
"2019-04-22 13:06:56",16
"2019-04-22 13:41:23",16
"2019-04-22 14:41:23",16
"2019-04-22 15:41:21",16
"2019-04-22 16:41:21",16
"2019-04-22 17:41:22",16
"2019-04-22 18:41:24",16
"2019-04-22 19:41:24",16
"2019-04-22 20:41:22",16
"2019-04-22 21:41:22",16
"2019-04-22 22:41:23",16
"2019-04-22 23:41:24",16
"2019-04-23 00:41:24",16
"2019-04-23 01:41:20",16
"2019-04-23 02:41:21",16
"2019-04-23 03:41:24",16
"2019-04-23 04:41:24",16
"2019-04-23 05:41:22",16
"2019-04-23 06:41:25",16
"2019-04-23 07:41:21",16
"2019-04-23 08:41:19",16
"2019-04-23 09:41:22",16
"2019-04-23 10:41:23",16
"2019-04-23 11:41:25",16
"2019-04-23 13:07:25",16
"2019-04-23 13:41:21",16
"2019-04-23 14:41:20",16
"2019-04-23 15:41:24",16
"2019-04-23 16:41:22",16
"2019-04-23 17:41:21",16
"2019-04-23 18:41:20",16
"2019-04-23 19:41:22",16
"2019-04-23 20:41:28",16
"2019-04-23 21:41:24",16
"2019-04-23 22:41:21",16
"2019-04-23 23:41:22",16
"2019-04-24 00:41:20",16
"2019-04-24 01:41:22",16
"2019-04-24 02:41:26",16
"2019-04-24 03:41:23",16
"2019-04-24 04:41:21",16
"2019-04-24 05:41:20",16
"2019-04-24 06:41:23",16
"2019-04-24 07:41:25",16
"2019-04-24 08:41:20",16
"2019-04-24 09:41:23",16
"2019-04-24 10:41:25",16
"2019-04-24 11:41:26",16
"2019-04-24 12:41:21",16
"2019-04-24 13:41:32",16
"2019-04-24 14:41:24",16
"2019-04-24 15:41:22",16
"2019-04-24 16:41:22",16
"2019-04-24 17:41:24",16
"2019-04-24 18:41:31",16
"2019-04-24 19:41:22",16
"2019-04-24 20:41:24",16
"2019-04-24 21:41:22",16
"2019-04-24 22:41:21",16
"2019-04-24 23:41:29",16
"2019-04-25 00:41:24",16
"2019-04-25 01:41:23",16
"2019-04-25 02:41:23",16
"2019-04-25 03:41:28",16
"2019-04-25 04:41:23",16
"2019-04-25 05:41:22",16
"2019-04-25 06:41:25",16
"2019-04-25 07:41:20",16
"2019-04-25 08:41:27",16
"2019-04-25 09:41:22",16
"2019-04-25 10:41:26",16
"2019-04-25 11:41:24",16
"2019-04-25 13:05:56",16
"2019-04-25 13:41:23",16
"2019-04-25 14:41:26",16
"2019-04-25 15:41:21",16
"2019-04-25 16:41:25",16
"2019-04-25 17:41:20",16
"2019-04-25 18:41:21",17
"2019-04-25 19:41:24",17
"2019-04-25 20:41:21",17
"2019-04-25 21:41:27",17
"2019-04-25 22:41:22",17
"2019-04-25 23:41:21",17
"2019-04-26 00:41:23",17
"2019-04-26 01:41:25",17
"2019-04-26 02:41:22",17
"2019-04-26 03:41:23",17
"2019-04-26 04:41:23",17
"2019-04-26 05:41:23",17
"2019-04-26 06:41:24",17
"2019-04-26 07:41:21",17
"2019-04-26 08:41:26",17
"2019-04-26 09:41:20",17
"2019-04-26 10:41:27",17
"2019-04-26 11:41:20",17
"2019-04-26 12:41:22",17
"2019-04-26 13:41:25",17
"2019-04-26 14:41:21",17
"2019-04-26 15:41:26",17
"2019-04-26 16:41:20",17
"2019-04-26 17:41:22",17
"2019-04-26 18:41:22",17
"2019-04-26 19:41:20",17
"2019-04-26 20:41:25",17
"2019-04-26 21:41:21",17
"2019-04-26 22:41:21",17
"2019-04-26 23:41:21",17
"2019-04-27 00:41:21",17
"2019-04-27 01:41:24",17
"2019-04-27 02:41:20",17
"2019-04-27 03:41:21",17
"2019-04-27 04:41:20",17
"2019-04-27 05:41:22",17
"2019-04-27 06:41:24",17
"2019-04-27 07:41:20",17
"2019-04-27 08:41:20",17
"2019-04-27 09:41:23",17
"2019-04-27 10:41:22",17
"2019-04-27 11:41:19",17
"2019-04-27 12:41:20",17
"2019-04-27 13:41:22",17
"2019-04-27 14:41:20",17
"2019-04-27 15:41:19",17
"2019-04-27 16:41:21",17
"2019-04-27 17:41:28",17
"2019-04-27 18:41:21",17
"2019-04-27 19:41:19",17
"2019-04-27 20:41:21",17
"2019-04-27 21:41:22",17
"2019-04-27 22:41:20",17
"2019-04-27 23:41:19",17
"2019-04-28 00:41:20",17
"2019-04-28 01:41:21",17
"2019-04-28 02:41:21",17
"2019-04-28 03:41:19",17
"2019-04-28 04:41:26",17
"2019-04-28 05:41:21",17
"2019-04-28 06:41:20",17
"2019-04-28 07:41:19",17
"2019-04-28 08:41:24",17
"2019-04-28 09:41:20",17
"2019-04-28 10:41:24",17
"2019-04-28 11:41:21",17
"2019-04-28 12:41:20",17
"2019-04-28 13:41:19",17
"2019-04-28 14:41:23",17
"2019-04-28 15:41:21",17
"2019-04-28 16:41:19",17
"2019-04-28 17:41:21",17
"2019-04-28 18:41:21",17
"2019-04-28 19:41:25",17
"2019-04-28 20:41:20",17
"2019-04-28 21:41:21",17
"2019-04-28 22:41:20",17
"2019-04-28 23:41:22",17
"2019-04-29 00:41:23",17
"2019-04-29 01:41:19",17
"2019-04-29 02:41:19",17
"2019-04-29 03:41:22",17
"2019-04-29 04:41:24",17
"2019-04-29 05:41:20",17
"2019-04-29 06:41:20",17
"2019-04-29 07:41:21",17
"2019-04-29 08:41:25",17
"2019-04-29 09:41:23",17
"2019-04-29 10:41:20",17
"2019-04-29 11:41:20",17
"2019-04-29 12:41:26",17
"2019-04-29 13:41:20",17
"2019-04-29 14:41:24",18
"2019-04-29 15:41:20",18
"2019-04-29 16:41:24",18
"2019-04-29 17:41:23",18
"2019-04-29 18:41:23",18
"2019-04-29 19:41:23",18
"2019-04-29 20:41:28",18
"2019-04-29 21:41:21",18
"2019-04-29 22:41:21",18
"2019-04-29 23:41:23",18
"2019-04-30 00:41:21",18
"2019-04-30 01:41:22",18
"2019-04-30 02:41:25",18
"2019-04-30 03:41:26",18
"2019-04-30 04:41:22",18
"2019-04-30 05:41:22",18
"2019-04-30 06:41:20",18
"2019-04-30 07:41:22",18
"2019-04-30 08:41:22",18
"2019-04-30 09:41:26",18
"2019-04-30 10:41:21",18
"2019-04-30 11:41:23",18
"2019-04-30 13:05:26",18
"2019-04-30 13:41:25",18
"2019-04-30 14:41:23",18
"2019-04-30 15:41:26",18
"2019-04-30 16:41:25",18
"2019-04-30 17:41:29",18
"2019-04-30 18:41:23",18
"2019-04-30 19:41:26",18
"2019-04-30 20:41:23",18
"2019-04-30 21:41:23",18
"2019-04-30 22:41:20",18
"2019-04-30 23:41:26",18
"2019-05-01 00:41:19",18
"2019-05-01 01:41:29",18
"2019-05-01 02:41:24",18
"2019-05-01 03:41:28",18
"2019-05-01 04:41:27",18
"2019-05-01 05:41:24",18
"2019-05-01 06:41:21",18
"2019-05-01 07:41:25",18
"2019-05-01 08:41:25",18
"2019-05-01 09:41:26",18
"2019-05-01 10:41:22",18
"2019-05-01 11:41:22",18
"2019-05-01 13:05:26",18
"2019-05-01 13:41:26",18
"2019-05-01 14:41:20",18
"2019-05-01 15:41:26",18
"2019-05-01 16:41:24",18
"2019-05-01 17:41:21",18
"2019-05-01 18:41:25",18
"2019-05-01 19:41:29",18
"2019-05-01 20:41:26",18
"2019-05-01 21:41:23",18
"2019-05-01 22:41:25",18
"2019-05-01 23:41:26",18
"2019-05-02 00:41:26",18
"2019-05-02 01:41:23",18
"2019-05-02 02:41:27",18
"2019-05-02 03:41:23",18
"2019-05-02 04:41:27",18
"2019-05-02 05:41:30",18
"2019-05-02 06:41:28",18
"2019-05-02 07:41:25",18
"2019-05-02 08:41:24",18
"2019-05-02 09:41:23",18
"2019-05-02 10:41:26",18
"2019-05-02 11:41:22",18
"2019-05-02 13:41:29",18
"2019-05-02 14:41:22",18
"2019-05-02 15:41:23",18
"2019-05-02 16:41:27",18
"2019-05-02 17:41:22",18
"2019-05-02 18:41:23",18
"2019-05-02 19:41:28",18
"2019-05-02 20:41:23",18
"2019-05-02 21:41:24",18
"2019-05-02 22:41:29",18
"2019-05-02 23:41:22",18
"2019-05-03 00:41:23",18
"2019-05-03 01:41:29",18
"2019-05-03 02:41:24",18
"2019-05-03 03:41:29",18
"2019-05-03 04:41:23",18
"2019-05-03 05:41:36",18
"2019-05-03 06:41:26",18
"2019-05-03 07:41:26",18
"2019-05-03 08:41:25",18
"2019-05-03 09:41:26",18
"2019-05-03 10:41:29",18
"2019-05-03 11:41:25",18
"2019-05-03 13:04:31",18
"2019-05-03 13:41:33",18
"2019-05-03 14:41:28",18
"2019-05-03 15:41:26",18
"2019-05-03 16:41:27",18
"2019-05-03 17:41:28",18
"2019-05-03 18:41:31",18
"2019-05-03 19:41:30",18
"2019-05-03 20:41:23",18
"2019-05-03 21:41:32",18
"2019-05-03 22:41:24",18
"2019-05-03 23:41:29",18
"2019-05-04 00:41:27",18
"2019-05-04 01:41:26",18
"2019-05-04 02:41:28",18
"2019-05-04 03:41:32",18
"2019-05-04 04:41:26",18
"2019-05-04 05:41:27",18
"2019-05-04 06:41:29",18
"2019-05-04 07:41:28",18
"2019-05-04 08:41:23",18
"2019-05-04 09:41:27",18
"2019-05-04 10:41:22",18
"2019-05-04 11:41:26",18
"2019-05-04 12:41:29",18
"2019-05-04 13:41:28",18
"2019-05-04 14:41:23",18
"2019-05-04 15:41:24",18
"2019-05-04 16:41:27",18
"2019-05-04 17:41:24",18
"2019-05-04 18:41:23",18
"2019-05-04 19:41:26",18
"2019-05-04 20:41:22",18
"2019-05-04 21:41:24",18
"2019-05-04 22:41:23",18
"2019-05-04 23:41:29",18
"2019-05-05 00:41:25",18
"2019-05-05 01:41:28",18
"2019-05-05 02:41:24",18
"2019-05-05 03:41:25",18
"2019-05-05 04:41:28",18
"2019-05-05 05:41:28",18
"2019-05-05 06:41:29",18
"2019-05-05 07:41:26",18
"2019-05-05 08:41:23",18
"2019-05-05 09:41:23",18
"2019-05-05 10:41:26",18
"2019-05-05 11:41:26",18
"2019-05-05 12:41:26",18
"2019-05-05 13:41:25",18
"2019-05-05 14:41:27",18
"2019-05-05 15:41:24",18
"2019-05-05 16:41:23",18
"2019-05-05 17:41:29",18
"2019-05-05 18:41:24",18
"2019-05-05 19:41:22",18
"2019-05-05 20:41:25",18
"2019-05-05 21:41:22",18
"2019-05-05 22:41:26",18
"2019-05-05 23:41:27",18
"2019-05-06 00:41:24",18
"2019-05-06 01:41:23",18
"2019-05-06 02:41:24",18
"2019-05-06 03:41:27",18
"2019-05-06 04:41:22",18
"2019-05-06 05:41:22",18
"2019-05-06 06:41:22",18
"2019-05-06 07:41:27",18
"2019-05-06 08:41:24",18
"2019-05-06 09:41:21",18
"2019-05-06 10:41:26",18
"2019-05-06 11:41:26",18
"2019-05-06 13:06:33",18
"2019-05-06 13:41:31",18
"2019-05-06 14:41:31",18
"2019-05-06 15:41:23",18
"2019-05-06 16:41:26",18
"2019-05-06 17:33:16",18
"2019-05-06 17:41:24",18
"2019-05-06 18:41:25",19
"2019-05-06 19:41:27",19
"2019-05-06 20:41:22",19
"2019-05-06 21:41:23",19
"2019-05-06 22:41:25",19
"2019-05-06 23:41:22",19
"2019-05-07 00:41:24",19
"2019-05-07 01:41:30",19
"2019-05-07 02:41:24",19
"2019-05-07 03:41:27",19
"2019-05-07 04:41:25",19
"2019-05-07 05:41:24",19
"2019-05-07 06:41:23",19
"2019-05-07 07:41:24",19
"2019-05-07 08:41:22",19
"2019-05-07 09:41:26",19
"2019-05-07 10:41:24",19
"2019-05-07 11:41:22",19
"2019-05-07 12:41:29",19
"2019-05-07 13:41:26",19
"2019-05-07 14:41:22",19
"2019-05-07 15:41:22",19
"2019-05-07 16:41:24",20
"2019-05-07 17:41:26",20
"2019-05-07 18:41:24",20
"2019-05-07 19:41:28",20
"2019-05-07 20:41:25",20
"2019-05-07 21:41:23",20
"2019-05-07 22:41:23",20
"2019-05-07 23:41:27",20
"2019-05-08 00:41:22",20
"2019-05-08 01:41:24",20
"2019-05-08 02:41:24",20
"2019-05-08 03:41:28",20
"2019-05-08 04:41:25",20
"2019-05-08 05:41:25",20
"2019-05-08 06:41:25",20
"2019-05-08 07:41:23",20
"2019-05-08 08:41:22",20
"2019-05-08 09:41:28",20
"2019-05-08 10:41:23",20
"2019-05-08 11:41:26",20
"2019-05-08 13:05:28",20
"2019-05-08 13:41:24",20
"2019-05-08 14:41:26",20
"2019-05-08 15:41:27",20
"2019-05-08 16:41:25",20
"2019-05-08 17:41:26",20
"2019-05-08 18:41:29",20
"2019-05-08 19:41:25",20
"2019-05-08 20:41:22",20
"2019-05-08 21:41:25",20
"2019-05-08 22:41:22",20
"2019-05-08 23:41:31",20
"2019-05-09 00:41:24",20
"2019-05-09 01:41:26",20
"2019-05-09 02:41:26",20
"2019-05-09 03:41:30",20
"2019-05-09 04:41:29",20
"2019-05-09 05:41:25",20
"2019-05-09 06:41:27",20
"2019-05-09 07:41:27",20
"2019-05-09 08:41:26",20
"2019-05-09 09:41:30",20
"2019-05-09 10:41:24",20
"2019-05-09 11:41:28",20
"2019-05-09 13:04:57",20
"2019-05-09 13:41:25",20
"2019-05-09 14:41:23",20
"2019-05-09 15:41:29",20
"2019-05-09 16:41:24",20
"2019-05-09 17:41:29",20
"2019-05-09 18:41:25",20
"2019-05-09 19:41:25",20
"2019-05-09 20:41:25",20
"2019-05-09 21:41:23",20
"2019-05-09 22:41:29",20
"2019-05-09 23:41:23",20
"2019-05-10 00:41:23",20
"2019-05-10 01:41:27",20
"2019-05-10 02:41:29",20
"2019-05-10 03:41:23",20
"2019-05-10 04:41:30",20
"2019-05-10 05:41:23",20
"2019-05-10 06:41:24",20
"2019-05-10 07:41:22",20
"2019-05-10 08:41:27",20
"2019-05-10 09:41:24",20
"2019-05-10 10:41:25",20
"2019-05-10 11:41:24",20
"2019-05-10 12:41:31",20
"2019-05-10 13:41:25",20
"2019-05-10 14:41:28",20
"2019-05-10 15:41:25",20
"2019-05-10 16:41:25",20
"2019-05-10 17:41:25",20
"2019-05-10 18:41:30",20
"2019-05-10 19:41:25",20
"2019-05-10 20:41:24",20
"2019-05-10 21:41:24",20
"2019-05-10 22:41:27",20
"2019-05-10 23:41:26",20
"2019-05-11 00:41:31",20
"2019-05-11 01:41:24",20
"2019-05-11 02:41:30",20
"2019-05-11 03:41:24",20
"2019-05-11 04:41:25",20
"2019-05-11 05:41:34",20
"2019-05-11 06:41:24",20
"2019-05-11 07:41:24",20
"2019-05-11 08:41:29",20
"2019-05-11 09:41:24",20
"2019-05-11 10:41:30",20
"2019-05-11 11:41:25",20
"2019-05-11 12:41:24",20
"2019-05-11 13:41:27",20
"2019-05-11 14:41:24",20
"2019-05-11 15:41:26",20
"2019-05-11 16:41:32",20
"2019-05-11 17:41:26",20
"2019-05-11 18:41:26",20
"2019-05-11 19:41:26",20
"2019-05-11 20:41:24",20
"2019-05-11 21:41:25",20
"2019-05-11 22:41:27",20
"2019-05-11 23:41:26",20
"2019-05-12 00:41:24",20
"2019-05-12 01:41:25",20
"2019-05-12 02:41:25",20
"2019-05-12 03:41:29",20
"2019-05-12 04:41:24",20
"2019-05-12 05:41:26",20
"2019-05-12 06:41:25",20
"2019-05-12 07:41:29",20
"2019-05-12 08:41:24",20
"2019-05-12 09:41:28",20
"2019-05-12 10:41:24",20
"2019-05-12 11:41:24",20
"2019-05-12 12:41:24",20
"2019-05-12 13:41:29",20
"2019-05-12 14:41:24",20
"2019-05-12 15:41:26",20
"2019-05-12 16:41:27",20
"2019-05-12 17:41:30",20
"2019-05-12 18:41:24",20
"2019-05-12 19:41:24",20
"2019-05-12 20:41:24",20
"2019-05-12 21:41:22",20
"2019-05-12 22:41:30",20
"2019-05-12 23:41:24",20
"2019-05-13 00:41:26",20
"2019-05-13 01:41:24",20
"2019-05-13 02:41:24",20
"2019-05-13 03:41:28",20
"2019-05-13 04:41:23",20
"2019-05-13 05:41:22",20
"2019-05-13 06:41:27",20
"2019-05-13 07:41:22",20
"2019-05-13 08:41:23",20
"2019-05-13 09:41:25",20
"2019-05-13 10:41:28",20
"2019-05-13 11:41:24",20
"2019-05-13 13:04:58",20
"2019-05-13 13:41:24",20
"2019-05-13 14:41:24",18
"2019-05-13 15:41:29",18
"2019-05-13 16:41:24",18
"2019-05-13 17:41:25",18
"2019-05-13 18:41:26",18
"2019-05-13 19:41:27",18
"2019-05-13 20:41:24",18
"2019-05-13 21:41:26",18
"2019-05-13 22:41:24",18
"2019-05-13 23:41:24",18
"2019-05-14 00:41:39",18
"2019-05-14 01:41:23",18
"2019-05-14 02:41:25",18
"2019-05-14 03:41:30",18
"2019-05-14 04:41:25",18
"2019-05-14 05:41:23",18
"2019-05-14 06:41:28",18
"2019-05-14 07:41:27",18
"2019-05-14 08:41:26",18
"2019-05-14 09:41:29",18
"2019-05-14 10:41:25",18
"2019-05-14 11:41:25",18
"2019-05-14 13:04:30",18
"2019-05-14 13:41:27",18
"2019-05-14 14:41:24",18
"2019-05-14 15:41:27",18
"2019-05-14 16:41:25",18
"2019-05-14 17:41:23",18
"2019-05-14 18:41:26",17
"2019-05-14 19:41:23",18
"2019-05-14 20:41:24",18
"2019-05-14 21:41:23",18
"2019-05-14 22:41:27",18
"2019-05-14 23:41:25",18
"2019-05-15 00:41:25",18
"2019-05-15 01:41:24",18
"2019-05-15 02:41:23",18
"2019-05-15 03:41:26",18
"2019-05-15 04:41:25",18
"2019-05-15 05:41:26",18
"2019-05-15 06:41:28",18
"2019-05-15 07:41:25",18
"2019-05-15 08:41:26",18
"2019-05-15 09:41:29",18
"2019-05-15 10:41:31",18
"2019-05-15 11:41:24",18
"2019-05-15 13:05:30",18
"2019-05-15 13:41:26",18
"2019-05-15 14:41:25",17
"2019-05-15 15:41:24",17
"2019-05-15 16:41:28",17
"2019-05-15 17:41:25",18
"2019-05-15 18:41:28",18
"2019-05-15 19:41:26",18
"2019-05-15 20:41:26",18
"2019-05-15 21:41:28",18
"2019-05-15 22:41:26",18
"2019-05-15 23:41:26",18
"2019-05-16 00:41:25",18
"2019-05-16 01:41:29",18
"2019-05-16 02:41:29",18
"2019-05-16 03:41:25",18
"2019-05-16 04:41:26",18
"2019-05-16 05:41:29",18
"2019-05-16 06:41:27",18
"2019-05-16 07:41:29",18
"2019-05-16 08:41:27",18
"2019-05-16 09:41:29",18
"2019-05-16 10:41:36",18
"2019-05-16 11:41:26",18
"2019-05-16 13:04:29",18
"2019-05-16 13:41:37",18
"2019-05-16 14:41:27",18
"2019-05-16 15:41:26",18
"2019-05-16 16:41:30",18
"2019-05-16 17:41:27",18
"2019-05-16 18:41:29",18
"2019-05-16 19:41:30",18
"2019-05-16 20:41:26",19
"2019-05-16 21:41:28",19
"2019-05-16 22:41:29",19
"2019-05-16 23:41:27",19
"2019-05-17 00:41:34",19
"2019-05-17 01:41:29",19
"2019-05-17 02:41:26",19
"2019-05-17 03:41:26",19
"2019-05-17 04:41:26",19
"2019-05-17 05:41:28",19
"2019-05-17 06:41:33",19
"2019-05-17 07:41:28",19
"2019-05-17 08:41:33",19
"2019-05-17 09:41:31",19
"2019-05-17 10:41:26",19
"2019-05-17 11:41:30",19
"2019-05-17 13:06:01",19
"2019-05-17 13:41:34",19
"2019-05-17 14:41:28",19
"2019-05-17 15:41:26",19
"2019-05-17 16:41:29",19
"2019-05-17 17:41:27",19
"2019-05-17 18:41:26",19
"2019-05-17 19:41:30",19
"2019-05-17 20:41:26",19
"2019-05-17 21:41:27",19
"2019-05-17 22:41:26",19
"2019-05-17 23:41:27",19
"2019-05-18 00:41:27",19
"2019-05-18 01:41:29",19
"2019-05-18 02:41:28",19
"2019-05-18 04:41:24",19
"2019-05-18 05:41:22",19
"2019-05-18 06:41:25",19
"2019-05-18 07:41:22",19
"2019-05-18 08:41:22",19
"2019-05-18 09:41:22",19
"2019-05-18 10:41:21",19
"2019-05-18 11:41:24",19
"2019-05-18 12:41:22",19
"2019-05-18 13:41:23",19
"2019-05-18 14:41:23",19
"2019-05-18 15:41:25",19
"2019-05-18 16:41:22",19
"2019-05-18 17:41:24",19
"2019-05-18 18:41:21",19
"2019-05-18 19:41:22",19
"2019-05-18 20:41:22",19
"2019-05-18 21:41:23",19
"2019-05-18 22:41:22",19
"2019-05-18 23:41:22",19
"2019-05-19 00:41:21",19
"2019-05-19 01:41:21",19
"2019-05-19 02:41:22",19
"2019-05-19 03:41:21",19
"2019-05-19 04:41:24",19
"2019-05-19 05:41:22",19
"2019-05-19 06:41:22",19
"2019-05-19 07:41:22",19
"2019-05-19 08:41:21",19
"2019-05-19 09:41:22",19
"2019-05-19 10:41:22",19
"2019-05-19 11:41:22",19
"2019-05-19 12:41:23",19
"2019-05-19 13:41:23",19
"2019-05-19 14:41:22",19
"2019-05-19 15:41:22",19
"2019-05-19 16:41:23",19
"2019-05-19 17:41:22",19
"2019-05-19 18:41:22",19
"2019-05-19 19:41:22",19
"2019-05-19 20:41:22",19
"2019-05-19 21:41:23",19
"2019-05-19 22:41:22",19
"2019-05-19 23:41:23",19
"2019-05-20 00:41:23",19
"2019-05-20 01:41:23",19
"2019-05-20 02:41:24",19
"2019-05-20 03:41:23",19
"2019-05-20 04:41:24",19
"2019-05-20 05:41:24",19
"2019-05-20 06:41:23",19
"2019-05-20 07:41:23",19
"2019-05-20 08:41:23",19
"2019-05-20 09:41:23",19
"2019-05-20 10:41:23",19
"2019-05-20 11:41:23",19
"2019-05-20 12:41:25",19
"2019-05-20 13:41:24",19
"2019-05-20 14:41:23",19
"2019-05-20 15:41:21",19
"2019-05-20 16:41:24",18
"2019-05-20 17:41:23",18
"2019-05-20 18:41:21",18
"2019-05-20 19:41:23",18
"2019-05-20 20:41:22",18
"2019-05-20 21:41:22",18
"2019-05-20 22:41:22",18
"2019-05-20 23:41:26",18
"2019-05-21 00:41:22",18
"2019-05-21 01:41:23",18
"2019-05-21 02:41:23",18
"2019-05-21 03:41:23",18
"2019-05-21 04:41:23",18
"2019-05-21 05:41:22",18
"2019-05-21 06:41:21",18
"2019-05-21 07:41:23",18
"2019-05-21 08:41:22",18
"2019-05-21 09:41:21",18
"2019-05-21 10:41:22",18
"2019-05-21 11:41:22",18
"2019-05-21 13:05:25",18
"2019-05-21 13:41:22",18
"2019-05-21 14:41:23",18
"2019-05-21 15:41:21",18
"2019-05-21 16:41:21",18
"2019-05-21 17:41:21",18
"2019-05-21 18:41:22",18
"2019-05-21 19:41:22",19
"2019-05-21 20:41:22",19
"2019-05-21 21:41:22",19
"2019-05-21 22:41:25",19
"2019-05-21 23:41:22",19
"2019-05-22 00:41:22",19
"2019-05-22 01:41:22",19
"2019-05-22 02:41:21",19
"2019-05-22 03:41:22",19
"2019-05-22 04:41:23",19
"2019-05-22 05:41:23",19
"2019-05-22 06:41:22",19
"2019-05-22 07:41:22",19
"2019-05-22 08:41:25",19
"2019-05-22 09:41:26",19
"2019-05-22 10:41:22",19
"2019-05-22 11:41:22",19
"2019-05-22 12:41:22",19
"2019-05-22 13:41:23",19
"2019-05-22 14:41:22",19
"2019-05-22 15:41:25",19
"2019-05-22 16:41:22",19
"2019-05-22 17:41:21",19
"2019-05-22 18:41:22",19
"2019-05-22 19:41:21",19
"2019-05-22 20:41:21",19
"2019-05-22 21:41:23",19
"2019-05-22 22:41:22",19
"2019-05-22 23:41:21",19
"2019-05-23 00:41:22",19
"2019-05-23 01:41:22",19
"2019-05-23 02:41:23",19
"2019-05-23 03:41:22",19
"2019-05-23 04:41:25",19
"2019-05-23 05:41:22",19
"2019-05-23 06:41:22",19
"2019-05-23 07:41:23",19
"2019-05-23 08:41:23",19
"2019-05-23 09:41:22",19
"2019-05-23 10:41:23",19
"2019-05-23 11:41:22",19
"2019-05-23 12:41:24",19
"2019-05-23 13:41:23",19
"2019-05-23 14:41:23",18
"2019-05-23 15:41:23",18
"2019-05-23 16:41:23",18
"2019-05-23 17:41:23",18
"2019-05-23 18:41:23",18
"2019-05-23 19:41:24",18
"2019-05-23 20:41:23",18
"2019-05-23 21:41:23",18
"2019-05-23 22:41:23",18
"2019-05-23 23:41:23",18
"2019-05-24 00:41:24",18
"2019-05-24 01:41:23",18
"2019-05-24 02:41:22",18
"2019-05-24 03:41:23",18
"2019-05-24 04:41:23",18
"2019-05-24 05:41:25",18
"2019-05-24 06:41:23",18
"2019-05-24 07:41:22",18
"2019-05-24 08:41:23",18
"2019-05-24 09:41:24",18
"2019-05-24 10:41:24",18
"2019-05-24 11:41:23",18
"2019-05-24 13:05:27",18
"2019-05-24 13:41:23",18
"2019-05-24 14:41:24",18
"2019-05-24 15:41:23",18
"2019-05-24 16:41:23",18
"2019-05-24 17:41:24",18
"2019-05-24 18:41:25",18
"2019-05-24 19:41:24",18
"2019-05-24 20:41:24",18
"2019-05-24 21:41:25",18
"2019-05-24 22:41:24",18
"2019-05-24 23:41:26",18
"2019-05-25 00:41:24",18
"2019-05-25 01:41:23",18
"2019-05-25 04:41:24",18
"2019-05-26 04:41:25",18
"2019-05-26 05:41:24",18
"2019-05-26 06:41:24",18
"2019-05-26 07:41:25",18
"2019-05-26 08:41:23",18
"2019-05-26 09:41:22",18
"2019-05-26 10:41:23",18
"2019-05-26 11:41:24",18
"2019-05-26 12:41:22",18
"2019-05-26 13:41:23",18
"2019-05-26 14:41:24",18
"2019-05-26 15:41:22",18
"2019-05-26 16:41:23",18
"2019-05-26 17:41:25",18
"2019-05-26 18:41:23",18
"2019-05-26 19:41:23",18
"2019-05-26 20:41:23",18
"2019-05-26 21:41:23",18
"2019-05-26 22:41:23",18
"2019-05-26 23:41:23",18
"2019-05-27 00:41:23",18
"2019-05-27 01:41:24",18
"2019-05-27 02:41:23",18
"2019-05-27 03:41:24",18
"2019-05-27 04:41:24",18
"2019-05-27 05:41:23",18
"2019-05-27 06:41:23",18
"2019-05-27 07:41:27",18
"2019-05-27 08:41:27",18
"2019-05-27 09:41:25",18
"2019-05-27 10:41:24",18
"2019-05-27 11:41:23",18
"2019-05-27 12:41:23",18
"2019-05-27 13:41:23",18
"2019-05-27 14:41:24",18
"2019-05-27 15:41:23",18
"2019-05-27 16:41:23",18
"2019-05-27 17:41:25",18
"2019-05-27 18:41:24",18
"2019-05-27 19:41:22",18
"2019-05-27 20:41:22",18
"2019-05-27 21:41:23",18
"2019-05-27 22:41:22",18
"2019-05-27 23:41:23",18
"2019-05-28 00:41:23",18
"2019-05-28 01:41:24",18
"2019-05-28 02:41:24",18
"2019-05-28 03:41:23",18
"2019-05-28 04:41:23",18
"2019-05-28 05:41:23",18
"2019-05-28 06:41:27",18
"2019-05-28 07:41:24",18
"2019-05-28 08:41:24",18
"2019-05-28 09:41:25",18
"2019-05-28 10:41:23",18
"2019-05-28 11:41:22",18
"2019-05-28 12:41:23",18
"2019-05-28 13:41:25",18
"2019-05-28 14:41:24",18
"2019-05-28 15:41:24",18
"2019-05-28 16:41:24",19
"2019-05-28 17:41:26",19
"2019-05-28 18:41:24",19
"2019-05-28 19:41:24",18
"2019-05-28 20:41:24",18
"2019-05-28 21:41:24",18
"2019-05-28 22:41:23",18
"2019-05-28 23:41:24",18
"2019-05-29 00:41:25",18
"2019-05-29 01:41:24",18
"2019-05-29 02:41:24",18
"2019-05-29 03:41:23",18
"2019-05-29 04:41:24",18
"2019-05-29 05:41:26",18
"2019-05-29 06:41:25",18
"2019-05-29 07:41:26",18
"2019-05-29 08:41:24",18
"2019-05-29 09:41:27",18
"2019-05-29 10:41:24",18
"2019-05-29 11:41:23",18
"2019-05-29 13:04:28",18
"2019-05-29 13:41:26",18
"2019-05-29 14:41:26",18
"2019-05-29 15:41:24",18
"2019-05-29 16:41:25",18
"2019-05-29 17:41:25",18
"2019-05-29 18:41:25",18
"2019-05-29 19:41:26",18
"2019-05-29 20:41:24",18
"2019-05-29 21:41:24",18
"2019-05-29 22:41:24",18
"2019-05-29 23:41:25",18
"2019-05-30 00:41:24",18
"2019-05-30 01:41:24",18
"2019-05-30 02:41:25",18
"2019-05-30 03:41:24",18
"2019-05-30 04:41:24",18
"2019-05-30 05:41:26",18
"2019-05-30 06:41:24",18
"2019-05-30 07:41:24",18
"2019-05-30 08:41:27",18
"2019-05-30 09:41:25",18
"2019-05-30 10:41:24",18
"2019-05-30 11:41:24",18
"2019-05-30 12:41:27",18
"2019-05-30 13:41:23",18
"2019-05-30 14:41:26",18
"2019-05-30 15:41:25",18
"2019-05-30 16:41:23",18
"2019-05-30 17:41:24",18
"2019-05-30 18:41:25",18
"2019-05-30 19:41:24",18
"2019-05-30 20:41:23",18
"2019-05-30 21:41:24",18
"2019-05-30 22:41:25",18
"2019-05-30 23:41:24",18
"2019-05-31 00:41:23",18
"2019-05-31 01:41:24",18
"2019-05-31 02:41:23",18
"2019-05-31 03:41:23",18
"2019-05-31 04:41:23",18
"2019-05-31 05:41:24",18
"2019-05-31 06:41:25",18
"2019-05-31 07:41:23",18
"2019-05-31 08:41:24",18
"2019-05-31 09:41:25",18
"2019-05-31 10:41:24",18
"2019-05-31 11:41:24",18
"2019-05-31 12:42:09",18
"2019-05-31 13:41:24",18
"2019-05-31 14:41:24",18
"2019-05-31 15:41:25",18
"2019-05-31 16:41:24",18
"2019-05-31 17:41:27",18
"2019-05-31 18:41:24",18
"2019-05-31 19:41:23",18
"2019-05-31 20:41:24",18
"2019-05-31 21:41:24",18
"2019-05-31 22:41:23",18
"2019-05-31 23:41:24",18
"2019-06-01 00:41:23",18
"2019-06-01 01:41:23",18
"2019-06-01 02:41:24",18
"2019-06-01 03:41:24",18
"2019-06-01 04:41:23",18
"2019-06-01 05:41:24",18
"2019-06-01 06:41:27",18
"2019-06-01 07:41:23",18
"2019-06-01 08:41:24",18
"2019-06-01 09:41:24",18
"2019-06-01 10:41:24",18
"2019-06-01 11:41:24",18
"2019-06-01 12:41:24",18
"2019-06-01 13:41:23",18
"2019-06-01 14:41:25",18
"2019-06-01 15:41:25",18
"2019-06-01 16:41:24",18
"2019-06-01 17:41:24",18
"2019-06-01 18:41:24",18
"2019-06-01 19:41:25",18
"2019-06-01 20:41:23",18
"2019-06-01 21:41:25",18
"2019-06-01 22:41:24",18
"2019-06-01 23:41:24",18
"2019-06-02 00:41:25",18
"2019-06-02 01:41:27",18
"2019-06-02 02:41:25",18
"2019-06-02 03:41:24",18
"2019-06-02 04:41:24",18
"2019-06-02 05:41:27",18
"2019-06-02 06:41:24",18
"2019-06-02 07:41:24",18
"2019-06-02 08:41:24",18
"2019-06-02 09:41:24",18
"2019-06-02 10:41:24",18
"2019-06-02 11:41:24",18
"2019-06-02 12:41:27",18
"2019-06-02 13:41:25",18
"2019-06-02 14:41:25",18
"2019-06-02 15:41:22",18
"2019-06-02 16:41:23",18
"2019-06-02 17:41:25",18
"2019-06-02 18:41:24",18
"2019-06-02 19:41:24",18
"2019-06-02 20:41:24",18
"2019-06-02 21:41:24",18
"2019-06-02 22:41:24",18
"2019-06-02 23:41:23",18
"2019-06-03 00:41:24",18
"2019-06-03 01:41:26",18
"2019-06-03 02:41:24",18
"2019-06-03 03:41:24",18
"2019-06-03 04:41:23",18
"2019-06-03 05:41:24",18
"2019-06-03 06:41:24",18
"2019-06-03 07:41:24",18
"2019-06-03 08:41:25",18
"2019-06-03 09:41:24",18
"2019-06-03 10:41:25",18
"2019-06-03 11:41:26",18
"2019-06-03 12:41:24",18
"2019-06-03 13:41:26",18
"2019-06-03 14:41:25",18
"2019-06-03 15:41:24",18
"2019-06-03 16:41:24",18
"2019-06-03 17:41:23",18
"2019-06-03 18:41:26",18
"2019-06-03 19:41:25",17
"2019-06-03 20:41:23",17
"2019-06-03 21:41:25",17
"2019-06-03 22:41:24",17
"2019-06-03 23:41:27",17
"2019-06-04 00:41:24",17
"2019-06-04 01:41:24",17
"2019-06-04 02:41:24",17
"2019-06-04 03:41:24",17
"2019-06-04 04:41:25",17
"2019-06-04 05:41:24",17
"2019-06-04 06:41:24",17
"2019-06-04 07:41:23",17
"2019-06-04 08:41:26",17
"2019-06-04 09:41:23",17
"2019-06-04 10:41:25",17
"2019-06-04 11:41:24",17
"2019-06-04 13:03:58",17
"2019-06-04 13:41:25",17
"2019-06-04 14:41:28",17
"2019-06-04 15:41:26",17
"2019-06-04 16:41:26",17
"2019-06-04 17:41:26",17
"2019-06-04 18:41:26",17
"2019-06-04 19:41:25",17
"2019-06-04 20:41:25",17
"2019-06-04 21:41:24",17
"2019-06-04 22:41:25",17
"2019-06-04 23:41:27",17
"2019-06-05 00:41:24",17
"2019-06-05 01:41:26",17
"2019-06-05 02:41:27",17
"2019-06-05 03:41:26",17
"2019-06-05 04:41:28",17
"2019-06-05 05:41:25",17
"2019-06-05 06:41:26",17
"2019-06-05 07:41:26",17
"2019-06-05 08:41:28",17
"2019-06-05 09:41:25",17
"2019-06-05 10:41:25",17
"2019-06-05 11:41:28",17
"2019-06-05 13:05:28",17
"2019-06-05 13:41:24",17
"2019-06-05 14:41:25",18
"2019-06-05 15:41:25",18
"2019-06-05 16:41:25",18
"2019-06-05 17:41:26",18
"2019-06-05 18:41:26",18
"2019-06-05 19:41:27",18
"2019-06-05 20:41:25",18
"2019-06-05 21:41:25",18
"2019-06-05 22:41:25",18
"2019-06-05 23:41:25",18
"2019-06-06 00:41:25",18
"2019-06-06 01:41:24",18
"2019-06-06 02:41:25",18
"2019-06-06 03:41:25",18
"2019-06-06 04:41:29",18
"2019-06-06 05:41:25",18
"2019-06-06 06:41:27",18
"2019-06-06 07:41:25",18
"2019-06-06 08:41:28",18
"2019-06-06 09:41:26",18
"2019-06-06 10:41:30",18
"2019-06-06 11:41:25",18
"2019-06-06 13:05:28",18
"2019-06-06 13:41:25",18
"2019-06-06 14:41:26",18
"2019-06-06 15:41:27",18
"2019-06-06 16:41:26",18
"2019-06-06 17:41:27",18
"2019-06-06 18:41:27",18
"2019-06-06 19:41:27",18
"2019-06-06 20:41:24",18
"2019-06-06 21:41:25",18
"2019-06-06 22:41:25",18
"2019-06-06 23:41:24",18
"2019-06-07 00:41:27",18
"2019-06-07 01:41:26",18
"2019-06-07 02:41:26",18
"2019-06-07 03:41:26",18
"2019-06-07 04:41:28",18
"2019-06-07 05:41:25",18
"2019-06-07 06:41:26",18
"2019-06-07 07:41:26",18
"2019-06-07 08:41:26",18
"2019-06-07 09:41:27",18
"2019-06-07 10:41:26",18
"2019-06-07 11:41:26",18
"2019-06-07 13:05:31",18
"2019-06-07 13:41:27",18
"2019-06-07 14:41:26",18
"2019-06-07 15:41:26",18
"2019-06-07 16:41:26",19
"2019-06-07 17:41:26",19
"2019-06-07 18:41:25",19
"2019-06-07 19:41:25",19
"2019-06-07 20:41:26",19
"2019-06-07 21:41:26",19
"2019-06-07 22:41:25",19
"2019-06-07 23:41:27",19
"2019-06-08 00:41:25",19
"2019-06-08 01:41:28",19
"2019-06-08 02:41:27",19
"2019-06-08 03:41:28",19
"2019-06-08 04:41:26",19
"2019-06-08 05:41:30",19
"2019-06-08 06:41:28",19
"2019-06-08 07:41:27",19
"2019-06-08 08:41:26",19
"2019-06-08 09:41:27",19
"2019-06-08 10:41:25",19
"2019-06-08 11:41:27",19
"2019-06-08 12:41:26",19
"2019-06-08 13:41:25",19
"2019-06-08 14:41:24",19
"2019-06-08 15:41:27",19
"2019-06-08 16:41:26",19
"2019-06-08 17:41:26",19
"2019-06-08 18:41:26",19
"2019-06-08 19:41:25",19
"2019-06-08 20:41:26",19
"2019-06-08 21:41:25",19
"2019-06-08 22:41:25",19
"2019-06-08 23:41:27",19
"2019-06-09 00:41:25",19
"2019-06-09 01:41:26",19
"2019-06-09 02:41:31",19
"2019-06-09 03:41:30",19
"2019-06-09 04:41:25",19
"2019-06-09 05:41:28",19
"2019-06-09 06:41:25",19
"2019-06-09 07:41:27",19
"2019-06-09 08:41:25",19
"2019-06-09 09:41:27",19
"2019-06-09 10:41:25",19
"2019-06-09 11:41:26",19
"2019-06-09 12:41:27",19
"2019-06-09 13:41:25",19
"2019-06-09 14:41:24",19
"2019-06-09 15:41:27",19
"2019-06-09 16:41:25",19
"2019-06-09 17:41:27",19
"2019-06-09 18:41:25",19
"2019-06-09 19:41:25",19
"2019-06-09 20:41:25",19
"2019-06-09 21:41:25",19
"2019-06-09 22:41:28",19
"2019-06-09 23:41:26",19
"2019-06-10 00:41:26",19
"2019-06-10 01:41:28",19
"2019-06-10 02:41:26",19
"2019-06-10 03:41:27",19
"2019-06-10 04:41:27",19
"2019-06-10 05:41:27",19
"2019-06-10 06:41:25",19
"2019-06-10 07:41:28",19
"2019-06-10 08:41:26",19
"2019-06-10 09:41:25",19
"2019-06-10 10:41:29",19
"2019-06-10 11:41:27",19
"2019-06-10 12:41:31",19
"2019-06-10 13:41:28",19
"2019-06-10 14:41:26",19
"2019-06-10 15:41:27",19
"2019-06-10 16:41:29",19
"2019-06-10 17:41:27",19
"2019-06-10 18:41:28",18
"2019-06-10 19:41:29",18
"2019-06-10 20:41:27",18
"2019-06-10 21:41:26",18
"2019-06-10 22:41:26",18
"2019-06-10 23:41:27",18
"2019-06-11 00:41:28",18
"2019-06-11 01:41:30",18
"2019-06-11 02:41:28",18
"2019-06-11 03:41:27",18
"2019-06-11 04:41:27",18
"2019-06-11 05:41:27",18
"2019-06-11 06:41:27",18
"2019-06-11 07:41:27",18
"2019-06-11 08:41:26",18
"2019-06-11 09:41:28",18
"2019-06-11 10:41:27",18
"2019-06-11 11:41:27",18
"2019-06-11 13:05:02",18
"2019-06-11 13:41:30",18
"2019-06-11 14:41:28",19
"2019-06-11 15:41:28",19
"2019-06-11 16:41:30",19
"2019-06-11 17:41:28",19
"2019-06-11 18:41:30",19
"2019-06-11 19:41:28",19
"2019-06-11 20:41:29",19
"2019-06-11 21:41:28",19
"2019-06-11 22:41:28",19
"2019-06-11 23:41:28",19
"2019-06-12 00:41:30",19
"2019-06-12 01:41:28",19
"2019-06-12 02:41:29",19
"2019-06-12 03:41:34",19
"2019-06-12 04:41:30",19
"2019-06-12 05:41:30",19
"2019-06-12 06:41:30",19
"2019-06-12 07:41:30",19
"2019-06-12 08:41:29",19
"2019-06-12 09:41:33",19
"2019-06-12 10:41:30",19
"2019-06-12 11:41:30",19
"2019-06-12 13:04:34",19
"2019-06-12 13:41:29",19
"2019-06-12 14:41:29",19
"2019-06-12 15:41:30",19
"2019-06-12 16:41:29",19
"2019-06-12 17:41:28",19
"2019-06-12 18:41:29",19
"2019-06-12 19:41:29",19
"2019-06-12 20:41:29",19
"2019-06-12 21:41:29",19
"2019-06-12 22:41:28",19
"2019-06-12 23:41:28",19
"2019-06-13 00:41:29",19
"2019-06-13 01:41:29",19
"2019-06-13 02:41:29",19
"2019-06-13 03:41:29",19
"2019-06-13 04:41:30",19
"2019-06-13 05:41:30",19
"2019-06-13 06:41:28",19
"2019-06-13 07:41:28",19
"2019-06-13 08:41:28",19
"2019-06-13 09:41:28",19
"2019-06-13 10:41:31",19
"2019-06-13 11:41:27",19
"2019-06-13 13:05:31",19
"2019-06-13 13:41:31",19
"2019-06-13 14:41:29",19
"2019-06-13 15:41:31",19
"2019-06-13 16:41:29",19
"2019-06-13 17:41:27",19
"2019-06-13 18:41:29",19
"2019-06-13 19:41:29",19
"2019-06-13 20:41:26",19
"2019-06-13 21:41:28",19
"2019-06-13 22:41:27",19
"2019-06-13 23:41:29",19
"2019-06-14 00:41:29",19
"2019-06-14 01:41:29",19
"2019-06-14 02:41:29",19
"2019-06-14 03:41:28",19
"2019-06-14 04:41:29",19
"2019-06-14 05:41:29",19
"2019-06-14 06:41:34",19
"2019-06-14 07:41:29",19
"2019-06-14 08:41:29",19
"2019-06-14 09:41:28",19
"2019-06-14 10:41:29",19
"2019-06-14 11:41:30",19
"2019-06-14 12:41:30",19
"2019-06-14 13:41:28",19
"2019-06-14 14:41:30",19
"2019-06-14 15:41:31",19
"2019-06-14 16:41:31",19
"2019-06-14 17:41:29",19
"2019-06-14 18:41:29",19
"2019-06-14 19:41:29",19
"2019-06-14 20:41:28",19
"2019-06-14 21:41:30",19
"2019-06-14 22:41:28",19
"2019-06-14 23:41:29",19
"2019-06-15 00:41:29",19
"2019-06-15 01:41:31",19
"2019-06-15 02:41:29",19
"2019-06-15 03:41:29",19
"2019-06-15 04:41:30",19
"2019-06-15 05:41:30",19
"2019-06-15 06:41:28",19
"2019-06-15 07:41:28",19
"2019-06-15 08:41:29",19
"2019-06-15 09:41:30",19
"2019-06-15 10:41:29",19
"2019-06-15 11:41:28",19
"2019-06-15 12:41:31",19
"2019-06-15 13:41:30",19
"2019-06-15 14:41:29",19
"2019-06-15 15:41:29",19
"2019-06-15 16:41:29",19
"2019-06-15 17:41:28",19
"2019-06-15 18:41:29",19
"2019-06-15 19:41:28",19
"2019-06-15 20:41:29",19
"2019-06-15 21:41:32",19
"2019-06-15 22:41:32",19
"2019-06-15 23:41:29",19
"2019-06-16 00:41:28",19
"2019-06-16 01:41:29",19
"2019-06-16 02:41:31",19
"2019-06-16 03:41:29",19
"2019-06-16 04:41:31",19
"2019-06-16 05:41:30",19
"2019-06-16 06:41:31",19
"2019-06-16 07:41:31",19
"2019-06-16 08:41:30",19
"2019-06-16 09:41:28",19
"2019-06-16 10:41:28",19
"2019-06-16 11:41:28",19
"2019-06-16 12:41:29",19
"2019-06-16 13:41:28",19
"2019-06-16 14:41:29",19
"2019-06-16 15:41:29",19
"2019-06-16 16:41:30",19
"2019-06-16 17:41:30",19
"2019-06-16 18:41:31",19
"2019-06-16 19:41:29",19
"2019-06-16 20:41:29",19
"2019-06-16 21:41:30",19
"2019-06-16 22:41:28",19
"2019-06-16 23:41:29",19
"2019-06-17 00:41:29",19
"2019-06-17 01:41:29",19
"2019-06-17 02:41:31",19
"2019-06-17 03:41:31",19
"2019-06-17 04:41:30",19
"2019-06-17 05:41:29",19
"2019-06-17 06:41:30",19
"2019-06-17 07:41:28",19
"2019-06-17 08:41:29",19
"2019-06-17 09:41:28",19
"2019-06-17 10:41:30",19
"2019-06-17 11:41:30",19
"2019-06-17 13:06:02",19
"2019-06-17 13:41:28",19
"2019-06-17 14:41:29",18
"2019-06-17 15:41:30",18
"2019-06-17 16:41:37",18
"2019-06-17 17:41:31",18
"2019-06-17 18:41:32",18
"2019-06-17 19:41:29",18
"2019-06-17 20:41:30",18
"2019-06-17 21:41:28",18
"2019-06-17 22:41:31",18
"2019-06-17 23:41:28",18
"2019-06-18 00:41:28",18
"2019-06-18 01:41:28",18
"2019-06-18 02:41:35",18
"2019-06-18 03:41:31",18
"2019-06-18 04:41:30",18
"2019-06-18 05:41:31",18
"2019-06-18 06:41:29",18
"2019-06-18 07:41:31",18
"2019-06-18 08:41:34",18
"2019-06-18 09:41:28",18
"2019-06-18 10:41:28",18
"2019-06-18 11:41:28",18
"2019-06-18 13:04:02",18
"2019-06-18 13:41:29",18
"2019-06-18 14:41:29",18
"2019-06-18 15:41:29",18
"2019-06-18 16:41:29",18
"2019-06-18 17:41:28",18
"2019-06-18 18:41:31",18
"2019-06-18 19:41:31",18
"2019-06-18 20:41:28",18
"2019-06-18 21:41:28",18
"2019-06-18 22:41:29",18
"2019-06-18 23:41:30",18
"2019-06-19 00:41:29",18
"2019-06-19 01:41:30",18
"2019-06-19 02:41:30",18
"2019-06-19 03:41:30",18
"2019-06-19 04:41:28",18
"2019-06-19 05:41:35",18
"2019-06-19 06:41:40",18
"2019-06-19 07:41:31",18
"2019-06-19 08:41:31",18
"2019-06-19 09:41:29",18
"2019-06-19 10:41:30",18
"2019-06-19 11:41:29",18
"2019-06-19 13:04:03",18
"2019-06-19 13:41:29",18
"2019-06-19 14:41:29",18
"2019-06-19 15:41:30",18
"2019-06-19 16:41:38",18
"2019-06-19 17:41:30",18
"2019-06-19 18:41:28",18
"2019-06-19 19:41:30",18
"2019-06-19 20:41:30",18
"2019-06-19 21:41:29",18
"2019-06-19 22:41:28",18
"2019-06-19 23:41:29",18
"2019-06-20 00:41:29",18
"2019-06-20 01:41:28",18
"2019-06-20 02:41:28",18
"2019-06-20 03:41:29",18
"2019-06-20 04:41:31",18
"2019-06-20 05:41:28",18
"2019-06-20 06:41:29",18
"2019-06-20 07:41:29",18
"2019-06-20 08:41:29",18
"2019-06-20 09:41:30",18
"2019-06-20 10:41:29",18
"2019-06-20 11:41:28",18
"2019-06-20 13:05:43",18
"2019-06-20 13:41:32",18
"2019-06-20 14:41:31",19
"2019-06-20 15:41:31",19
"2019-06-20 16:41:31",19
"2019-06-20 17:41:32",18
"2019-06-20 18:41:29",18
"2019-06-20 19:41:29",18
"2019-06-20 20:41:35",18
"2019-06-20 21:41:30",18
"2019-06-20 22:41:30",18
"2019-06-20 23:41:32",18
"2019-06-21 00:41:31",18
"2019-06-21 01:41:31",18
"2019-06-21 02:41:31",18
"2019-06-21 03:41:31",18
"2019-06-21 04:41:31",18
"2019-06-21 05:41:32",18
"2019-06-21 06:41:31",18
"2019-06-21 07:41:33",18
"2019-06-21 08:41:30",18
"2019-06-21 09:41:30",18
"2019-06-21 10:41:30",18
"2019-06-21 11:41:29",18
"2019-06-21 12:41:31",18
"2019-06-21 13:41:32",18
"2019-06-21 14:41:30",18
"2019-06-21 15:41:30",18
"2019-06-21 16:41:31",18
"2019-06-21 17:41:30",18
"2019-06-21 18:41:31",18
"2019-06-21 19:41:29",18
"2019-06-21 20:41:29",18
"2019-06-21 21:41:31",18
"2019-06-21 22:41:30",18
"2019-06-21 23:41:29",18
"2019-06-22 00:41:31",18
"2019-06-22 01:41:33",18
"2019-06-22 02:41:32",18
"2019-06-22 03:41:29",18
"2019-06-22 04:41:29",18
"2019-06-22 05:41:32",18
"2019-06-22 06:41:32",18
"2019-06-22 07:41:31",18
"2019-06-22 08:41:31",18
"2019-06-22 09:41:32",18
"2019-06-22 10:41:32",18
"2019-06-22 11:41:29",18
"2019-06-22 12:41:35",18
"2019-06-22 13:41:31",18
"2019-06-22 14:41:33",18
"2019-06-22 15:41:41",18
"2019-06-22 16:41:37",18
"2019-06-22 17:41:30",18
"2019-06-22 18:41:35",18
"2019-06-22 19:41:31",18
"2019-06-22 20:41:31",18
"2019-06-22 21:41:30",18
"2019-06-22 22:41:35",18
"2019-06-22 23:41:32",18
"2019-06-23 00:41:42",18
"2019-06-23 01:41:32",18
"2019-06-23 02:41:34",18
"2019-06-23 03:41:32",18
"2019-06-23 04:41:30",18
"2019-06-23 05:41:35",18
"2019-06-23 06:41:31",18
"2019-06-23 07:41:30",18
"2019-06-23 08:41:30",18
"2019-06-23 09:41:31",18
"2019-06-23 10:41:31",18
"2019-06-23 11:41:31",18
"2019-06-23 12:41:29",18
"2019-06-23 13:41:31",18
"2019-06-23 14:41:29",18
"2019-06-23 15:41:30",18
"2019-06-23 16:41:31",18
"2019-06-23 17:41:31",18
"2019-06-23 18:41:29",18
"2019-06-23 19:41:29",18
"2019-06-23 20:41:32",18
"2019-06-23 21:41:30",18
"2019-06-23 22:41:31",18
"2019-06-23 23:41:30",18
"2019-06-24 00:41:32",18
"2019-06-24 01:41:30",18
"2019-06-24 02:41:30",18
"2019-06-24 03:41:33",18
"2019-06-24 04:41:31",18
"2019-06-24 05:41:33",18
"2019-06-24 06:41:33",18
"2019-06-24 07:41:30",18
"2019-06-24 08:41:30",18
"2019-06-24 09:41:33",18
"2019-06-24 10:41:29",18
"2019-06-24 11:41:34",18
"2019-06-24 12:41:33",18
"2019-06-24 13:41:30",18
"2019-06-24 14:41:32",18
"2019-06-24 15:41:31",18
"2019-06-24 16:41:35",18
"2019-06-24 17:41:32",18
"2019-06-24 18:41:32",17
"2019-06-24 19:41:32",17
"2019-06-24 20:41:31",17
"2019-06-24 21:41:32",17
"2019-06-24 22:41:30",17
"2019-06-24 23:41:31",17
"2019-06-25 00:41:30",17
"2019-06-25 01:41:31",17
"2019-06-25 02:41:32",17
"2019-06-25 03:41:31",17
"2019-06-25 04:41:30",17
"2019-06-25 05:41:31",17
"2019-06-25 06:41:33",17
"2019-06-25 07:41:31",17
"2019-06-25 08:41:30",17
"2019-06-25 09:41:34",17
"2019-06-25 10:41:30",17
"2019-06-25 11:41:29",17
"2019-06-25 13:05:03",17
"2019-06-25 13:41:31",17
"2019-06-25 14:41:31",17
"2019-06-25 15:41:30",17
"2019-06-25 16:41:31",17
"2019-06-25 17:41:33",17
"2019-06-25 18:41:33",17
"2019-06-25 19:41:29",17
"2019-06-25 20:41:31",17
"2019-06-25 21:41:29",17
"2019-06-25 22:41:28",17
"2019-06-25 23:41:33",17
"2019-06-26 00:41:31",17
"2019-06-26 01:41:31",17
"2019-06-26 02:41:30",17
"2019-06-26 03:41:39",17
"2019-06-26 04:41:31",17
"2019-06-26 05:41:31",17
"2019-06-26 06:41:31",17
"2019-06-26 07:41:31",17
"2019-06-26 08:41:30",17
"2019-06-26 09:41:28",17
"2019-06-26 10:41:29",17
"2019-06-26 11:41:30",17
"2019-06-26 13:04:02",17
"2019-06-26 13:41:31",17
"2019-06-26 14:41:30",17
"2019-06-26 15:41:30",17
"2019-06-26 16:41:31",17
"2019-06-26 17:41:30",17
"2019-06-26 18:41:31",17
"2019-06-26 19:41:30",17
"2019-06-26 20:41:29",18
"2019-06-26 21:41:30",18
"2019-06-26 22:41:30",18
"2019-06-26 23:41:30",18
"2019-06-27 00:41:31",18
"2019-06-27 01:41:30",18
"2019-06-27 02:41:31",18
"2019-06-27 03:41:29",18
"2019-06-27 04:41:31",18
"2019-06-27 05:41:30",18
"2019-06-27 06:41:31",18
"2019-06-27 07:41:28",18
"2019-06-27 08:41:29",18
"2019-06-27 09:41:29",18
"2019-06-27 10:41:30",18
"2019-06-27 11:41:29",18
"2019-06-27 13:04:04",18
"2019-06-27 13:41:30",18
"2019-06-27 14:41:30",18
"2019-06-27 15:41:32",18
"2019-06-27 16:41:30",18
"2019-06-27 17:41:30",18
"2019-06-27 18:41:31",18
"2019-06-27 19:41:29",18
"2019-06-27 20:41:32",18
"2019-06-27 21:41:34",18
"2019-06-27 22:41:29",18
"2019-06-27 23:41:47",18
"2019-06-28 00:41:31",18
"2019-06-28 01:41:30",18
"2019-06-28 02:41:30",18
"2019-06-28 03:41:33",18
"2019-06-28 04:41:34",18
"2019-06-28 05:41:31",18
"2019-06-28 06:41:30",18
"2019-06-28 07:41:30",18
"2019-06-28 08:41:29",18
"2019-06-28 09:41:30",18
"2019-06-28 10:41:29",18
"2019-06-28 11:41:30",18
"2019-06-28 13:05:04",18
"2019-06-28 13:41:29",18
"2019-06-28 14:41:30",18
"2019-06-28 15:41:31",18
"2019-06-28 16:41:31",19
"2019-06-28 17:41:30",19
"2019-06-28 18:41:29",19
"2019-06-28 19:41:29",19
"2019-06-28 20:41:30",19
"2019-06-28 21:41:31",19
"2019-06-28 22:41:30",19
"2019-06-28 23:41:29",19
"2019-06-29 00:41:31",19
"2019-06-29 01:41:34",19
"2019-06-29 02:41:30",19
"2019-06-29 03:41:30",19
"2019-06-29 04:41:30",19
"2019-06-29 05:41:30",19
"2019-06-29 06:41:30",19
"2019-06-29 07:41:30",19
"2019-06-29 08:41:30",19
"2019-06-29 09:41:30",19
"2019-06-29 10:41:30",19
"2019-06-29 11:41:34",19
"2019-06-29 12:41:32",19
"2019-06-29 13:41:30",19
"2019-06-29 14:41:32",19
"2019-06-29 15:41:32",19
"2019-06-29 16:41:33",19
"2019-06-29 17:41:30",19
"2019-06-29 18:41:31",19
"2019-06-29 19:41:32",19
"2019-06-29 20:41:31",19
"2019-06-29 21:41:32",19
"2019-06-29 22:41:29",19
"2019-06-29 23:41:31",19
"2019-06-30 00:41:30",19
"2019-06-30 01:41:35",19
"2019-06-30 02:41:32",19
"2019-06-30 03:41:31",19
"2019-06-30 04:41:33",19
"2019-06-30 05:41:31",19
"2019-06-30 06:41:32",19
"2019-06-30 07:41:32",19
"2019-06-30 08:41:31",19
"2019-06-30 09:41:31",19
"2019-06-30 10:41:31",19
"2019-06-30 11:41:30",19
"2019-06-30 12:41:31",19
"2019-06-30 13:41:31",19
"2019-06-30 14:41:29",19
"2019-06-30 15:41:31",19
"2019-06-30 16:41:31",19
"2019-06-30 17:41:31",19
"2019-06-30 18:41:31",19
"2019-06-30 19:41:32",19
"2019-06-30 20:41:31",19
"2019-06-30 21:41:30",19
"2019-06-30 22:41:31",19
"2019-06-30 23:41:31",19
"2019-07-01 00:41:32",19
"2019-07-01 01:41:31",19
"2019-07-01 02:41:32",19
"2019-07-01 03:41:31",19
"2019-07-01 04:41:30",19
"2019-07-01 05:41:35",19
"2019-07-01 06:41:31",19
"2019-07-01 07:41:34",19
"2019-07-01 08:41:39",19
"2019-07-01 09:41:31",19
"2019-07-01 10:41:31",19
"2019-07-01 11:41:31",19
"2019-07-01 13:05:04",19
"2019-07-01 13:41:35",19
"2019-07-01 14:41:48",19
"2019-07-01 15:41:34",19
"2019-07-01 16:41:34",17
"2019-07-01 17:41:33",17
"2019-07-01 18:41:33",17
"2019-07-01 19:41:35",18
"2019-07-01 20:41:33",18
"2019-07-01 21:41:32",18
"2019-07-01 22:41:34",18
"2019-07-01 23:41:33",18
"2019-07-02 00:41:34",18
"2019-07-02 01:41:32",18
"2019-07-02 02:41:41",18
"2019-07-02 03:41:40",18
"2019-07-02 04:41:32",18
"2019-07-02 05:41:47",18
"2019-07-02 06:41:33",18
"2019-07-02 07:41:35",18
"2019-07-02 08:41:32",18
"2019-07-02 09:41:31",18
"2019-07-02 10:41:32",18
"2019-07-02 11:41:32",18
"2019-07-02 12:41:35",18
"2019-07-02 13:41:32",18
"2019-07-02 14:41:34",18
"2019-07-02 15:41:33",18
"2019-07-02 16:41:31",18
"2019-07-02 17:41:33",18
"2019-07-02 18:41:32",18
"2019-07-02 19:41:33",18
"2019-07-02 20:41:32",18
"2019-07-02 21:41:33",18
"2019-07-02 22:41:35",18
"2019-07-03 00:41:33",18
"2019-07-03 01:41:31",18
"2019-07-03 02:41:33",18
"2019-07-03 03:41:33",18
"2019-07-03 04:41:32",18
"2019-07-03 05:41:33",18
"2019-07-03 06:41:34",18
"2019-07-03 07:41:33",18
"2019-07-03 08:41:43",18
"2019-07-03 09:41:32",18
"2019-07-03 10:41:35",18
"2019-07-03 11:41:33",18
"2019-07-03 13:06:06",18
"2019-07-03 13:41:33",18
"2019-07-03 14:41:36",18
"2019-07-03 15:41:32",17
"2019-07-03 16:41:46",17
"2019-07-03 17:41:34",17
"2019-07-03 18:41:34",17
"2019-07-03 19:41:32",17
"2019-07-03 20:41:32",17
"2019-07-03 21:41:33",17
"2019-07-03 22:41:31",17
"2019-07-03 23:41:33",17
"2019-07-04 00:41:33",17
"2019-07-04 01:41:32",17
"2019-07-04 02:41:35",17
"2019-07-04 03:41:32",17
"2019-07-04 04:41:32",17
"2019-07-04 05:41:33",17
"2019-07-04 06:41:32",17
"2019-07-04 07:41:32",17
"2019-07-04 08:41:31",17
"2019-07-04 09:41:32",17
"2019-07-04 10:41:32",17
"2019-07-04 11:41:32",17
"2019-07-04 12:41:34",17
"2019-07-04 13:41:35",17
"2019-07-04 14:41:35",17
"2019-07-04 15:41:32",17
"2019-07-04 16:41:32",17
"2019-07-04 17:41:31",17
"2019-07-04 18:41:31",17
"2019-07-04 19:41:31",17
"2019-07-04 20:41:32",17
"2019-07-04 21:41:32",17
"2019-07-04 22:41:32",17
"2019-07-04 23:41:31",17
"2019-07-05 00:41:33",17
"2019-07-05 01:41:32",17
"2019-07-05 02:41:32",17
"2019-07-05 03:41:33",17
"2019-07-05 04:41:31",17
"2019-07-05 05:41:34",17
"2019-07-05 06:41:35",17
"2019-07-05 07:41:32",17
"2019-07-05 08:41:32",17
"2019-07-05 09:41:32",17
"2019-07-05 10:41:34",17
"2019-07-05 11:41:38",17
"2019-07-05 12:41:32",17
"2019-07-05 13:41:38",17
"2019-07-05 14:41:33",18
"2019-07-05 15:41:32",18
"2019-07-05 16:41:37",18
"2019-07-05 17:41:33",18
"2019-07-05 18:41:33",18
"2019-07-05 19:41:32",18
"2019-07-05 20:41:33",19
"2019-07-05 21:41:34",19
"2019-07-05 22:41:35",19
"2019-07-05 23:41:32",19
"2019-07-06 00:41:34",19
"2019-07-06 01:41:34",19
"2019-07-06 02:41:36",19
"2019-07-06 03:41:33",19
"2019-07-06 04:41:32",19
"2019-07-06 05:41:34",19
"2019-07-06 06:41:34",19
"2019-07-06 07:41:31",19
"2019-07-06 08:41:32",19
"2019-07-06 09:41:32",19
"2019-07-06 10:41:32",19
"2019-07-06 11:41:49",19
"2019-07-06 12:41:33",19
"2019-07-06 13:41:32",19
"2019-07-06 14:41:32",19
"2019-07-06 15:41:31",19
"2019-07-06 16:41:34",19
"2019-07-06 17:41:34",19
"2019-07-06 18:41:32",19
"2019-07-06 19:41:34",19
"2019-07-06 20:41:31",19
"2019-07-06 21:41:32",19
"2019-07-06 22:41:32",19
"2019-07-06 23:41:33",19
"2019-07-07 00:41:33",19
"2019-07-07 01:41:32",19
"2019-07-07 02:41:34",19
"2019-07-07 03:41:32",19
"2019-07-07 04:41:33",19
"2019-07-07 05:41:35",19
"2019-07-07 06:41:32",19
"2019-07-07 07:41:32",19
"2019-07-07 08:41:33",19
"2019-07-07 09:41:32",19
"2019-07-07 10:41:34",19
"2019-07-07 11:41:31",19
"2019-07-07 12:41:31",19
"2019-07-07 13:41:31",19
"2019-07-07 14:41:31",19
"2019-07-07 15:41:32",19
"2019-07-07 16:41:33",19
"2019-07-07 17:41:32",19
"2019-07-07 18:41:32",19
"2019-07-07 19:41:31",19
"2019-07-07 20:41:31",19
"2019-07-07 21:41:31",19
"2019-07-07 22:41:33",19
"2019-07-07 23:41:31",19
"2019-07-08 00:41:31",19
"2019-07-08 01:41:34",19
"2019-07-08 02:41:32",19
"2019-07-08 03:41:34",19
"2019-07-08 04:41:32",19
"2019-07-08 05:41:30",19
"2019-07-08 06:41:34",19
"2019-07-08 07:41:36",19
"2019-07-08 08:41:33",19
"2019-07-08 09:41:38",19
"2019-07-08 10:41:39",19
"2019-07-08 11:41:42",19
"2019-07-08 12:41:32",19
"2019-07-08 13:41:32",19
"2019-07-08 14:41:32",19
"2019-07-08 15:41:32",19
"2019-07-08 16:41:33",19
"2019-07-08 17:41:31",19
"2019-07-08 18:41:32",19
"2019-07-08 19:41:31",19
"2019-07-08 20:41:32",19
"2019-07-08 21:41:32",19
"2019-07-08 22:41:32",19
"2019-07-08 23:41:31",19
"2019-07-09 00:41:31",19
"2019-07-09 01:41:31",19
"2019-07-09 02:41:38",19
"2019-07-09 03:41:33",19
"2019-07-09 04:41:33",19
"2019-07-09 05:41:37",19
"2019-07-09 06:41:33",19
"2019-07-09 07:41:34",19
"2019-07-09 08:41:31",19
"2019-07-09 09:41:31",19
"2019-07-09 10:41:31",19
"2019-07-09 11:41:32",19
"2019-07-09 13:04:34",19
"2019-07-09 13:41:31",19
"2019-07-09 14:41:31",20
"2019-07-09 15:41:33",20
"2019-07-09 16:41:31",20
"2019-07-09 17:41:31",20
"2019-07-09 18:41:32",20
"2019-07-09 19:41:32",20
"2019-07-09 20:41:32",20
"2019-07-09 21:41:31",20
"2019-07-09 22:41:30",20
"2019-07-09 23:41:32",20
"2019-07-10 00:41:31",20
"2019-07-10 01:41:33",20
"2019-07-10 02:41:31",20
"2019-07-10 03:41:31",20
"2019-07-10 04:41:31",20
"2019-07-10 05:41:34",20
"2019-07-10 06:41:33",20
"2019-07-10 07:41:30",20
"2019-07-10 08:41:30",20
"2019-07-10 09:41:30",20
"2019-07-10 10:41:31",20
"2019-07-10 11:41:32",20
"2019-07-10 12:41:35",20
"2019-07-10 13:41:32",20
"2019-07-10 14:41:31",20
"2019-07-10 15:41:33",19
"2019-07-10 16:41:34",19
"2019-07-10 17:41:31",19
"2019-07-10 18:41:31",19
"2019-07-10 19:41:31",19
"2019-07-10 20:41:31",19
"2019-07-10 21:41:31",19
"2019-07-10 22:41:34",19
"2019-07-10 23:41:31",19
"2019-07-11 00:41:31",19
"2019-07-11 01:41:32",19
"2019-07-11 02:41:36",19
"2019-07-11 03:41:34",19
"2019-07-11 04:41:34",19
"2019-07-11 05:41:33",19
"2019-07-11 06:41:33",19
"2019-07-11 07:41:32",19
"2019-07-11 08:41:34",19
"2019-07-11 09:41:31",19
"2019-07-11 10:41:32",19
"2019-07-11 11:41:31",19
"2019-07-11 12:41:31",19
"2019-07-11 13:41:31",19
"2019-07-11 14:41:32",19
"2019-07-11 15:41:31",19
"2019-07-11 16:41:32",19
"2019-07-11 17:41:31",19
"2019-07-11 18:41:32",19
"2019-07-11 19:41:31",19
"2019-07-11 20:41:31",19
"2019-07-11 21:41:36",19
"2019-07-11 22:41:30",19
"2019-07-11 23:41:32",19
"2019-07-12 00:41:30",19
"2019-07-12 01:41:32",19
"2019-07-12 02:41:31",19
"2019-07-12 03:41:31",19
"2019-07-12 04:41:30",19
"2019-07-12 05:41:33",19
"2019-07-12 06:41:35",19
"2019-07-12 07:41:31",19
"2019-07-12 08:41:31",19
"2019-07-12 09:41:33",19
"2019-07-12 10:41:33",19
"2019-07-12 11:41:31",19
"2019-07-12 13:05:05",19
"2019-07-12 13:41:33",19
"2019-07-12 14:41:31",19
"2019-07-12 15:41:44",19
"2019-07-12 16:41:33",19
"2019-07-12 17:41:35",19
"2019-07-12 18:41:32",19
"2019-07-12 19:41:30",19
"2019-07-12 20:41:30",19
"2019-07-12 21:41:31",19
"2019-07-12 22:41:38",19
"2019-07-12 23:41:32",19
"2019-07-13 00:41:31",19
"2019-07-13 01:41:32",19
"2019-07-13 02:41:33",19
"2019-07-13 03:41:30",19
"2019-07-13 04:41:32",19
"2019-07-13 05:41:31",19
"2019-07-13 06:41:31",19
"2019-07-13 07:41:31",19
"2019-07-13 08:41:30",19
"2019-07-13 09:41:32",19
"2019-07-13 10:41:32",19
"2019-07-13 11:41:33",19
"2019-07-13 12:41:33",19
"2019-07-13 13:41:31",19
"2019-07-13 14:41:31",19
"2019-07-13 15:41:32",19
"2019-07-13 16:41:49",19
"2019-07-13 17:41:33",19
"2019-07-13 18:41:34",19
"2019-07-13 19:41:34",19
"2019-07-13 20:41:35",19
"2019-07-13 21:41:33",19
"2019-07-13 22:41:32",19
"2019-07-13 23:41:32",19
"2019-07-14 00:41:31",19
"2019-07-14 01:41:39",19
"2019-07-14 02:41:32",19
"2019-07-14 03:41:32",19
"2019-07-14 04:41:32",19
"2019-07-14 05:41:32",19
"2019-07-14 06:41:33",19
"2019-07-14 07:41:31",19
"2019-07-14 08:41:32",19
"2019-07-14 09:41:30",19
"2019-07-14 10:41:31",19
"2019-07-14 11:41:32",19
"2019-07-14 12:41:31",19
"2019-07-14 13:41:32",19
"2019-07-14 14:41:31",19
"2019-07-14 15:41:32",19
"2019-07-14 16:41:35",19
"2019-07-14 17:41:31",19
"2019-07-14 18:41:31",19
"2019-07-14 19:41:31",19
"2019-07-14 20:41:37",19
"2019-07-14 21:41:30",19
"2019-07-14 22:41:31",19
"2019-07-14 23:41:31",19
"2019-07-15 00:41:31",19
"2019-07-15 01:41:30",19
"2019-07-15 02:41:31",19
"2019-07-15 03:41:31",19
"2019-07-15 04:41:31",19
"2019-07-15 05:41:33",19
"2019-07-15 06:41:35",19
"2019-07-15 07:41:32",19
"2019-07-15 08:41:30",19
"2019-07-15 09:41:31",19
"2019-07-15 10:41:31",19
"2019-07-15 11:41:30",19
"2019-07-15 13:05:36",19
"2019-07-15 13:41:32",19
"2019-07-15 14:41:31",19
"2019-07-15 15:41:31",19
"2019-07-15 16:41:39",19
"2019-07-15 17:41:32",19
"2019-07-15 18:41:32",19
"2019-07-15 19:41:32",19
"2019-07-15 20:41:33",19
"2019-07-15 21:41:33",19
"2019-07-15 22:41:36",19
"2019-07-15 23:41:32",19
"2019-07-16 00:41:32",19
"2019-07-16 01:41:32",19
"2019-07-16 02:41:38",19
"2019-07-16 03:41:32",19
"2019-07-16 04:41:32",19
"2019-07-16 05:41:36",19
"2019-07-16 06:41:35",19
"2019-07-16 07:41:32",19
"2019-07-16 08:41:33",19
"2019-07-16 09:41:32",19
"2019-07-16 10:41:33",19
"2019-07-16 11:41:32",19
"2019-07-16 13:05:35",19
"2019-07-16 13:41:34",19
"2019-07-16 14:41:32",19
"2019-07-16 15:41:39",18
"2019-07-16 16:41:34",18
"2019-07-16 17:41:35",18
"2019-07-16 18:41:33",18
"2019-07-16 19:41:32",18
"2019-07-16 20:41:42",18
"2019-07-16 21:41:33",18
"2019-07-16 22:41:33",18
"2019-07-16 23:41:33",18
"2019-07-17 00:41:32",18
"2019-07-17 01:41:33",18
"2019-07-17 02:41:34",18
"2019-07-17 03:41:33",18
"2019-07-17 04:41:33",18
"2019-07-17 05:41:45",18
"2019-07-17 06:41:35",18
"2019-07-17 07:41:36",18
"2019-07-17 08:41:33",18
"2019-07-17 09:41:32",18
"2019-07-17 10:41:33",18
"2019-07-17 11:41:32",18
"2019-07-17 13:05:07",18
"2019-07-17 13:41:33",18
"2019-07-17 14:41:34",18
"2019-07-17 15:41:38",18
"2019-07-17 16:41:36",18
"2019-07-17 17:41:32",18
"2019-07-17 18:41:33",18
"2019-07-17 19:41:31",18
"2019-07-17 20:41:32",18
"2019-07-17 21:41:32",18
"2019-07-17 22:41:32",18
"2019-07-17 23:41:32",18
"2019-07-18 00:41:31",18
"2019-07-18 01:41:34",18
"2019-07-18 02:41:33",18
"2019-07-18 03:41:33",18
"2019-07-18 04:41:32",18
"2019-07-18 05:41:35",18
"2019-07-18 06:41:35",18
"2019-07-18 07:41:31",18
"2019-07-18 08:41:35",18
"2019-07-18 09:41:32",18
"2019-07-18 10:41:32",18
"2019-07-18 11:41:31",18
"2019-07-18 13:05:38",18
"2019-07-18 13:41:32",18
"2019-07-18 14:41:32",18
"2019-07-18 15:41:32",18
"2019-07-18 16:41:36",18
"2019-07-18 17:41:33",18
"2019-07-18 18:41:33",18
"2019-07-18 19:41:34",18
"2019-07-18 20:41:33",18
"2019-07-18 21:41:33",18
"2019-07-18 22:41:33",18
"2019-07-18 23:41:35",18
"2019-07-19 00:41:33",18
"2019-07-19 01:41:33",18
"2019-07-19 02:41:34",18
"2019-07-19 03:41:33",18
"2019-07-19 04:41:33",18
"2019-07-19 05:41:47",18
"2019-07-19 06:41:34",18
"2019-07-19 07:41:35",18
"2019-07-19 08:41:33",18
"2019-07-19 09:41:32",18
"2019-07-19 10:41:32",18
"2019-07-19 11:41:32",18
"2019-07-19 13:05:05",18
"2019-07-19 13:41:32",18
"2019-07-19 14:41:31",19
"2019-07-19 15:41:33",19
"2019-07-19 16:41:33",19
"2019-07-19 17:41:33",19
"2019-07-19 18:41:33",19
"2019-07-19 19:41:32",19
"2019-07-19 20:41:33",19
"2019-07-19 21:41:32",19
"2019-07-19 22:41:33",19
"2019-07-19 23:41:32",19
"2019-07-20 00:41:32",19
"2019-07-20 01:41:39",19
"2019-07-20 02:41:39",19
"2019-07-20 03:41:32",19
"2019-07-20 04:41:41",19
"2019-07-20 05:41:36",19
"2019-07-20 06:41:33",19
"2019-07-20 07:41:32",19
"2019-07-20 08:41:33",19
"2019-07-20 09:41:31",19
"2019-07-20 10:41:31",19
"2019-07-20 11:41:32",19
"2019-07-20 12:41:32",19
"2019-07-20 13:41:32",19
"2019-07-20 14:41:31",19
"2019-07-20 15:41:32",19
"2019-07-20 16:41:33",19
"2019-07-20 17:41:32",19
"2019-07-20 18:41:32",19
"2019-07-20 19:41:33",19
"2019-07-20 20:41:31",19
"2019-07-20 21:41:33",19
"2019-07-20 22:41:30",19
"2019-07-20 23:41:32",19
"2019-07-21 00:41:33",19
"2019-07-21 01:41:32",19
"2019-07-21 02:41:33",19
"2019-07-21 03:41:32",19
"2019-07-21 04:41:32",19
"2019-07-21 05:41:38",19
"2019-07-21 06:41:39",19
"2019-07-21 07:41:31",19
"2019-07-21 08:41:33",19
"2019-07-21 09:41:33",19
"2019-07-21 10:41:40",19
"2019-07-21 11:41:32",19
"2019-07-21 12:41:32",19
"2019-07-21 13:41:33",19
"2019-07-21 14:41:32",19
"2019-07-21 15:41:32",19
"2019-07-21 16:41:32",19
"2019-07-21 17:41:32",19
"2019-07-21 18:41:32",19
"2019-07-21 19:41:33",19
"2019-07-21 20:41:33",19
"2019-07-21 21:41:33",19
"2019-07-21 22:41:31",19
"2019-07-21 23:41:32",19
"2019-07-22 00:41:31",19
"2019-07-22 01:41:33",19
"2019-07-22 02:41:32",19
"2019-07-22 03:41:32",19
"2019-07-22 04:41:32",19
"2019-07-22 05:41:36",19
"2019-07-22 06:41:39",19
"2019-07-22 07:41:31",19
"2019-07-22 08:41:32",19
"2019-07-22 09:41:32",19
"2019-07-22 10:41:31",19
"2019-07-22 11:41:37",19
"2019-07-22 12:41:36",19
"2019-07-22 13:41:33",19
"2019-07-22 14:41:34",19
"2019-07-22 15:41:33",19
"2019-07-22 16:41:35",19
"2019-07-22 17:41:34",19
"2019-07-22 18:41:38",19
"2019-07-22 19:41:35",19
"2019-07-22 20:41:35",19
"2019-07-22 21:41:36",19
"2019-07-22 22:41:33",19
"2019-07-22 23:41:33",19
"2019-07-23 00:41:33",19
"2019-07-23 01:41:32",19
"2019-07-23 02:41:35",19
"2019-07-23 03:41:34",19
"2019-07-23 04:41:34",19
"2019-07-23 05:41:37",19
"2019-07-23 06:41:39",19
"2019-07-23 07:41:34",19
"2019-07-23 08:41:32",19
"2019-07-23 09:41:34",19
"2019-07-23 10:41:35",19
"2019-07-23 11:41:34",19
"2019-07-23 13:04:37",19
"2019-07-23 13:41:34",19
"2019-07-23 14:41:34",19
"2019-07-23 15:41:39",19
"2019-07-23 16:41:34",19
"2019-07-23 17:41:33",19
"2019-07-23 18:41:34",19
"2019-07-23 19:41:34",19
"2019-07-23 20:41:34",19
"2019-07-23 21:41:34",19
"2019-07-23 22:41:35",19
"2019-07-23 23:41:34",19
"2019-07-24 00:41:34",19
"2019-07-24 01:41:34",19
"2019-07-24 02:41:39",19
"2019-07-24 03:41:34",19
"2019-07-24 04:41:34",19
"2019-07-24 05:41:34",19
"2019-07-24 06:41:33",19
"2019-07-24 07:41:33",19
"2019-07-24 08:41:33",19
"2019-07-24 09:41:35",19
"2019-07-24 10:41:35",19
"2019-07-24 11:41:33",19
"2019-07-24 13:04:07",19
"2019-07-24 13:41:34",19
"2019-07-24 14:41:33",19
"2019-07-24 15:41:35",19
"2019-07-24 16:41:34",19
"2019-07-24 17:41:32",19
"2019-07-24 18:41:35",19
"2019-07-24 19:41:33",19
"2019-07-24 20:41:34",19
"2019-07-24 21:41:34",19
"2019-07-24 22:41:33",19
"2019-07-24 23:41:33",19
"2019-07-25 00:41:33",19
"2019-07-25 01:41:37",19
"2019-07-25 02:41:44",19
"2019-07-25 03:41:34",19
"2019-07-25 04:41:33",19
"2019-07-25 05:41:38",19
"2019-07-25 06:41:36",19
"2019-07-25 07:41:34",19
"2019-07-25 08:41:35",19
"2019-07-25 09:41:33",19
"2019-07-25 10:41:42",19
"2019-07-25 11:41:33",19
"2019-07-25 13:04:38",19
"2019-07-25 13:41:35",19
"2019-07-25 14:41:35",20
"2019-07-25 15:41:33",20
"2019-07-25 16:41:36",20
"2019-07-25 17:41:35",20
"2019-07-25 18:41:41",20
"2019-07-25 19:41:38",20
"2019-07-25 20:41:37",20
"2019-07-25 21:41:36",20
"2019-07-25 22:41:34",20
"2019-07-25 23:41:34",20
"2019-07-26 00:41:44",20
"2019-07-26 01:41:34",20
"2019-07-26 02:41:36",20
"2019-07-26 03:41:35",20
"2019-07-26 04:41:38",20
"2019-07-26 05:41:39",20
"2019-07-26 06:41:47",20
"2019-07-26 07:41:40",20
"2019-07-26 08:41:33",20
"2019-07-26 09:41:33",20
"2019-07-26 10:41:35",20
"2019-07-26 11:41:37",20
"2019-07-26 13:06:38",20
"2019-07-26 13:41:36",20
"2019-07-26 14:41:36",20
"2019-07-26 15:41:35",20
"2019-07-26 16:41:37",20
"2019-07-26 17:41:37",20
"2019-07-26 18:41:35",20
"2019-07-26 19:41:35",20
"2019-07-26 20:41:35",20
"2019-07-26 21:41:34",20
"2019-07-26 22:41:34",20
"2019-07-26 23:41:34",20
"2019-07-27 00:41:34",20
"2019-07-27 01:41:35",20
"2019-07-27 02:41:36",20
"2019-07-27 03:41:35",20
"2019-07-27 04:41:34",20
"2019-07-27 05:41:35",20
"2019-07-27 06:41:35",20
"2019-07-27 07:41:34",20
"2019-07-27 08:41:34",20
"2019-07-27 09:41:34",20
"2019-07-27 10:41:36",20
"2019-07-27 11:41:34",20
"2019-07-27 12:41:35",20
"2019-07-27 13:41:33",20
"2019-07-27 14:41:35",20
"2019-07-27 15:41:36",20
"2019-07-27 16:41:41",20
"2019-07-27 17:41:38",20
"2019-07-27 18:41:35",20
"2019-07-27 19:41:36",20
"2019-07-27 20:41:36",20
"2019-07-27 21:41:36",20
"2019-07-27 22:41:34",20
"2019-07-27 23:41:34",20
"2019-07-28 00:41:34",20
"2019-07-28 01:41:33",20
"2019-07-28 02:41:33",20
"2019-07-28 03:41:33",20
"2019-07-28 04:41:34",20
"2019-07-28 05:41:33",20
"2019-07-28 06:41:33",20
"2019-07-28 07:41:34",20
"2019-07-28 08:41:33",20
"2019-07-28 09:41:33",20
"2019-07-28 10:41:33",20
"2019-07-28 11:41:33",20
"2019-07-28 12:41:34",20
"2019-07-28 13:41:34",20
"2019-07-28 14:41:34",20
"2019-07-28 15:41:33",20
"2019-07-28 16:41:35",20
"2019-07-28 17:41:35",20
"2019-07-28 18:41:34",20
"2019-07-28 19:41:33",20
"2019-07-28 20:41:33",20
"2019-07-28 21:41:33",20
"2019-07-28 22:41:34",20
"2019-07-28 23:41:35",20
"2019-07-29 00:41:34",20
"2019-07-29 01:41:34",20
"2019-07-29 02:41:34",20
"2019-07-29 03:41:34",20
"2019-07-29 04:41:35",20
"2019-07-29 05:41:37",20
"2019-07-29 06:41:40",20
"2019-07-29 07:41:35",20
"2019-07-29 08:41:34",20
"2019-07-29 09:41:34",20
"2019-07-29 10:41:35",20
"2019-07-29 11:41:34",20
"2019-07-29 13:05:37",20
"2019-07-29 13:41:36",20
"2019-07-29 14:41:34",19
"2019-07-29 15:41:34",19
"2019-07-29 16:41:35",19
"2019-07-29 17:41:34",19
"2019-07-29 18:41:35",19
"2019-07-29 19:41:34",19
"2019-07-29 20:41:34",19
"2019-07-29 21:41:33",19
"2019-07-29 22:41:35",19
"2019-07-29 23:41:34",19
"2019-07-30 00:41:34",19
"2019-07-30 01:41:34",19
"2019-07-30 02:41:34",19
"2019-07-30 03:41:34",19
"2019-07-30 04:41:33",19
"2019-07-30 05:41:33",19
"2019-07-30 06:41:35",19
"2019-07-30 07:41:40",19
"2019-07-30 08:41:34",19
"2019-07-30 09:41:34",19
"2019-07-30 10:41:33",19
"2019-07-30 11:41:36",19
"2019-07-30 12:41:34",19
"2019-07-30 13:41:35",19
"2019-07-30 14:41:35",19
"2019-07-30 15:41:36",19
"2019-07-30 16:41:35",19
"2019-07-30 17:41:38",19
"2019-07-30 18:41:38",19
"2019-07-30 19:41:37",19
"2019-07-30 20:41:36",19
"2019-07-30 21:41:35",19
"2019-07-30 22:41:36",19
"2019-07-30 23:41:35",19
"2019-07-31 00:41:35",19
"2019-07-31 01:41:35",19
"2019-07-31 02:41:35",19
"2019-07-31 03:41:35",19
"2019-07-31 04:41:36",19
"2019-07-31 05:41:40",19
"2019-07-31 06:41:36",19
"2019-07-31 07:41:35",19
"2019-07-31 08:41:36",19
"2019-07-31 09:41:35",19
"2019-07-31 10:41:34",19
"2019-07-31 11:41:34",19
"2019-07-31 13:05:40",19
"2019-07-31 13:41:35",19
"2019-07-31 14:41:36",19
"2019-07-31 15:41:35",19
"2019-07-31 16:41:38",19
"2019-07-31 17:41:35",19
"2019-07-31 18:41:35",19
"2019-07-31 19:41:35",19
"2019-07-31 20:41:36",19
"2019-07-31 21:41:36",19
"2019-07-31 22:41:34",19
"2019-07-31 23:41:35",19
"2019-08-01 00:41:35",19
"2019-08-01 01:41:44",19
"2019-08-01 02:41:37",19
"2019-08-01 03:41:35",19
"2019-08-01 04:41:34",19
"2019-08-01 05:41:37",19
"2019-08-01 06:41:37",19
"2019-08-01 07:41:38",19
"2019-08-01 08:41:34",19
"2019-08-01 09:41:35",19
"2019-08-01 10:41:35",19
"2019-08-01 11:41:33",19
"2019-08-01 13:04:07",19
"2019-08-01 13:41:36",19
"2019-08-01 14:41:36",19
"2019-08-01 15:41:41",19
"2019-08-01 16:41:40",19
"2019-08-01 17:41:37",19
"2019-08-01 18:41:34",19
"2019-08-01 19:41:35",18
"2019-08-01 20:41:34",18
"2019-08-01 21:41:35",18
"2019-08-01 22:41:33",18
"2019-08-01 23:41:36",18
"2019-08-02 00:41:34",18
"2019-08-02 01:41:34",18
"2019-08-02 02:41:34",18
"2019-08-02 03:41:34",18
"2019-08-02 04:41:35",18
"2019-08-02 05:41:37",18
"2019-08-02 06:41:35",18
"2019-08-02 07:41:33",18
"2019-08-02 08:41:34",18
"2019-08-02 09:41:35",18
"2019-08-02 10:41:41",18
"2019-08-02 11:41:34",18
"2019-08-02 13:05:40",18
"2019-08-02 13:41:37",18
"2019-08-02 14:41:37",18
"2019-08-02 15:41:36",18
"2019-08-02 16:41:36",18
"2019-08-02 17:41:35",18
"2019-08-02 18:41:36",18
"2019-08-02 19:41:37",18
"2019-08-02 20:41:36",18
"2019-08-02 21:41:35",18
"2019-08-02 22:41:35",18
"2019-08-02 23:41:36",18
"2019-08-03 00:41:36",18
"2019-08-03 01:41:35",18
"2019-08-03 02:41:37",18
"2019-08-03 03:41:36",18
"2019-08-03 04:41:35",18
"2019-08-03 05:41:39",18
"2019-08-03 06:41:36",18
"2019-08-03 07:41:34",18
"2019-08-03 08:41:36",18
"2019-08-03 09:41:35",18
"2019-08-03 10:41:35",18
"2019-08-03 11:41:35",18
"2019-08-03 12:41:36",18
"2019-08-03 13:41:36",18
"2019-08-03 14:41:35",18
"2019-08-03 15:41:34",18
"2019-08-03 16:41:35",18
"2019-08-03 17:41:36",18
"2019-08-03 18:41:37",18
"2019-08-03 19:41:35",18
"2019-08-03 20:41:34",18
"2019-08-03 21:41:34",18
"2019-08-03 22:41:35",18
"2019-08-03 23:41:35",18
"2019-08-04 00:41:35",18
"2019-08-04 01:41:35",18
"2019-08-04 02:41:40",18
"2019-08-04 03:41:36",18
"2019-08-04 04:41:35",18
"2019-08-04 05:41:39",18
"2019-08-04 06:41:35",18
"2019-08-04 07:41:36",18
"2019-08-04 08:41:36",18
"2019-08-04 09:41:35",18
"2019-08-04 10:41:35",18
"2019-08-04 11:41:33",18
"2019-08-04 12:41:35",18
"2019-08-04 13:41:36",18
"2019-08-04 14:41:34",18
"2019-08-04 15:41:35",18
"2019-08-04 16:41:35",18
"2019-08-04 17:41:36",18
"2019-08-04 18:41:36",18
"2019-08-04 19:41:35",18
"2019-08-04 20:41:35",18
"2019-08-04 21:41:36",18
"2019-08-04 22:41:36",18
"2019-08-04 23:41:35",18
"2019-08-05 00:41:35",18
"2019-08-05 01:41:36",18
"2019-08-05 02:41:38",18
"2019-08-05 03:41:36",18
"2019-08-05 04:41:36",18
"2019-08-05 05:41:36",18
"2019-08-05 06:41:35",18
"2019-08-05 07:41:39",18
"2019-08-05 08:41:36",18
"2019-08-05 09:41:37",18
"2019-08-05 10:41:36",18
"2019-08-05 11:41:35",18
"2019-08-05 13:06:10",18
"2019-08-05 13:41:37",18
"2019-08-05 14:41:37",18
"2019-08-05 15:41:36",18
"2019-08-05 16:41:36",18
"2019-08-05 17:41:37",18
"2019-08-05 18:41:37",18
"2019-08-05 19:41:36",18
"2019-08-05 20:41:35",18
"2019-08-05 21:41:36",18
"2019-08-05 22:41:37",18
"2019-08-05 23:41:37",18
"2019-08-06 00:41:45",18
"2019-08-06 01:41:38",18
"2019-08-06 02:41:36",18
"2019-08-06 03:41:35",18
"2019-08-06 04:41:37",18
"2019-08-06 05:41:37",18
"2019-08-06 06:41:35",18
"2019-08-06 07:41:35",18
"2019-08-06 08:41:36",18
"2019-08-06 09:41:40",18
"2019-08-06 10:41:34",18
"2019-08-06 11:41:34",18
"2019-08-06 12:41:36",18
"2019-08-06 13:41:37",18
"2019-08-06 14:41:35",18
"2019-08-06 15:41:36",18
"2019-08-06 16:41:38",18
"2019-08-06 17:41:36",18
"2019-08-06 18:41:35",18
"2019-08-06 19:41:35",18
"2019-08-06 20:41:36",18
"2019-08-06 21:41:35",18
"2019-08-06 22:41:34",18
"2019-08-06 23:41:36",18
"2019-08-07 00:41:37",18
"2019-08-07 01:41:37",18
"2019-08-07 02:41:38",18
"2019-08-07 03:41:36",18
"2019-08-07 04:41:35",18
"2019-08-07 05:41:37",18
"2019-08-07 06:41:40",18
"2019-08-07 07:41:34",18
"2019-08-07 08:41:36",18
"2019-08-07 09:41:35",18
"2019-08-07 10:41:43",18
"2019-08-07 11:41:35",18
"2019-08-07 12:41:36",18
"2019-08-07 13:41:37",18
"2019-08-07 14:41:37",18
"2019-08-07 15:41:36",18
"2019-08-07 16:41:36",18
"2019-08-07 17:41:36",18
"2019-08-07 18:41:36",18
"2019-08-07 19:41:36",18
"2019-08-07 20:41:36",18
"2019-08-07 21:41:36",18
"2019-08-07 22:41:35",18
"2019-08-07 23:41:36",18
"2019-08-08 00:41:36",18
"2019-08-08 01:41:36",18
"2019-08-08 02:41:41",18
"2019-08-08 03:41:35",18
"2019-08-08 04:41:35",18
"2019-08-08 05:41:35",18
"2019-08-08 06:41:38",18
"2019-08-08 07:41:36",18
"2019-08-08 08:41:35",18
"2019-08-08 09:41:35",18
"2019-08-08 10:41:38",18
"2019-08-08 11:41:35",18
"2019-08-08 12:41:37",18
"2019-08-08 13:41:36",18
"2019-08-08 14:41:36",18
"2019-08-08 15:41:36",18
"2019-08-08 16:41:37",18
"2019-08-08 17:41:36",18
"2019-08-08 18:41:36",18
"2019-08-08 19:41:36",18
"2019-08-08 20:41:37",18
"2019-08-08 21:41:37",18
"2019-08-08 22:41:37",18
"2019-08-08 23:41:37",18
"2019-08-09 00:41:37",18
"2019-08-09 01:41:38",18
"2019-08-09 02:41:38",18
"2019-08-09 03:41:36",18
"2019-08-09 04:41:38",18
"2019-08-09 05:41:40",18
"2019-08-09 06:41:38",18
"2019-08-09 07:41:39",18
"2019-08-09 08:41:38",18
"2019-08-09 09:41:43",18
"2019-08-09 10:41:38",18
"2019-08-09 11:41:37",18
"2019-08-09 13:05:41",18
"2019-08-09 13:41:38",18
"2019-08-09 14:41:41",18
"2019-08-09 15:41:37",18
"2019-08-09 16:41:43",18
"2019-08-09 17:41:37",18
"2019-08-09 18:41:37",18
"2019-08-09 19:41:37",18
"2019-08-09 20:41:36",18
"2019-08-09 21:41:38",18
"2019-08-09 22:41:38",18
"2019-08-09 23:41:39",18
"2019-08-10 00:41:39",18
"2019-08-10 01:41:37",18
"2019-08-10 02:41:48",18
"2019-08-10 03:41:37",18
"2019-08-10 04:41:37",18
"2019-08-10 05:41:39",18
"2019-08-10 06:41:37",18
"2019-08-10 07:41:37",18
"2019-08-10 08:41:36",18
"2019-08-10 09:41:38",18
"2019-08-10 10:41:38",18
"2019-08-10 11:41:37",18
"2019-08-10 12:41:38",18
"2019-08-10 13:41:38",18
"2019-08-10 14:41:36",18
"2019-08-10 15:41:36",18
"2019-08-10 16:41:44",18
"2019-08-10 17:41:37",18
"2019-08-10 18:41:37",18
"2019-08-10 19:41:37",18
"2019-08-10 20:41:37",18
"2019-08-10 21:41:35",18
"2019-08-10 22:41:36",18
"2019-08-10 23:41:36",18
"2019-08-11 00:41:35",18
"2019-08-11 01:41:36",18
"2019-08-11 02:41:45",18
"2019-08-11 03:41:38",18
"2019-08-11 04:41:37",18
"2019-08-11 05:41:39",18
"2019-08-11 06:41:37",18
"2019-08-11 07:41:37",18
"2019-08-11 08:41:36",18
"2019-08-11 09:41:36",18
"2019-08-11 10:41:36",18
"2019-08-11 11:41:37",18
"2019-08-11 12:41:37",18
"2019-08-11 13:41:37",18
"2019-08-11 14:41:37",18
"2019-08-11 15:41:36",18
"2019-08-11 16:41:37",18
"2019-08-11 17:41:37",18
"2019-08-11 18:41:37",18
"2019-08-11 19:41:37",18
"2019-08-11 20:41:38",18
"2019-08-11 21:41:38",18
"2019-08-11 22:41:38",18
"2019-08-11 23:41:39",18
"2019-08-12 00:41:38",18
"2019-08-12 01:41:39",18
"2019-08-12 02:41:41",18
"2019-08-12 03:41:39",18
"2019-08-12 04:41:38",18
"2019-08-12 05:41:43",18
"2019-08-12 06:41:45",18
"2019-08-12 07:41:37",18
"2019-08-12 08:41:39",18
"2019-08-12 09:41:37",18
"2019-08-12 10:41:42",18
"2019-08-12 11:41:37",18
"2019-08-12 12:41:41",18
"2019-08-12 13:41:46",18
"2019-08-12 14:41:38",18
"2019-08-12 15:41:39",18
"2019-08-12 16:41:48",18
"2019-08-12 17:41:40",18
"2019-08-12 18:41:38",18
"2019-08-12 19:41:38",18
"2019-08-12 20:41:39",18
"2019-08-12 21:41:38",18
"2019-08-12 22:41:38",18
"2019-08-12 23:41:39",18
"2019-08-13 00:41:37",18
"2019-08-13 01:41:40",18
"2019-08-13 02:41:42",18
"2019-08-13 03:41:39",18
"2019-08-13 04:41:36",18
"2019-08-13 05:41:39",18
"2019-08-13 06:41:36",18
"2019-08-13 07:41:38",18
"2019-08-13 08:41:36",18
"2019-08-13 09:41:38",18
"2019-08-13 10:41:39",18
"2019-08-13 11:41:38",18
"2019-08-13 12:41:39",18
"2019-08-13 13:41:39",18
"2019-08-13 14:41:38",18
"2019-08-13 15:41:42",18
"2019-08-13 16:41:39",18
"2019-08-13 17:41:37",18
"2019-08-13 18:41:39",18
"2019-08-13 19:41:38",18
"2019-08-13 20:41:38",18
"2019-08-13 21:41:38",18
"2019-08-13 22:41:45",18
"2019-08-13 23:41:37",18
"2019-08-14 00:41:40",18
"2019-08-14 01:41:39",18
"2019-08-14 02:41:39",18
"2019-08-14 03:41:37",18
"2019-08-14 04:41:37",18
"2019-08-14 05:41:44",18
"2019-08-14 06:41:38",18
"2019-08-14 07:41:37",18
"2019-08-14 08:41:36",18
"2019-08-14 09:41:39",18
"2019-08-14 10:41:35",18
"2019-08-14 11:41:37",18
"2019-08-14 13:04:44",18
"2019-08-14 13:41:40",18
"2019-08-14 14:41:40",18
"2019-08-14 15:41:41",18
"2019-08-14 16:41:39",18
"2019-08-14 17:41:38",18
"2019-08-14 18:41:39",18
"2019-08-14 19:41:40",18
"2019-08-14 20:41:37",18
"2019-08-14 21:41:41",18
"2019-08-14 22:41:38",18
"2019-08-14 23:41:37",18
"2019-08-15 00:41:38",18
"2019-08-15 01:41:38",18
"2019-08-15 02:41:40",18
"2019-08-15 03:41:39",18
"2019-08-15 04:41:39",18
"2019-08-15 05:41:42",18
"2019-08-15 06:41:37",18
"2019-08-15 07:41:37",18
"2019-08-15 08:41:52",18
"2019-08-15 09:41:38",18
"2019-08-15 10:41:38",18
"2019-08-15 11:41:37",18
"2019-08-15 13:04:43",18
"2019-08-15 13:41:43",18
"2019-08-15 14:41:39",18
"2019-08-15 15:41:37",18
"2019-08-15 16:41:46",18
"2019-08-15 17:41:36",18
"2019-08-15 18:41:38",19
"2019-08-15 19:41:37",19
"2019-08-15 20:41:38",19
"2019-08-15 21:41:37",19
"2019-08-15 22:41:36",19
"2019-08-15 23:41:41",19
"2019-08-16 00:41:37",19
"2019-08-16 01:41:45",19
"2019-08-16 02:41:39",19
"2019-08-16 03:41:39",19
"2019-08-16 04:41:36",19
"2019-08-16 05:41:52",19
"2019-08-16 06:41:36",19
"2019-08-16 07:41:37",19
"2019-08-16 08:41:38",19
"2019-08-16 09:41:36",19
"2019-08-16 10:41:37",19
"2019-08-16 11:41:36",19
"2019-08-16 12:41:37",19
"2019-08-16 13:41:39",19
"2019-08-16 14:41:38",19
"2019-08-16 15:41:39",19
"2019-08-16 16:41:39",19
"2019-08-16 18:41:38",19
"2019-08-16 19:41:40",19
"2019-08-16 20:41:41",19
"2019-08-16 21:41:39",19
"2019-08-16 22:41:41",19
"2019-08-16 23:41:38",19
"2019-08-17 00:41:40",19
"2019-08-17 01:41:41",19
"2019-08-17 02:41:49",19
"2019-08-17 03:41:39",19
"2019-08-17 04:41:40",19
"2019-08-17 05:41:39",19
"2019-08-17 06:41:39",19
"2019-08-17 07:41:39",19
"2019-08-17 08:41:40",19
"2019-08-17 09:41:39",19
"2019-08-17 10:41:38",19
"2019-08-17 11:41:38",19
"2019-08-17 12:41:38",19
"2019-08-17 13:41:40",19
"2019-08-17 14:41:51",19
"2019-08-17 15:41:40",19
"2019-08-17 16:41:39",19
"2019-08-17 17:41:38",19
"2019-08-17 18:41:38",19
"2019-08-17 19:41:38",19
"2019-08-17 20:41:41",19
"2019-08-17 21:41:38",19
"2019-08-17 22:41:38",19
"2019-08-17 23:41:38",19
"2019-08-18 00:41:39",19
"2019-08-18 01:41:38",19
"2019-08-18 02:41:40",19
"2019-08-18 03:41:39",19
"2019-08-18 04:41:38",19
"2019-08-18 05:41:43",19
"2019-08-18 06:41:54",19
"2019-08-18 07:41:40",19
"2019-08-18 08:41:41",19
"2019-08-18 09:41:41",19
"2019-08-18 10:41:38",19
"2019-08-18 11:41:39",19
"2019-08-18 12:41:40",19
"2019-08-18 13:41:40",19
"2019-08-18 14:41:39",19
"2019-08-18 15:41:40",19
"2019-08-18 16:41:41",19
"2019-08-18 17:41:39",19
"2019-08-18 18:41:39",19
"2019-08-18 19:41:40",19
"2019-08-18 20:41:40",19
"2019-08-18 21:41:46",19
"2019-08-18 22:41:41",19
"2019-08-18 23:41:39",19
"2019-08-19 00:41:40",19
"2019-08-19 01:41:41",19
"2019-08-19 02:41:40",19
"2019-08-19 03:41:38",19
"2019-08-19 04:41:39",19
"2019-08-19 05:41:40",19
"2019-08-19 06:41:41",19
"2019-08-19 07:41:50",19
"2019-08-19 08:41:39",19
"2019-08-19 09:41:45",19
"2019-08-19 10:41:40",19
"2019-08-19 11:41:38",19
"2019-08-19 12:41:43",19
"2019-08-19 13:41:40",19
"2019-08-19 14:41:37",19
"2019-08-19 15:41:38",19
"2019-08-19 16:41:37",19
"2019-08-19 17:41:38",19
"2019-08-19 18:41:39",19
"2019-08-19 19:41:38",19
"2019-08-19 20:41:37",19
"2019-08-19 21:41:38",19
"2019-08-19 22:41:37",19
"2019-08-19 23:41:38",19
"2019-08-20 00:41:40",19
"2019-08-20 01:41:38",19
"2019-08-20 02:41:39",19
"2019-08-20 03:41:37",19
"2019-08-20 04:41:38",19
"2019-08-20 05:41:45",19
"2019-08-20 06:41:42",19
"2019-08-20 07:41:37",19
"2019-08-20 08:41:37",19
"2019-08-20 09:41:37",19
"2019-08-20 10:41:56",19
"2019-08-20 11:41:37",19
"2019-08-20 13:03:42",19
"2019-08-20 13:41:45",19
"2019-08-20 14:41:39",19
"2019-08-20 15:41:38",19
"2019-08-20 16:41:40",19
"2019-08-20 17:41:39",19
"2019-08-20 18:41:39",19
"2019-08-20 19:41:39",19
"2019-08-20 20:41:39",19
"2019-08-20 21:41:41",19
"2019-08-20 22:41:40",19
"2019-08-20 23:41:39",19
"2019-08-21 00:41:39",19
"2019-08-21 01:41:40",19
"2019-08-21 02:41:43",19
"2019-08-21 03:41:42",19
"2019-08-21 04:41:39",19
"2019-08-21 05:41:40",19
"2019-08-21 06:41:42",19
"2019-08-21 07:41:39",19
"2019-08-21 08:41:39",19
"2019-08-21 09:41:39",19
"2019-08-21 10:41:38",19
"2019-08-21 11:41:38",19
"2019-08-21 12:41:38",19
"2019-08-21 13:41:40",19
"2019-08-21 14:41:39",19
"2019-08-21 15:41:41",19
"2019-08-21 16:41:54",19
"2019-08-21 17:41:39",19
"2019-08-21 18:41:39",19
"2019-08-21 19:41:40",19
"2019-08-21 20:41:39",18
"2019-08-21 21:41:40",18
"2019-08-21 22:41:42",18
"2019-08-21 23:41:40",18
"2019-08-22 00:41:41",18
"2019-08-22 01:41:39",18
"2019-08-22 02:41:41",18
"2019-08-22 03:41:39",18
"2019-08-22 04:41:39",18
"2019-08-22 05:41:41",18
"2019-08-22 06:41:39",18
"2019-08-22 07:41:39",18
"2019-08-22 08:41:40",18
"2019-08-22 09:41:40",18
"2019-08-22 10:41:40",18
"2019-08-22 11:41:41",18
"2019-08-22 12:41:40",18
"2019-08-22 13:41:40",18
"2019-08-22 14:41:43",18
"2019-08-22 15:41:41",18
"2019-08-22 16:41:43",18
"2019-08-22 17:41:42",18
"2019-08-22 18:41:42",18
"2019-08-22 19:41:41",18
"2019-08-22 20:41:41",19
"2019-08-22 21:41:42",19
"2019-08-22 22:41:40",19
"2019-08-22 23:41:41",19
"2019-08-23 00:41:43",19
"2019-08-23 01:41:45",19
"2019-08-23 02:41:43",19
"2019-08-23 03:41:40",19
"2019-08-23 04:41:39",19
"2019-08-23 05:41:41",19
"2019-08-23 06:41:41",19
"2019-08-23 07:41:40",19
"2019-08-23 08:41:42",19
"2019-08-23 09:41:39",19
"2019-08-23 10:41:43",19
"2019-08-23 11:41:39",19
"2019-08-23 12:41:42",19
"2019-08-23 13:41:41",19
"2019-08-23 14:41:40",18
"2019-08-23 15:41:42",18
"2019-08-23 16:41:43",18
"2019-08-23 17:41:39",18
"2019-08-23 18:41:42",18
"2019-08-23 19:41:42",18
"2019-08-23 20:41:39",18
"2019-08-23 21:41:40",18
"2019-08-23 22:41:46",18
"2019-08-23 23:41:40",18
"2019-08-24 00:41:40",18
"2019-08-24 01:41:39",18
"2019-08-24 02:41:57",18
"2019-08-24 03:41:39",18
"2019-08-24 04:41:38",18
"2019-08-24 05:41:42",18
"2019-08-24 06:41:41",18
"2019-08-24 07:41:43",18
"2019-08-24 08:41:40",18
"2019-08-24 09:41:40",18
"2019-08-24 10:41:40",18
"2019-08-24 11:41:39",18
"2019-08-24 12:41:42",18
"2019-08-24 13:41:39",18
"2019-08-24 14:41:40",18
"2019-08-24 15:41:40",18
"2019-08-24 16:41:45",18
"2019-08-24 17:41:39",18
"2019-08-24 18:41:42",18
"2019-08-24 19:41:39",18
"2019-08-24 20:41:40",18
"2019-08-24 21:41:39",18
"2019-08-24 22:41:40",18
"2019-08-24 23:41:39",18
"2019-08-25 00:41:38",18
"2019-08-25 01:41:43",18
"2019-08-25 02:41:49",18
"2019-08-25 03:41:38",18
"2019-08-25 04:41:39",18
"2019-08-25 05:41:39",18
"2019-08-25 06:41:39",18
"2019-08-25 07:41:39",18
"2019-08-25 08:41:41",18
"2019-08-25 09:41:38",18
"2019-08-25 10:41:39",18
"2019-08-25 11:41:41",18
"2019-08-25 12:41:40",18
"2019-08-25 13:41:39",18
"2019-08-25 14:41:39",18
"2019-08-25 15:41:41",18
"2019-08-25 16:41:44",18
"2019-08-25 17:41:38",18
"2019-08-25 18:41:38",18
"2019-08-25 19:41:41",18
"2019-08-25 20:41:40",18
"2019-08-25 21:41:40",18
"2019-08-25 22:41:38",18
"2019-08-25 23:41:40",18
"2019-08-26 00:41:39",18
"2019-08-26 01:41:37",18
"2019-08-26 02:41:44",18
"2019-08-26 03:41:39",18
"2019-08-26 04:41:39",18
"2019-08-26 05:41:40",18
"2019-08-26 06:41:39",18
"2019-08-26 07:41:40",18
"2019-08-26 08:41:39",18
"2019-08-26 09:41:39",18
"2019-08-26 10:41:41",18
"2019-08-26 11:41:38",18
"2019-08-26 12:41:42",18
"2019-08-26 13:41:39",18
"2019-08-26 14:41:39",18
"2019-08-26 15:41:40",18
"2019-08-26 16:41:43",18
"2019-08-26 17:41:39",18
"2019-08-26 18:41:39",18
"2019-08-26 19:41:42",18
"2019-08-26 20:41:39",18
"2019-08-26 21:41:41",18
"2019-08-26 22:41:39",18
"2019-08-26 23:41:38",18
"2019-08-27 00:41:39",18
"2019-08-27 01:41:40",18
"2019-08-27 02:41:44",18
"2019-08-27 03:41:39",18
"2019-08-27 04:41:39",18
"2019-08-27 05:41:42",18
"2019-08-27 06:41:41",18
"2019-08-27 07:41:39",18
"2019-08-27 08:41:42",18
"2019-08-27 09:41:39",18
"2019-08-27 10:41:38",18
"2019-08-27 11:41:43",18
"2019-08-27 12:41:41",18
"2019-08-27 13:41:54",18
"2019-08-27 14:41:39",18
"2019-08-27 15:41:42",19
"2019-08-27 16:41:43",19
"2019-08-27 17:41:38",19
"2019-08-27 18:41:39",19
"2019-08-27 19:41:41",19
"2019-08-27 20:41:39",19
"2019-08-27 21:41:41",19
"2019-08-27 22:41:40",19
"2019-08-27 23:41:42",19
"2019-08-28 00:41:45",19
"2019-08-28 01:41:41",19
"2019-08-28 02:41:45",19
"2019-08-28 03:41:48",19
"2019-08-28 04:41:41",19
"2019-08-28 05:41:42",19
"2019-08-28 06:41:41",19
"2019-08-28 07:41:43",19
"2019-08-28 08:41:39",19
"2019-08-28 09:41:42",19
"2019-08-28 10:41:41",19
"2019-08-28 11:41:43",19
"2019-08-28 12:41:41",19
"2019-08-28 13:41:40",19
"2019-08-28 14:41:39",18
"2019-08-28 15:41:38",18
"2019-08-28 16:41:52",18
"2019-08-28 17:41:39",18
"2019-08-28 18:41:39",18
"2019-08-28 19:41:40",18
"2019-08-28 20:41:40",18
"2019-08-28 21:41:39",18
"2019-08-28 22:41:40",18
"2019-08-28 23:41:42",18
"2019-08-29 00:41:38",18
"2019-08-29 01:41:40",18
"2019-08-29 02:41:42",18
"2019-08-29 03:41:39",18
"2019-08-29 04:41:39",18
"2019-08-29 05:41:49",18
"2019-08-29 06:41:38",18
"2019-08-29 07:41:40",18
"2019-08-29 08:41:40",18
"2019-08-29 09:41:41",18
"2019-08-29 10:41:37",18
"2019-08-29 11:41:37",18
"2019-08-29 12:41:40",18
"2019-08-29 13:41:40",18
"2019-08-29 14:41:38",18
"2019-08-29 15:41:38",18
"2019-08-29 16:41:43",18
"2019-08-29 17:41:38",18
"2019-08-29 18:41:38",18
"2019-08-29 19:41:35",18
"2019-08-29 20:41:39",18
"2019-08-29 21:41:38",18
"2019-08-29 22:41:37",18
"2019-08-29 23:41:38",18
"2019-08-30 00:41:40",18
"2019-08-30 01:41:41",18
"2019-08-30 02:41:39",18
"2019-08-30 03:41:39",18
"2019-08-30 04:41:40",18
"2019-08-30 05:41:44",18
"2019-08-30 06:41:37",18
"2019-08-30 07:41:37",18
"2019-08-30 08:41:36",18
"2019-08-30 09:41:37",18
"2019-08-30 10:41:36",18
"2019-08-30 11:41:36",18
"2019-08-30 12:41:38",18
"2019-08-30 13:41:37",18
"2019-08-30 14:41:37",19
"2019-08-30 15:41:38",19
"2019-08-30 16:41:39",19
"2019-08-30 17:41:38",19
"2019-08-30 18:41:37",19
"2019-08-30 19:41:36",19
"2019-08-30 20:41:45",19
"2019-08-30 21:41:44",19
"2019-08-30 22:41:46",19
"2019-08-30 23:41:44",19
"2019-08-31 00:41:44",19
"2019-08-31 01:41:46",19
"2019-08-31 02:41:44",19
"2019-08-31 03:41:45",19
"2019-08-31 04:41:44",19
"2019-08-31 23:41:52",19
"2019-09-01 00:41:46",19
"2019-09-01 01:41:44",19
"2019-09-01 02:41:46",19
"2019-09-01 03:41:45",19
"2019-09-01 04:41:45",19
"2019-09-01 05:41:44",19
"2019-09-01 06:41:44",19
"2019-09-01 07:41:43",19
"2019-09-01 08:41:45",19
"2019-09-01 09:41:44",19
"2019-09-01 10:41:45",19
"2019-09-01 11:41:43",19
"2019-09-01 12:41:45",19
"2019-09-01 13:41:44",19
"2019-09-01 14:41:45",19
"2019-09-01 15:41:44",19
"2019-09-01 16:41:49",19
"2019-09-01 17:41:47",19
"2019-09-01 18:41:45",19
"2019-09-01 19:41:43",19
"2019-09-01 20:41:44",19
"2019-09-01 21:41:44",19
"2019-09-01 22:41:45",19
"2019-09-01 23:41:45",19
"2019-09-02 00:41:44",19
"2019-09-02 01:41:43",19
"2019-09-02 02:41:44",19
"2019-09-02 03:41:45",19
"2019-09-02 04:41:45",19
"2019-09-02 05:41:51",19
"2019-09-02 06:41:46",19
"2019-09-02 07:41:47",19
"2019-09-02 08:41:44",19
"2019-09-02 09:41:45",19
"2019-09-02 10:41:50",19
"2019-09-02 11:41:45",19
"2019-09-02 12:41:43",19
"2019-09-02 13:41:45",19
"2019-09-02 14:41:44",19
"2019-09-02 15:41:44",19
"2019-09-02 16:41:51",19
"2019-09-02 17:41:43",19
"2019-09-02 18:41:46",19
"2019-09-02 19:41:44",19
"2019-09-02 20:41:44",19
"2019-09-02 21:41:45",19
"2019-09-02 22:41:46",19
"2019-09-02 23:41:45",19
"2019-09-03 00:41:44",19
"2019-09-03 01:41:46",19
"2019-09-03 02:41:47",19
"2019-09-03 03:41:44",19
"2019-09-03 04:41:44",19
"2019-09-03 05:41:50",19
"2019-09-03 06:41:46",19
"2019-09-03 07:41:44",19
"2019-09-03 08:41:50",19
"2019-09-03 09:41:44",19
"2019-09-03 10:41:48",19
"2019-09-03 11:41:44",19
"2019-09-03 13:05:50",19
"2019-09-03 13:41:50",19
"2019-09-03 14:41:46",20
"2019-09-03 15:41:45",20
"2019-09-03 16:41:49",20
"2019-09-03 17:41:45",20
"2019-09-03 18:41:44",20
"2019-09-03 19:41:43",20
"2019-09-03 20:41:45",20
"2019-09-03 21:41:44",20
"2019-09-03 22:41:49",20
"2019-09-03 23:41:44",20
"2019-09-04 00:41:47",20
"2019-09-04 01:41:46",20
"2019-09-04 02:41:45",20
"2019-09-04 03:41:44",20
"2019-09-04 04:41:43",20
"2019-09-04 05:41:50",20
"2019-09-04 06:41:46",20
"2019-09-04 07:41:44",20
"2019-09-04 08:41:44",20
"2019-09-04 09:41:45",20
"2019-09-04 10:41:45",20
"2019-09-04 11:41:44",20
"2019-09-04 13:04:51",20
"2019-09-04 13:41:46",20
"2019-09-04 14:41:46",20
"2019-09-04 15:41:46",20
"2019-09-04 16:41:52",20
"2019-09-04 17:41:45",20
"2019-09-04 18:41:47",20
"2019-09-04 19:41:46",20
"2019-09-04 20:41:45",20
"2019-09-04 21:41:44",20
"2019-09-04 22:41:45",20
"2019-09-04 23:41:46",20
"2019-09-05 01:41:45",20
"2019-09-05 02:41:50",20
"2019-09-05 03:41:44",20
"2019-09-05 04:41:46",20
"2019-09-05 05:41:51",20
"2019-09-05 06:41:44",20
"2019-09-05 07:41:49",20
"2019-09-05 08:41:46",20
"2019-09-05 09:41:44",20
"2019-09-05 10:41:50",20
"2019-09-05 11:41:45",20
"2019-09-05 13:05:49",20
"2019-09-05 13:41:46",20
"2019-09-05 14:41:49",20
"2019-09-05 15:41:46",20
"2019-09-05 16:41:57",20
"2019-09-05 17:41:47",20
"2019-09-05 18:41:45",20
"2019-09-05 19:41:44",20
"2019-09-05 20:41:48",20
"2019-09-05 21:41:46",20
"2019-09-05 22:41:47",20
"2019-09-05 23:41:48",20
"2019-09-06 00:41:46",20
"2019-09-06 01:41:46",20
"2019-09-06 02:41:46",20
"2019-09-06 03:41:44",20
"2019-09-06 04:41:44",20
"2019-09-06 05:41:55",20
"2019-09-06 06:41:46",20
"2019-09-06 07:41:47",20
"2019-09-06 08:41:45",20
"2019-09-06 09:41:46",20
"2019-09-06 10:41:46",20
"2019-09-06 11:41:58",20
"2019-09-06 13:04:50",20
"2019-09-06 13:41:46",20
"2019-09-06 14:41:44",21
"2019-09-06 15:41:45",21
"2019-09-06 16:41:52",21
"2019-09-06 17:41:45",21
"2019-09-06 18:41:48",22
"2019-09-06 19:41:45",22
"2019-09-06 20:41:46",22
"2019-09-06 21:41:46",22
"2019-09-06 22:41:46",22
"2019-09-06 23:41:45",22
"2019-09-07 00:41:45",22
"2019-09-07 01:41:48",22
"2019-09-07 02:41:46",22
"2019-09-07 03:41:47",22
"2019-09-07 04:41:46",22
"2019-09-07 05:42:04",22
"2019-09-07 06:41:45",22
"2019-09-07 07:41:44",22
"2019-09-07 08:41:44",22
"2019-09-07 09:41:45",22
"2019-09-07 10:41:48",22
"2019-09-07 11:41:46",22
"2019-09-07 12:41:44",22
"2019-09-07 13:41:46",22
"2019-09-07 14:41:45",22
"2019-09-07 15:41:46",22
"2019-09-07 16:41:45",22
"2019-09-07 17:41:46",22
"2019-09-07 18:41:45",22
"2019-09-07 19:41:44",22
"2019-09-07 20:41:45",22
"2019-09-07 22:41:44",22
"2019-09-07 23:41:47",22
"2019-09-08 00:41:46",22
"2019-09-08 01:41:47",22
"2019-09-08 02:41:49",22
"2019-09-08 03:41:46",22
"2019-09-08 04:41:46",22
"2019-09-08 05:41:47",22
"2019-09-08 06:41:46",22
"2019-09-08 07:41:45",22
"2019-09-08 08:41:46",22
"2019-09-08 09:41:44",22
"2019-09-08 10:41:49",22
"2019-09-08 11:41:45",22
"2019-09-08 12:41:45",22
"2019-09-08 13:41:47",22
"2019-09-08 14:41:46",22
"2019-09-08 15:41:45",22
"2019-09-08 16:41:50",22
"2019-09-08 17:41:46",22
"2019-09-08 18:41:45",22
"2019-09-08 19:41:51",22
"2019-09-08 20:41:48",22
"2019-09-08 21:41:46",22
"2019-09-08 22:41:45",22
"2019-09-08 23:41:45",22
"2019-09-09 00:41:45",22
"2019-09-09 01:41:45",22
"2019-09-09 02:41:46",22
"2019-09-09 03:41:46",22
"2019-09-09 04:41:45",22
"2019-09-09 05:41:51",22
"2019-09-09 06:41:45",22
"2019-09-09 07:41:45",22
"2019-09-09 08:41:45",22
"2019-09-09 09:41:44",22
"2019-09-09 10:41:45",22
"2019-09-09 11:41:46",22
"2019-09-09 13:04:50",22
"2019-09-09 13:41:48",22
"2019-09-09 14:41:52",22
"2019-09-09 15:41:46",23
"2019-09-09 16:41:55",23
"2019-09-09 17:41:45",23
"2019-09-09 18:41:45",23
"2019-09-09 19:41:46",23
"2019-09-09 20:41:45",23
"2019-09-09 21:41:46",23
"2019-09-09 22:41:44",23
"2019-09-09 23:41:45",23
"2019-09-10 00:41:46",23
"2019-09-10 01:41:46",23
"2019-09-10 02:41:47",23
"2019-09-10 03:41:46",23
"2019-09-10 04:41:46",23
"2019-09-10 05:41:47",23
"2019-09-10 06:41:46",23
"2019-09-10 07:41:44",23
"2019-09-10 08:41:47",23
"2019-09-10 09:41:55",23
"2019-09-10 10:41:46",23
"2019-09-10 11:41:45",23
"2019-09-10 12:41:46",23
"2019-09-10 13:41:46",23
"2019-09-10 14:41:45",23
"2019-09-10 15:41:45",23
"2019-09-10 16:41:47",23
"2019-09-10 17:41:46",23
"2019-09-10 18:41:45",23
"2019-09-10 19:41:52",23
"2019-09-10 20:41:44",23
"2019-09-10 21:41:46",23
"2019-09-10 22:41:45",23
"2019-09-10 23:41:46",23
"2019-09-11 00:41:45",23
"2019-09-11 01:41:46",23
"2019-09-11 02:41:45",23
"2019-09-11 03:41:44",23
"2019-09-11 04:41:45",23
"2019-09-11 05:41:49",23
"2019-09-11 06:41:47",23
"2019-09-11 07:41:44",23
"2019-09-11 08:41:45",23
"2019-09-11 09:41:47",23
"2019-09-11 10:41:55",23
"2019-09-11 11:41:50",23
"2019-09-11 12:41:46",23
"2019-09-11 13:41:48",23
"2019-09-11 14:41:46",23
"2019-09-11 15:41:45",23
"2019-09-11 16:41:46",23
"2019-09-11 17:41:45",23
"2019-09-11 18:41:46",23
"2019-09-11 19:41:46",23
"2019-09-11 20:41:45",22
"2019-09-11 21:41:51",22
"2019-09-11 22:41:45",22
"2019-09-11 23:41:45",22
"2019-09-12 00:41:46",22
"2019-09-12 01:41:46",22
"2019-09-12 02:41:52",22
"2019-09-12 03:41:46",22
"2019-09-12 04:41:44",22
"2019-09-12 05:41:50",22
"2019-09-12 06:41:46",22
"2019-09-12 07:41:45",22
"2019-09-12 08:41:44",22
"2019-09-12 09:41:45",22
"2019-09-12 10:41:55",22
"2019-09-12 11:41:47",22
"2019-09-12 13:05:51",22
"2019-09-12 13:41:46",22
"2019-09-12 14:41:49",22
"2019-09-12 15:41:48",22
"2019-09-12 16:41:47",22
"2019-09-12 17:41:45",22
"2019-09-12 18:41:45",22
"2019-09-12 19:41:45",22
"2019-09-12 20:41:44",22
"2019-09-12 21:41:43",22
"2019-09-12 22:41:45",22
"2019-09-12 23:41:45",22
"2019-09-13 00:41:44",22
"2019-09-13 01:41:47",22
"2019-09-13 02:41:45",22
"2019-09-13 03:41:46",22
"2019-09-13 04:41:44",22
"2019-09-13 05:41:45",22
"2019-09-13 06:41:46",22
"2019-09-13 07:41:44",22
"2019-09-13 08:41:46",22
"2019-09-13 09:41:44",22
"2019-09-13 10:41:46",22
"2019-09-13 11:41:45",22
"2019-09-13 13:05:48",22
"2019-09-13 14:06:50",22
"2019-09-13 14:41:46",22
"2019-09-13 15:41:45",22
"2019-09-13 16:41:45",22
"2019-09-13 17:41:44",22
"2019-09-13 18:41:44",22
"2019-09-13 19:41:45",22
"2019-09-13 20:41:42",22
"2019-09-13 21:41:47",22
"2019-09-13 22:41:44",22
"2019-09-13 23:41:44",22
"2019-09-14 00:41:47",22
"2019-09-14 01:41:43",22
"2019-09-14 02:41:45",22
"2019-09-14 03:41:45",22
"2019-09-14 04:41:43",22
"2019-09-14 05:41:44",22
"2019-09-14 06:41:44",22
"2019-09-14 07:41:44",22
"2019-09-14 08:41:44",22
"2019-09-14 09:41:43",22
"2019-09-14 10:41:45",22
"2019-09-14 11:41:42",22
"2019-09-14 12:41:44",22
"2019-09-14 13:41:43",22
"2019-09-14 14:41:44",22
"2019-09-14 15:41:42",22
"2019-09-14 16:41:45",22
"2019-09-14 17:41:44",22
"2019-09-14 18:41:42",22
"2019-09-14 19:41:43",22
"2019-09-14 20:41:42",22
"2019-09-14 21:41:45",22
"2019-09-14 22:41:44",22
"2019-09-14 23:41:44",22
"2019-09-15 00:41:45",22
"2019-09-15 01:41:43",22
"2019-09-15 02:41:46",22
"2019-09-15 03:41:45",22
"2019-09-15 04:41:45",22
"2019-09-15 05:41:43",22
"2019-09-15 06:41:47",22
"2019-09-15 07:41:46",22
"2019-09-15 08:41:46",22
"2019-09-15 09:41:44",22
"2019-09-15 10:41:45",22
"2019-09-15 11:41:45",22
"2019-09-15 12:41:46",22
"2019-09-15 13:41:45",22
"2019-09-15 14:41:44",22
"2019-09-15 15:41:43",22
"2019-09-15 16:41:45",22
"2019-09-15 17:41:42",22
"2019-09-15 18:41:43",22
"2019-09-15 19:41:44",22
"2019-09-15 20:41:43",22
"2019-09-15 21:41:45",22
"2019-09-15 22:41:43",22
"2019-09-15 23:41:43",22
"2019-09-16 00:41:45",22
"2019-09-16 01:41:44",22
"2019-09-16 02:41:45",22
"2019-09-16 03:41:45",22
"2019-09-16 04:41:43",22
"2019-09-16 05:41:45",22
"2019-09-16 06:41:46",22
"2019-09-16 07:41:44",22
"2019-09-16 08:41:45",22
"2019-09-16 09:41:45",22
"2019-09-16 10:41:44",22
"2019-09-16 11:41:42",22
"2019-09-16 13:05:19",22
"2019-09-16 13:41:45",22
"2019-09-16 14:41:47",22
"2019-09-16 15:41:45",22
"2019-09-16 16:41:48",22
"2019-09-16 17:41:45",22
"2019-09-16 18:41:46",22
"2019-09-16 19:41:52",22
"2019-09-16 20:41:48",22
"2019-09-16 21:41:46",22
"2019-09-16 22:41:48",22
"2019-09-16 23:41:46",22
"2019-09-17 00:41:46",22
"2019-09-17 01:41:44",22
"2019-09-17 02:41:47",22
"2019-09-17 03:41:47",22
"2019-09-17 04:41:45",22
"2019-09-17 05:41:45",22
"2019-09-17 06:41:43",22
"2019-09-17 07:41:46",22
"2019-09-17 08:41:44",22
"2019-09-17 09:41:47",22
"2019-09-17 10:41:46",22
"2019-09-17 11:41:44",22
"2019-09-17 12:41:46",22
"2019-09-17 13:41:48",22
"2019-09-17 14:41:47",22
"2019-09-17 15:41:47",22
"2019-09-17 16:41:48",22
"2019-09-17 17:41:45",22
"2019-09-17 18:41:47",22
"2019-09-17 19:41:46",22
"2019-09-17 20:41:46",22
"2019-09-17 21:41:46",22
"2019-09-17 22:41:49",22
"2019-09-17 23:41:47",22
"2019-09-18 00:41:46",22
"2019-09-18 01:41:46",22
"2019-09-18 02:41:45",22
"2019-09-18 03:41:46",22
"2019-09-18 04:41:53",22
"2019-09-18 05:41:46",22
"2019-09-18 06:41:48",22
"2019-09-18 07:41:46",22
"2019-09-18 08:41:48",22
"2019-09-18 09:41:47",22
"2019-09-18 10:41:46",22
"2019-09-18 11:41:46",22
"2019-09-18 13:36:55",23
"2019-09-18 13:44:11",23
"2019-09-18 14:41:47",23
"2019-09-18 15:41:48",23
"2019-09-18 16:41:49",23
"2019-09-18 17:41:46",23
"2019-09-18 18:41:45",23
"2019-09-18 19:41:48",23
"2019-09-18 20:41:46",23
"2019-09-18 21:41:46",23
"2019-09-18 22:41:47",23
"2019-09-18 23:41:49",23
"2019-09-19 00:41:44",23
"2019-09-19 01:41:46",23
"2019-09-19 02:41:49",23
"2019-09-19 03:41:47",23
"2019-09-19 04:41:45",23
"2019-09-19 05:41:47",23
"2019-09-19 06:41:48",23
"2019-09-19 07:41:45",23
"2019-09-19 08:41:47",23
"2019-09-19 09:41:46",23
"2019-09-19 10:41:47",23
"2019-09-19 11:41:44",23
"2019-09-19 13:05:21",23
"2019-09-19 13:41:48",23
"2019-09-19 14:41:45",23
"2019-09-19 15:41:47",23
"2019-09-19 16:41:50",22
"2019-09-19 17:41:47",22
"2019-09-19 18:41:47",22
"2019-09-19 19:41:44",22
"2019-09-19 20:41:48",22
"2019-09-19 21:41:46",22
"2019-09-19 22:41:48",22
"2019-09-19 23:41:45",22
"2019-09-20 00:41:48",22
"2019-09-20 01:41:52",22
"2019-09-20 02:41:44",22
"2019-09-20 03:41:46",22
"2019-09-20 04:41:46",22
"2019-09-20 05:41:48",22
"2019-09-20 06:41:46",22
"2019-09-20 07:41:46",22
"2019-09-20 08:41:47",22
"2019-09-20 09:41:45",22
"2019-09-20 10:41:45",22
"2019-09-20 11:41:46",22
"2019-09-20 12:41:48",22
"2019-09-20 13:41:44",22
"2019-09-20 14:41:46",22
"2019-09-20 15:41:47",22
"2019-09-20 16:41:46",22
"2019-09-20 17:41:49",22
"2019-09-20 18:41:45",22
"2019-09-20 19:41:48",22
"2019-09-20 20:41:44",22
"2019-09-20 21:41:45",22
"2019-09-20 22:41:47",22
"2019-09-20 23:41:44",22
"2019-09-21 00:41:44",22
"2019-09-21 01:41:44",22
"2019-09-21 02:41:46",22
"2019-09-21 03:41:48",22
"2019-09-21 04:41:43",22
"2019-09-21 05:41:46",22
"2019-09-21 06:41:47",22
"2019-09-21 07:41:43",22
"2019-09-21 08:41:44",22
"2019-09-21 09:41:45",22
"2019-09-21 10:41:43",22
"2019-09-21 11:41:45",22
"2019-09-21 12:41:46",22
"2019-09-21 13:41:46",22
"2019-09-21 14:41:44",22
"2019-09-21 15:41:44",22
"2019-09-21 16:41:46",22
"2019-09-21 17:41:45",22
"2019-09-21 18:41:44",22
"2019-09-21 19:41:45",22
"2019-09-21 20:41:44",22
"2019-09-21 21:41:44",22
"2019-09-21 22:41:45",22
"2019-09-21 23:41:46",22
"2019-09-22 00:41:44",22
"2019-09-22 01:41:44",22
"2019-09-22 02:41:45",22
"2019-09-22 03:41:45",22
"2019-09-22 04:41:46",22
"2019-09-22 05:41:44",22
"2019-09-22 06:41:46",22
"2019-09-22 07:41:47",22
"2019-09-22 08:41:44",22
"2019-09-22 09:41:46",22
"2019-09-22 10:41:44",22
"2019-09-22 11:41:44",22
"2019-09-22 12:41:46",22
"2019-09-22 13:41:44",22
"2019-09-22 14:41:47",22
"2019-09-22 15:41:44",22
"2019-09-22 16:41:46",22
"2019-09-22 17:41:44",22
"2019-09-22 18:41:44",22
"2019-09-22 19:41:46",22
"2019-09-22 20:41:44",22
"2019-09-22 21:41:44",22
"2019-09-22 22:41:44",22
"2019-09-22 23:41:45",22
"2019-09-23 00:41:46",22
"2019-09-23 01:41:44",22
"2019-09-23 02:41:43",22
"2019-09-23 03:41:46",22
"2019-09-23 04:41:44",22
"2019-09-23 05:41:43",22
"2019-09-23 06:41:45",22
"2019-09-23 07:41:44",22
"2019-09-23 08:41:46",22
"2019-09-23 09:41:45",22
"2019-09-23 10:41:44",22
"2019-09-23 11:41:47",22
"2019-09-23 12:41:46",22
"2019-09-23 13:41:44",22
"2019-09-23 14:41:47",22
"2019-09-23 15:41:44",22
"2019-09-23 16:41:46",22
"2019-09-23 17:41:44",22
"2019-09-23 18:41:47",22
"2019-09-23 19:41:44",22
"2019-09-23 20:41:45",22
"2019-09-23 21:41:45",22
"2019-09-23 22:41:46",22
"2019-09-23 23:41:43",22
"2019-09-24 00:41:45",22
"2019-09-24 01:41:44",22
"2019-09-24 02:45:20",22
"2019-09-24 03:41:47",22
"2019-09-24 04:41:45",22
"2019-09-24 05:41:49",22
"2019-09-24 06:41:44",22
"2019-09-24 07:41:45",22
"2019-09-24 08:41:46",22
"2019-09-24 09:41:44",22
"2019-09-24 10:41:45",22
"2019-09-24 11:41:46",22
"2019-09-24 12:41:46",22
"2019-09-24 13:41:44",22
"2019-09-24 14:41:45",22
"2019-09-24 15:41:47",22
"2019-09-24 16:41:46",22
"2019-09-24 17:41:45",22
"2019-09-24 18:41:46",22
"2019-09-24 19:41:43",22
"2019-09-24 20:41:45",22
"2019-09-24 21:41:47",22
"2019-09-24 22:41:44",22
"2019-09-24 23:41:44",22
"2019-09-25 00:41:45",22
"2019-09-25 01:41:48",22
"2019-09-25 02:41:43",22
"2019-09-25 03:41:48",22
"2019-09-25 04:41:47",22
"2019-09-25 05:41:43",22
"2019-09-25 06:41:46",22
"2019-09-25 07:41:47",22
"2019-09-25 08:41:45",22
"2019-09-25 09:41:46",22
"2019-09-25 10:41:46",22
"2019-09-25 11:41:45",22
"2019-09-25 12:41:47",22
"2019-09-25 13:41:48",22
"2019-09-25 14:41:47",22
"2019-09-25 15:41:48",22
"2019-09-25 16:41:46",22
"2019-09-25 17:41:46",22
"2019-09-25 18:41:46",22
"2019-09-25 19:41:47",22
"2019-09-25 20:41:44",22
"2019-09-25 21:41:45",22
"2019-09-25 22:41:44",22
"2019-09-25 23:41:47",22
"2019-09-26 00:41:44",22
"2019-09-26 01:41:45",22
"2019-09-26 02:41:47",22
"2019-09-26 03:41:45",22
"2019-09-26 04:41:49",22
"2019-09-26 05:41:46",22
"2019-09-26 06:41:46",22
"2019-09-26 07:41:44",22
"2019-09-26 08:41:46",22
"2019-09-26 09:41:46",22
"2019-09-26 10:41:44",22
"2019-09-26 11:41:44",22
"2019-09-26 13:04:50",22
"2019-09-26 13:41:51",22
"2019-09-26 14:41:46",22
"2019-09-26 15:41:47",22
"2019-09-26 16:41:48",22
"2019-09-26 17:41:48",22
"2019-09-26 18:41:49",22
"2019-09-26 19:41:47",22
"2019-09-26 20:41:45",22
"2019-09-26 21:41:48",22
"2019-09-26 22:41:47",22
"2019-09-26 23:41:46",22
"2019-09-27 00:41:46",22
"2019-09-27 01:41:43",22
"2019-09-27 02:41:51",22
"2019-09-27 03:41:46",22
"2019-09-27 04:41:45",22
"2019-09-27 05:41:46",22
"2019-09-27 06:41:46",22
"2019-09-27 07:41:49",22
"2019-09-27 08:41:46",22
"2019-09-27 09:41:45",22
"2019-09-27 10:41:47",22
"2019-09-27 11:41:45",22
"2019-09-27 13:05:52",22
"2019-09-27 13:41:49",22
"2019-09-27 14:41:48",22
"2019-09-27 15:41:48",22
"2019-09-27 16:41:48",22
"2019-09-27 17:41:47",22
"2019-09-27 18:41:45",22
"2019-09-27 19:41:48",22
"2019-09-27 20:41:44",22
"2019-09-27 21:41:45",22
"2019-09-27 22:41:50",22
"2019-09-27 23:41:47",22
"2019-09-28 00:41:46",22
"2019-09-28 01:41:48",22
"2019-09-28 02:41:47",22
"2019-09-28 03:41:47",22
"2019-09-28 04:41:47",22
"2019-09-28 05:41:49",22
"2019-09-28 06:41:44",22
"2019-09-28 07:41:48",22
"2019-09-28 08:41:46",22
"2019-09-28 09:41:47",22
"2019-09-28 10:41:44",22
"2019-09-28 11:41:47",22
"2019-09-28 12:41:47",22
"2019-09-28 13:41:49",22
"2019-09-28 14:41:46",22
"2019-09-28 15:41:44",22
"2019-09-28 16:41:48",22
"2019-09-28 17:41:47",22
"2019-09-28 18:41:44",22
"2019-09-28 19:41:45",22
"2019-09-28 20:41:47",22
"2019-09-28 21:41:46",22
"2019-09-28 22:41:47",22
"2019-09-28 23:41:45",22
"2019-09-29 00:41:45",22
"2019-09-29 01:41:47",22
"2019-09-29 02:41:47",22
"2019-09-29 03:41:48",22
"2019-09-29 04:41:46",22
"2019-09-29 05:41:48",22
"2019-09-29 06:41:45",22
"2019-09-29 07:41:47",22
"2019-09-29 08:41:45",22
"2019-09-29 09:41:47",22
"2019-09-29 10:41:45",22
"2019-09-29 11:41:47",22
"2019-09-29 12:41:46",22
"2019-09-29 13:41:45",22
"2019-09-29 14:41:47",22
"2019-09-29 15:41:44",22
"2019-09-29 16:41:47",22
"2019-09-29 17:41:49",22
"2019-09-29 18:41:45",22
"2019-09-29 19:41:49",22
"2019-09-29 20:41:48",22
"2019-09-29 21:41:45",22
"2019-09-29 22:41:46",22
"2019-09-29 23:41:49",22
"2019-09-30 00:41:44",22
"2019-09-30 01:41:47",22
"2019-09-30 02:41:45",22
"2019-09-30 03:41:48",22
"2019-09-30 04:41:45",22
"2019-09-30 05:41:47",22
"2019-09-30 06:41:45",22
"2019-09-30 07:41:48",22
"2019-09-30 08:41:47",22
"2019-09-30 09:41:46",22
"2019-09-30 10:41:45",22
"2019-09-30 11:41:45",22
"2019-09-30 12:41:48",22
"2019-09-30 13:41:46",22
"2019-09-30 14:41:49",22
"2019-09-30 15:41:48",22
"2019-09-30 16:41:53",22
"2019-09-30 17:41:47",22
"2019-09-30 18:41:50",22
"2019-09-30 19:41:47",22
"2019-09-30 20:41:46",22
"2019-09-30 21:41:47",22
"2019-09-30 22:41:45",22
"2019-09-30 23:41:48",22
"2019-10-01 00:41:47",22
"2019-10-01 01:41:45",22
"2019-10-01 02:41:46",22
"2019-10-01 03:41:47",22
"2019-10-01 04:41:44",22
"2019-10-01 05:41:45",22
"2019-10-01 06:41:46",22
"2019-10-01 07:41:48",22
"2019-10-01 08:41:45",22
"2019-10-01 09:41:51",22
"2019-10-01 10:41:46",22
"2019-10-01 11:41:45",22
"2019-10-01 13:04:50",22
"2019-10-01 13:41:47",22
"2019-10-01 14:41:46",22
"2019-10-01 15:41:46",22
"2019-10-01 16:41:48",22
"2019-10-01 17:41:44",22
"2019-10-01 18:41:46",22
"2019-10-01 19:41:46",22
"2019-10-01 20:41:44",22
"2019-10-01 21:41:45",22
"2019-10-01 22:41:46",22
"2019-10-01 23:41:45",22
"2019-10-02 00:41:53",22
"2019-10-02 01:41:45",22
"2019-10-02 02:41:45",22
"2019-10-02 03:41:45",22
"2019-10-02 04:41:48",22
"2019-10-02 05:41:47",22
"2019-10-02 06:41:45",22
"2019-10-02 07:41:45",22
"2019-10-02 08:41:45",22
"2019-10-02 09:41:47",22
"2019-10-02 10:41:44",22
"2019-10-02 11:41:44",22
"2019-10-02 13:05:20",22
"2019-10-02 13:41:46",22
"2019-10-02 14:41:46",22
"2019-10-02 15:41:47",22
"2019-10-02 16:41:44",22
"2019-10-02 17:41:44",22
"2019-10-02 18:41:45",22
"2019-10-02 19:41:46",22
"2019-10-02 20:41:45",22
"2019-10-02 21:41:45",22
"2019-10-02 22:41:47",22
"2019-10-02 23:41:44",22
"2019-10-03 00:41:44",22
"2019-10-03 01:41:44",22
"2019-10-03 02:41:44",22
"2019-10-03 03:41:45",22
"2019-10-03 04:41:45",22
"2019-10-03 05:41:44",22
"2019-10-03 06:41:44",22
"2019-10-03 07:41:46",22
"2019-10-03 08:41:45",22
"2019-10-03 09:41:45",22
"2019-10-03 10:41:47",22
"2019-10-03 11:41:44",22
"2019-10-03 13:05:17",22
"2019-10-03 13:42:25",22
"2019-10-03 14:41:47",22
"2019-10-03 15:41:44",22
"2019-10-03 16:41:45",22
"2019-10-03 17:41:46",22
"2019-10-03 18:41:46",22
"2019-10-03 19:41:45",22
"2019-10-03 20:41:45",22
"2019-10-03 21:41:45",22
"2019-10-03 22:41:45",22
"2019-10-03 23:41:47",22
"2019-10-04 00:41:44",22
"2019-10-04 01:41:44",22
"2019-10-04 02:41:44",22
"2019-10-04 03:41:45",22
"2019-10-04 04:41:45",22
"2019-10-04 05:41:48",22
"2019-10-04 06:41:47",22
"2019-10-04 07:41:45",22
"2019-10-04 08:41:45",22
"2019-10-04 09:41:45",22
"2019-10-04 10:41:46",22
"2019-10-04 11:41:44",22
"2019-10-04 12:41:45",22
"2019-10-04 13:41:47",22
"2019-10-04 14:41:44",22
"2019-10-04 15:41:44",22
"2019-10-04 16:41:47",22
"2019-10-04 17:41:44",22
"2019-10-04 18:41:45",22
"2019-10-04 19:41:45",22
"2019-10-04 20:41:45",22
"2019-10-04 21:41:45",22
"2019-10-04 22:41:44",22
"2019-10-04 23:41:44",22
"2019-10-05 00:41:46",22
"2019-10-05 01:41:44",22
"2019-10-05 02:41:44",22
"2019-10-05 03:41:44",22
"2019-10-05 04:41:43",22
"2019-10-05 05:41:48",22
"2019-10-05 06:41:44",22
"2019-10-05 07:41:44",22
"2019-10-05 08:41:46",22
"2019-10-05 09:41:44",22
"2019-10-05 10:41:44",22
"2019-10-05 11:41:45",22
"2019-10-05 12:41:45",22
"2019-10-05 13:41:46",22
"2019-10-05 14:41:45",22
"2019-10-05 15:41:44",22
"2019-10-05 16:41:45",22
"2019-10-05 17:41:48",22
"2019-10-05 18:41:45",22
"2019-10-05 19:41:44",22
"2019-10-05 20:41:46",22
"2019-10-05 21:41:44",22
"2019-10-05 22:41:45",22
"2019-10-05 23:41:45",22
"2019-10-06 00:41:45",22
"2019-10-06 01:41:45",22
"2019-10-06 02:41:48",22
"2019-10-06 03:41:46",22
"2019-10-06 04:41:45",22
"2019-10-06 05:41:45",22
"2019-10-06 06:41:48",22
"2019-10-06 07:41:45",22
"2019-10-06 08:41:47",22
"2019-10-06 09:41:45",22
"2019-10-06 10:41:45",22
"2019-10-06 11:41:45",22
"2019-10-06 12:41:46",22
"2019-10-06 13:41:44",22
"2019-10-06 14:41:46",22
"2019-10-06 15:41:44",22
"2019-10-06 16:41:44",22
"2019-10-06 17:41:45",22
"2019-10-06 18:41:47",22
"2019-10-06 19:41:47",22
"2019-10-06 20:41:44",22
"2019-10-06 21:41:44",22
"2019-10-06 22:41:43",22
"2019-10-06 23:41:44",22
"2019-10-07 00:41:44",22
"2019-10-07 01:41:45",22
"2019-10-07 02:41:46",22
"2019-10-07 03:41:44",22
"2019-10-07 04:41:45",22
"2019-10-07 05:41:45",22
"2019-10-07 06:41:45",22
"2019-10-07 07:41:45",22
"2019-10-07 08:41:44",22
"2019-10-07 09:41:49",22
"2019-10-07 10:41:45",22
"2019-10-07 11:41:44",22
"2019-10-07 12:41:51",22
"2019-10-07 13:41:47",22
"2019-10-07 14:41:45",22
"2019-10-07 15:41:46",22
"2019-10-07 16:41:47",22
"2019-10-07 17:41:46",22
"2019-10-07 18:41:46",22
"2019-10-07 19:41:47",22
"2019-10-07 20:41:45",22
"2019-10-07 21:41:45",22
"2019-10-07 22:41:45",22
"2019-10-07 23:41:48",22
"2019-10-08 00:41:45",22
"2019-10-08 01:41:45",22
"2019-10-08 02:41:45",22
"2019-10-08 03:41:48",22
"2019-10-08 04:41:46",22
"2019-10-08 05:41:45",22
"2019-10-08 06:41:47",22
"2019-10-08 07:41:46",22
"2019-10-08 08:41:46",22
"2019-10-08 09:41:47",22
"2019-10-08 10:41:47",22
"2019-10-08 11:41:45",22
"2019-10-08 12:41:45",22
"2019-10-08 13:41:47",22
"2019-10-08 14:41:45",22
"2019-10-08 15:41:46",22
"2019-10-08 16:41:48",22
"2019-10-08 17:41:48",22
"2019-10-08 18:41:47",22
"2019-10-08 19:41:47",22
"2019-10-08 20:41:45",22
"2019-10-08 21:41:46",22
"2019-10-08 22:41:46",22
"2019-10-08 23:41:46",22
"2019-10-09 00:41:46",22
"2019-10-09 01:41:46",22
"2019-10-09 02:41:46",22
"2019-10-09 03:41:45",22
"2019-10-09 04:41:48",22
"2019-10-09 05:41:45",22
"2019-10-09 06:41:46",22
"2019-10-09 07:41:49",22
"2019-10-09 08:41:46",22
"2019-10-09 09:41:45",22
"2019-10-09 10:41:47",22
"2019-10-09 11:41:45",22
"2019-10-09 12:41:49",22
"2019-10-09 13:41:47",22
"2019-10-09 14:41:46",22
"2019-10-09 15:41:50",22
"2019-10-09 16:41:47",22
"2019-10-09 17:41:51",22
"2019-10-09 18:41:48",22
"2019-10-09 19:41:49",22
"2019-10-09 20:41:46",22
"2019-10-09 21:41:45",22
"2019-10-09 22:41:46",22
"2019-10-09 23:41:46",22
"2019-10-10 00:41:48",22
"2019-10-10 01:41:45",22
"2019-10-10 02:41:47",22
"2019-10-10 03:41:46",22
"2019-10-10 04:41:46",22
"2019-10-10 05:41:50",22
"2019-10-10 06:41:46",22
"2019-10-10 07:41:48",22
"2019-10-10 08:41:46",22
"2019-10-10 09:41:46",22
"2019-10-10 10:41:46",22
"2019-10-10 11:41:47",22
"2019-10-10 13:04:51",22
"2019-10-10 13:41:47",22
"2019-10-10 14:41:46",22
"2019-10-10 15:41:46",22
"2019-10-10 16:41:46",22
"2019-10-10 17:41:46",22
"2019-10-10 18:41:46",22
"2019-10-10 19:41:47",22
"2019-10-10 20:41:47",22
"2019-10-10 21:41:47",22
"2019-10-10 22:41:46",22
"2019-10-10 23:41:57",22
"2019-10-11 00:41:47",22
"2019-10-11 01:41:47",22
"2019-10-11 02:41:47",22
"2019-10-11 03:41:50",22
"2019-10-11 04:41:47",22
"2019-10-11 05:41:46",22
"2019-10-11 06:41:48",22
"2019-10-11 07:41:47",22
"2019-10-11 08:41:47",22
"2019-10-11 09:41:50",22
"2019-10-11 10:41:46",22
"2019-10-11 11:41:47",22
"2019-10-11 13:05:21",22
"2019-10-11 13:41:49",22
"2019-10-11 14:41:46",21
"2019-10-11 15:41:51",21
"2019-10-11 16:41:48",21
"2019-10-11 17:41:47",21
"2019-10-11 18:41:47",21
"2019-10-11 19:41:47",21
"2019-10-11 20:41:46",21
"2019-10-11 21:41:46",21
"2019-10-11 22:41:47",21
"2019-10-11 23:41:46",21
"2019-10-12 00:41:48",21
"2019-10-12 01:41:45",21
"2019-10-12 02:41:47",21
"2019-10-12 03:41:48",21
"2019-10-12 04:41:46",21
"2019-10-12 05:41:48",21
"2019-10-12 06:41:50",21
"2019-10-12 07:41:46",21
"2019-10-12 08:41:46",21
"2019-10-12 09:41:49",21
"2019-10-12 10:41:46",21
"2019-10-12 11:41:45",21
"2019-10-12 12:41:49",21
"2019-10-12 13:41:46",21
"2019-10-12 14:41:47",21
"2019-10-12 15:41:46",21
"2019-10-12 16:41:49",21
"2019-10-12 17:41:48",21
"2019-10-12 18:41:46",21
"2019-10-12 19:41:47",21
"2019-10-12 20:41:47",21
"2019-10-12 21:41:46",21
"2019-10-12 22:41:47",21
"2019-10-12 23:41:46",21
"2019-10-13 00:41:49",21
"2019-10-13 01:41:46",21
"2019-10-13 02:41:46",21
"2019-10-13 03:41:48",21
"2019-10-13 04:41:46",21
"2019-10-13 05:41:46",21
"2019-10-13 06:41:47",21
"2019-10-13 07:41:47",21
"2019-10-13 08:41:48",21
"2019-10-13 09:41:48",21
"2019-10-13 10:41:45",21
"2019-10-13 11:41:49",21
"2019-10-13 12:41:46",21
"2019-10-13 13:41:49",21
"2019-10-13 14:41:48",21
"2019-10-13 15:41:46",21
"2019-10-13 16:41:50",21
"2019-10-13 17:41:46",21
"2019-10-13 18:41:47",21
"2019-10-13 19:41:47",21
"2019-10-13 20:41:49",21
"2019-10-13 21:41:48",21
"2019-10-13 22:41:47",21
"2019-10-13 23:41:51",21
"2019-10-14 00:41:47",21
"2019-10-14 01:41:48",21
"2019-10-14 02:41:46",21
"2019-10-14 03:41:47",21
"2019-10-14 04:41:48",21
"2019-10-14 05:41:46",21
"2019-10-14 06:41:48",21
"2019-10-14 07:41:46",21
"2019-10-14 08:41:47",21
"2019-10-14 09:41:49",21
"2019-10-14 10:41:47",21
"2019-10-14 11:41:48",21
"2019-10-14 12:41:49",21
"2019-10-14 13:41:47",21
"2019-10-14 14:41:47",22
"2019-10-14 15:41:48",22
"2019-10-14 16:41:51",22
"2019-10-14 17:41:46",22
"2019-10-14 18:41:49",22
"2019-10-14 19:41:46",22
"2019-10-14 20:41:48",22
"2019-10-14 21:41:48",22
"2019-10-14 22:41:48",22
"2019-10-14 23:41:53",22
"2019-10-15 00:41:46",22
"2019-10-15 01:41:47",22
"2019-10-15 02:41:50",22
"2019-10-15 03:41:46",22
"2019-10-15 04:41:46",22
"2019-10-15 05:41:49",22
"2019-10-15 06:41:48",22
"2019-10-15 07:41:51",22
"2019-10-15 08:41:48",22
"2019-10-15 09:41:46",22
"2019-10-15 10:41:47",22
"2019-10-15 11:41:49",22
"2019-10-15 12:41:47",22
"2019-10-15 13:41:50",22
"2019-10-15 14:41:46",22
"2019-10-15 15:41:46",22
"2019-10-15 16:41:48",22
"2019-10-15 17:41:48",22
"2019-10-15 18:41:50",23
"2019-10-15 19:41:49",23
"2019-10-15 20:41:52",23
"2019-10-15 21:41:47",23
"2019-10-15 22:41:46",23
"2019-10-15 23:41:46",23
"2019-10-16 00:41:47",23
"2019-10-16 01:41:47",23
"2019-10-16 02:41:48",23
"2019-10-16 03:41:50",23
"2019-10-16 04:41:48",23
"2019-10-16 05:41:47",23
"2019-10-16 06:41:46",23
"2019-10-16 07:41:51",23
"2019-10-16 08:41:52",23
"2019-10-16 09:41:47",23
"2019-10-16 10:41:48",23
"2019-10-16 11:41:46",23
"2019-10-16 12:41:46",23
"2019-10-16 13:41:50",23
"2019-10-16 14:41:46",23
"2019-10-16 15:41:51",23
"2019-10-16 16:41:47",23
"2019-10-16 17:41:46",23
"2019-10-16 18:41:47",23
"2019-10-16 19:41:46",23
"2019-10-16 20:41:47",23
"2019-10-16 21:41:48",23
"2019-10-16 22:41:46",23
"2019-10-16 23:41:47",23
"2019-10-17 00:41:47",23
"2019-10-17 01:41:47",23
"2019-10-17 02:41:47",23
"2019-10-17 04:41:47",23
"2019-10-17 05:41:46",23
"2019-10-17 06:41:46",23
"2019-10-17 07:41:48",23
"2019-10-17 08:41:48",23
"2019-10-17 09:41:46",23
"2019-10-17 10:41:45",23
"2019-10-17 11:41:48",23
"2019-10-17 12:41:46",23
"2019-10-17 13:41:48",23
"2019-10-17 14:41:48",24
"2019-10-17 15:41:46",24
"2019-10-17 16:41:46",24
"2019-10-17 17:41:47",24
"2019-10-17 18:41:47",24
"2019-10-17 19:41:48",24
"2019-10-17 20:41:47",25
"2019-10-17 21:41:47",25
"2019-10-17 22:41:47",25
"2019-10-17 23:41:47",25
"2019-10-18 00:41:47",25
"2019-10-18 01:41:47",25
"2019-10-18 02:41:46",25
"2019-10-18 03:41:49",25
"2019-10-18 04:41:46",25
"2019-10-18 05:41:47",25
"2019-10-18 06:41:50",25
"2019-10-18 07:41:47",25
"2019-10-18 08:41:47",25
"2019-10-18 09:41:48",25
"2019-10-18 10:41:49",25
"2019-10-18 11:41:47",25
"2019-10-18 13:04:21",25
"2019-10-18 13:41:45",25
"2019-10-18 14:41:46",25
"2019-10-18 15:41:49",25
"2019-10-18 16:41:46",25
"2019-10-18 17:41:47",25
"2019-10-18 18:41:46",25
"2019-10-18 19:41:47",25
"2019-10-18 20:41:48",25
"2019-10-18 21:41:46",25
"2019-10-18 22:41:46",25
"2019-10-18 23:41:47",25
"2019-10-19 00:41:46",25
"2019-10-19 01:41:49",25
"2019-10-19 02:41:46",25
"2019-10-19 03:41:46",25
"2019-10-19 04:41:47",25
"2019-10-19 05:41:46",25
"2019-10-19 06:41:49",25
"2019-10-19 07:41:47",25
"2019-10-19 08:41:47",25
"2019-10-19 09:41:47",25
"2019-10-19 10:41:48",25
"2019-10-19 11:41:46",25
"2019-10-19 12:41:49",25
"2019-10-19 13:41:45",25
"2019-10-19 14:41:47",25
"2019-10-19 15:41:47",25
"2019-10-19 16:41:49",25
"2019-10-19 17:41:46",25
"2019-10-19 18:41:46",25
"2019-10-19 19:41:48",25
"2019-10-19 20:41:47",25
"2019-10-19 21:41:45",25
"2019-10-19 22:41:46",25
"2019-10-19 23:41:46",25
"2019-10-20 00:41:46",25
"2019-10-20 01:41:45",25
"2019-10-20 02:41:48",25
"2019-10-20 03:41:46",25
"2019-10-20 04:41:47",25
"2019-10-20 05:41:48",25
"2019-10-20 06:41:47",25
"2019-10-20 07:41:49",25
"2019-10-20 08:41:47",25
"2019-10-20 09:41:46",25
"2019-10-20 10:41:48",25
"2019-10-20 11:41:46",25
"2019-10-20 12:41:48",25
"2019-10-20 13:41:46",25
"2019-10-20 14:41:45",25
"2019-10-20 15:41:46",25
"2019-10-20 16:41:48",25
"2019-10-20 17:41:45",25
"2019-10-20 18:41:46",25
"2019-10-20 19:41:45",25
"2019-10-20 20:41:45",25
"2019-10-20 21:41:45",25
"2019-10-20 22:41:46",25
"2019-10-20 23:41:46",25
"2019-10-21 00:41:47",25
"2019-10-21 01:41:49",25
"2019-10-21 02:41:46",25
"2019-10-21 03:41:46",25
"2019-10-21 04:41:45",25
"2019-10-21 05:41:50",25
"2019-10-21 06:41:47",25
"2019-10-21 07:41:47",25
"2019-10-21 08:41:47",25
"2019-10-21 09:41:47",25
"2019-10-21 10:41:46",25
"2019-10-21 11:41:48",25
"2019-10-21 13:05:19",25
"2019-10-21 13:41:50",25
"2019-10-21 14:41:47",25
"2019-10-21 15:41:47",25
"2019-10-21 16:41:49",25
"2019-10-21 17:41:47",25
"2019-10-21 18:41:48",24
"2019-10-21 19:41:48",24
"2019-10-21 20:41:47",23
"2019-10-21 21:41:48",23
"2019-10-21 22:41:50",23
"2019-10-21 23:41:48",23
"2019-10-22 00:41:47",23
"2019-10-22 01:41:48",23
"2019-10-22 02:41:50",23
"2019-10-22 03:41:50",23
"2019-10-22 04:41:49",23
"2019-10-22 05:41:48",23
"2019-10-22 06:41:48",23
"2019-10-22 07:41:50",23
"2019-10-22 08:41:48",23
"2019-10-22 09:41:49",23
"2019-10-22 10:41:47",23
"2019-10-22 11:41:47",23
"2019-10-22 12:41:53",23
"2019-10-22 13:41:47",23
"2019-10-22 14:41:47",23
"2019-10-22 15:41:52",23
"2019-10-22 16:41:49",22
"2019-10-22 17:41:50",22
"2019-10-22 18:41:49",22
"2019-10-22 19:41:47",22
"2019-10-22 20:41:49",22
"2019-10-22 21:41:48",22
"2019-10-22 22:41:50",22
"2019-10-22 23:41:49",22
"2019-10-23 00:41:52",22
"2019-10-23 01:41:50",22
"2019-10-23 02:41:48",22
"2019-10-23 03:41:47",22
"2019-10-23 04:41:51",22
"2019-10-23 05:41:49",22
"2019-10-23 06:41:54",22
"2019-10-23 07:41:50",22
"2019-10-23 08:41:48",22
"2019-10-23 09:41:50",22
"2019-10-23 10:41:50",22
"2019-10-23 11:41:47",22
"2019-10-23 12:41:51",22
"2019-10-23 13:41:51",22
"2019-10-23 14:41:47",22
"2019-10-23 15:41:48",22
"2019-10-23 16:41:50",22
"2019-10-23 17:41:48",22
"2019-10-23 18:41:47",23
"2019-10-23 19:41:48",23
"2019-10-23 20:41:49",23
"2019-10-23 21:41:47",23
"2019-10-23 22:41:48",23
"2019-10-23 23:41:48",23
"2019-10-24 00:47:46",23
"2019-10-24 01:41:49",23
"2019-10-24 02:41:49",23
"2019-10-24 03:41:52",23
"2019-10-24 04:41:48",23
"2019-10-24 05:41:50",23
"2019-10-24 06:41:54",23
"2019-10-24 07:41:48",23
"2019-10-24 08:41:48",23
"2019-10-24 09:41:51",23
"2019-10-24 10:41:47",23
"2019-10-24 11:41:47",23
"2019-10-24 13:05:23",23
"2019-10-24 13:41:48",23
"2019-10-24 14:41:47",23
"2019-10-24 15:41:50",23
"2019-10-24 16:41:48",23
"2019-10-24 17:41:48",23
"2019-10-24 18:41:48",23
"2019-10-24 19:41:50",23
"2019-10-24 20:41:47",23
"2019-10-24 21:41:47",23
"2019-10-24 22:41:48",23
"2019-10-24 23:41:48",23
"2019-10-25 00:41:48",23
"2019-10-25 01:41:48",23
"2019-10-25 02:41:51",23
"2019-10-25 03:41:48",23
"2019-10-25 04:41:46",23
"2019-10-25 05:41:50",23
"2019-10-25 06:41:49",23
"2019-10-25 07:41:49",23
"2019-10-25 08:41:50",23
"2019-10-25 09:41:48",23
"2019-10-25 10:41:48",23
"2019-10-25 11:41:52",23
"2019-10-25 13:05:21",23
"2019-10-25 13:41:49",23
"2019-10-25 14:41:52",23
"2019-10-25 15:41:48",23
"2019-10-25 16:41:52",23
"2019-10-25 17:41:48",23
"2019-10-25 18:41:48",23
"2019-10-25 19:41:47",23
"2019-10-25 20:41:47",23
"2019-10-25 21:41:48",23
"2019-10-25 22:41:48",23
"2019-10-25 23:41:48",23
"2019-10-26 00:41:48",23
"2019-10-26 01:41:50",23
"2019-10-26 02:41:48",23
"2019-10-26 03:41:49",23
"2019-10-26 04:41:51",23
"2019-10-26 05:41:48",23
"2019-10-26 06:41:46",23
"2019-10-26 07:41:50",23
"2019-10-26 08:41:48",23
"2019-10-26 09:41:47",23
"2019-10-26 10:41:47",23
"2019-10-26 11:41:50",23
"2019-10-26 12:41:48",23
"2019-10-26 13:41:49",23
"2019-10-26 14:41:50",23
"2019-10-26 15:41:50",23
"2019-10-26 16:41:49",23
"2019-10-26 17:41:49",23
"2019-10-26 18:41:49",23
"2019-10-26 19:41:49",23
"2019-10-26 20:41:49",23
"2019-10-26 21:41:50",23
"2019-10-26 22:41:48",23
"2019-10-26 23:41:48",23
"2019-10-27 00:41:50",23
"2019-10-27 01:41:48",23
"2019-10-27 02:41:49",23
"2019-10-27 03:41:49",23
"2019-10-27 04:41:48",23
"2019-10-27 05:41:52",23
"2019-10-27 06:41:49",23
"2019-10-27 07:41:47",23
"2019-10-27 08:41:48",23
"2019-10-27 09:41:47",23
"2019-10-27 10:41:47",23
"2019-10-27 11:41:47",23
"2019-10-27 12:41:49",23
"2019-10-27 13:41:48",23
"2019-10-27 14:41:47",23
"2019-10-27 15:41:53",23
"2019-10-27 16:41:47",23
"2019-10-27 17:41:48",23
"2019-10-27 18:41:49",23
"2019-10-27 19:41:50",23
"2019-10-27 20:41:51",23
"2019-10-27 21:41:48",23
"2019-10-27 22:41:47",23
"2019-10-27 23:41:47",23
"2019-10-28 00:41:47",23
"2019-10-28 01:41:49",23
"2019-10-28 02:41:48",23
"2019-10-28 03:41:51",23
"2019-10-28 04:41:48",23
"2019-10-28 05:41:47",23
"2019-10-28 06:41:49",23
"2019-10-28 07:41:49",23
"2019-10-28 08:41:48",23
"2019-10-28 09:41:47",23
"2019-10-28 10:41:50",23
"2019-10-28 11:41:46",23
"2019-10-28 12:41:51",23
"2019-10-28 14:41:51",22
"2019-10-28 15:41:56",22
"2019-10-28 16:41:54",22
"2019-10-28 17:41:51",22
"2019-10-28 18:41:51",22
"2019-10-28 19:41:51",22
"2019-10-28 23:41:49",23
"2019-10-29 00:41:50",23
"2019-10-29 01:41:52",23
"2019-10-29 02:41:50",23
"2019-10-29 03:41:53",23
"2019-10-29 04:41:49",23
"2019-10-29 05:41:52",23
"2019-10-29 06:41:51",23
"2019-10-29 07:41:50",23
"2019-10-29 08:41:50",23
"2019-10-29 09:41:48",23
"2019-10-29 10:41:52",23
"2019-10-29 11:41:49",23
"2019-10-29 12:41:49",23
"2019-10-29 13:41:55",23
"2019-10-29 14:41:50",23
"2019-10-29 15:41:51",23
"2019-10-29 16:41:51",23
"2019-10-29 17:41:48",23
"2019-10-29 18:41:51",23
"2019-10-29 19:41:52",23
"2019-10-29 20:41:49",23
"2019-10-29 21:41:51",23
"2019-10-29 22:41:49",23
"2019-10-29 23:41:50",23
"2019-10-30 00:41:54",23
"2019-10-30 01:41:50",23
"2019-10-30 02:41:50",23
"2019-10-30 03:41:50",23
"2019-10-30 04:41:52",23
"2019-10-30 05:41:53",23
"2019-10-30 06:41:50",23
"2019-10-30 07:41:56",23
"2019-10-30 08:41:51",23
"2019-10-30 09:41:51",23
"2019-10-30 10:41:51",23
"2019-10-30 11:41:48",23
"2019-10-30 13:05:51",23
"2019-10-30 13:41:51",23
"2019-10-30 14:41:49",23
"2019-10-30 15:41:48",23
"2019-10-30 16:41:50",23
"2019-10-30 17:41:50",23
"2019-10-30 18:41:49",23
"2019-10-30 19:41:49",23
"2019-10-30 20:41:49",23
"2019-10-30 21:41:49",23
"2019-10-30 22:41:49",23
"2019-10-30 23:41:49",23
"2019-10-31 00:41:49",23
"2019-10-31 01:41:50",23
"2019-10-31 02:41:49",23
"2019-10-31 03:41:51",23
"2019-10-31 04:41:49",23
"2019-10-31 05:41:49",23
"2019-10-31 06:41:51",23
"2019-10-31 07:41:50",23
"2019-10-31 08:41:50",23
"2019-10-31 09:41:52",23
"2019-10-31 10:41:49",23
"2019-10-31 11:41:50",23
"2019-10-31 13:06:54",23
"2019-10-31 13:41:51",23
"2019-10-31 14:41:50",24
"2019-10-31 15:41:51",24
"2019-10-31 16:41:50",24
"2019-10-31 17:41:50",24
"2019-10-31 18:41:49",24
"2019-10-31 19:41:49",24
"2019-10-31 20:41:52",24
"2019-10-31 22:04:53",24
"2019-10-31 22:41:53",24
"2019-10-31 23:41:49",24
"2019-11-01 00:41:49",24
"2019-11-01 01:41:49",24
"2019-11-01 02:41:50",24
"2019-11-01 03:41:51",24
"2019-11-01 04:41:49",24
"2019-11-01 05:41:52",24
"2019-11-01 06:41:49",24
"2019-11-01 07:41:52",24
"2019-11-01 08:41:51",24
"2019-11-01 09:41:51",24
"2019-11-01 10:41:51",24
"2019-11-01 11:41:53",24
"2019-11-01 13:37:58",24
"2019-11-01 13:47:16",24
"2019-11-01 14:41:49",24
"2019-11-01 15:41:49",24
"2019-11-01 16:41:52",24
"2019-11-01 17:41:51",24
"2019-11-01 18:41:54",24
"2019-11-01 19:41:49",24
"2019-11-01 20:41:49",24
"2019-11-01 21:41:49",24
"2019-11-01 22:41:49",24
"2019-11-01 23:41:49",24
"2019-11-02 00:41:51",24
"2019-11-02 01:41:49",24
"2019-11-02 02:41:49",24
"2019-11-02 03:41:52",24
"2019-11-02 04:41:49",24
"2019-11-02 05:41:49",24
"2019-11-02 06:41:51",24
"2019-11-02 07:41:49",24
"2019-11-02 08:41:50",24
"2019-11-02 09:41:48",24
"2019-11-02 10:41:52",24
"2019-11-02 11:41:49",24
"2019-11-02 12:41:51",24
"2019-11-02 13:41:50",24
"2019-11-02 14:41:50",24
"2019-11-02 15:41:52",24
"2019-11-02 16:41:49",24
"2019-11-02 17:41:50",24
"2019-11-02 18:41:50",24
"2019-11-02 19:41:49",24
"2019-11-02 20:41:49",24
"2019-11-02 23:41:49",24
"2019-11-03 00:41:49",24
"2019-11-03 01:41:49",24
"2019-11-03 02:41:51",24
"2019-11-03 03:41:49",24
"2019-11-03 05:41:51",24
"2019-11-03 06:41:49",24
"2019-11-03 07:41:50",24
"2019-11-03 21:41:51",24
"2019-11-03 22:41:49",24
"2019-11-03 23:41:52",24
"2019-11-04 00:41:49",24
"2019-11-04 01:41:50",24
"2019-11-04 02:41:48",24
"2019-11-04 03:41:49",24
"2019-11-04 04:41:48",24
"2019-11-04 05:41:51",24
"2019-11-04 06:41:49",24
"2019-11-04 07:41:48",24
"2019-11-04 08:41:49",24
"2019-11-04 09:41:50",24
"2019-11-04 10:41:48",24
"2019-11-04 11:41:48",24
"2019-11-04 12:41:48",24
"2019-11-04 14:07:22",24
"2019-11-04 15:41:48",24
"2019-11-04 16:41:49",24
"2019-11-04 17:41:50",24
"2019-11-04 18:41:49",24
"2019-11-04 19:41:51",24
"2019-11-04 20:41:49",25
"2019-11-04 21:41:50",24
"2019-11-04 22:41:51",24
"2019-11-04 23:41:50",24
"2019-11-05 00:41:50",24
"2019-11-05 01:41:50",24
"2019-11-05 02:41:53",24
"2019-11-05 03:41:51",24
"2019-11-05 04:41:50",24
"2019-11-05 05:41:50",24
"2019-11-05 06:41:51",24
"2019-11-05 07:41:51",24
"2019-11-05 08:41:51",24
"2019-11-05 09:41:52",24
"2019-11-05 10:41:50",24
"2019-11-05 11:41:50",24
"2019-11-05 12:41:50",24
"2019-11-05 14:07:23",24
"2019-11-05 14:41:53",24
"2019-11-05 15:41:50",24
"2019-11-05 16:41:51",24
"2019-11-05 17:41:50",24
"2019-11-05 18:41:50",24
"2019-11-05 19:41:51",24
"2019-11-05 20:41:51",24
"2019-11-05 21:41:50",24
"2019-11-05 22:41:50",24
"2019-11-05 23:41:50",24
"2019-11-06 00:41:50",24
"2019-11-06 01:41:51",24
"2019-11-06 02:41:51",24
"2019-11-06 03:41:51",24
"2019-11-06 04:41:53",24
"2019-11-06 05:41:51",24
"2019-11-06 06:41:53",24
"2019-11-06 07:41:50",24
"2019-11-06 08:41:50",24
"2019-11-06 09:41:52",24
"2019-11-06 10:41:52",24
"2019-11-06 11:41:50",24
"2019-11-06 12:41:50",24
"2019-11-06 13:41:50",24
"2019-11-06 14:41:53",24
"2019-11-06 15:41:51",24
"2019-11-06 16:41:51",24
"2019-11-06 17:41:52",24
"2019-11-06 18:41:52",24
"2019-11-06 19:41:51",24
"2019-11-06 20:41:51",24
"2019-11-06 21:41:52",24
"2019-11-06 22:41:51",24
"2019-11-06 23:41:51",24
"2019-11-07 00:41:51",24
"2019-11-07 01:41:51",24
"2019-11-07 02:41:52",24
"2019-11-07 03:41:51",24
"2019-11-07 04:41:53",24
"2019-11-07 05:41:52",24
"2019-11-07 06:41:50",24
"2019-11-07 07:41:51",24
"2019-11-07 08:41:52",24
"2019-11-07 09:41:52",24
"2019-11-07 10:41:50",24
"2019-11-07 11:41:50",24
"2019-11-07 12:41:50",24
"2019-11-07 14:05:53",24
"2019-11-07 14:42:23",24
"2019-11-07 15:41:53",24
"2019-11-07 16:41:52",25
"2019-11-07 17:41:52",25
"2019-11-07 18:41:52",25
"2019-11-07 19:41:53",25
"2019-11-07 21:06:25",25
"2019-11-07 21:41:53",25
"2019-11-07 22:41:54",25
"2019-11-07 23:41:55",25
"2019-11-08 00:41:56",25
"2019-11-08 01:41:55",25
"2019-11-08 02:41:56",25
"2019-11-08 03:41:54",25
"2019-11-08 04:41:53",25
"2019-11-08 05:41:56",25
"2019-11-08 06:41:53",25
"2019-11-08 07:41:54",25
"2019-11-08 08:41:57",25
"2019-11-08 09:41:54",25
"2019-11-08 10:41:54",25
"2019-11-08 11:41:53",25
"2019-11-08 12:41:53",25
"2019-11-08 14:07:28",25
"2019-11-08 14:42:28",25
"2019-11-08 15:41:54",25
"2019-11-08 16:41:54",25
"2019-11-08 17:41:55",25
"2019-11-08 18:41:54",25
"2019-11-08 19:41:55",25
"2019-11-08 20:41:54",25
"2019-11-08 21:41:55",25
"2019-11-08 22:41:54",25
"2019-11-08 23:41:54",25
"2019-11-09 00:41:55",25
"2019-11-09 01:41:55",25
"2019-11-09 02:41:54",25
"2019-11-09 03:41:53",25
"2019-11-09 04:41:55",25
"2019-11-09 05:41:53",25
"2019-11-09 06:41:55",25
"2019-11-09 07:41:55",25
"2019-11-09 08:41:56",25
"2019-11-09 09:41:53",25
"2019-11-09 10:41:53",25
"2019-11-09 11:41:56",25
"2019-11-09 12:41:53",25
"2019-11-09 13:41:53",25
"2019-11-09 14:41:55",25
"2019-11-09 15:41:56",25
"2019-11-09 16:41:54",25
"2019-11-09 17:41:54",25
"2019-11-09 18:41:53",25
"2019-11-09 19:41:55",25
"2019-11-09 20:41:56",25
"2019-11-09 21:41:54",25
"2019-11-09 22:41:56",25
"2019-11-09 23:41:54",25
"2019-11-10 00:41:53",25
"2019-11-10 01:41:54",25
"2019-11-10 02:41:56",25
"2019-11-10 03:41:53",25
"2019-11-10 04:41:54",25
"2019-11-10 05:41:54",25
"2019-11-10 06:41:53",25
"2019-11-10 07:41:52",25
"2019-11-10 08:41:55",25
"2019-11-10 09:41:55",25
"2019-11-10 10:41:53",25
"2019-11-10 11:41:53",25
"2019-11-10 12:41:54",25
"2019-11-10 13:41:53",25
"2019-11-10 14:41:53",25
"2019-11-10 15:41:55",25
"2019-11-10 16:41:54",25
"2019-11-10 17:41:53",25
"2019-11-10 18:41:55",25
"2019-11-10 19:41:52",25
"2019-11-10 20:41:53",25
"2019-11-10 21:41:52",25
"2019-11-10 22:41:55",25
"2019-11-10 23:41:55",25
"2019-11-11 00:41:55",25
"2019-11-11 01:41:56",25
"2019-11-11 02:41:55",25
"2019-11-11 03:41:55",25
"2019-11-11 04:41:54",25
"2019-11-11 05:41:55",25
"2019-11-11 06:41:54",25
"2019-11-11 07:41:55",25
"2019-11-11 08:41:57",25
"2019-11-11 09:41:55",25
"2019-11-11 10:41:55",25
"2019-11-11 11:41:54",25
"2019-11-11 12:41:55",25
"2019-11-11 13:41:55",25
"2019-11-11 14:41:56",25
"2019-11-11 15:41:58",25
"2019-11-11 16:41:55",25
"2019-11-11 17:41:56",25
"2019-11-11 18:41:56",25
"2019-11-11 19:41:55",25
"2019-11-11 21:41:55",25
"2019-11-11 22:41:54",25
"2019-11-11 23:41:54",25
"2019-11-12 00:41:52",25
"2019-11-12 01:41:53",25
"2019-11-12 02:41:55",25
"2019-11-12 03:41:55",25
"2019-11-12 04:41:53",25
"2019-11-12 05:41:55",25
"2019-11-12 06:41:53",25
"2019-11-12 07:41:55",25
"2019-11-12 08:41:53",25
"2019-11-12 09:41:54",25
"2019-11-12 10:41:53",25
"2019-11-12 11:41:55",25
"2019-11-12 12:41:57",25
"2019-11-12 14:05:57",25
"2019-11-12 14:41:55",25
"2019-11-12 15:41:53",25
"2019-11-12 16:41:55",24
"2019-11-12 17:41:55",23
"2019-11-12 18:41:57",23
"2019-11-12 19:41:53",23
"2019-11-12 20:41:53",23
"2019-11-12 21:41:54",24
"2019-11-12 22:41:55",24
"2019-11-12 23:41:54",24
"2019-11-13 00:41:57",24
"2019-11-13 01:41:54",24
"2019-11-13 02:41:54",24
"2019-11-13 03:41:57",24
"2019-11-13 04:41:54",24
"2019-11-13 05:41:59",24
"2019-11-13 06:41:53",24
"2019-11-13 07:41:58",24
"2019-11-13 08:41:55",24
"2019-11-13 09:41:55",24
"2019-11-13 10:41:54",24
"2019-11-13 11:41:57",24
"2019-11-13 12:41:53",24
"2019-11-13 13:41:53",24
"2019-11-13 15:41:57",24
"2019-11-13 16:41:53",24
"2019-11-13 17:41:55",24
"2019-11-13 18:41:56",24
"2019-11-13 19:41:54",24
"2019-11-13 20:41:54",24
"2019-11-13 21:41:53",24
"2019-11-13 22:41:54",24
"2019-11-13 23:41:55",24
"2019-11-14 00:41:54",24
"2019-11-14 01:41:53",24
"2019-11-14 02:41:56",24
"2019-11-14 03:41:53",24
"2019-11-14 04:41:54",24
"2019-11-14 05:41:57",24
"2019-11-14 06:41:53",24
"2019-11-14 07:41:57",24
"2019-11-14 08:41:56",24
"2019-11-14 09:41:56",24
"2019-11-14 10:41:54",24
"2019-11-14 11:41:57",24
"2019-11-14 12:41:52",24
"2019-11-14 14:05:31",24
"2019-11-14 14:41:56",24
"2019-11-14 15:41:55",24
"2019-11-14 17:41:55",24
"2019-11-14 18:41:54",24
"2019-11-14 19:41:55",24
"2019-11-14 20:41:56",24
"2019-11-14 21:41:58",24
"2019-11-14 22:41:54",24
"2019-11-14 23:41:55",24
"2019-11-15 00:41:56",24
"2019-11-15 01:41:55",24
"2019-11-15 02:41:55",24
"2019-11-15 03:41:56",24
"2019-11-15 04:41:56",24
"2019-11-15 05:41:55",24
"2019-11-15 06:41:56",24
"2019-11-15 07:41:54",24
"2019-11-15 08:42:01",24
"2019-11-15 09:41:54",24
"2019-11-15 10:41:55",24
"2019-11-15 11:41:54",24
"2019-11-15 12:41:57",24
"2019-11-15 14:08:28",24
"2019-11-15 15:41:58",24
"2019-11-15 16:41:54",25
"2019-11-15 17:41:56",25
"2019-11-15 18:42:00",25
"2019-11-15 19:41:57",25
"2019-11-15 20:41:56",25
"2019-11-15 21:41:54",25
"2019-11-15 22:41:56",25
"2019-11-15 23:41:56",25
"2019-11-16 00:41:56",25
"2019-11-16 01:41:55",25
"2019-11-16 02:41:56",25
"2019-11-16 03:41:55",25
"2019-11-16 04:41:57",25
"2019-11-16 05:41:55",25
"2019-11-16 06:41:56",25
"2019-11-16 07:41:56",25
"2019-11-16 08:41:56",25
"2019-11-16 09:41:56",25
"2019-11-16 10:41:54",25
"2019-11-16 11:41:55",25
"2019-11-16 12:41:57",25
"2019-11-16 13:41:57",25
"2019-11-16 14:41:56",25
"2019-11-16 15:41:55",25
"2019-11-16 16:41:55",25
"2019-11-16 17:41:57",25
"2019-11-16 18:41:54",25
"2019-11-16 19:41:54",25
"2019-11-16 20:41:54",25
"2019-11-16 21:41:54",25
"2019-11-16 22:41:55",25
"2019-11-16 23:41:53",25
"2019-11-17 00:41:54",25
"2019-11-17 01:41:53",25
"2019-11-17 02:41:56",25
"2019-11-17 03:41:54",25
"2019-11-17 04:41:55",25
"2019-11-17 05:41:55",25
"2019-11-17 06:41:57",25
"2019-11-17 07:41:56",25
"2019-11-17 08:41:54",25
"2019-11-17 10:41:57",25
"2019-11-17 11:41:58",25
"2019-11-17 12:41:55",25
"2019-11-17 13:41:56",25
"2019-11-17 14:41:54",25
"2019-11-17 15:41:53",25
"2019-11-17 16:41:56",25
"2019-11-17 17:41:53",25
"2019-11-17 18:41:53",25
"2019-11-17 19:41:54",25
"2019-11-17 20:41:56",25
"2019-11-17 21:41:57",25
"2019-11-17 22:41:55",25
"2019-11-17 23:41:57",25
"2019-11-18 00:41:53",25
"2019-11-18 01:41:53",25
"2019-11-18 02:41:55",25
"2019-11-18 03:41:54",25
"2019-11-18 04:41:53",25
"2019-11-18 05:41:56",25
"2019-11-18 06:41:52",25
"2019-11-18 07:41:54",25
"2019-11-18 08:41:57",25
"2019-11-18 09:41:57",25
"2019-11-18 10:41:56",25
"2019-11-18 11:41:53",25
"2019-11-18 12:41:56",25
"2019-11-18 14:06:59",25
"2019-11-18 14:41:54",25
"2019-11-18 15:41:58",25
"2019-11-18 16:41:55",25
"2019-11-18 17:41:58",25
"2019-11-18 18:41:57",25
"2019-11-18 19:41:55",25
"2019-11-18 20:41:56",25
"2019-11-18 21:41:56",25
"2019-11-18 22:41:53",25
"2019-11-18 23:41:56",25
"2019-11-19 00:41:55",25
"2019-11-19 01:41:55",25
"2019-11-19 02:41:54",25
"2019-11-19 03:41:54",25
"2019-11-19 04:41:55",25
"2019-11-19 05:41:54",25
"2019-11-19 06:41:56",25
"2019-11-19 07:41:54",25
"2019-11-19 08:41:55",25
"2019-11-19 09:41:57",25
"2019-11-19 10:41:55",25
"2019-11-19 11:41:54",25
"2019-11-19 12:41:55",25
"2019-11-19 14:06:59",25
"2019-11-19 14:41:55",25
"2019-11-19 15:41:56",25
"2019-11-19 16:41:55",25
"2019-11-19 17:41:55",25
"2019-11-19 18:41:54",24
"2019-11-19 19:41:56",24
"2019-11-19 20:41:56",24
"2019-11-19 21:41:59",24
"2019-11-19 22:41:56",24
"2019-11-19 23:41:55",24
"2019-11-20 00:41:56",24
"2019-11-20 01:41:56",24
"2019-11-20 02:41:57",24
"2019-11-20 03:41:57",24
"2019-11-20 04:41:55",24
"2019-11-20 05:41:55",24
"2019-11-20 06:41:55",24
"2019-11-20 07:41:57",24
"2019-11-20 08:41:57",24
"2019-11-20 09:42:00",24
"2019-11-20 10:42:00",24
"2019-11-20 11:42:00",24
"2019-11-20 12:41:58",24
"2019-11-20 14:06:30",24
"2019-11-20 14:42:00",24
"2019-11-20 15:41:57",24
"2019-11-20 16:41:58",24
"2019-11-20 22:41:56",25
"2019-11-20 23:41:54",25
"2019-11-21 00:41:55",25
"2019-11-21 01:41:54",25
"2019-11-21 02:41:57",25
"2019-11-21 03:41:55",25
"2019-11-21 04:41:54",25
"2019-11-21 05:41:56",25
"2019-11-21 06:41:58",25
"2019-11-21 07:41:54",25
"2019-11-21 08:41:54",25
"2019-11-21 09:41:56",25
"2019-11-21 10:41:56",25
"2019-11-21 11:41:54",25
"2019-11-21 12:41:54",25
"2019-11-21 14:05:58",25
"2019-11-21 14:41:59",25
"2019-11-21 15:41:54",25
"2019-11-21 16:41:55",25
"2019-11-21 17:41:56",25
"2019-11-21 18:41:54",25
"2019-11-21 19:41:54",25
"2019-11-21 20:41:54",25
"2019-11-21 21:41:54",25
"2019-11-21 22:41:55",25
"2019-11-21 23:41:55",25
"2019-11-22 00:41:56",25
"2019-11-22 01:41:58",25
"2019-11-22 02:41:54",25
"2019-11-22 03:41:54",25
"2019-11-22 04:41:54",25
"2019-11-22 05:41:57",25
"2019-11-22 06:41:56",25
"2019-11-22 07:41:58",25
"2019-11-22 08:41:59",25
"2019-11-22 09:41:58",25
"2019-11-22 10:41:58",25
"2019-11-22 11:41:56",25
"2019-11-22 12:41:55",25
"2019-11-22 13:41:54",25
"2019-11-22 14:41:57",25
"2019-11-22 15:41:53",25
"2019-11-22 16:41:54",25
"2019-11-22 17:41:58",25
"2019-11-22 18:41:57",25
"2019-11-22 19:41:54",25
"2019-11-22 20:41:55",25
"2019-11-22 21:41:54",25
"2019-11-22 22:41:53",25
"2019-11-22 23:41:56",25
"2019-11-23 00:42:00",25
"2019-11-23 01:41:54",25
"2019-11-23 02:41:54",25
"2019-11-23 03:41:54",25
"2019-11-23 04:41:58",25
"2019-11-23 05:41:55",25
"2019-11-23 06:41:56",25
"2019-11-23 07:41:56",25
"2019-11-23 08:41:55",25
"2019-11-23 09:41:57",25
"2019-11-23 10:41:57",25
"2019-11-23 11:41:54",25
"2019-11-23 12:41:54",25
"2019-11-23 13:41:54",25
"2019-11-23 14:41:55",25
"2019-11-23 15:41:55",25
"2019-11-23 16:41:54",25
"2019-11-23 17:41:55",25
"2019-11-23 18:41:55",25
"2019-11-23 19:41:56",25
"2019-11-23 20:41:52",25
"2019-11-23 21:41:55",25
"2019-11-23 22:41:53",25
"2019-11-23 23:41:53",25
"2019-11-24 00:41:55",25
"2019-11-24 01:41:53",25
"2019-11-24 02:41:54",25
"2019-11-24 03:41:54",25
"2019-11-24 04:41:53",25
"2019-11-24 05:41:53",25
"2019-11-24 06:41:54",25
"2019-11-24 07:41:52",25
"2019-11-24 08:41:54",25
"2019-11-24 09:41:55",25
"2019-11-24 10:41:57",25
"2019-11-24 11:41:54",25
"2019-11-24 12:41:52",25
"2019-11-24 13:41:52",25
"2019-11-24 14:41:54",25
"2019-11-24 15:41:55",25
"2019-11-24 16:41:54",25
"2019-11-24 17:41:53",25
"2019-11-24 18:41:55",25
"2019-11-24 19:41:54",25
"2019-11-24 20:41:56",25
"2019-11-24 21:41:53",25
"2019-11-24 22:41:56",25
"2019-11-24 23:41:54",25
"2019-11-25 00:41:54",25
"2019-11-25 01:41:56",25
"2019-11-25 02:41:55",25
"2019-11-25 04:41:53",25
"2019-11-25 05:41:54",25
"2019-11-25 06:41:54",25
"2019-11-25 07:41:55",25
"2019-11-25 08:41:59",25
"2019-11-25 09:41:58",25
"2019-11-25 10:41:58",25
"2019-11-25 11:41:56",25
"2019-11-25 12:41:58",25
"2019-11-25 13:41:54",25
"2019-11-25 14:41:55",25
"2019-11-25 15:41:57",25
"2019-11-25 16:41:55",25
"2019-11-25 17:41:55",25
"2019-11-25 18:41:54",25
"2019-11-25 19:41:56",25
"2019-11-25 20:41:55",25
"2019-11-25 21:41:54",25
"2019-11-25 22:41:58",25
"2019-11-25 23:41:55",25
"2019-11-26 00:41:56",25
"2019-11-26 01:41:55",25
"2019-11-26 02:41:56",25
"2019-11-26 03:41:56",25
"2019-11-26 04:41:54",25
"2019-11-26 05:41:58",25
"2019-11-26 06:42:00",25
"2019-11-26 07:41:56",25
"2019-11-26 08:41:56",25
"2019-11-26 09:42:00",25
"2019-11-26 20:41:58",24
"2019-11-26 21:41:56",24
"2019-11-26 22:41:58",24
"2019-11-26 23:41:55",24
"2019-11-27 00:41:58",24
"2019-11-27 01:41:55",24
"2019-11-27 02:41:55",24
"2019-11-27 03:41:56",24
"2019-11-27 04:41:54",24
"2019-11-27 05:41:55",24
"2019-11-27 06:41:56",24
"2019-11-27 07:41:55",24
"2019-11-27 08:42:00",24
"2019-11-27 09:41:59",24
"2019-11-27 10:41:55",24
"2019-11-27 11:41:53",24
"2019-11-27 12:42:01",24
"2019-11-27 13:41:55",24
"2019-11-27 14:41:56",24
"2019-11-27 15:41:59",24
"2019-11-27 16:41:56",24
"2019-11-27 17:41:55",24
"2019-11-27 18:41:56",24
"2019-11-27 19:41:56",24
"2019-11-27 20:41:55",24
"2019-11-27 21:41:55",25
"2019-11-27 22:41:56",25
"2019-11-27 23:41:55",25
"2019-11-28 00:41:55",25
"2019-11-28 01:41:56",25
"2019-11-28 02:41:59",25
"2019-11-28 03:41:58",25
"2019-11-28 04:41:57",25
"2019-11-28 05:41:55",25
"2019-11-28 06:41:56",25
"2019-11-28 07:41:58",25
"2019-11-28 08:41:56",25
"2019-11-28 09:41:59",25
"2019-11-28 10:41:57",25
"2019-11-28 11:41:56",25
"2019-11-28 12:41:54",25
"2019-11-28 13:41:54",25
"2019-11-28 14:41:55",25
"2019-11-28 15:41:55",25
"2019-11-28 16:41:55",25
"2019-11-28 17:41:57",25
"2019-11-28 18:41:56",25
"2019-11-28 19:41:55",25
"2019-11-28 20:41:54",25
"2019-11-28 21:41:56",25
"2019-11-28 22:41:55",25
"2019-11-28 23:41:56",25
"2019-11-29 00:41:56",25
"2019-11-29 01:41:55",25
"2019-11-29 02:41:55",25
"2019-11-29 03:41:54",25
"2019-11-29 04:41:56",25
"2019-11-29 05:41:56",25
"2019-11-29 06:41:55",25
"2019-11-29 07:41:57",25
"2019-11-29 08:42:02",25
"2019-11-29 09:42:04",25
"2019-11-29 10:42:10",25
"2019-11-29 11:41:58",25
"2019-11-29 12:41:57",25
"2019-11-29 13:42:02",25
"2019-11-29 14:42:01",25
"2019-11-29 15:41:59",25
"2019-11-29 16:42:02",25
"2019-11-29 17:42:01",25
"2019-11-29 18:42:00",25
"2019-11-29 20:41:59",25
"2019-11-29 21:41:55",25
"2019-11-29 22:42:00",25
"2019-11-29 23:41:58",25
"2019-11-30 00:41:57",25
"2019-11-30 01:41:55",25
"2019-11-30 02:41:57",25
"2019-11-30 03:41:58",25
"2019-11-30 04:41:57",25
"2019-11-30 05:42:00",25
"2019-11-30 06:41:58",25
"2019-11-30 07:41:59",25
"2019-11-30 08:41:58",25
"2019-11-30 21:42:06",25
"2019-11-30 22:42:00",25
"2019-11-30 23:41:57",25
"2019-12-01 00:41:57",25
"2019-12-01 01:41:55",25
"2019-12-01 02:41:59",25
"2019-12-01 22:42:03",25
"2019-12-01 23:41:56",25
"2019-12-02 00:41:54",25
"2019-12-02 01:41:58",25
"2019-12-02 02:41:57",25
"2019-12-02 06:14:04",25
"2019-12-02 06:42:42",25
"2019-12-02 07:42:51",25
"2019-12-02 08:42:41",25
"2019-12-02 09:42:41",25
"2019-12-02 10:42:42",25
"2019-12-02 11:42:42",25
"2019-12-02 12:42:39",25
"2019-12-02 14:06:32",25
"2019-12-02 14:42:44",25
"2019-12-02 15:42:46",25
"2019-12-02 16:42:43",25
"2019-12-02 17:42:50",25
"2019-12-02 18:42:50",25
"2019-12-02 19:42:54",25
"2019-12-02 20:42:48",25
"2019-12-02 21:42:50",25
"2019-12-02 22:42:51",25
"2019-12-02 23:42:51",25
"2019-12-03 00:42:47",25
"2019-12-03 01:42:49",25
"2019-12-03 02:42:51",25
"2019-12-03 03:42:48",25
"2019-12-03 04:42:49",25
"2019-12-03 05:42:50",25
"2019-12-03 06:42:41",25
"2019-12-03 07:42:42",25
"2019-12-03 08:42:40",25
"2019-12-03 09:42:47",25
"2019-12-03 10:42:51",25
"2019-12-03 11:42:47",25
"2019-12-03 12:42:40",25
"2019-12-03 13:42:39",25
"2019-12-03 14:42:49",25
"2019-12-03 15:42:41",25
"2019-12-03 16:42:50",25
"2019-12-03 17:42:48",25
"2019-12-03 18:42:48",25
"2019-12-03 19:42:48",24
"2019-12-03 20:42:48",24
"2019-12-03 21:42:57",24
"2019-12-03 22:42:49",24
"2019-12-03 23:42:48",24
"2019-12-04 00:43:00",24
"2019-12-04 01:43:04",24
"2019-12-04 02:43:01",24
"2019-12-04 03:42:52",24
"2019-12-04 04:42:51",24
"2019-12-04 05:42:52",24
"2019-12-04 06:42:49",24
"2019-12-04 07:42:51",24
"2019-12-04 08:42:45",24
"2019-12-04 09:42:43",24
"2019-12-04 10:42:43",24
"2019-12-04 11:42:45",24
"2019-12-04 12:42:44",24
"2019-12-04 14:06:04",24
"2019-12-04 14:42:55",24
"2019-12-04 15:42:57",23
"2019-12-04 16:42:53",23
"2019-12-04 17:42:52",23
"2019-12-04 18:42:52",23
"2019-12-04 19:42:52",23
"2019-12-04 20:42:51",23
"2019-12-04 21:42:49",23
"2019-12-04 22:42:49",23
"2019-12-04 23:42:50",23
"2019-12-05 00:42:51",23
"2019-12-05 01:42:52",23
"2019-12-05 02:42:51",23
"2019-12-05 03:42:51",23
"2019-12-05 04:42:51",23
"2019-12-05 05:42:49",23
"2019-12-05 06:42:54",23
"2019-12-05 07:42:43",23
"2019-12-05 08:42:50",23
"2019-12-05 09:42:41",23
"2019-12-05 10:42:42",23
"2019-12-05 11:42:42",23
"2019-12-05 12:42:42",23
"2019-12-05 13:42:52",23
"2019-12-05 14:42:51",23
"2019-12-05 15:42:51",23
"2019-12-05 16:42:50",23
"2019-12-05 17:42:50",23
"2019-12-05 18:42:51",23
"2019-12-05 20:06:34",23
"2019-12-05 20:43:00",23
"2019-12-05 21:42:50",23
"2019-12-05 22:42:51",23
"2019-12-05 23:42:47",23
"2019-12-06 00:42:50",23
"2019-12-06 01:42:50",23
"2019-12-06 02:42:52",23
"2019-12-06 03:42:51",23
"2019-12-06 04:42:50",23
"2019-12-06 05:42:55",23
"2019-12-06 06:42:50",23
"2019-12-06 07:42:52",23
"2019-12-06 08:42:52",23
"2019-12-06 09:42:50",23
"2019-12-06 10:42:51",23
"2019-12-06 11:42:51",23
"2019-12-06 12:42:43",23
"2019-12-06 13:43:16",23
"2019-12-06 14:42:54",23
"2019-12-06 15:43:01",24
"2019-12-06 16:42:52",24
"2019-12-06 17:42:49",24
"2019-12-06 18:42:51",24
"2019-12-06 19:42:51",24
"2019-12-06 20:42:50",24
"2019-12-06 21:42:42",24
"2019-12-06 22:42:42",24
"2019-12-06 23:42:45",24
"2019-12-07 00:42:42",24
"2019-12-07 01:42:52",24
"2019-12-07 02:42:53",24
"2019-12-07 03:42:50",24
"2019-12-07 04:42:51",24
"2019-12-07 05:43:01",24
"2019-12-07 06:42:44",24
"2019-12-07 07:42:43",24
"2019-12-07 08:42:44",24
"2019-12-07 09:42:41",24
"2019-12-07 10:42:43",24
"2019-12-07 11:42:42",24
"2019-12-07 12:42:50",24
"2019-12-07 13:43:08",24
"2019-12-07 14:42:50",24
"2019-12-07 15:42:52",24
"2019-12-07 16:42:51",24
"2019-12-07 17:42:52",24
"2019-12-07 18:42:51",24
"2019-12-07 19:42:43",24
"2019-12-07 20:42:51",24
"2019-12-07 21:42:53",24
"2019-12-07 22:42:43",24
"2019-12-07 23:42:43",24
"2019-12-08 00:42:47",24
"2019-12-08 01:42:43",24
"2019-12-08 02:42:52",24
"2019-12-08 03:42:51",24
"2019-12-08 04:42:49",24
"2019-12-08 05:42:53",24
"2019-12-08 06:42:51",24
"2019-12-08 07:42:50",24
"2019-12-08 08:42:50",24
"2019-12-08 09:42:50",24
"2019-12-08 10:42:50",24
"2019-12-08 11:42:42",24
"2019-12-08 12:42:43",24
"2019-12-08 13:42:50",24
"2019-12-08 14:42:43",24
"2019-12-08 15:42:46",24
"2019-12-08 16:42:50",24
"2019-12-08 17:42:52",24
"2019-12-08 18:42:42",24
"2019-12-08 19:42:48",24
"2019-12-08 20:42:49",24
"2019-12-08 21:42:50",24
"2019-12-08 22:42:52",24
"2019-12-08 23:42:50",24
"2019-12-09 00:42:50",24
"2019-12-09 01:42:42",24
"2019-12-09 02:42:43",24
"2019-12-09 03:42:51",24
"2019-12-09 04:42:44",24
"2019-12-09 05:42:47",24
"2019-12-09 06:42:53",24
"2019-12-09 07:42:43",24
"2019-12-09 08:42:45",24
"2019-12-09 09:42:42",24
"2019-12-09 10:42:44",24
"2019-12-09 11:42:41",24
"2019-12-09 12:42:41",24
"2019-12-09 14:07:05",24
"2019-12-09 14:42:48",24
"2019-12-09 15:42:47",23
"2019-12-09 16:42:55",23
"2019-12-09 17:43:00",23
"2019-12-09 18:42:49",23
"2019-12-09 19:42:43",23
"2019-12-09 20:42:52",23
"2019-12-09 21:42:53",23
"2019-12-09 22:42:43",23
"2019-12-09 23:42:49",23
"2019-12-10 00:42:57",23
"2019-12-10 01:42:50",23
"2019-12-10 02:42:51",23
"2019-12-10 03:42:54",23
"2019-12-10 04:42:50",23
"2019-12-10 05:42:55",23
"2019-12-10 06:42:53",23
"2019-12-10 07:42:52",23
"2019-12-10 08:42:55",23
"2019-12-10 09:42:43",23
"2019-12-10 10:42:42",23
"2019-12-10 11:42:41",23
"2019-12-10 12:42:57",23
"2019-12-10 13:42:42",23
"2019-12-10 14:42:44",23
"2019-12-10 15:42:43",23
"2019-12-10 16:42:53",23
"2019-12-10 17:42:48",23
"2019-12-10 18:42:51",23
"2019-12-10 19:42:43",23
"2019-12-10 20:42:50",23
"2019-12-10 21:42:50",23
"2019-12-10 22:42:53",23
"2019-12-10 23:42:52",23
"2019-12-11 00:42:52",23
"2019-12-11 01:42:55",23
"2019-12-11 02:43:04",23
"2019-12-11 03:42:48",23
"2019-12-11 04:42:53",23
"2019-12-11 05:42:56",23
"2019-12-11 06:42:47",23
"2019-12-11 07:42:44",23
"2019-12-11 08:42:50",23
"2019-12-11 09:42:42",23
"2019-12-11 10:42:45",23
"2019-12-11 11:42:45",23
"2019-12-11 12:42:52",23
"2019-12-11 13:42:46",23
"2019-12-11 14:43:03",23
"2019-12-11 15:42:47",23
"2019-12-11 16:42:55",23
"2019-12-11 17:42:57",23
"2019-12-11 18:42:53",23
"2019-12-11 19:42:58",23
"2019-12-11 20:42:42",24
"2019-12-11 21:42:53",24
"2019-12-11 22:42:53",24
"2019-12-11 23:42:54",24
"2019-12-12 00:42:50",24
"2019-12-12 01:42:56",24
"2019-12-12 02:42:54",24
"2019-12-12 03:42:45",24
"2019-12-12 04:42:49",24
"2019-12-12 05:42:53",24
"2019-12-12 06:42:55",24
"2019-12-12 07:42:54",24
"2019-12-12 08:42:45",24
"2019-12-12 09:42:48",24
"2019-12-12 10:42:49",24
"2019-12-12 11:42:45",24
"2019-12-12 12:42:43",24
"2019-12-12 14:05:35",24
"2019-12-12 14:43:04",24
"2019-12-12 15:42:48",24
"2019-12-12 16:42:57",24
"2019-12-12 17:42:45",24
"2019-12-12 18:42:46",24
"2019-12-12 19:42:45",24
"2019-12-12 20:42:46",24
"2019-12-12 21:42:48",24
"2019-12-12 22:42:43",24
"2019-12-12 23:42:46",24
"2019-12-13 00:43:08",24
"2019-12-13 01:42:44",24
"2019-12-13 02:42:43",24
"2019-12-13 03:42:43",24
"2019-12-13 04:42:43",24
"2019-12-13 05:42:50",24
"2019-12-13 06:42:54",24
"2019-12-13 07:42:46",24
"2019-12-13 08:42:45",24
"2019-12-13 09:42:43",24
"2019-12-13 10:42:44",24
"2019-12-13 11:42:44",24
"2019-12-13 12:42:44",24
"2019-12-13 14:37:40",24
"2019-12-13 14:45:23",24
"2019-12-13 15:42:44",24
"2019-12-13 16:42:43",24
"2019-12-13 17:42:47",24
"2019-12-13 18:42:44",24
"2019-12-13 19:42:41",24
"2019-12-13 20:43:01",24
"2019-12-13 21:42:42",24
"2019-12-13 22:42:43",24
"2019-12-13 23:42:41",24
"2019-12-14 00:42:42",24
"2019-12-14 01:42:42",24
"2019-12-14 02:42:43",24
"2019-12-14 03:42:49",24
"2019-12-14 04:42:43",24
"2019-12-14 05:42:45",24
"2019-12-14 06:42:44",24
"2019-12-14 07:42:42",24
"2019-12-14 08:42:44",24
"2019-12-14 09:42:42",24
"2019-12-14 10:42:42",24
"2019-12-14 11:42:45",24
"2019-12-14 12:42:42",24
"2019-12-14 13:42:43",24
"2019-12-14 14:42:43",24
"2019-12-14 15:42:42",24
"2019-12-14 16:42:45",24
"2019-12-14 17:42:43",24
"2019-12-14 18:42:44",24
"2019-12-14 19:42:43",24
"2019-12-14 20:42:43",24
"2019-12-14 22:42:48",24
"2019-12-14 23:42:43",24
"2019-12-15 00:42:42",24
"2019-12-15 01:42:45",24
"2019-12-15 02:42:42",24
"2019-12-15 03:42:42",24
"2019-12-15 04:42:44",24
"2019-12-15 05:42:42",24
"2019-12-15 06:42:42",24
"2019-12-15 07:42:45",24
"2019-12-15 08:42:43",24
"2019-12-15 09:42:42",24
"2019-12-15 10:42:43",24
"2019-12-15 11:42:43",24
"2019-12-15 13:42:42",24
"2019-12-15 14:42:43",24
"2019-12-15 15:42:43",24
"2019-12-15 16:42:44",24
"2019-12-15 17:42:42",24
"2019-12-15 19:42:42",24
"2019-12-15 20:42:42",24
"2019-12-15 21:42:43",24
"2019-12-15 22:42:46",24
"2019-12-15 23:42:44",24
"2019-12-16 00:42:43",24
"2019-12-16 01:42:50",24
"2019-12-16 02:42:44",24
"2019-12-16 04:42:53",24
"2019-12-16 05:42:44",24
"2019-12-16 06:42:43",24
"2019-12-16 07:42:42",24
"2019-12-16 08:42:43",24
"2019-12-16 09:42:45",24
"2019-12-16 10:42:43",24
"2019-12-16 11:42:43",24
"2019-12-16 12:42:42",24
"2019-12-16 13:42:41",24
"2019-12-16 14:42:51",24
"2019-12-16 16:05:04",24
"2019-12-16 16:42:44",24
"2019-12-16 17:42:43",24
"2019-12-16 18:42:43",24
"2019-12-16 19:42:45",24
"2019-12-16 20:42:46",24
"2019-12-16 21:42:45",24
"2019-12-16 22:42:43",24
"2019-12-16 23:42:44",24
"2019-12-17 00:42:43",24
"2019-12-17 01:42:44",24
"2019-12-17 02:42:52",24
"2019-12-17 03:42:44",24
"2019-12-17 04:42:45",24
"2019-12-17 05:42:43",24
"2019-12-17 06:42:45",24
"2019-12-17 07:42:45",24
"2019-12-17 08:42:51",24
"2019-12-17 09:42:44",24
"2019-12-17 10:42:43",24
"2019-12-17 11:42:43",24
"2019-12-17 12:42:43",24
"2019-12-17 14:06:34",24
"2019-12-17 14:42:46",24
"2019-12-17 15:42:46",24
"2019-12-17 16:42:44",24
"2019-12-17 17:42:43",24
"2019-12-17 18:42:44",24
"2019-12-17 19:42:51",25
"2019-12-17 20:42:45",25
"2019-12-17 21:42:44",25
"2019-12-17 22:42:44",25
"2019-12-17 23:42:44",25
"2019-12-18 01:42:42",25
"2019-12-18 02:42:52",25
"2019-12-18 03:42:43",25
"2019-12-18 04:42:42",25
"2019-12-18 05:42:43",25
"2019-12-18 06:42:43",25
"2019-12-18 07:42:43",25
"2019-12-18 08:42:45",25
"2019-12-18 09:42:44",25
"2019-12-18 10:42:53",25
"2019-12-18 11:42:44",25
"2019-12-18 12:42:41",25
"2019-12-18 14:05:34",25
"2019-12-18 14:42:45",25
"2019-12-18 15:42:43",25
"2019-12-18 16:42:44",25
"2019-12-18 17:42:50",25
"2019-12-18 18:42:43",25
"2019-12-18 19:42:42",25
"2019-12-18 20:42:42",25
"2019-12-18 21:42:42",25
"2019-12-18 22:42:43",25
"2019-12-18 23:42:42",25
"2019-12-19 00:42:43",25
"2019-12-19 01:42:45",25
"2019-12-19 02:42:53",25
"2019-12-19 03:42:42",25
"2019-12-19 04:42:43",25
"2019-12-19 05:42:48",25
"2019-12-19 06:42:44",25
"2019-12-19 07:42:46",25
"2019-12-19 08:42:45",25
"2019-12-19 09:42:47",25
"2019-12-19 10:42:45",25
"2019-12-19 11:42:44",25
"2019-12-19 12:42:45",25
"2019-12-19 14:07:06",25
"2019-12-19 14:42:48",25
"2019-12-19 15:42:53",25
"2019-12-19 16:42:51",25
"2019-12-19 17:42:51",26
"2019-12-19 18:42:52",26
"2019-12-19 19:42:51",26
"2019-12-19 21:07:08",25
"2019-12-19 21:42:52",25
"2019-12-19 22:42:52",25
"2019-12-19 23:42:50",25
"2019-12-20 00:42:53",25
"2019-12-20 01:42:51",25
"2019-12-20 02:43:01",25
"2019-12-20 03:42:52",25
"2019-12-20 04:42:53",25
"2019-12-20 05:42:53",25
"2019-12-20 06:42:51",25
"2019-12-20 07:42:52",25
"2019-12-20 08:42:52",25
"2019-12-20 09:42:56",25
"2019-12-20 10:42:44",25
"2019-12-20 11:42:53",25
"2019-12-20 12:42:52",25
"2019-12-20 14:06:06",25
"2019-12-20 14:43:05",25
"2019-12-20 15:42:59",25
"2019-12-20 16:43:02",25
"2019-12-20 17:43:03",25
"2019-12-20 18:42:53",25
"2019-12-20 19:42:57",25
"2019-12-20 20:43:03",25
"2019-12-20 21:42:51",25
"2019-12-20 22:42:51",25
"2019-12-20 23:42:53",25
"2019-12-21 00:43:03",25
"2019-12-21 01:42:53",25
"2019-12-21 02:42:52",25
"2019-12-21 03:42:52",25
"2019-12-21 04:42:53",25
"2019-12-21 05:42:45",25
"2019-12-21 06:42:45",25
"2019-12-21 07:42:51",25
"2019-12-21 08:42:55",25
"2019-12-21 09:42:45",25
"2019-12-21 10:42:43",25
"2019-12-21 11:42:42",25
"2019-12-21 12:42:43",25
"2019-12-21 13:42:44",25
"2019-12-21 14:42:45",25
"2019-12-21 15:42:46",25
"2019-12-21 16:42:53",25
"2019-12-21 17:42:48",25
"2019-12-21 18:42:45",25
"2019-12-21 19:42:44",25
"2019-12-21 20:42:44",25
"2019-12-21 21:42:44",25
"2019-12-21 22:42:52",25
"2019-12-21 23:42:43",25
"2019-12-22 00:42:45",25
"2019-12-22 01:42:53",25
"2019-12-22 02:42:46",25
"2019-12-22 04:42:44",25
"2019-12-22 05:42:46",25
"2019-12-22 06:42:45",25
"2019-12-22 07:42:46",25
"2019-12-22 08:42:47",25
"2019-12-22 09:42:45",25
"2019-12-22 10:42:44",25
"2019-12-22 11:42:43",25
"2019-12-22 12:42:44",25
"2019-12-22 13:42:45",25
"2019-12-22 14:42:46",25
"2019-12-22 15:42:51",25
"2019-12-22 16:42:53",25
"2019-12-22 17:42:43",25
"2019-12-22 18:42:44",25
"2019-12-22 19:42:52",25
"2019-12-22 20:42:53",25
"2019-12-22 22:42:44",25
"2019-12-22 23:42:52",25
"2019-12-23 00:42:54",25
"2019-12-23 01:42:56",25
"2019-12-23 02:42:54",25
"2019-12-23 03:42:54",25
"2019-12-23 04:42:52",25
"2019-12-23 05:42:54",25
"2019-12-23 06:42:52",25
"2019-12-23 07:42:46",25
"2019-12-23 08:42:45",25
"2019-12-23 09:42:47",25
"2019-12-23 10:42:45",25
"2019-12-23 11:42:44",25
"2019-12-23 12:42:43",25
"2019-12-23 14:07:11",25
"2019-12-23 14:43:05",25
"2019-12-23 15:42:50",25
"2019-12-23 16:42:49",25
"2019-12-23 17:42:58",25
"2019-12-23 18:42:55",25
"2019-12-23 19:42:57",25
"2019-12-23 20:43:06",25
"2019-12-23 21:42:54",25
"2019-12-23 22:42:47",25
"2019-12-23 23:42:55",25
"2019-12-24 00:42:48",25
"2019-12-24 01:42:53",25
"2019-12-24 02:43:01",25
"2019-12-24 03:42:56",25
"2019-12-24 04:43:02",25
"2019-12-24 05:42:48",25
"2019-12-24 06:42:57",25
"2019-12-24 07:42:46",25
"2019-12-24 08:42:47",25
"2019-12-24 09:42:49",25
"2019-12-24 10:42:50",25
"2019-12-24 11:42:49",25
"2019-12-24 12:42:46",25
"2019-12-24 13:42:47",25
"2019-12-24 14:42:58",25
"2019-12-24 15:42:51",25
"2019-12-24 16:42:56",25
"2019-12-24 17:42:46",25
"2019-12-24 18:42:47",25
"2019-12-24 19:42:46",25
"2019-12-24 20:42:46",25
"2019-12-24 21:42:45",25
"2019-12-24 22:42:54",25
"2019-12-24 23:42:58",25
"2019-12-25 00:42:53",25
"2019-12-25 01:42:46",25
"2019-12-25 02:42:47",25
"2019-12-25 03:42:48",25
"2019-12-25 04:42:56",25
"2019-12-25 05:42:54",25
"2019-12-25 06:42:50",25
"2019-12-25 07:42:48",25
"2019-12-25 08:42:57",25
"2019-12-25 09:42:50",25
"2019-12-25 10:42:50",25
"2019-12-25 11:42:48",25
"2019-12-25 12:42:46",25
"2019-12-25 13:42:46",25
"2019-12-25 14:42:46",25
"2019-12-25 15:42:55",25
"2019-12-25 16:42:47",25
"2019-12-25 17:42:55",25
"2019-12-25 18:42:46",25
"2019-12-25 19:42:45",25
"2019-12-25 20:42:45",25
"2019-12-25 21:42:44",25
"2019-12-25 22:42:48",25
"2019-12-25 23:42:49",25
"2019-12-26 00:42:52",25
"2019-12-26 01:42:56",25
"2019-12-26 02:42:55",25
"2019-12-26 03:42:56",25
"2019-12-26 04:42:57",25
"2019-12-26 05:42:51",25
"2019-12-26 06:42:56",25
"2019-12-26 07:42:47",25
"2019-12-26 08:42:49",25
"2019-12-26 09:42:48",25
"2019-12-26 10:42:47",25
"2019-12-26 11:42:46",25
"2019-12-26 12:42:46",25
"2019-12-26 13:42:44",25
"2019-12-26 14:42:49",25
"2019-12-26 15:42:48",25
"2019-12-26 16:42:50",25
"2019-12-26 17:42:59",25
"2019-12-26 18:42:48",25
"2019-12-26 19:42:48",25
"2019-12-26 20:43:07",25
"2019-12-26 21:42:54",25
"2019-12-26 22:42:58",25
"2019-12-26 23:42:53",25
"2019-12-27 00:42:46",25
"2019-12-27 01:42:54",25
"2019-12-27 02:42:58",25
"2019-12-27 03:42:56",25
"2019-12-27 04:42:57",25
"2019-12-27 05:42:54",25
"2019-12-27 06:42:56",25
"2019-12-27 07:42:49",25
"2019-12-27 08:42:52",25
"2019-12-27 09:42:48",25
"2019-12-27 10:42:49",25
"2019-12-27 11:42:48",25
"2019-12-27 12:42:48",25
"2019-12-27 14:07:08",25
"2019-12-27 14:42:50",25
"2019-12-27 15:42:48",25
"2019-12-27 16:42:47",25
"2019-12-27 17:42:53",25
"2019-12-27 18:42:56",25
"2019-12-27 19:43:06",25
"2019-12-27 20:42:53",25
"2019-12-27 21:43:06",25
"2019-12-27 22:42:55",25
"2019-12-27 23:42:46",25
"2019-12-28 00:42:56",25
"2019-12-28 01:42:48",25
"2019-12-28 02:42:58",25
"2019-12-28 03:42:49",25
"2019-12-28 04:42:55",25
"2019-12-28 05:42:54",25
"2019-12-28 06:42:54",25
"2019-12-28 07:42:52",25
"2019-12-28 08:43:00",25
"2019-12-28 09:42:51",25
"2019-12-28 10:42:49",25
"2019-12-28 11:42:46",25
"2019-12-28 12:42:46",25
"2019-12-28 13:42:45",25
"2019-12-28 14:42:50",25
"2019-12-28 15:42:49",25
"2019-12-28 16:42:47",25
"2019-12-28 17:42:55",25
"2019-12-28 18:42:50",25
"2019-12-28 19:42:47",25
"2019-12-28 20:42:49",25
"2019-12-28 21:42:47",25
"2019-12-28 22:42:52",25
"2019-12-28 23:43:03",25
"2019-12-29 00:42:48",25
"2019-12-29 01:42:57",25
"2019-12-29 02:42:57",25
"2019-12-29 03:43:00",25
"2019-12-29 04:42:53",25
"2019-12-29 05:42:59",25
"2019-12-29 06:43:00",25
"2019-12-29 07:42:52",25
"2019-12-29 08:43:01",25
"2019-12-29 09:42:50",25
"2019-12-29 10:42:52",25
"2019-12-29 11:42:52",25
"2019-12-29 12:42:51",25
"2019-12-29 13:42:49",25
"2019-12-29 14:42:50",25
"2019-12-29 15:42:57",25
"2019-12-29 16:42:56",25
"2019-12-29 17:42:47",25
"2019-12-29 18:42:54",25
"2019-12-29 19:42:55",25
"2019-12-29 20:42:48",25
"2019-12-29 21:43:07",25
"2019-12-29 22:42:51",25
"2019-12-29 23:42:48",25
"2019-12-30 00:42:48",25
"2019-12-30 01:43:01",25
"2019-12-30 02:43:07",25
"2019-12-30 03:42:54",25
"2019-12-30 04:43:07",25
"2019-12-30 05:42:49",25
"2019-12-30 06:42:44",25
"2019-12-30 07:42:47",25
"2019-12-30 08:42:50",25
"2019-12-30 09:43:07",25
"2019-12-30 10:42:46",25
"2019-12-30 11:42:48",25
"2019-12-30 12:42:48",25
"2019-12-30 14:07:06",25
"2019-12-30 14:43:03",25
"2019-12-30 15:42:49",25
"2019-12-30 16:42:48",25
"2019-12-30 17:42:50",25
"2019-12-30 18:42:55",25
"2019-12-30 19:42:50",25
"2019-12-30 20:42:50",25
"2019-12-30 21:42:48",25
"2019-12-30 22:42:47",25
"2019-12-30 23:42:48",25
"2019-12-31 00:42:48",25
"2019-12-31 01:42:48",25
"2019-12-31 02:42:49",25
"2019-12-31 03:42:53",25
"2019-12-31 04:42:49",25
"2019-12-31 05:42:48",25
"2019-12-31 06:42:50",25
"2019-12-31 07:42:46",25
"2019-12-31 08:42:58",25
"2019-12-31 09:42:55",25
"2019-12-31 10:42:56",25
"2019-12-31 11:42:53",25
"2019-12-31 12:42:54",25
"2019-12-31 14:08:08",25
"2019-12-31 14:43:09",25
"2019-12-31 15:42:57",25
"2019-12-31 16:42:48",25
"2019-12-31 17:42:45",25
"2019-12-31 18:42:45",25
"2019-12-31 19:42:48",25
"2019-12-31 20:42:49",25
"2019-12-31 21:42:47",25
"2019-12-31 22:42:46",25
"2019-12-31 23:42:45",25
"2020-01-01 00:42:47",25
"2020-01-01 01:42:50",25
"2020-01-01 02:42:46",25
"2020-01-01 03:42:53",25
"2020-01-01 04:42:47",25
"2020-01-01 05:42:58",25
"2020-01-01 06:42:56",25
"2020-01-01 07:42:58",25
"2020-01-01 08:42:54",25
"2020-01-01 09:42:50",25
"2020-01-01 10:42:48",25
"2020-01-01 11:42:46",25
"2020-01-01 12:42:45",25
"2020-01-01 13:42:51",25
"2020-01-01 14:42:46",25
"2020-01-01 15:42:47",25
"2020-01-01 16:42:48",25
"2020-01-01 17:42:47",25
"2020-01-01 18:42:46",25
"2020-01-01 19:42:46",25
"2020-01-01 20:42:48",25
"2020-01-01 21:42:48",25
"2020-01-01 22:42:56",25
"2020-01-01 23:43:05",25
"2020-01-02 00:42:53",25
"2020-01-02 01:42:55",25
"2020-01-02 02:43:08",25
"2020-01-02 03:42:47",25
"2020-01-02 04:42:48",25
"2020-01-02 05:42:48",25
"2020-01-02 06:42:46",25
"2020-01-02 07:42:45",25
"2020-01-02 08:42:50",25
"2020-01-02 09:42:50",25
"2020-01-02 10:42:51",25
"2020-01-02 11:42:49",25
"2020-01-02 12:42:47",25
"2020-01-02 14:08:37",25
"2020-01-02 14:43:43",25
"2020-01-02 15:42:52",23
"2020-01-02 16:42:50",23
"2020-01-02 17:42:51",23
"2020-01-02 18:42:50",24
"2020-01-02 19:42:50",24
"2020-01-02 20:42:48",24
"2020-01-02 21:42:46",24
"2020-01-02 22:43:25",24
"2020-01-02 23:42:47",24
"2020-01-03 00:42:57",24
"2020-01-03 01:42:48",24
"2020-01-03 02:42:56",24
"2020-01-03 03:42:50",24
"2020-01-03 04:42:47",24
"2020-01-03 05:42:46",24
"2020-01-03 06:42:51",24
"2020-01-03 07:42:46",24
"2020-01-03 08:42:50",24
"2020-01-03 09:42:45",24
"2020-01-03 10:42:48",24
"2020-01-03 11:42:47",24
"2020-01-03 12:42:48",24
"2020-01-03 14:08:37",24
"2020-01-03 14:46:19",24
"2020-01-03 15:42:50",24
"2020-01-03 16:42:54",25
"2020-01-03 17:43:20",25
"2020-01-03 18:42:47",25
"2020-01-03 19:42:47",25
"2020-01-03 20:42:47",25
"2020-01-03 21:42:44",25
"2020-01-03 22:42:46",25
"2020-01-03 23:42:47",25
"2020-01-04 00:42:50",25
"2020-01-04 01:42:45",25
"2020-01-04 02:42:48",25
"2020-01-04 03:42:48",25
"2020-01-04 04:42:48",25
"2020-01-04 05:42:48",25
"2020-01-04 06:42:46",25
"2020-01-04 07:42:47",25
"2020-01-04 08:42:48",25
"2020-01-04 09:42:45",25
"2020-01-04 10:42:46",25
"2020-01-04 11:42:45",25
"2020-01-04 12:42:47",25
"2020-01-04 13:42:45",25
"2020-01-04 14:42:46",25
"2020-01-04 15:42:49",25
"2020-01-04 16:42:45",25
"2020-01-04 17:42:50",25
"2020-01-04 18:42:49",25
"2020-01-04 19:42:46",25
"2020-01-04 20:42:46",25
"2020-01-04 21:43:03",25
"2020-01-04 22:42:45",25
"2020-01-04 23:42:59",25
"2020-01-05 00:42:45",25
"2020-01-05 01:43:07",25
"2020-01-05 02:42:57",25
"2020-01-05 03:42:56",25
"2020-01-05 04:42:46",25
"2020-01-05 05:42:46",25
"2020-01-05 06:42:45",25
"2020-01-05 07:42:48",25
"2020-01-05 08:42:46",25
"2020-01-05 09:42:46",25
"2020-01-05 10:42:47",25
"2020-01-05 11:42:47",25
"2020-01-05 12:42:45",25
"2020-01-05 13:42:46",25
"2020-01-05 14:42:45",25
"2020-01-05 15:42:48",25
"2020-01-05 16:42:48",25
"2020-01-05 17:43:08",25
"2020-01-05 18:42:52",25
"2020-01-05 20:42:49",25
"2020-01-05 21:43:02",25
"2020-01-05 22:42:47",25
"2020-01-05 23:42:48",25
"2020-01-06 00:42:50",25
"2020-01-06 01:42:49",25
"2020-01-06 02:43:00",25
"2020-01-06 03:42:55",25
"2020-01-06 04:42:58",25
"2020-01-06 05:42:47",25
"2020-01-06 06:42:51",25
"2020-01-06 07:42:49",25
"2020-01-06 08:42:49",25
"2020-01-16 06:42:47",25
"2020-01-16 07:42:47",25
"2020-01-16 08:42:48",25
"2020-01-16 09:42:53",25
"2020-01-16 10:42:47",25
"2020-01-16 11:42:49",25
"2020-01-16 12:42:46",25
"2020-01-16 14:08:39",25
"2020-01-16 15:42:49",25
"2020-01-16 16:42:52",25
"2020-01-16 17:42:52",25
"2020-01-16 18:42:49",25
"2020-01-16 19:42:49",25
"2020-01-16 20:42:47",25
"2020-01-16 21:42:48",25
"2020-01-16 22:42:50",25
"2020-01-16 23:42:51",25
"2020-01-17 00:43:07",25
"2020-01-17 01:43:10",25
"2020-01-17 02:42:49",25
"2020-01-17 03:42:49",25
"2020-01-17 04:42:50",25
"2020-01-17 05:42:49",25
"2020-01-17 06:42:52",25
"2020-01-17 07:42:46",25
"2020-01-17 08:42:52",25
"2020-01-17 09:43:10",25
"2020-01-17 10:42:47",25
"2020-01-17 11:42:49",25
"2020-01-17 12:42:50",25
"2020-01-17 14:06:41",25
"2020-01-17 14:42:54",25
"2020-01-17 15:42:50",25
"2020-01-17 16:42:50",25
"2020-01-17 17:42:52",25
"2020-01-17 18:42:51",25
"2020-01-17 19:42:50",25
"2020-01-17 20:42:49",25
"2020-01-17 21:42:47",25
"2020-01-17 22:42:53",25
"2020-01-17 23:42:49",25
"2020-01-18 00:43:02",25
"2020-01-18 01:42:48",25
"2020-01-18 02:42:49",25
"2020-01-18 03:42:49",25
"2020-01-18 04:42:49",25
"2020-01-18 05:42:50",25
"2020-01-18 06:42:48",25
"2020-01-18 07:42:49",25
"2020-01-18 08:42:50",25
"2020-01-18 09:42:48",25
"2020-01-18 10:42:47",25
"2020-01-18 11:42:47",25
"2020-01-18 12:42:49",25
"2020-01-18 13:42:51",25
"2020-01-18 14:42:48",25
"2020-01-18 15:42:49",25
"2020-01-18 16:42:50",25
"2020-01-18 17:42:51",25
"2020-01-18 18:42:51",25
"2020-01-18 19:43:09",25
"2020-01-18 20:42:49",25
"2020-01-18 21:42:49",25
"2020-01-18 22:42:52",25
"2020-01-18 23:42:49",25
"2020-01-19 00:42:47",25
"2020-01-19 01:42:47",25
"2020-01-19 02:42:52",25
"2020-01-19 03:42:51",25
"2020-01-19 04:42:50",25
"2020-01-19 05:42:48",25
"2020-01-19 06:42:51",25
"2020-01-19 07:42:50",25
"2020-01-19 08:42:56",25
"2020-01-19 09:42:52",25
"2020-01-19 10:42:47",25
"2020-01-19 11:42:48",25
"2020-01-19 12:42:48",25
"2020-01-19 13:42:49",25
"2020-01-19 14:42:52",25
"2020-01-19 15:43:11",25
"2020-01-19 16:42:48",25
"2020-01-19 17:42:47",25
"2020-01-19 18:42:50",25
"2020-01-19 19:43:09",25
"2020-01-19 20:42:49",25
"2020-01-19 21:42:47",25
"2020-01-19 22:42:50",25
"2020-01-19 23:43:08",25
"2020-01-20 00:43:09",25
"2020-01-20 01:43:07",25
"2020-01-20 02:43:01",25
"2020-01-20 03:43:10",25
"2020-01-20 04:43:06",25
"2020-01-20 05:42:47",25
"2020-01-20 06:43:09",25
"2020-01-20 07:42:47",25
"2020-01-20 08:43:10",25
"2020-01-20 09:51:33",25
"2020-01-20 10:43:03",25
"2020-01-20 11:42:51",25
"2020-01-20 12:42:48",25
"2020-01-20 13:43:05",25
"2020-01-20 14:43:07",25
"2020-01-20 15:43:08",25
"2020-01-20 16:42:50",25
"2020-01-20 17:43:07",25
"2020-01-20 18:42:49",25
"2020-01-20 19:43:08",25
"2020-01-20 20:43:07",25
"2020-01-20 21:43:10",25
"2020-01-20 22:43:10",25
"2020-01-20 23:43:06",25
"2020-01-21 00:43:08",25
"2020-01-21 01:43:07",25
"2020-01-21 02:43:09",25
"2020-01-21 03:42:49",25
"2020-01-21 04:42:52",25
"2020-01-21 05:42:50",25
"2020-01-21 06:42:48",25
"2020-01-21 07:42:48",25
"2020-01-21 08:42:52",25
"2020-01-21 10:00:01",25
"2020-01-21 10:43:07",25
"2020-01-21 11:42:51",25
"2020-01-21 12:42:48",25
"2020-01-21 13:42:50",25
"2020-01-21 15:43:11",25
"2020-01-21 16:42:51",25
"2020-01-21 17:43:05",26
"2020-01-21 18:42:50",26
"2020-01-21 19:43:10",26
"2020-01-21 20:42:49",26
"2020-01-21 21:43:07",26
"2020-01-21 22:43:07",26
"2020-01-21 23:42:48",26
"2020-01-22 00:42:51",26
"2020-01-22 01:42:49",26
"2020-01-22 02:43:08",26
"2020-01-22 03:42:53",26
"2020-01-22 04:42:50",26
"2020-01-22 05:42:51",26
"2020-01-22 06:42:51",26
"2020-01-22 07:42:48",26
"2020-01-22 08:42:49",26
"2020-01-22 09:56:13",26
"2020-01-22 10:42:48",26
"2020-01-22 11:42:48",26
"2020-01-22 12:43:07",26
"2020-01-22 13:43:08",26
"2020-01-22 14:42:57",26
"2020-01-22 15:42:51",26
"2020-01-22 16:43:08",26
"2020-01-22 17:43:05",27
"2020-01-22 18:43:08",27
"2020-01-22 19:43:06",27
"2020-01-22 20:43:11",27
"2020-01-22 21:43:10",27
"2020-01-22 22:42:57",27
"2020-01-22 23:43:05",27
"2020-01-23 00:43:10",27
"2020-01-23 01:43:11",27
"2020-01-23 02:42:53",27
"2020-01-23 03:42:49",27
"2020-01-23 04:42:52",27
"2020-01-23 05:42:50",27
"2020-01-23 06:42:52",27
"2020-01-23 07:42:49",27
"2020-01-23 08:42:49",27
"2020-01-23 10:42:49",27
"2020-01-23 11:42:49",27
"2020-01-23 12:42:50",27
"2020-01-23 14:08:10",27
"2020-01-23 14:43:00",27
"2020-01-23 15:42:52",27
"2020-01-23 16:42:52",27
"2020-01-23 17:42:48",27
"2020-01-23 18:42:50",27
"2020-01-23 19:42:50",27
"2020-01-23 20:42:50",27
"2020-01-23 21:42:58",27
"2020-01-23 22:42:53",27
"2020-01-23 23:42:50",27
"2020-01-24 00:42:51",27
"2020-01-24 01:42:50",27
"2020-01-24 02:43:10",27
"2020-01-24 03:42:48",27
"2020-01-24 04:42:50",27
"2020-01-24 05:42:51",27
"2020-01-24 06:42:50",27
"2020-01-24 07:42:49",27
"2020-01-24 08:42:53",27
"2020-01-24 09:54:17",27
"2020-01-24 10:42:51",27
"2020-01-24 11:42:48",27
"2020-01-24 12:42:49",27
"2020-01-24 14:07:10",27
"2020-01-24 14:42:52",27
"2020-01-24 15:42:52",27
"2020-01-24 16:42:50",28
"2020-01-24 17:42:48",28
"2020-01-24 18:42:48",28
"2020-01-24 19:42:51",28
"2020-01-24 20:42:57",28
"2020-01-24 21:42:48",28
"2020-01-24 22:42:48",28
"2020-01-24 23:42:50",28
"2020-01-25 00:42:49",28
"2020-01-25 01:42:51",28
"2020-01-25 02:43:00",28
"2020-01-25 03:42:51",28
"2020-01-25 04:42:48",28
"2020-01-25 05:42:50",28
"2020-01-25 06:42:52",28
"2020-01-25 07:42:51",28
"2020-01-25 08:42:51",28
"2020-01-25 09:54:44",28
"2020-01-25 10:42:54",28
"2020-01-25 11:42:47",28
"2020-01-25 12:42:52",28
"2020-01-25 13:42:51",28
"2020-01-25 14:42:48",28
"2020-01-25 15:42:51",28
"2020-01-25 16:42:49",28
"2020-01-25 17:42:48",28
"2020-01-25 18:42:49",28
"2020-01-25 19:42:48",28
"2020-01-25 20:42:51",28
"2020-01-25 21:42:50",28
"2020-01-25 22:42:48",28
"2020-01-25 23:42:49",28
"2020-01-26 00:42:49",28
"2020-01-26 01:42:50",28
"2020-01-26 02:42:52",28
"2020-01-26 03:42:54",28
"2020-01-26 04:42:50",28
"2020-01-26 06:42:49",28
"2020-01-26 07:42:49",28
"2020-01-27 02:42:50",28
"2020-01-27 03:42:49",28
"2020-01-27 04:43:01",28
"2020-01-27 05:42:56",28
"2020-01-27 06:42:55",28
"2020-01-27 07:42:52",28
"2020-01-27 08:42:53",28
"2020-01-27 09:42:57",28
"2020-01-27 10:42:54",28
"2020-01-27 11:42:55",28
"2020-01-27 12:42:54",28
"2020-01-27 13:42:53",28
"2020-01-27 14:43:16",28
"2020-01-27 15:43:05",29
"2020-01-27 16:42:53",29
"2020-01-27 17:42:55",29
"2020-01-27 18:42:56",29
"2020-01-27 19:43:04",29
"2020-01-27 20:42:55",29
"2020-01-27 21:42:56",29
"2020-01-27 22:43:11",29
"2020-01-27 23:43:00",29
"2020-01-28 00:42:51",29
"2020-01-28 01:43:00",29
"2020-01-28 02:42:58",29
"2020-01-28 03:42:58",29
"2020-01-28 04:42:59",29
"2020-01-28 05:43:01",29
"2020-01-28 06:42:50",29
"2020-01-28 07:42:49",29
"2020-01-28 08:42:54",29
"2020-01-28 09:43:00",29
"2020-01-28 10:42:47",29
"2020-01-28 11:42:49",29
"2020-01-28 12:42:48",29
"2020-01-28 14:07:42",29
"2020-01-28 14:43:09",29
"2020-01-28 15:42:56",29
"2020-01-28 16:43:02",30
"2020-01-28 17:42:55",30
"2020-01-28 18:42:56",30
"2020-01-28 19:42:58",30
"2020-01-28 21:43:04",30
"2020-01-28 22:42:59",30
"2020-01-28 23:42:53",30
"2020-01-29 00:42:51",30
"2020-01-29 01:43:00",30
"2020-01-29 02:43:09",30
"2020-01-29 03:43:01",30
"2020-01-29 04:42:49",30
"2020-01-29 05:42:57",30
"2020-01-29 06:42:51",30
"2020-01-29 07:42:51",30
"2020-01-29 08:42:56",30
"2020-01-29 09:42:56",30
"2020-01-29 10:42:50",30
"2020-01-29 11:42:49",30
"2020-01-29 12:42:52",30
"2020-01-29 13:43:01",30
"2020-01-29 14:42:59",30
"2020-01-29 15:43:03",30
"2020-01-29 16:42:57",30
"2020-01-29 17:43:02",30
"2020-01-29 18:43:00",30
"2020-01-29 19:43:01",30
"2020-01-29 20:43:00",30
"2020-01-29 21:43:00",30
"2020-01-29 22:42:51",30
"2020-01-29 23:42:52",30
"2020-01-30 00:42:59",30
"2020-01-30 01:43:06",30
"2020-01-30 02:43:00",30
"2020-01-30 03:42:50",30
"2020-01-30 04:43:00",30
"2020-01-30 05:43:09",30
"2020-01-30 06:43:09",30
"2020-01-30 07:42:52",30
"2020-01-30 08:42:54",30
"2020-01-30 09:42:56",30
"2020-01-30 10:42:48",30
"2020-01-30 11:42:50",30
"2020-01-30 12:42:51",30
"2020-01-30 13:42:51",30
"2020-01-30 14:42:59",30
"2020-01-30 15:42:57",30
"2020-01-30 16:43:02",30
"2020-01-30 17:43:02",31
"2020-01-30 18:43:02",31
"2020-01-30 19:42:59",31
"2020-01-30 20:42:58",31
"2020-01-30 21:43:05",31
"2020-01-30 22:42:51",31
"2020-01-30 23:42:51",31
"2020-01-31 00:42:56",31
"2020-01-31 01:43:00",31
"2020-01-31 02:42:52",31
"2020-01-31 03:42:55",31
"2020-01-31 04:42:51",31
"2020-01-31 05:42:53",31
"2020-01-31 06:42:52",31
"2020-01-31 07:42:52",31
"2020-01-31 08:42:58",31
"2020-01-31 09:42:57",31
"2020-01-31 10:42:52",31
"2020-01-31 11:42:51",31
"2020-01-31 12:42:52",31
"2020-01-31 13:42:52",31
"2020-01-31 14:42:53",31
"2020-01-31 15:42:56",30
"2020-01-31 16:42:55",29
"2020-01-31 17:42:52",29
"2020-01-31 18:42:52",29
"2020-01-31 19:42:53",29
"2020-01-31 20:42:53",29
"2020-01-31 21:42:50",29
"2020-01-31 22:42:52",29
"2020-01-31 23:42:50",29
"2020-02-01 00:42:49",29
"2020-02-01 01:43:32",29
"2020-02-01 02:42:54",29
"2020-02-01 03:42:54",29
"2020-02-01 04:42:56",29
"2020-02-01 05:42:58",29
"2020-02-01 06:42:53",29
"2020-02-01 07:42:57",29
"2020-02-01 08:42:54",29
"2020-02-01 09:42:54",29
"2020-02-01 10:42:52",29
"2020-02-01 11:42:51",29
"2020-02-01 12:42:51",29
"2020-02-01 13:42:53",29
"2020-02-01 14:42:52",29
"2020-02-01 15:42:51",29
"2020-02-01 16:42:51",29
"2020-02-01 17:42:51",29
"2020-02-01 18:42:52",29
"2020-02-01 19:42:50",29
"2020-02-01 20:42:53",29
"2020-02-01 21:43:03",29
"2020-02-01 22:42:58",29
"2020-02-01 23:43:01",29
"2020-02-02 00:43:01",29
"2020-02-02 01:43:01",29
"2020-02-02 02:43:00",29
"2020-02-02 03:42:59",29
"2020-02-02 04:43:02",29
"2020-02-02 05:42:57",29
"2020-02-02 06:42:59",29
"2020-02-02 07:43:00",29
"2020-02-02 08:43:00",29
"2020-02-02 09:43:00",29
"2020-02-02 10:42:57",29
"2020-02-02 11:42:56",29
"2020-02-02 12:43:03",29
"2020-02-02 13:42:59",29
"2020-02-02 14:42:59",29
"2020-02-02 15:42:58",29
"2020-02-02 16:42:58",29
"2020-02-02 17:43:00",29
"2020-02-02 18:42:57",29
"2020-02-02 19:42:59",29
"2020-02-02 20:42:59",29
"2020-02-02 21:42:59",29
"2020-02-02 22:42:59",29
"2020-02-02 23:43:05",29
"2020-02-03 00:43:09",29
"2020-02-03 01:43:01",29
"2020-02-03 02:43:00",29
"2020-02-03 03:43:02",29
"2020-02-03 04:43:01",29
"2020-02-03 05:43:00",29
"2020-02-03 06:43:00",29
"2020-02-03 07:43:01",29
"2020-02-03 08:43:03",29
"2020-02-03 09:43:04",29
"2020-02-03 10:42:59",29
"2020-02-03 11:43:02",29
"2020-02-03 12:42:57",29
"2020-02-03 14:44:21",28
"2020-02-03 14:52:07",28
"2020-02-03 15:43:04",28
"2020-02-03 16:43:04",28
"2020-02-03 17:43:03",28
"2020-02-03 18:43:01",28
"2020-02-03 19:42:58",28
"2020-02-03 20:43:02",28
"2020-02-03 21:43:02",28
"2020-02-03 22:43:00",28
"2020-02-03 23:43:00",28
"2020-02-04 00:42:59",28
"2020-02-04 01:43:02",28
"2020-02-04 02:43:01",28
"2020-02-04 03:43:05",28
"2020-02-04 04:43:02",28
"2020-02-04 05:43:02",28
"2020-02-04 06:43:02",28
"2020-02-04 07:43:06",28
"2020-02-04 08:42:52",28
"2020-02-04 09:43:06",28
"2020-02-04 10:42:58",28
"2020-02-04 11:43:01",28
"2020-02-04 12:43:00",28
"2020-02-04 14:11:16",28
"2020-02-04 14:43:10",28
"2020-02-04 15:43:04",28
"2020-02-04 16:43:04",28
"2020-02-04 17:43:01",28
"2020-02-04 18:43:03",28
"2020-02-04 19:42:59",28
"2020-02-04 20:43:00",28
"2020-02-04 21:42:59",28
"2020-02-04 22:43:01",28
"2020-02-04 23:43:01",28
"2020-02-05 00:42:59",28
"2020-02-05 01:43:02",28
"2020-02-05 02:42:59",28
"2020-02-05 03:43:01",28
"2020-02-05 04:43:16",28
"2020-02-05 05:42:59",28
"2020-02-05 06:43:01",28
"2020-02-05 07:42:59",28
"2020-02-05 08:43:03",28
"2020-02-05 09:43:01",28
"2020-02-05 10:42:58",28
"2020-02-05 11:43:04",28
"2020-02-05 12:43:01",28
"2020-02-05 14:05:15",28
"2020-02-05 14:43:04",28
"2020-02-05 15:43:02",28
"2020-02-05 16:43:02",28
"2020-02-05 17:42:59",28
"2020-02-05 18:42:58",28
"2020-02-05 19:43:01",28
"2020-02-05 20:43:01",28
"2020-02-05 21:42:58",29
"2020-02-05 22:43:00",29
"2020-02-05 23:43:03",29
"2020-02-06 00:43:01",29
"2020-02-06 01:43:04",29
"2020-02-06 02:43:02",29
"2020-02-06 03:43:12",29
"2020-02-06 04:43:11",29
"2020-02-06 05:42:59",29
"2020-02-06 06:42:52",29
"2020-02-06 07:43:04",29
"2020-02-06 08:43:02",29
"2020-02-06 09:43:02",29
"2020-02-06 10:42:57",29
"2020-02-06 11:42:59",29
"2020-02-06 12:42:59",29
"2020-02-06 13:43:01",29
"2020-02-06 14:43:09",29
"2020-02-06 15:43:15",30
"2020-02-06 16:43:03",30
"2020-02-06 17:43:04",30
"2020-02-06 18:43:04",30
"2020-02-06 19:43:04",30
"2020-02-06 20:43:03",30
"2020-02-06 21:43:04",30
"2020-02-06 22:43:02",30
"2020-02-06 23:43:03",30
"2020-02-07 00:43:03",30
"2020-02-07 01:43:12",30
"2020-02-07 02:43:03",30
"2020-02-07 03:43:04",30
"2020-02-07 04:43:03",30
"2020-02-07 05:43:10",30
"2020-02-07 06:43:12",30
"2020-02-07 07:43:02",30
"2020-02-07 08:43:05",30
"2020-02-07 09:43:08",30
"2020-02-07 10:43:07",30
"2020-02-07 11:43:04",30
"2020-02-07 12:43:01",30
"2020-02-07 14:06:45",30
"2020-02-07 14:43:05",30
"2020-02-07 15:43:04",30
"2020-02-07 16:43:02",30
"2020-02-07 17:43:06",30
"2020-02-07 18:43:03",30
"2020-02-07 19:43:09",30
"2020-02-07 20:43:05",30
"2020-02-07 21:43:02",30
"2020-02-07 22:43:04",30
"2020-02-07 23:43:01",30
"2020-02-08 00:43:01",30
"2020-02-08 01:43:01",30
"2020-02-08 02:43:02",30
"2020-02-08 03:43:03",30
"2020-02-08 04:43:03",30
"2020-02-08 05:43:01",30
"2020-02-08 06:43:03",30
"2020-02-08 07:43:03",30
"2020-02-08 08:43:02",30
"2020-02-08 09:43:08",30
"2020-02-08 10:42:53",30
"2020-02-08 11:43:01",30
"2020-02-08 12:43:00",30
"2020-02-08 13:42:59",30
"2020-02-08 14:43:02",30
"2020-02-08 15:43:04",30
"2020-02-08 16:43:02",30
"2020-02-08 17:43:03",30
"2020-02-08 18:45:45",30
"2020-02-08 19:43:01",30
"2020-02-08 20:43:06",30
"2020-02-08 21:43:05",30
"2020-02-08 22:43:06",30
"2020-02-08 23:43:02",30
"2020-02-09 00:43:03",30
"2020-02-09 01:43:03",30
"2020-02-09 02:43:09",30
"2020-02-09 03:43:03",30
"2020-02-09 04:43:01",30
"2020-02-09 05:43:03",30
"2020-02-09 06:43:08",30
"2020-02-09 07:43:05",30
"2020-02-09 08:43:07",30
"2020-02-09 09:43:05",30
"2020-02-09 10:43:02",30
"2020-02-09 11:43:06",30
"2020-02-09 12:43:04",30
"2020-02-09 13:43:03",30
"2020-02-09 14:43:04",30
"2020-02-09 15:43:01",30
"2020-02-09 16:43:04",30
"2020-02-09 17:43:00",30
"2020-02-09 18:43:03",30
"2020-02-09 19:43:04",30
"2020-02-09 20:43:02",30
"2020-02-09 21:43:09",30
"2020-02-09 22:43:03",30
"2020-02-09 23:43:21",30
"2020-02-10 00:43:04",30
"2020-02-10 01:43:04",30
"2020-02-10 02:43:03",30
"2020-02-10 03:43:04",30
"2020-02-10 04:43:02",30
"2020-02-10 05:43:09",30
"2020-02-10 06:43:07",30
"2020-02-10 07:43:03",30
"2020-02-10 08:43:04",30
"2020-02-10 09:43:06",30
"2020-02-10 10:43:03",30
"2020-02-10 11:43:02",30
"2020-02-10 12:43:03",30
"2020-02-10 13:43:02",30
"2020-02-10 14:43:06",30
"2020-02-10 15:43:08",30
"2020-02-10 16:43:08",30
"2020-02-10 17:43:02",30
"2020-02-10 18:43:04",30
"2020-02-10 19:43:03",30
"2020-02-10 20:43:07",30
"2020-02-10 21:43:06",31
"2020-02-10 22:43:04",31
"2020-02-10 23:42:59",31
"2020-02-11 00:43:05",31
"2020-02-11 01:43:13",31
"2020-02-11 02:43:06",31
"2020-02-11 03:43:05",31
"2020-02-11 04:43:04",31
"2020-02-11 05:43:02",31
"2020-02-11 06:43:06",31
"2020-02-11 07:43:03",31
"2020-02-11 08:43:04",31
"2020-02-11 09:43:08",31
"2020-02-11 10:43:02",31
"2020-02-11 11:43:04",31
"2020-02-11 12:43:01",31
"2020-02-11 14:07:15",31
"2020-02-11 14:43:09",31
"2020-02-11 15:43:06",31
"2020-02-11 16:43:07",31
"2020-02-11 17:43:04",31
"2020-02-11 18:43:03",31
"2020-02-11 19:43:06",31
"2020-02-11 20:43:04",31
"2020-02-11 21:44:29",31
"2020-02-11 22:43:15",31
"2020-02-11 23:43:02",31
"2020-02-12 00:43:14",31
"2020-02-12 01:43:04",31
"2020-02-12 02:43:19",31
"2020-02-12 03:43:03",31
"2020-02-12 04:43:04",31
"2020-02-12 05:43:03",31
"2020-02-12 06:43:08",31
"2020-02-12 07:43:03",31
"2020-02-12 08:43:03",31
"2020-02-12 09:43:05",31
"2020-02-12 10:43:02",31
"2020-02-12 11:43:01",31
"2020-02-12 12:43:03",31
"2020-02-12 14:07:15",31
"2020-02-12 14:43:08",31
"2020-02-12 15:43:06",31
"2020-02-12 16:43:01",31
"2020-02-12 17:43:02",31
"2020-02-12 18:43:07",31
"2020-02-12 19:43:02",31
"2020-02-12 20:43:05",31
"2020-02-12 21:43:04",31
"2020-02-12 22:42:55",31
"2020-02-12 23:42:52",31
"2020-02-13 00:43:04",31
"2020-02-13 01:42:59",31
"2020-02-13 02:43:04",31
"2020-02-13 03:43:03",31
"2020-02-13 04:43:00",31
"2020-02-13 05:43:03",31
"2020-02-13 06:43:05",31
"2020-02-13 07:42:55",31
"2020-02-13 08:42:57",31
"2020-02-13 09:42:56",31
"2020-02-13 10:42:52",31
"2020-02-13 11:43:01",31
"2020-02-13 12:42:54",31
"2020-02-13 14:07:13",31
"2020-02-13 14:42:56",31
"2020-02-13 15:42:59",30
"2020-02-13 16:42:57",30
"2020-02-13 17:43:01",30
"2020-02-13 18:43:04",30
"2020-02-13 19:43:02",30
"2020-02-13 20:43:02",30
"2020-02-13 21:43:02",30
"2020-02-13 22:42:55",30
"2020-02-13 23:42:54",30
"2020-02-14 00:42:54",30
"2020-02-14 01:42:56",30
"2020-02-14 02:43:05",30
"2020-02-14 03:42:53",30
"2020-02-14 04:42:55",30
"2020-02-14 05:42:56",30
"2020-02-14 06:42:52",30
"2020-02-14 07:42:53",30
"2020-02-14 08:43:00",30
"2020-02-14 09:42:58",30
"2020-02-14 10:42:52",30
"2020-02-14 11:42:55",30
"2020-02-14 12:42:52",30
"2020-02-14 13:42:56",30
"2020-02-14 14:42:56",30
"2020-02-14 15:43:06",30
"2020-02-14 16:42:57",30
"2020-02-14 17:42:56",30
"2020-02-14 18:42:54",30
"2020-02-14 19:42:53",30
"2020-02-14 20:43:02",30
"2020-02-14 21:42:53",30
"2020-02-14 22:42:52",30
"2020-02-14 23:43:00",30
"2020-02-15 00:42:54",30
"2020-02-15 01:42:57",30
"2020-02-15 02:42:53",30
"2020-02-15 03:42:54",30
"2020-02-15 04:42:57",30
"2020-02-15 05:42:52",30
"2020-02-15 06:42:54",30
"2020-02-15 07:42:54",30
"2020-02-15 08:42:52",30
"2020-02-15 09:42:56",30
"2020-02-15 10:42:51",30
"2020-02-15 11:42:53",30
"2020-02-15 12:43:00",30
"2020-02-15 13:42:53",30
"2020-02-15 14:42:55",30
"2020-02-15 15:42:55",30
"2020-02-15 16:42:52",30
"2020-02-15 17:42:53",30
"2020-02-15 18:43:03",30
"2020-02-15 19:42:52",30
"2020-02-15 20:42:53",30
"2020-02-15 21:42:53",30
"2020-02-15 22:42:54",30
"2020-02-15 23:42:54",30
"2020-02-16 00:42:51",30
"2020-02-16 01:42:53",30
"2020-02-16 02:42:52",30
"2020-02-16 03:42:51",30
"2020-02-16 04:42:53",30
"2020-02-16 05:42:53",30
"2020-02-16 06:42:51",30
"2020-02-16 07:42:52",30
"2020-02-16 08:42:53",30
"2020-02-16 09:42:54",30
"2020-02-16 10:42:53",30
"2020-02-16 11:42:54",30
"2020-02-16 12:42:53",30
"2020-02-16 13:42:53",30
"2020-02-16 14:42:54",30
"2020-02-16 15:43:03",30
"2020-02-16 16:43:02",30
"2020-02-16 17:42:54",30
"2020-02-16 18:42:54",30
"2020-02-16 19:42:53",30
"2020-02-16 20:42:52",30
"2020-02-16 21:42:52",30
"2020-02-16 22:42:53",30
"2020-02-16 23:42:54",30
"2020-02-17 00:42:53",30
"2020-02-17 01:42:50",30
"2020-02-17 02:42:53",30
"2020-02-17 03:42:53",30
"2020-02-17 04:42:53",30
"2020-02-17 05:42:53",30
"2020-02-17 06:42:54",30
"2020-02-17 07:42:53",30
"2020-02-17 08:42:53",30
"2020-02-17 09:42:54",30
"2020-02-17 10:42:53",30
"2020-02-17 11:42:52",30
"2020-02-17 12:42:57",30
"2020-02-17 13:42:51",30
"2020-02-17 14:42:50",30
"2020-02-17 15:42:53",30
"2020-02-17 16:42:57",30
"2020-02-17 17:42:52",30
"2020-02-17 18:42:53",30
"2020-02-17 19:42:52",30
"2020-02-17 20:42:52",30
"2020-02-17 22:42:56",30
"2020-02-17 23:43:01",30
"2020-02-18 00:42:51",30
"2020-02-18 01:42:52",30
"2020-02-18 02:42:56",30
"2020-02-18 03:42:53",30
"2020-02-18 04:42:54",30
"2020-02-18 05:42:56",30
"2020-02-18 06:42:53",30
"2020-02-18 07:42:53",30
"2020-02-18 08:42:56",30
"2020-02-18 09:42:58",30
"2020-02-18 10:42:55",30
"2020-02-18 11:42:53",30
"2020-02-18 12:42:59",30
"2020-02-18 14:07:43",30
"2020-02-18 14:42:58",30
"2020-02-18 15:42:56",29
"2020-02-18 16:42:58",29
"2020-02-18 17:42:55",30
"2020-02-18 18:42:54",30
"2020-02-18 19:42:53",31
"2020-02-18 20:42:52",32
"2020-02-18 21:42:51",32
"2020-02-18 22:42:51",32
"2020-02-18 23:42:54",32
"2020-02-19 01:42:53",32
"2020-02-19 02:42:55",32
"2020-02-19 03:42:58",32
"2020-02-19 04:42:54",32
"2020-02-19 05:42:55",32
"2020-02-19 06:42:53",32
"2020-02-19 07:42:54",32
"2020-02-19 08:42:55",32
"2020-02-19 09:42:54",32
"2020-02-19 10:42:53",32
"2020-02-19 11:42:51",32
"2020-02-19 12:42:52",32
"2020-02-19 14:09:14",32
"2020-02-19 14:43:04",32
"2020-02-19 15:42:59",32
"2020-02-19 16:42:52",32
"2020-02-19 17:42:53",32
"2020-02-19 18:42:53",32
"2020-02-19 19:42:52",32
"2020-02-19 20:42:52",32
"2020-02-19 21:43:01",32
"2020-02-19 22:42:55",32
"2020-02-19 23:42:53",32
"2020-02-20 00:42:52",32
"2020-02-20 01:42:54",32
"2020-02-20 02:42:57",32
"2020-02-20 03:42:53",32
"2020-02-20 04:42:52",32
"2020-02-20 05:42:53",32
"2020-02-20 06:43:00",32
"2020-02-20 07:42:51",32
"2020-02-20 08:42:52",32
"2020-02-20 09:42:54",32
"2020-02-20 10:42:56",32
"2020-02-20 11:42:51",32
"2020-02-20 12:42:59",32
"2020-02-20 13:42:59",32
"2020-02-20 14:42:54",32
"2020-02-20 15:42:58",32
"2020-02-20 16:42:52",32
"2020-02-20 17:43:00",32
"2020-02-20 18:42:58",32
"2020-02-20 19:43:08",32
"2020-02-20 20:43:04",32
"2020-02-20 21:43:02",32
"2020-02-20 22:43:05",32
"2020-02-20 23:43:03",32
"2020-02-21 00:43:01",32
"2020-02-21 01:43:04",32
"2020-02-21 02:43:05",32
"2020-02-21 03:43:20",32
"2020-02-21 04:43:20",32
"2020-02-21 05:43:06",32
"2020-02-21 06:43:07",32
"2020-02-21 07:43:06",32
"2020-02-21 08:43:07",32
"2020-02-21 09:43:24",32
"2020-02-21 10:43:40",32
"2020-02-21 11:43:20",32
"2020-02-21 12:43:20",32
"2020-02-21 13:43:18",32
"2020-02-21 14:43:11",32
"2020-02-21 15:43:25",32
"2020-02-21 16:43:37",32
"2020-02-21 17:43:33",32
"2020-02-21 18:43:18",32
"2020-02-21 19:43:04",32
"2020-02-21 20:43:04",32
"2020-02-21 21:43:22",32
"2020-02-21 22:43:09",32
"2020-02-21 23:44:08",32
"2020-02-22 00:43:33",32
"2020-02-22 01:43:12",32
"2020-02-22 02:43:11",32
"2020-02-22 03:43:32",32
"2020-02-22 04:43:19",32
"2020-02-22 05:43:21",32
"2020-02-22 06:43:02",32
"2020-02-22 07:43:18",32
"2020-02-22 08:43:32",32
"2020-02-22 09:43:05",32
"2020-02-22 10:43:14",32
"2020-02-22 11:43:05",32
"2020-02-22 12:43:23",32
"2020-02-22 13:44:11",32
"2020-02-22 14:43:04",32
"2020-02-22 15:43:10",32
"2020-02-22 16:43:37",32
"2020-02-22 17:43:26",32
"2020-02-22 18:43:08",32
"2020-02-22 19:43:07",32
"2020-02-22 20:43:23",32
"2020-02-22 21:43:57",32
"2020-02-22 22:43:32",32
"2020-02-22 23:43:04",32
"2020-02-23 00:43:08",32
"2020-02-23 01:43:12",32
"2020-02-23 02:43:20",32
"2020-02-23 03:43:08",32
"2020-02-23 04:43:24",32
"2020-02-23 05:43:23",32
"2020-02-23 06:43:09",32
"2020-02-23 07:43:14",32
"2020-02-23 08:43:33",32
"2020-02-23 09:43:08",32
"2020-02-23 10:43:09",32
"2020-02-23 11:43:10",32
"2020-02-23 12:43:10",32
"2020-02-23 13:43:09",32
"2020-02-23 14:43:24",32
"2020-02-23 15:43:08",32
"2020-02-23 16:43:11",32
"2020-02-23 17:43:06",32
"2020-02-23 18:43:11",32
"2020-02-23 19:43:11",32
"2020-02-23 20:43:09",32
"2020-02-23 21:43:24",32
"2020-02-23 22:43:02",32
"2020-02-23 23:43:12",32
"2020-02-24 00:43:30",32
"2020-02-24 01:43:04",32
"2020-02-24 02:43:25",32
"2020-02-24 03:43:08",32
"2020-02-24 04:43:14",32
"2020-02-24 05:43:30",32
"2020-02-24 06:43:07",32
"2020-02-24 07:43:08",32
"2020-02-24 08:43:08",32
"2020-02-24 09:55:39",32
"2020-02-24 10:43:04",32
"2020-02-24 11:43:25",32
"2020-02-24 12:43:03",32
"2020-02-24 13:43:19",32
"2020-02-24 14:43:32",32
"2020-02-24 15:43:05",32
"2020-02-24 16:43:21",32
"2020-02-24 17:43:06",32
"2020-02-24 18:43:11",32
"2020-02-24 19:43:27",31
"2020-02-24 20:43:26",31
"2020-02-24 21:43:26",31
"2020-02-24 22:43:22",31
"2020-02-24 23:43:03",31
"2020-02-25 00:43:09",31
"2020-02-25 01:43:01",31
"2020-02-25 02:43:13",31
"2020-02-25 03:43:12",31
"2020-02-25 04:43:10",31
"2020-02-25 05:43:35",31
"2020-02-25 06:43:12",31
"2020-02-25 07:43:14",31
"2020-02-25 08:43:27",31
"2020-02-25 09:56:23",31
"2020-02-25 10:43:25",31
"2020-02-25 11:43:11",31
"2020-02-25 12:43:15",31
"2020-02-25 14:08:41",31
"2020-02-25 14:43:13",31
"2020-02-25 15:43:11",31
"2020-02-25 16:43:08",31
"2020-02-25 17:43:10",31
"2020-02-25 18:43:20",31
"2020-02-25 19:43:10",31
"2020-02-25 20:43:28",31
"2020-02-25 21:43:23",31
"2020-02-25 22:43:09",31
"2020-02-25 23:43:09",31
"2020-02-26 00:43:08",31
"2020-02-26 01:43:07",31
"2020-02-26 02:43:14",31
"2020-02-26 03:43:08",31
"2020-02-26 04:43:31",31
"2020-02-26 05:43:25",31
"2020-02-26 06:43:25",31
"2020-02-26 07:43:36",31
"2020-02-26 08:43:25",31
"2020-02-26 09:43:16",31
"2020-02-26 10:43:12",31
"2020-02-26 11:43:23",31
"2020-02-26 12:43:09",31
"2020-02-26 13:43:23",31
"2020-02-26 14:43:26",31
"2020-02-26 15:43:30",32
"2020-02-26 16:43:10",32
"2020-02-26 17:43:13",32
"2020-02-26 18:43:11",33
"2020-02-26 19:43:25",33
"2020-02-26 20:43:22",34
"2020-02-26 21:43:25",34
"2020-02-26 22:43:22",34
"2020-02-26 23:43:26",34
"2020-02-27 00:43:12",34
"2020-02-27 01:43:11",34
"2020-02-27 02:43:04",34
"2020-02-27 03:43:27",34
"2020-02-27 04:43:06",34
"2020-02-27 05:43:11",34
"2020-02-27 06:43:09",34
"2020-02-27 07:43:09",34
"2020-02-27 08:43:19",34
"2020-02-27 09:43:14",34
"2020-02-27 10:43:29",34
"2020-02-27 11:43:16",34
"2020-02-27 12:43:26",34
"2020-02-27 14:07:13",34
"2020-02-27 14:43:32",34
"2020-02-27 15:43:18",32
"2020-02-27 16:43:24",32
"2020-02-27 17:43:11",32
"2020-02-27 18:43:21",32
"2020-02-27 19:43:04",32
"2020-02-27 20:43:12",32
"2020-02-27 21:43:10",32
"2020-02-27 22:43:21",32
"2020-02-27 23:43:07",32
"2020-02-28 00:43:28",32
"2020-02-28 01:43:07",32
"2020-02-28 02:43:07",32
"2020-02-28 03:43:26",32
"2020-02-28 04:43:30",32
"2020-02-28 05:43:24",32
"2020-02-28 06:43:10",32
"2020-02-28 07:43:28",32
"2020-02-28 08:43:33",32
"2020-02-28 09:43:30",32
"2020-02-28 10:43:08",32
"2020-02-28 11:43:15",32
"2020-02-28 12:43:22",32
"2020-02-28 14:07:47",32
"2020-02-28 14:43:14",32
"2020-02-28 15:43:07",32
"2020-02-28 16:43:14",31
"2020-02-28 17:43:12",31
"2020-02-28 18:43:11",31
"2020-02-28 19:43:27",31
"2020-02-28 20:43:06",31
"2020-02-28 21:43:08",31
"2020-02-28 22:43:24",31
"2020-02-28 23:43:09",31
"2020-02-29 00:43:09",31
"2020-02-29 01:43:08",31
"2020-02-29 02:43:12",31
"2020-02-29 03:43:05",31
"2020-02-29 04:43:13",31
"2020-02-29 05:43:33",31
"2020-02-29 06:43:24",31
"2020-02-29 07:43:59",31
"2020-02-29 08:44:14",31
"2020-02-29 09:43:56",31
"2020-02-29 10:43:08",31
"2020-02-29 11:43:05",31
"2020-02-29 12:43:58",31
"2020-02-29 13:43:59",31
"2020-02-29 14:43:11",31
"2020-02-29 15:43:11",31
"2020-02-29 16:43:28",31
"2020-02-29 17:43:26",31
"2020-02-29 18:43:12",31
"2020-02-29 19:43:10",31
"2020-02-29 20:43:06",31
"2020-02-29 21:43:19",31
"2020-02-29 22:44:17",31
"2020-02-29 23:43:55",31
"2020-03-01 00:43:57",31
"2020-03-01 01:43:58",31
"2020-03-01 02:43:13",31
"2020-03-01 03:43:57",31
"2020-03-01 04:43:10",31
"2020-03-01 05:43:25",31
"2020-03-01 06:43:10",31
"2020-03-01 07:43:23",31
"2020-03-01 08:43:07",31
"2020-03-01 09:43:57",31
"2020-03-01 10:43:55",31
"2020-03-01 11:43:20",31
"2020-03-01 12:43:24",31
"2020-03-01 13:43:08",31
"2020-03-01 14:43:05",31
"2020-03-01 15:43:58",31
"2020-03-01 16:43:27",31
"2020-03-01 17:43:55",31
"2020-03-01 18:44:00",31
"2020-03-01 19:44:02",31
"2020-03-01 20:44:00",31
"2020-03-01 21:43:09",31
"2020-03-01 22:43:11",31
"2020-03-01 23:43:59",31
"2020-03-02 00:43:04",31
"2020-03-02 01:43:26",31
"2020-03-02 02:43:57",31
"2020-03-02 03:44:16",31
"2020-03-02 04:43:30",31
"2020-03-02 05:44:00",31
"2020-03-02 07:43:08",31
"2020-03-02 08:43:56",31
"2020-03-02 09:43:57",31
"2020-03-02 10:43:22",31
"2020-03-02 11:43:07",31
"2020-03-02 12:43:21",31
"2020-03-02 13:43:57",31
"2020-03-02 18:44:54",31
"2020-03-03 00:43:27",31
"2020-03-03 01:43:38",31
"2020-03-03 02:43:29",31
"2020-03-03 03:43:43",31
"2020-03-03 04:44:01",31
"2020-03-03 05:45:24",31
"2020-03-03 06:44:10",31
"2020-03-03 07:43:26",31
"2020-03-03 08:44:23",31
"2020-03-03 09:44:28",31
"2020-03-03 10:43:29",31
"2020-03-03 11:44:38",31
"2020-03-03 12:43:25",31
"2020-03-03 13:44:24",31
"2020-03-03 14:44:26",31
"2020-03-03 16:44:41",31
"2020-03-03 17:44:28",31
"2020-03-03 18:43:10",31
"2020-03-03 19:43:10",32
"2020-03-03 20:43:30",32
"2020-03-03 21:43:26",32
"2020-03-03 22:44:46",32
"2020-03-03 23:44:01",32
"2020-03-04 00:44:18",32
"2020-03-04 01:44:03",32
"2020-03-04 02:43:14",32
"2020-03-04 03:43:26",32
"2020-03-04 04:44:26",32
"2020-03-04 05:43:17",32
"2020-03-04 06:44:11",32
"2020-03-04 07:43:26",32
"2020-03-04 08:44:01",32
"2020-03-04 09:43:31",32
"2020-03-04 10:43:11",32
"2020-03-04 11:44:17",32
"2020-03-04 12:44:17",32
"2020-03-04 13:43:13",32
"2020-03-04 14:43:10",32
"2020-03-04 15:44:23",32
"2020-03-04 16:43:13",32
"2020-03-04 17:43:27",32
"2020-03-04 18:44:00",32
"2020-03-04 19:44:08",32
"2020-03-04 20:44:05",33
"2020-03-04 21:43:11",33
"2020-03-04 22:44:02",33
"2020-03-04 23:43:18",33
"2020-03-05 00:43:21",33
"2020-03-05 01:43:30",33
"2020-03-05 02:43:14",33
"2020-03-05 03:43:16",33
"2020-03-05 04:43:29",33
"2020-03-05 05:43:30",33
"2020-03-05 06:43:14",33
"2020-03-05 07:43:14",33
"2020-03-05 08:44:29",33
"2020-03-05 09:43:32",33
"2020-03-05 10:43:11",33
"2020-03-05 11:43:27",33
"2020-03-05 12:43:28",33
"2020-03-05 13:43:29",33
"2020-03-05 14:44:02",33
"2020-03-05 15:43:28",33
"2020-03-05 16:44:03",34
"2020-03-05 17:43:13",34
"2020-03-05 18:43:17",34
"2020-03-05 19:43:14",34
"2020-03-05 20:43:12",34
"2020-03-05 21:43:11",34
"2020-03-05 22:44:04",34
"2020-03-05 23:44:05",34
"2020-03-06 00:43:11",34
"2020-03-06 01:43:14",34
"2020-03-06 02:44:05",34
"2020-03-06 03:44:04",34
"2020-03-06 04:44:06",34
"2020-03-06 05:44:06",34
"2020-03-06 06:44:17",34
"2020-03-06 07:44:02",34
"2020-03-06 08:43:22",34
"2020-03-06 09:44:08",34
"2020-03-06 10:43:18",34
"2020-03-06 11:44:19",34
"2020-03-06 12:43:21",34
"2020-03-06 13:43:07",34
"2020-03-06 14:44:28",34
"2020-03-06 15:43:28",35
"2020-03-06 16:43:27",35
"2020-03-06 17:43:19",35
"2020-03-06 18:43:09",35
"2020-03-06 19:43:23",35
"2020-03-06 20:43:13",35
"2020-03-06 21:43:12",35
"2020-03-06 22:43:11",35
"2020-03-06 23:43:27",35
"2020-03-07 00:43:12",35
"2020-03-07 01:43:28",35
"2020-03-07 02:43:15",35
"2020-03-07 03:44:20",35
"2020-03-07 04:44:21",35
"2020-03-07 05:44:05",35
"2020-03-07 06:44:05",35
"2020-03-07 07:43:32",35
"2020-03-07 08:44:02",35
"2020-03-07 09:43:22",35
"2020-03-07 10:43:27",35
"2020-03-07 11:44:02",35
"2020-03-07 12:43:27",35
"2020-03-07 13:43:11",35
"2020-03-07 14:43:17",35
"2020-03-07 15:43:15",35
"2020-03-07 16:43:15",35
"2020-03-07 17:43:29",35
"2020-03-07 18:43:15",35
"2020-03-07 19:43:15",35
"2020-03-07 20:44:07",35
"2020-03-07 21:44:22",35
"2020-03-07 22:44:04",35
"2020-03-07 23:44:04",35
"2020-03-08 00:43:13",35
"2020-03-08 01:43:30",35
"2020-03-08 02:43:34",35
"2020-03-08 03:44:07",35
"2020-03-08 04:44:05",35
"2020-03-08 05:44:09",35
"2020-03-08 06:43:43",35
"2020-03-08 07:44:03",35
"2020-03-08 08:44:07",35
"2020-03-08 09:43:33",35
"2020-03-08 10:44:08",35
"2020-03-08 11:43:26",35
"2020-03-08 12:44:20",35
"2020-03-08 13:44:20",35
"2020-03-08 14:43:10",35
"2020-03-08 15:44:11",35
"2020-03-08 16:43:13",35
"2020-03-08 17:43:18",35
"2020-03-08 18:44:24",35
"2020-03-08 19:43:46",35
"2020-03-08 20:43:31",35
"2020-03-08 21:43:10",35
"2020-03-08 22:44:02",35
"2020-03-08 23:43:14",35
"2020-03-09 00:44:08",35
"2020-03-09 01:43:13",35
"2020-03-09 02:44:10",35
"2020-03-09 03:44:08",35
"2020-03-09 04:44:10",35
"2020-03-09 05:43:12",35
"2020-03-09 06:43:13",35
"2020-03-09 07:43:16",35
"2020-03-09 08:43:12",35
"2020-03-09 09:43:28",35
"2020-03-09 10:44:01",35
"2020-03-09 11:44:05",35
"2020-03-09 12:43:41",35
"2020-03-09 13:43:16",35
"2020-03-09 14:44:19",35
"2020-03-09 15:43:41",37
"2020-03-09 16:43:25",37
"2020-03-09 17:43:10",37
"2020-03-09 18:43:12",37
"2020-03-09 19:43:11",37
"2020-03-09 20:43:15",36
"2020-03-09 21:44:01",36
"2020-03-09 22:44:00",36
"2020-03-09 23:44:18",36
"2020-03-10 00:43:08",36
"2020-03-10 01:44:01",36
"2020-03-10 02:43:28",36
"2020-03-10 03:44:20",36
"2020-03-10 04:43:27",36
"2020-03-10 06:44:18",36
"2020-03-10 07:44:15",36
"2020-03-10 08:43:18",36
"2020-03-10 09:44:01",36
"2020-03-10 10:43:58",36
"2020-03-10 11:44:02",36
"2020-03-10 12:43:27",36
"2020-03-10 13:43:33",36
"2020-03-10 14:44:20",36
"2020-03-10 15:44:19",36
"2020-03-10 16:43:08",35
"2020-03-10 17:44:03",35
"2020-03-10 18:44:04",35
"2020-03-10 19:44:07",35
"2020-03-10 20:45:01",35
"2020-03-10 21:44:19",35
"2020-03-10 22:44:03",35
"2020-03-10 23:43:24",35
"2020-03-11 00:44:09",35
"2020-03-11 01:44:16",35
"2020-03-11 02:44:21",35
"2020-03-11 03:43:29",35
"2020-03-11 04:43:28",35
"2020-03-11 05:44:18",35
"2020-03-11 06:44:08",35
"2020-03-11 07:43:11",35
"2020-03-11 08:43:31",35
"2020-03-11 09:43:07",35
"2020-03-11 10:43:12",35
"2020-03-11 11:44:06",35
"2020-03-11 12:44:19",35
"2020-03-11 13:44:04",35
"2020-03-11 14:43:26",35
"2020-03-11 15:43:14",35
"2020-03-11 16:44:15",35
"2020-03-11 17:43:27",35
"2020-03-11 18:43:08",35
"2020-03-11 19:44:18",35
"2020-03-11 20:44:17",35
"2020-03-11 21:43:27",35
"2020-03-11 22:43:30",35
"2020-03-11 23:43:37",35
"2020-03-12 00:43:10",35
"2020-03-12 01:44:07",35
"2020-03-12 02:43:24",35
"2020-03-12 03:44:02",35
"2020-03-12 04:44:17",35
"2020-03-12 05:43:27",35
"2020-03-12 06:43:17",35
"2020-03-12 07:43:23",35
"2020-03-12 08:44:11",35
"2020-03-12 09:43:43",35
"2020-03-12 10:44:07",35
"2020-03-12 11:44:03",35
"2020-03-12 12:44:01",35
"2020-03-12 13:44:19",35
"2020-03-12 14:43:14",35
"2020-03-12 15:43:07",34
"2020-03-12 16:43:14",34
"2020-03-12 17:43:10",33
"2020-03-12 18:44:18",33
"2020-03-12 19:43:27",33
"2020-03-12 20:43:14",33
"2020-03-12 21:44:23",33
"2020-03-12 22:43:09",33
"2020-03-12 23:44:25",33
"2020-03-13 00:44:24",33
"2020-03-13 01:43:09",33
"2020-03-13 02:44:04",33
"2020-03-13 03:44:07",33
"2020-03-13 04:43:25",33
"2020-03-13 05:43:30",33
"2020-03-13 06:44:27",33
"2020-03-13 07:44:27",33
"2020-03-13 08:44:34",33
"2020-03-13 09:44:37",33
"2020-03-13 10:43:28",33
"2020-03-13 11:44:00",33
"2020-03-13 13:07:17",33
"2020-03-13 13:43:34",33
"2020-03-13 14:43:30",34
"2020-03-13 15:43:30",34
"2020-03-13 16:44:05",34
"2020-03-13 17:44:00",34
"2020-03-13 18:44:19",34
"2020-03-13 19:44:03",34
"2020-03-13 20:43:16",34
"2020-03-13 21:43:27",34
"2020-03-13 22:43:12",34
"2020-03-13 23:43:59",34
"2020-03-14 00:43:28",34
"2020-03-14 01:44:14",34
"2020-03-14 02:44:06",34
"2020-03-14 03:43:25",34
"2020-03-14 04:44:18",34
"2020-03-14 05:44:09",34
"2020-03-14 06:43:31",34
"2020-03-14 07:44:17",34
"2020-03-14 08:44:04",34
"2020-03-14 09:44:05",34
"2020-03-14 10:43:24",34
"2020-03-14 11:43:17",34
"2020-03-14 12:43:24",34
"2020-03-14 13:43:13",34
"2020-03-14 14:44:02",34
"2020-03-14 15:43:12",34
"2020-03-14 16:44:02",34
"2020-03-14 17:43:27",34
"2020-03-14 18:44:05",34
"2020-03-14 19:43:28",34
"2020-03-14 20:44:09",34
"2020-03-14 21:44:05",34
"2020-03-14 22:44:19",34
"2020-03-14 23:44:00",34
"2020-03-15 00:43:20",34
"2020-03-15 01:43:25",34
"2020-03-15 02:44:17",34
"2020-03-15 03:44:17",34
"2020-03-15 04:43:14",34
"2020-03-15 05:44:18",34
"2020-03-15 06:43:30",34
"2020-03-15 07:44:22",34
"2020-03-15 09:00:04",34
"2020-03-15 09:43:42",34
"2020-03-15 10:44:00",34
"2020-03-15 11:44:20",34
"2020-03-15 12:44:01",34
"2020-03-15 13:43:16",34
"2020-03-15 14:43:39",34
"2020-03-15 15:43:24",34
"2020-03-15 16:44:00",34
"2020-03-15 17:43:29",34
"2020-03-15 18:44:16",34
"2020-03-15 19:44:07",34
"2020-03-15 20:43:33",34
"2020-03-15 21:43:30",34
"2020-03-15 22:44:00",34
"2020-03-15 23:43:59",34
"2020-03-16 00:43:11",34
"2020-03-16 01:43:13",34
"2020-03-16 02:43:11",34
"2020-03-16 03:43:51",34
"2020-03-16 04:44:06",34
"2020-03-16 05:44:20",34
"2020-03-16 06:43:26",34
"2020-03-16 07:44:17",34
"2020-03-16 08:58:41",34
"2020-03-16 09:44:01",34
"2020-03-16 10:43:32",34
"2020-03-16 11:44:03",34
"2020-03-16 13:08:50",34
"2020-03-16 13:44:06",34
"2020-03-16 14:43:27",34
"2020-03-16 15:44:04",34
"2020-03-16 16:43:14",34
"2020-03-16 17:43:26",34
"2020-03-16 18:43:14",34
"2020-03-16 19:44:15",34
"2020-03-16 20:43:10",34
"2020-03-16 21:43:30",34
"2020-03-16 22:43:14",34
"2020-03-16 23:44:06",34
"2020-03-17 00:44:03",34
"2020-03-17 01:43:18",34
"2020-03-17 02:44:02",34
"2020-03-17 20:10:42",34
"2020-03-17 20:18:29",34
"2020-03-17 20:43:29",34
"2020-03-17 21:43:15",34
"2020-03-17 22:43:15",34
"2020-03-17 23:43:20",34
"2020-03-18 00:43:28",34
"2020-03-18 01:43:32",34
"2020-03-18 02:43:32",34
"2020-03-18 03:43:32",34
"2020-03-18 04:43:32",34
"2020-03-18 05:43:22",34
"2020-03-18 06:43:16",34
"2020-03-18 07:43:32",34
"2020-03-18 08:43:12",34
"2020-03-18 09:43:29",34
"2020-03-18 10:43:14",34
"2020-03-18 11:43:13",34
"2020-03-18 13:08:48",34
"2020-03-18 13:43:33",34
"2020-03-18 14:43:18",34
"2020-03-18 15:43:20",34
"2020-03-18 16:43:16",34
"2020-03-18 17:43:31",34
"2020-03-18 18:43:12",34
"2020-03-18 19:43:28",34
"2020-03-18 20:43:17",34
"2020-03-18 21:43:18",34
"2020-03-18 22:43:12",34
"2020-03-18 23:43:24",34
"2020-03-19 00:43:19",34
"2020-03-19 01:43:23",34
"2020-03-19 02:43:12",34
"2020-03-19 03:43:09",34
"2020-03-19 04:43:16",34
"2020-03-19 05:44:11",34
"2020-03-19 06:43:11",34
"2020-03-19 07:43:18",34
"2020-03-19 08:43:16",34
"2020-03-19 09:43:26",34
"2020-03-19 10:43:11",34
"2020-03-19 11:43:13",34
"2020-03-19 12:43:13",34
"2020-03-19 13:43:16",34
"2020-03-19 14:43:16",34
"2020-03-19 15:43:16",35
"2020-03-19 16:43:15",35
"2020-03-19 17:43:15",35
"2020-03-19 18:43:08",35
"2020-03-19 19:43:20",36
"2020-03-19 20:43:33",36
"2020-03-19 21:43:26",36
"2020-03-19 22:43:12",36
"2020-03-19 23:43:41",36
"2020-03-20 00:43:13",36
"2020-03-20 01:43:12",36
"2020-03-20 02:43:45",36
"2020-03-20 03:43:22",36
"2020-03-20 04:43:18",36
"2020-03-20 06:43:34",36
"2020-03-20 07:43:20",36
"2020-03-20 08:43:44",36
"2020-03-20 09:43:29",36
"2020-03-20 10:43:16",36
"2020-03-20 11:43:16",36
"2020-03-20 13:07:45",36
"2020-03-20 13:43:32",36
"2020-03-20 14:43:13",35
"2020-03-20 15:43:11",35
"2020-03-20 16:43:14",35
"2020-03-20 17:43:15",35
"2020-03-20 18:43:10",35
"2020-03-20 19:43:17",35
"2020-03-20 20:43:15",35
"2020-03-20 21:43:11",35
"2020-03-20 22:43:28",35
"2020-03-20 23:43:32",35
"2020-03-21 00:43:20",35
"2020-03-21 01:43:16",35
"2020-03-21 02:43:28",35
"2020-03-21 03:43:31",35
"2020-03-21 04:43:14",35
"2020-03-21 05:43:11",35
"2020-03-21 06:43:15",35
"2020-03-21 07:43:29",35
"2020-03-21 08:43:32",35
"2020-03-21 09:43:15",35
"2020-03-21 10:43:17",35
"2020-03-21 11:43:24",35
"2020-03-21 12:43:09",35
"2020-03-21 13:43:15",35
"2020-03-21 14:43:40",35
"2020-03-21 15:43:27",35
"2020-03-21 16:43:24",35
"2020-03-21 17:43:35",35
"2020-03-21 18:43:19",35
"2020-03-21 19:43:19",35
"2020-03-21 20:43:10",35
"2020-03-21 21:43:18",35
"2020-03-21 22:43:14",35
"2020-03-21 23:43:16",35
"2020-03-22 00:43:08",35
"2020-03-22 01:43:25",35
"2020-03-22 02:43:12",35
"2020-03-22 03:43:42",35
"2020-03-22 04:43:18",35
"2020-03-22 05:43:30",35
"2020-03-22 06:43:30",35
"2020-03-22 07:43:32",35
"2020-03-22 09:14:26",35
"2020-03-22 09:43:18",35
"2020-03-22 10:43:29",35
"2020-03-22 11:43:14",35
"2020-03-22 12:43:27",35
"2020-03-22 21:53:15",35
"2020-03-22 22:43:29",35
"2020-03-22 23:43:18",35
"2020-03-23 00:43:39",35
"2020-03-23 01:43:34",35
"2020-03-23 02:43:14",35
"2020-03-23 03:43:15",35
"2020-03-23 04:43:32",35
"2020-03-23 05:43:21",35
"2020-03-23 06:43:20",35
"2020-03-23 07:43:15",35
"2020-03-23 08:43:20",35
"2020-03-23 09:43:33",35
"2020-03-23 10:43:16",35
"2020-03-23 11:43:27",35
"2020-03-23 13:07:15",35
"2020-03-23 13:43:41",35
"2020-03-23 14:43:29",36
"2020-03-23 15:43:20",36
"2020-03-23 16:43:33",36
"2020-03-23 17:43:18",34
"2020-03-23 18:43:15",34
"2020-03-23 19:43:27",34
"2020-03-23 20:43:30",35
"2020-03-23 21:43:18",35
"2020-03-23 22:43:19",35
"2020-03-23 23:43:16",35
"2020-03-24 00:43:13",35
"2020-03-24 01:43:16",35
"2020-03-24 02:43:16",35
"2020-03-24 03:43:17",35
"2020-03-24 04:43:30",35
"2020-03-24 05:43:57",35
"2020-03-24 06:43:27",35
"2020-03-24 07:43:35",35
"2020-03-24 09:08:46",35
"2020-03-24 09:43:14",35
"2020-03-24 10:43:16",35
"2020-03-24 11:43:17",35
"2020-03-24 12:43:07",35
"2020-03-24 13:43:45",35
"2020-03-24 14:43:52",35
"2020-03-24 15:43:43",35
"2020-03-24 16:43:48",35
"2020-03-24 17:43:30",35
"2020-03-24 18:43:30",35
"2020-03-24 19:43:17",35
"2020-03-24 20:43:11",35
"2020-03-24 21:43:09",35
"2020-03-24 22:43:30",35
"2020-03-24 23:43:31",35
"2020-03-25 00:43:12",35
"2020-03-25 01:43:18",35
"2020-03-25 02:43:15",35
"2020-03-25 03:43:12",35
"2020-03-25 04:43:07",35
"2020-03-25 06:43:32",35
"2020-03-25 07:43:11",35
"2020-03-25 09:43:18",35
"2020-03-25 10:43:16",35
"2020-03-25 11:43:27",35
"2020-03-25 12:43:32",35
"2020-03-25 13:43:34",35
"2020-03-25 14:43:33",35
"2020-03-25 15:43:41",35
"2020-03-25 16:43:32",35
"2020-03-25 17:43:17",35
"2020-03-25 18:43:12",35
"2020-03-25 19:43:12",35
"2020-03-25 20:43:20",35
"2020-03-25 21:43:10",35
"2020-03-25 22:43:12",35
"2020-03-25 23:43:15",35
"2020-03-26 02:05:36",35
"2020-03-26 02:43:20",35
"2020-03-26 03:43:28",35
"2020-03-26 04:43:45",35
"2020-03-26 05:43:20",35
"2020-03-26 06:43:21",35
"2020-03-26 07:43:22",35
"2020-03-26 08:43:14",35
"2020-03-26 09:43:29",35
"2020-03-26 10:43:12",35
"2020-03-26 11:43:17",35
"2020-03-26 12:43:18",35
"2020-03-26 13:43:16",35
"2020-03-26 14:43:20",35
"2020-03-26 15:43:19",35
"2020-03-26 16:43:16",35
"2020-03-26 17:43:26",35
"2020-03-26 18:43:16",35
"2020-03-26 19:43:12",35
"2020-03-26 20:43:16",35
"2020-03-26 21:43:25",35
"2020-03-26 22:43:10",35
"2020-03-26 23:43:29",35
"2020-03-27 00:43:19",35
"2020-03-27 01:43:25",35
"2020-03-27 02:43:30",35
"2020-03-27 03:43:19",35
"2020-03-27 04:43:25",35
"2020-03-27 05:43:16",35
"2020-03-27 06:43:25",35
"2020-03-27 07:43:31",35
"2020-03-27 08:44:29",35
"2020-03-27 09:43:45",35
"2020-03-27 10:43:22",35
"2020-03-27 11:43:13",35
"2020-03-27 12:43:11",35
"2020-03-27 13:43:22",35
"2020-03-27 14:43:14",35
"2020-03-27 15:43:17",35
"2020-03-27 16:43:22",35
"2020-03-27 17:43:15",35
"2020-03-27 18:43:32",35
"2020-03-27 19:43:16",35
"2020-03-27 20:43:15",35
"2020-03-27 21:43:33",35
"2020-03-27 22:43:19",35
"2020-03-27 23:43:24",35
"2020-03-28 00:43:30",35
"2020-03-28 01:43:06",35
"2020-03-28 02:43:14",35
"2020-03-28 03:43:19",35
"2020-03-28 04:43:15",35
"2020-03-28 05:43:44",35
"2020-03-28 06:43:21",35
"2020-03-28 07:43:11",35
"2020-03-28 08:43:17",35
"2020-03-28 09:43:27",35
"2020-03-28 10:43:34",35
"2020-03-28 11:43:17",35
"2020-03-28 12:43:30",35
"2020-03-28 13:43:28",35
"2020-03-28 14:43:21",35
"2020-03-28 15:43:14",35
"2020-03-28 16:43:13",35
"2020-03-28 17:43:17",35
"2020-03-28 18:43:21",35
"2020-03-28 19:43:13",35
"2020-03-28 20:43:18",35
"2020-03-28 21:43:11",35
"2020-03-28 22:43:43",35
"2020-03-28 23:43:21",35
"2020-03-29 00:43:23",35
"2020-03-29 01:43:30",35
"2020-03-29 02:43:45",35
"2020-03-29 03:43:52",35
"2020-03-29 04:43:33",35
"2020-03-29 05:43:28",35
"2020-03-29 06:43:48",35
"2020-03-29 07:43:29",35
"2020-03-29 08:43:23",35
"2020-03-29 09:43:18",35
"2020-03-29 10:43:45",35
"2020-03-29 11:43:21",35
"2020-03-29 12:43:16",35
"2020-03-29 13:43:17",35
"2020-03-29 14:43:13",35
"2020-03-29 15:43:17",35
"2020-03-29 16:43:17",35
"2020-03-29 17:43:31",35
"2020-03-29 18:43:18",35
"2020-03-29 19:43:17",35
"2020-03-29 20:43:16",35
"2020-03-29 21:43:42",35
"2020-03-29 22:43:20",35
"2020-03-29 23:43:18",35
"2020-03-30 00:43:20",35
"2020-03-30 01:43:18",35
"2020-03-30 02:43:35",35
"2020-03-30 03:43:21",35
"2020-03-30 04:43:36",35
"2020-03-30 05:43:11",35
"2020-03-30 06:43:20",35
"2020-03-30 07:43:38",35
"2020-03-30 08:43:21",35
"2020-03-30 09:43:17",35
"2020-03-30 10:43:17",35
"2020-03-30 11:43:10",35
"2020-03-30 12:43:14",35
"2020-03-30 13:43:30",35
"2020-03-30 14:43:16",37
"2020-03-30 15:43:33",37
"2020-03-30 16:43:18",37
"2020-03-30 17:43:25",37
"2020-03-30 18:43:18",37
"2020-03-30 19:43:32",38
"2020-03-30 20:43:17",38
"2020-03-30 21:43:27",38
"2020-03-30 22:43:16",38
"2020-03-30 23:43:16",38
"2020-03-31 00:43:13",38
"2020-03-31 01:43:17",38
"2020-03-31 02:43:17",38
"2020-03-31 03:43:22",38
"2020-03-31 04:43:18",38
"2020-03-31 05:43:18",38
"2020-03-31 06:43:14",38
"2020-03-31 07:43:22",38
"2020-03-31 08:43:20",38
"2020-03-31 09:43:23",38
"2020-03-31 10:43:19",38
"2020-03-31 11:43:45",38
"2020-03-31 13:06:17",38
"2020-03-31 13:43:20",38
"2020-03-31 14:43:37",38
"2020-03-31 15:43:18",38
"2020-03-31 16:43:39",38
"2020-03-31 17:43:18",38
"2020-03-31 18:43:29",38
"2020-03-31 19:43:13",38
"2020-03-31 20:43:30",38
"2020-03-31 21:43:21",38
"2020-03-31 22:43:24",38
"2020-03-31 23:43:33",38
"2020-04-01 00:43:22",38
"2020-04-01 01:43:22",38
"2020-04-01 02:43:20",38
"2020-04-01 03:43:25",38
"2020-04-01 04:43:33",38
"2020-04-01 05:43:47",38
"2020-04-01 06:43:26",38
"2020-04-01 07:43:38",38
"2020-04-01 08:43:19",38
"2020-04-01 09:43:28",38
"2020-04-01 10:43:16",38
"2020-04-01 11:43:46",38
"2020-04-01 13:09:18",38
"2020-04-01 13:43:25",38
"2020-04-01 14:43:48",40
"2020-04-01 15:43:35",39
"2020-04-01 16:43:18",39
"2020-04-01 17:43:15",39
"2020-04-01 18:43:17",39
"2020-04-01 19:43:21",39
"2020-04-01 20:43:22",39
"2020-04-01 21:43:15",39
"2020-04-01 22:43:15",39
"2020-04-01 23:43:34",39
"2020-04-02 00:43:19",39
"2020-04-02 01:43:36",39
"2020-04-02 02:43:19",39
"2020-04-02 03:43:33",39
"2020-04-02 04:43:21",39
"2020-04-02 05:43:25",39
"2020-04-02 06:43:11",39
"2020-04-02 07:43:35",39
"2020-04-02 08:43:53",39
"2020-04-02 09:43:34",39
"2020-04-02 10:43:20",39
"2020-04-02 11:43:18",39
"2020-04-02 13:10:18",39
"2020-04-02 13:43:39",39
"2020-04-02 14:43:14",39
"2020-04-02 15:43:25",39
"2020-04-02 16:43:12",39
"2020-04-02 17:43:15",39
"2020-04-02 18:43:41",39
"2020-04-02 19:43:16",39
"2020-04-02 20:43:31",39
"2020-04-02 21:43:49",39
"2020-04-02 22:43:38",39
"2020-04-02 23:43:15",39
"2020-04-03 00:43:23",39
"2020-04-03 01:43:33",39
"2020-04-03 02:43:20",39
"2020-04-03 03:43:15",39
"2020-04-03 04:43:28",39
"2020-04-03 05:43:34",39
"2020-04-03 06:43:21",39
"2020-04-03 08:43:21",39
"2020-04-03 09:43:19",39
"2020-04-03 10:43:33",39
"2020-04-03 11:43:16",39
"2020-04-03 13:11:19",39
"2020-04-03 13:43:27",39
"2020-04-03 14:43:27",39
"2020-04-03 15:43:37",39
"2020-04-03 16:43:34",39
"2020-04-03 17:43:35",39
"2020-04-03 18:43:36",39
"2020-04-03 19:43:17",39
"2020-04-03 20:43:17",39
"2020-04-03 21:43:24",39
"2020-04-03 22:43:47",39
"2020-04-03 23:43:22",39
"2020-04-04 00:43:16",39
"2020-04-04 01:43:35",39
"2020-04-04 02:43:24",39
"2020-04-04 03:43:26",39
"2020-04-04 04:43:29",39
"2020-04-04 05:43:34",39
"2020-04-04 06:43:18",39
"2020-04-04 07:43:39",39
"2020-04-04 08:43:34",39
"2020-04-04 09:43:31",39
"2020-04-04 10:43:20",39
"2020-04-04 11:43:21",39
"2020-04-04 12:43:20",39
"2020-04-04 13:43:19",39
"2020-04-04 14:43:30",39
"2020-04-04 15:43:16",39
"2020-04-04 16:43:21",39
"2020-04-04 17:43:20",39
"2020-04-04 18:43:19",39
"2020-04-04 19:43:22",39
"2020-04-04 20:43:17",39
"2020-04-04 21:43:17",39
"2020-04-04 22:43:39",39
"2020-04-04 23:43:18",39
"2020-04-05 00:43:47",39
"2020-04-05 01:43:34",39
"2020-04-05 02:43:17",39
"2020-04-05 03:43:21",39
"2020-04-05 04:43:35",39
"2020-04-05 05:43:31",39
"2020-04-05 06:43:35",39
"2020-04-05 07:43:21",39
"2020-04-05 08:43:25",39
"2020-04-05 09:43:18",39
"2020-04-05 10:43:40",39
"2020-04-05 11:43:34",39
"2020-04-05 12:43:17",39
"2020-04-05 13:43:37",39
"2020-04-05 14:43:21",39
"2020-04-05 15:43:17",39
"2020-04-05 16:43:36",39
"2020-04-05 17:43:14",39
"2020-04-05 18:43:22",39
"2020-04-05 19:43:17",39
"2020-04-05 20:43:22",39
"2020-04-05 21:43:24",39
"2020-04-05 22:43:32",39
"2020-04-05 23:43:17",39
"2020-04-06 00:43:16",39
"2020-04-06 01:43:23",39
"2020-04-06 02:43:32",39
"2020-04-06 03:43:51",39
"2020-04-06 04:43:14",39
"2020-04-06 05:43:26",39
"2020-04-06 06:43:27",39
"2020-04-06 07:43:21",39
"2020-04-06 08:43:33",39
"2020-04-06 09:43:20",39
"2020-04-06 10:43:26",39
"2020-04-06 11:43:13",39
"2020-04-06 12:43:28",39
"2020-04-06 13:43:25",39
"2020-04-06 14:43:20",40
"2020-04-06 15:43:21",40
"2020-04-06 16:43:18",41
"2020-04-06 17:43:17",41
"2020-04-06 18:44:26",41
"2020-04-06 19:43:34",41
"2020-04-06 20:43:19",41
"2020-04-06 21:43:15",41
"2020-04-06 22:43:22",41
"2020-04-06 23:43:29",41
"2020-04-07 00:43:23",41
"2020-04-07 01:43:27",41
"2020-04-07 02:43:22",41
"2020-04-07 03:43:19",41
"2020-04-07 04:43:18",41
"2020-04-07 05:43:14",41
"2020-04-07 06:43:26",41
"2020-04-07 07:43:22",41
"2020-04-07 08:43:32",41
"2020-04-07 09:43:19",41
"2020-04-07 10:43:12",41
"2020-04-07 11:43:16",41
"2020-04-07 12:43:18",41
"2020-04-07 13:43:21",41
"2020-04-07 14:43:13",40
"2020-04-07 15:43:15",40
"2020-04-07 16:43:24",40
"2020-04-07 17:43:13",40
"2020-04-07 18:43:15",40
"2020-04-07 19:43:10",41
"2020-04-07 20:43:21",41
"2020-04-07 21:43:23",41
"2020-04-07 22:43:16",41
"2020-04-07 23:43:19",41
"2020-04-08 00:43:23",41
"2020-04-08 01:43:15",41
"2020-04-08 02:43:10",41
"2020-04-08 03:43:23",41
"2020-04-08 04:43:12",41
"2020-04-08 06:43:19",41
"2020-04-08 07:43:26",41
"2020-04-08 08:43:28",41
"2020-04-08 09:43:21",41
"2020-04-08 10:43:16",41
"2020-04-08 11:43:15",41
"2020-04-08 12:43:14",41
"2020-04-08 13:43:18",41
"2020-04-08 14:43:12",41
"2020-04-08 15:43:21",41
"2020-04-08 16:43:14",41
"2020-04-08 17:43:26",41
"2020-04-08 18:43:14",41
"2020-04-08 19:43:25",42
"2020-04-08 20:43:19",42
"2020-04-08 21:43:16",42
"2020-04-08 22:43:11",42
"2020-04-08 23:43:17",42
"2020-04-09 00:43:14",42
"2020-04-09 01:43:16",42
"2020-04-09 02:43:16",42
"2020-04-09 03:43:14",42
"2020-04-09 04:43:28",42
"2020-04-09 05:43:20",42
"2020-04-09 06:43:28",42
"2020-04-09 07:43:10",42
"2020-04-09 08:43:12",42
"2020-04-09 09:43:11",42
"2020-04-09 10:43:16",42
"2020-04-09 11:43:14",42
"2020-04-09 12:43:13",42
"2020-04-09 13:43:20",42
"2020-04-09 14:43:20",42
"2020-04-09 15:43:07",42
"2020-04-09 16:43:15",42
"2020-04-09 17:43:14",42
"2020-04-09 18:43:07",42
"2020-04-09 19:43:23",42
"2020-04-09 20:43:14",42
"2020-04-09 21:43:14",42
"2020-04-09 22:43:12",42
"2020-04-09 23:43:11",42
"2020-04-10 00:43:15",42
"2020-04-10 01:43:11",42
"2020-04-10 02:43:18",42
"2020-04-10 03:43:17",42
"2020-04-10 04:43:12",42
"2020-04-10 05:43:18",42
"2020-04-10 06:43:12",42
"2020-04-10 07:43:16",42
"2020-04-10 08:43:18",42
"2020-04-10 09:43:14",42
"2020-04-10 10:43:18",42
"2020-04-10 11:43:15",42
"2020-04-10 12:43:14",42
"2020-04-10 13:43:16",42
"2020-04-10 14:43:22",42
"2020-04-10 15:43:15",42
"2020-04-10 16:43:11",42
"2020-04-10 17:43:15",42
"2020-04-10 18:43:14",42
"2020-04-10 19:43:14",42
"2020-04-10 20:43:23",42
"2020-04-10 21:43:05",42
"2020-04-10 22:43:03",42
"2020-04-10 23:43:03",42
"2020-04-11 00:43:07",42
"2020-04-11 01:43:01",42
"2020-04-11 02:43:03",42
"2020-04-11 03:43:04",42
"2020-04-11 04:43:05",42
"2020-04-11 05:43:03",42
"2020-04-11 06:43:03",42
"2020-04-11 07:43:02",42
"2020-04-11 08:42:59",42
"2020-04-11 09:43:00",42
"2020-04-11 10:43:06",42
"2020-04-11 11:42:59",42
"2020-04-11 12:43:02",42
"2020-04-11 13:43:07",42
"2020-04-11 14:43:00",42
"2020-04-11 15:43:07",42
"2020-04-11 16:43:05",42
"2020-04-11 17:43:05",42
"2020-04-11 18:43:05",42
"2020-04-11 19:43:02",42
"2020-04-11 20:42:59",42
"2020-04-11 21:43:03",42
"2020-04-11 22:43:03",42
"2020-04-11 23:43:03",42
"2020-04-12 00:43:08",42
"2020-04-12 01:43:02",42
"2020-04-12 02:43:02",42
"2020-04-12 03:43:01",42
"2020-04-12 04:43:09",42
"2020-04-12 05:43:05",42
"2020-04-12 06:43:04",42
"2020-04-12 07:43:02",42
"2020-04-12 08:43:01",42
"2020-04-12 09:43:04",42
"2020-04-12 10:43:04",42
"2020-04-12 11:43:01",42
"2020-04-12 12:43:03",42
"2020-04-12 13:43:07",42
"2020-04-12 14:43:05",42
"2020-04-12 15:43:03",42
"2020-04-12 16:43:02",42
"2020-04-12 17:43:00",42
"2020-04-12 18:43:04",42
"2020-04-12 19:43:03",42
"2020-04-12 20:43:11",42
"2020-04-12 21:43:05",42
"2020-04-12 22:43:08",42
"2020-04-12 23:43:11",42
"2020-04-13 00:43:16",42
"2020-04-13 01:43:09",42
"2020-04-13 02:43:10",42
"2020-04-13 03:43:21",42
"2020-04-13 04:43:12",42
"2020-04-13 05:43:14",42
"2020-04-13 06:43:03",42
"2020-04-13 07:43:00",42
"2020-04-13 08:43:07",42
"2020-04-13 09:43:02",42
"2020-04-13 10:43:02",42
"2020-04-13 11:43:07",42
"2020-04-13 13:08:16",42
"2020-04-13 13:43:01",42
"2020-04-13 14:43:01",43
"2020-04-13 15:43:04",43
"2020-04-13 16:43:06",43
"2020-04-13 17:43:10",43
"2020-04-13 18:43:00",43
"2020-04-13 19:43:02",43
"2020-04-13 20:43:05",43
"2020-04-13 21:43:09",43
"2020-04-13 22:43:02",43
"2020-04-13 23:43:04",43
"2020-04-14 00:43:20",43
"2020-04-14 01:43:15",43
"2020-04-14 02:43:13",43
"2020-04-14 03:43:12",43
"2020-04-14 04:43:12",43
"2020-04-14 05:43:15",43
"2020-04-14 06:43:08",43
"2020-04-14 07:43:04",43
"2020-04-14 08:43:05",43
"2020-04-14 09:43:05",43
"2020-04-14 10:43:04",43
"2020-04-14 11:43:06",43
"2020-04-14 12:43:03",43
"2020-04-14 13:43:06",43
"2020-04-14 14:43:10",42
"2020-04-14 15:43:11",42
"2020-04-14 16:43:17",42
"2020-04-14 17:42:59",42
"2020-04-14 18:43:14",42
"2020-04-14 19:43:04",42
"2020-04-14 20:43:03",42
"2020-04-14 21:43:05",42
"2020-04-14 22:43:04",42
"2020-04-14 23:43:15",42
"2020-04-15 00:43:10",42
"2020-04-15 01:43:10",42
"2020-04-15 02:43:07",42
"2020-04-15 03:43:10",42
"2020-04-15 04:43:14",42
"2020-04-15 05:43:02",42
"2020-04-15 06:43:02",42
"2020-04-15 07:43:05",42
"2020-04-15 08:43:06",42
"2020-04-15 09:43:03",42
"2020-04-15 10:43:01",42
"2020-04-15 11:43:00",42
"2020-04-15 13:11:18",42
"2020-04-15 13:43:26",42
"2020-04-15 14:43:04",43
"2020-04-15 15:43:01",43
"2020-04-15 16:43:10",43
"2020-04-15 17:43:02",43
"2020-04-15 18:43:02",43
"2020-04-15 19:43:07",43
"2020-04-15 20:43:03",43
"2020-04-15 21:43:06",43
"2020-04-15 22:43:08",43
"2020-04-15 23:43:04",43
"2020-04-16 00:43:12",43
"2020-04-16 01:43:14",43
"2020-04-16 02:43:15",43
"2020-04-16 03:43:15",43
"2020-04-16 04:43:16",43
"2020-04-16 05:43:07",43
"2020-04-16 06:43:13",43
"2020-04-16 07:43:05",43
"2020-04-16 08:43:04",43
"2020-04-16 09:43:02",43
"2020-04-16 10:43:04",43
"2020-04-16 11:43:05",43
"2020-04-16 12:43:07",43
"2020-04-16 13:43:07",43
"2020-04-16 14:43:04",43
"2020-04-16 15:43:17",43
"2020-04-16 16:43:16",43
"2020-04-16 17:43:08",43
"2020-04-16 18:43:14",43
"2020-04-16 19:43:04",44
"2020-04-16 20:43:06",45
"2020-04-16 21:43:16",45
"2020-04-16 22:43:06",45
"2020-04-16 23:43:16",45
"2020-04-17 00:43:14",45
"2020-04-17 01:43:08",45
"2020-04-17 02:43:16",45
"2020-04-17 03:43:09",45
"2020-04-17 04:43:06",45
"2020-04-17 05:43:08",45
"2020-04-17 06:43:10",45
"2020-04-17 07:43:23",45
"2020-04-17 08:43:09",45
"2020-04-17 09:43:06",45
"2020-04-17 10:43:06",45
"2020-04-17 11:43:02",45
"2020-04-17 13:08:18",45
"2020-04-17 13:43:13",45
"2020-04-17 14:43:08",44
"2020-04-17 15:43:09",44
"2020-04-17 16:43:03",44
"2020-04-17 17:43:05",44
"2020-04-17 18:43:16",45
"2020-04-17 19:43:12",44
"2020-04-17 20:43:15",43
"2020-04-17 21:43:13",43
"2020-04-17 22:43:10",43
"2020-04-17 23:43:14",43
"2020-04-18 00:43:13",43
"2020-04-18 01:43:10",43
"2020-04-18 02:43:09",43
"2020-04-18 03:43:10",43
"2020-04-18 04:43:14",43
"2020-04-18 05:43:14",43
"2020-04-18 06:43:08",43
"2020-04-18 07:43:03",43
"2020-04-18 08:43:13",43
"2020-04-18 09:43:01",43
"2020-04-18 10:43:05",43
"2020-04-18 11:43:06",43
"2020-04-18 12:43:01",43
"2020-04-18 13:43:11",43
"2020-04-18 14:43:09",43
"2020-04-18 15:43:04",43
"2020-04-18 16:43:01",43
"2020-04-18 17:43:13",43
"2020-04-18 18:43:07",43
"2020-04-18 19:43:01",43
"2020-04-18 20:43:12",43
"2020-04-18 21:43:05",43
"2020-04-18 22:43:10",43
"2020-04-18 23:43:17",43
"2020-04-19 00:43:16",43
"2020-04-19 01:43:21",43
"2020-04-19 02:43:15",43
"2020-04-19 03:43:15",43
"2020-04-19 04:43:24",43
"2020-04-19 05:43:13",43
"2020-04-19 06:43:13",43
"2020-04-19 07:43:12",43
"2020-04-19 08:43:06",43
"2020-04-19 09:43:07",43
"2020-04-19 10:43:06",43
"2020-04-19 11:43:01",43
"2020-04-19 12:43:02",43
"2020-04-19 13:43:13",43
"2020-04-19 14:43:02",43
"2020-04-19 15:43:01",43
"2020-04-19 16:43:08",43
"2020-04-19 17:43:19",43
"2020-04-19 18:43:07",43
"2020-04-19 19:43:05",43
"2020-04-19 20:43:02",43
"2020-04-19 21:43:21",43
"2020-04-19 22:43:17",43
"2020-04-19 23:43:12",43
"2020-04-20 00:43:20",43
"2020-04-20 01:43:17",43
"2020-04-20 02:43:22",43
"2020-04-20 03:43:23",43
"2020-04-20 04:43:17",43
"2020-04-20 05:43:24",43
"2020-04-20 06:43:14",43
"2020-04-20 07:43:04",43
"2020-04-20 08:43:04",43
"2020-04-20 09:43:04",43
"2020-04-20 10:43:03",43
"2020-04-20 11:43:04",43
"2020-04-20 12:43:05",43
"2020-04-20 13:43:06",43
"2020-04-20 14:43:17",43
"2020-04-20 15:43:08",44
"2020-04-20 16:43:12",43
"2020-04-20 17:43:07",43
"2020-04-20 18:43:15",43
"2020-04-20 20:43:32",43
"2020-04-20 21:43:31",43
"2020-04-20 22:43:38",43
"2020-04-20 23:43:17",43
"2020-04-21 00:43:19",43
"2020-04-21 01:43:16",43
"2020-04-21 02:43:16",43
"2020-04-21 03:44:04",43
"2020-04-21 04:44:14",43
"2020-04-21 05:44:21",43
"2020-04-21 06:43:18",43
"2020-04-21 07:43:11",43
"2020-04-21 08:43:10",43
"2020-04-21 09:43:07",43
"2020-04-21 10:43:06",43
"2020-04-21 11:43:06",43
"2020-04-21 12:43:06",43
"2020-04-21 13:43:15",43
"2020-04-21 14:43:17",42
"2020-04-21 15:43:02",41
"2020-04-21 16:43:02",41
"2020-04-21 17:43:14",40
"2020-04-21 18:43:03",40
"2020-04-21 19:43:06",40
"2020-04-21 20:43:17",40
"2020-04-21 21:43:20",40
"2020-04-21 22:43:20",40
"2020-04-21 23:43:04",40
"2020-04-22 00:43:12",40
"2020-04-22 01:43:18",40
"2020-04-22 02:43:17",40
"2020-04-22 03:43:10",40
"2020-04-22 04:43:04",40
"2020-04-22 05:43:05",40
"2020-04-22 06:43:09",40
"2020-04-22 07:43:09",40
"2020-04-22 08:43:03",40
"2020-04-22 09:43:08",40
"2020-04-22 10:43:20",40
"2020-04-22 11:43:02",40
"2020-04-22 12:43:06",40
"2020-04-22 13:43:02",40
"2020-04-22 14:43:07",40
"2020-04-22 15:43:04",39
"2020-04-22 16:43:16",39
"2020-04-22 17:43:21",39
"2020-04-22 18:43:13",39
"2020-04-22 19:43:05",39
"2020-04-22 20:43:06",39
"2020-04-22 21:43:15",39
"2020-04-22 22:43:09",39
"2020-04-22 23:43:15",39
"2020-04-23 00:43:05",39
"2020-04-23 01:43:12",39
"2020-04-23 02:43:16",39
"2020-04-23 03:43:17",39
"2020-04-23 04:43:18",39
"2020-04-23 05:43:02",39
"2020-04-23 06:43:05",39
"2020-04-23 07:43:08",39
"2020-04-23 08:43:06",39
"2020-04-23 09:43:01",39
"2020-04-23 10:43:04",39
"2020-04-23 11:43:14",39
"2020-04-23 12:43:01",39
"2020-04-23 13:43:02",39
"2020-04-23 14:43:03",39
"2020-04-23 15:43:05",39
"2020-04-23 16:43:16",39
"2020-04-23 17:43:03",39
"2020-04-23 18:43:07",39
"2020-04-23 19:43:02",39
"2020-04-23 20:43:17",40
"2020-04-23 21:43:09",40
"2020-04-23 22:43:04",40
"2020-04-23 23:43:06",40
"2020-04-24 00:43:13",40
"2020-04-24 01:43:34",40
"2020-04-24 02:43:01",40
"2020-04-24 03:43:17",40
"2020-04-24 04:43:04",40
"2020-04-24 05:43:02",40
"2020-04-24 06:43:04",40
"2020-04-24 07:43:00",40
"2020-04-24 08:43:13",40
"2020-04-24 09:43:04",40
"2020-04-24 10:43:03",40
"2020-04-24 11:43:00",40
"2020-04-24 13:09:20",40
"2020-04-24 13:43:22",40
"2020-04-24 14:43:11",40
"2020-04-24 15:43:07",41
"2020-04-24 16:43:06",41
"2020-04-24 17:43:09",41
"2020-04-24 18:43:13",41
"2020-04-24 19:43:07",40
"2020-04-24 20:43:13",40
"2020-04-24 21:43:16",40
"2020-04-24 22:43:25",40
"2020-04-24 23:43:11",40
"2020-04-25 00:43:27",40
"2020-04-25 01:43:21",40
"2020-04-25 02:43:18",40
"2020-04-25 03:43:14",40
"2020-04-25 04:43:19",40
"2020-04-25 05:43:22",40
"2020-04-25 06:43:11",40
"2020-04-25 07:43:08",40
"2020-04-25 08:43:10",40
"2020-04-25 09:43:09",40
"2020-04-25 10:43:05",40
"2020-04-25 11:43:09",40
"2020-04-25 12:43:06",40
"2020-04-25 13:43:16",40
"2020-04-25 14:43:09",40
"2020-04-25 15:43:11",40
"2020-04-25 16:43:12",40
"2020-04-25 17:43:11",40
"2020-04-25 18:43:07",40
"2020-04-25 19:43:12",40
"2020-04-25 20:43:09",40
"2020-04-25 21:43:08",40
"2020-04-25 22:43:12",40
"2020-04-25 23:43:18",40
"2020-04-26 00:43:07",40
"2020-04-26 01:43:16",40
"2020-04-26 02:43:16",40
"2020-04-26 03:43:20",40
"2020-04-26 04:43:06",40
"2020-04-26 05:43:25",40
"2020-04-26 06:43:13",40
"2020-04-26 07:43:10",40
"2020-04-26 08:43:08",40
"2020-04-26 09:43:08",40
"2020-04-26 10:43:05",40
"2020-04-26 11:43:12",40
"2020-04-26 12:43:08",40
"2020-04-26 13:43:04",40
"2020-04-26 14:43:06",40
"2020-04-26 15:43:10",40
"2020-04-26 16:43:08",40
"2020-04-26 17:43:08",40
"2020-04-26 18:43:09",40
"2020-04-26 19:43:08",40
"2020-04-26 20:43:06",40
"2020-04-26 21:43:08",40
"2020-04-26 22:43:15",40
"2020-04-26 23:43:24",40
"2020-04-27 00:43:23",40
"2020-04-27 01:43:22",40
"2020-04-27 02:43:19",40
"2020-04-27 03:43:20",40
"2020-04-27 04:43:22",40
"2020-04-27 05:43:12",40
"2020-04-27 06:43:10",40
"2020-04-27 07:43:07",40
"2020-04-27 08:43:11",40
"2020-04-27 09:43:10",40
"2020-04-27 10:43:10",40
"2020-04-27 11:43:02",40
"2020-04-27 12:43:07",40
"2020-04-27 13:43:23",40
"2020-04-27 14:43:12",40
"2020-04-27 15:43:09",40
"2020-04-27 16:43:04",41
"2020-04-27 17:43:08",41
"2020-04-27 18:43:07",41
"2020-04-27 19:43:06",41
"2020-04-27 20:43:07",41
"2020-04-27 21:43:20",41
"2020-04-27 22:43:11",41
"2020-04-27 23:43:17",41
"2020-04-28 00:43:34",41
"2020-04-28 01:43:11",41
"2020-04-28 02:43:27",41
"2020-04-28 03:43:23",41
"2020-04-28 04:43:23",41
"2020-04-28 05:43:08",41
"2020-04-28 06:43:07",41
"2020-04-28 07:43:22",41
"2020-04-28 08:43:13",41
"2020-04-28 09:43:10",41
"2020-04-28 10:43:03",41
"2020-04-28 11:43:10",41
"2020-04-28 12:43:11",41
"2020-04-28 13:43:08",41
"2020-04-28 14:43:24",41
"2020-04-28 15:43:19",41
"2020-04-28 16:43:06",41
"2020-04-28 17:43:14",41
"2020-04-28 18:43:12",41
"2020-04-28 19:43:07",41
"2020-04-28 20:43:08",41
"2020-04-28 21:43:11",41
"2020-04-28 22:43:06",41
"2020-04-28 23:43:06",41
"2020-04-29 00:43:26",41
"2020-04-29 01:43:31",41
"2020-04-29 02:43:21",41
"2020-04-29 03:43:07",41
"2020-04-29 04:43:17",41
"2020-04-29 05:43:05",41
"2020-04-29 06:43:11",41
"2020-04-29 07:43:11",41
"2020-04-29 08:43:07",41
"2020-04-29 09:43:17",41
"2020-04-29 10:43:12",41
"2020-04-29 11:43:04",41
"2020-04-29 13:07:17",41
"2020-04-29 13:43:09",41
"2020-04-29 14:43:04",42
"2020-04-29 15:43:02",41
"2020-04-29 16:43:10",41
"2020-04-29 17:43:06",41
"2020-04-29 18:43:25",40
"2020-04-29 19:43:22",40
"2020-04-29 20:43:08",40
"2020-04-29 21:43:23",40
"2020-04-29 22:43:23",40
"2020-04-29 23:43:15",40
"2020-04-30 00:43:23",40
"2020-04-30 01:43:21",40
"2020-04-30 02:43:37",40
"2020-04-30 03:43:31",40
"2020-04-30 04:43:19",40
"2020-04-30 05:43:13",40
"2020-04-30 06:43:09",40
"2020-04-30 07:43:08",40
"2020-04-30 08:43:10",40
"2020-04-30 09:43:07",40
"2020-04-30 10:43:03",40
"2020-04-30 11:43:17",40
"2020-04-30 12:43:06",40
"2020-04-30 13:43:09",40
"2020-04-30 14:43:19",40
"2020-04-30 15:43:07",40
"2020-04-30 16:43:06",40
"2020-04-30 17:44:27",40
"2020-04-30 18:43:15",40
"2020-04-30 20:43:10",39
"2020-04-30 21:43:11",39
"2020-04-30 22:43:12",39
"2020-04-30 23:43:10",39
"2020-05-01 00:43:24",39
"2020-05-01 01:43:22",39
"2020-05-01 02:43:09",39
"2020-05-01 03:43:06",39
"2020-05-01 04:43:11",39
"2020-05-01 05:43:14",39
"2020-05-01 06:43:11",39
"2020-05-01 07:43:12",39
"2020-05-01 08:43:09",39
"2020-05-01 09:43:08",39
"2020-05-01 10:43:06",39
"2020-05-01 11:43:08",39
"2020-05-01 13:08:19",39
"2020-05-01 13:43:26",39
"2020-05-01 14:43:06",39
"2020-05-01 15:43:07",39
"2020-05-01 16:43:09",40
"2020-05-01 17:43:11",40
"2020-05-01 18:43:06",40
"2020-05-01 19:43:12",40
"2020-05-01 20:43:04",41
"2020-05-01 21:43:23",41
"2020-05-01 22:43:07",41
"2020-05-01 23:43:07",41
"2020-05-02 00:43:08",41
"2020-05-02 01:43:22",41
"2020-05-02 02:43:19",41
"2020-05-02 03:43:13",41
"2020-05-02 04:43:08",41
"2020-05-02 05:43:16",41
"2020-05-02 06:43:09",41
"2020-05-02 07:43:16",41
"2020-05-02 08:43:10",41
"2020-05-02 09:43:09",41
"2020-05-02 10:43:05",41
"2020-05-02 11:43:09",41
"2020-05-02 12:43:05",41
"2020-05-02 13:43:10",41
"2020-05-02 14:43:12",41
"2020-05-02 15:43:12",41
"2020-05-02 16:43:11",41
"2020-05-02 17:43:09",41
"2020-05-02 18:43:18",41
"2020-05-02 19:43:10",41
"2020-05-02 20:43:08",41
"2020-05-02 21:43:09",41
"2020-05-02 22:43:04",41
"2020-05-02 23:43:20",41
"2020-05-03 00:43:10",41
"2020-05-03 01:43:22",41
"2020-05-03 02:43:19",41
"2020-05-03 03:43:18",41
"2020-05-03 04:43:16",41
"2020-05-03 05:43:09",41
"2020-05-03 06:43:09",41
"2020-05-03 07:43:12",41
"2020-05-03 08:43:11",41
"2020-05-03 09:43:25",41
"2020-05-03 10:43:10",41
"2020-05-03 11:43:09",41
"2020-05-03 12:43:08",41
"2020-05-03 13:43:10",41
"2020-05-03 14:43:13",41
"2020-05-03 15:43:11",41
"2020-05-03 16:43:20",41
"2020-05-03 17:43:23",41
"2020-05-03 18:43:07",41
"2020-05-03 19:43:34",41
"2020-05-03 20:43:23",41
"2020-05-03 21:43:17",41
"2020-05-03 22:43:22",41
"2020-05-03 23:43:22",41
"2020-05-04 00:43:20",41
"2020-05-04 01:43:23",41
"2020-05-04 02:43:20",41
"2020-05-04 03:43:21",41
"2020-05-04 04:43:08",41
"2020-05-04 05:43:11",41
"2020-05-04 06:43:13",41
"2020-05-04 09:29:27",41
"2020-05-04 10:48:22",41
"2020-05-04 10:56:10",41
"2020-05-04 11:03:45",41
"2020-05-04 11:43:16",41
"2020-05-04 13:07:21",41
"2020-05-04 13:43:10",41
"2020-05-04 14:43:14",41
"2020-05-04 15:43:10",40
"2020-05-04 16:43:11",40
"2020-05-04 17:43:09",41
"2020-05-04 18:43:19",41
"2020-05-04 19:43:21",41
"2020-05-04 20:43:19",41
"2020-05-04 21:43:21",41
"2020-05-04 22:43:07",41
"2020-05-04 23:43:09",41
"2020-05-05 00:43:07",41
"2020-05-05 01:43:18",41
"2020-05-05 02:43:05",41
"2020-05-05 03:43:21",41
"2020-05-05 04:43:09",41
"2020-05-05 05:43:09",41
"2020-05-05 06:43:11",41
"2020-05-05 07:43:15",41
"2020-05-05 08:43:26",41
"2020-05-05 09:43:05",41
"2020-05-05 10:43:07",41
"2020-05-05 11:43:23",41
"2020-05-05 12:43:11",41
"2020-05-05 13:43:11",41
"2020-05-05 14:43:09",41
"2020-05-05 15:43:08",41
"2020-05-05 16:43:13",41
"2020-05-05 17:43:08",41
"2020-05-05 18:43:07",41
"2020-05-05 19:43:23",41
"2020-05-05 20:43:12",41
"2020-05-05 21:43:04",41
"2020-05-05 22:43:05",41
"2020-05-05 23:43:22",41
"2020-05-06 00:43:12",41
"2020-05-06 01:43:13",41
"2020-05-06 02:43:09",41
"2020-05-06 03:43:05",41
"2020-05-06 04:43:11",41
"2020-05-06 05:43:10",41
"2020-05-06 06:43:05",41
"2020-05-06 17:43:21",42
"2020-05-06 18:43:29",42
"2020-05-06 19:43:09",42
"2020-05-06 20:43:18",42
"2020-05-06 21:43:23",42
"2020-05-06 22:43:23",42
"2020-05-06 23:43:25",42
"2020-05-07 00:43:17",42
"2020-05-07 01:43:14",42
"2020-05-07 02:43:04",42
"2020-05-07 03:43:12",42
"2020-05-07 04:43:14",42
"2020-05-07 05:43:08",42
"2020-05-07 06:43:11",42
"2020-05-07 08:43:14",42
"2020-05-07 09:43:11",42
"2020-05-07 10:43:20",42
"2020-05-07 11:43:14",42
"2020-05-07 12:43:13",42
"2020-05-07 13:43:17",42
"2020-05-07 14:43:21",42
"2020-05-07 15:43:10",42
"2020-05-07 16:43:13",42
"2020-05-07 17:43:08",42
"2020-05-07 18:43:07",42
"2020-05-07 19:43:29",41
"2020-05-07 20:43:06",41
"2020-05-07 21:43:06",41
"2020-05-07 22:43:06",41
"2020-05-07 23:43:13",41
"2020-05-08 00:43:10",41
"2020-05-08 01:43:05",41
"2020-05-08 02:43:08",41
"2020-05-08 03:43:12",41
"2020-05-08 04:43:07",41
"2020-05-08 05:43:08",41
"2020-05-08 06:43:07",41
"2020-05-08 07:43:12",41
"2020-05-08 08:43:15",41
"2020-05-08 09:43:13",41
"2020-05-08 10:43:10",41
"2020-05-08 11:43:12",41
"2020-05-08 13:07:20",41
"2020-05-08 13:43:14",41
"2020-05-08 14:43:11",42
"2020-05-08 15:43:11",42
"2020-05-08 16:43:23",42
"2020-05-08 17:43:17",42
"2020-05-08 18:43:14",42
"2020-05-08 19:43:07",42
"2020-05-08 20:43:13",43
"2020-05-08 21:43:10",43
"2020-05-08 22:43:14",43
"2020-05-08 23:43:11",43
"2020-05-09 00:43:08",43
"2020-05-09 01:43:20",43
"2020-05-09 02:43:11",43
"2020-05-09 03:43:25",43
"2020-05-09 04:43:09",43
"2020-05-09 05:43:13",43
"2020-05-09 06:43:15",43
"2020-05-09 07:43:06",43
"2020-05-09 08:43:14",43
"2020-05-09 09:43:10",43
"2020-05-09 10:43:10",43
"2020-05-09 11:43:05",43
"2020-05-09 12:43:08",43
"2020-05-09 13:43:09",43
"2020-05-09 14:43:08",43
"2020-05-09 15:43:10",43
"2020-05-09 16:43:06",43
"2020-05-09 17:43:11",43
"2020-05-09 18:43:11",43
"2020-05-09 19:43:09",43
"2020-05-09 20:43:07",43
"2020-05-09 21:43:13",43
"2020-05-09 22:43:11",43
"2020-05-09 23:43:09",43
"2020-05-10 00:43:21",43
"2020-05-10 01:43:10",43
"2020-05-10 02:43:25",43
"2020-05-10 03:43:13",43
"2020-05-10 04:43:14",43
"2020-05-10 05:43:18",43
"2020-05-10 06:43:11",43
"2020-05-10 07:43:15",43
"2020-05-10 08:43:12",43
"2020-05-10 09:43:14",43
"2020-05-10 10:43:13",43
"2020-05-10 11:43:14",43
"2020-05-10 12:43:11",43
"2020-05-10 13:43:13",43
"2020-05-10 14:43:07",43
"2020-05-10 15:43:11",43
"2020-05-10 16:43:12",43
"2020-05-10 17:43:08",43
"2020-05-10 18:43:12",43
"2020-05-10 19:43:09",43
"2020-05-10 20:43:14",43
"2020-05-10 21:43:10",43
"2020-05-10 22:43:10",43
"2020-05-10 23:43:12",43
"2020-05-11 00:43:13",43
"2020-05-11 01:43:07",43
"2020-05-11 02:43:11",43
"2020-05-11 03:43:26",43
"2020-05-11 04:43:11",43
"2020-05-11 05:43:12",43
"2020-05-11 06:43:10",43
"2020-05-11 07:43:13",43
"2020-05-11 08:43:18",43
"2020-05-11 09:44:46",43
"2020-05-11 10:43:11",43
"2020-05-11 11:43:06",43
"2020-05-11 13:06:19",43
"2020-05-11 13:43:18",43
"2020-05-11 14:43:14",42
"2020-05-11 15:43:24",42
"2020-05-11 16:43:12",42
"2020-05-11 17:43:14",42
"2020-05-11 18:43:12",43
"2020-05-11 19:43:08",43
"2020-05-11 20:43:09",44
"2020-05-11 21:43:10",44
"2020-05-11 22:43:04",44
"2020-05-11 23:43:14",44
"2020-05-12 00:43:11",44
"2020-05-12 01:43:11",44
"2020-05-12 02:43:09",44
"2020-05-12 03:43:06",44
"2020-05-12 04:43:09",44
"2020-05-12 05:43:09",44
"2020-05-12 06:43:15",44
"2020-05-12 07:43:08",44
"2020-05-12 08:43:10",44
"2020-05-12 09:43:11",44
"2020-05-12 10:43:13",44
"2020-05-12 11:43:07",44
"2020-05-12 13:12:19",44
"2020-05-12 17:43:06",43
"2020-05-12 18:43:07",43
"2020-05-12 19:43:18",43
"2020-05-12 20:43:22",43
"2020-05-12 21:43:22",43
"2020-05-12 22:43:05",43
"2020-05-12 23:43:06",43
"2020-05-13 00:43:19",43
"2020-05-13 01:43:11",43
"2020-05-13 02:43:20",43
"2020-05-13 03:43:22",43
"2020-05-13 06:43:09",43
"2020-05-13 07:43:21",43
"2020-05-13 08:43:17",43
"2020-05-13 09:43:05",43
"2020-05-13 10:43:08",43
"2020-05-13 11:43:06",43
"2020-05-13 12:43:06",43
"2020-05-13 13:43:06",43
"2020-05-13 14:43:06",43
"2020-05-13 15:43:10",43
"2020-05-13 16:43:21",43
"2020-05-13 17:43:08",43
"2020-05-13 18:43:17",44
"2020-05-13 19:43:09",43
"2020-05-13 20:43:08",43
"2020-05-13 21:43:06",43
"2020-05-13 22:43:10",43
"2020-05-13 23:43:12",43
"2020-05-14 00:43:06",43
"2020-05-14 01:43:12",43
"2020-05-14 02:43:07",43
"2020-05-14 03:43:10",43
"2020-05-14 04:43:08",43
"2020-05-14 05:43:12",43
"2020-05-14 06:43:14",43
"2020-05-14 07:43:09",43
"2020-05-14 08:43:14",43
"2020-05-14 09:43:07",43
"2020-05-14 10:43:10",43
"2020-05-14 11:43:13",43
"2020-05-14 12:43:11",43
"2020-05-14 13:43:13",43
"2020-05-14 14:43:11",44
"2020-05-14 15:43:09",45
"2020-05-14 16:43:06",45
"2020-05-14 17:43:07",45
"2020-05-14 18:43:16",45
"2020-05-14 19:43:16",45
"2020-05-14 20:43:08",45
"2020-05-14 21:43:09",45
"2020-05-14 22:43:17",45
"2020-05-14 23:43:12",45
"2020-05-15 00:44:03",45
"2020-05-15 01:43:33",45
"2020-05-15 02:43:22",45
"2020-05-15 03:43:21",45
"2020-05-15 04:43:21",45
"2020-05-15 05:43:10",45
"2020-05-15 06:43:19",45
"2020-05-15 07:43:07",45
"2020-05-15 08:43:12",45
"2020-05-15 09:43:20",45
"2020-05-15 10:43:06",45
"2020-05-15 11:43:09",45
"2020-05-15 12:43:10",45
"2020-05-15 13:43:12",45
"2020-05-15 14:43:07",45
"2020-05-15 15:43:10",45
"2020-05-15 16:43:06",45
"2020-05-15 17:43:22",45
"2020-05-15 18:43:07",45
"2020-05-15 19:43:14",45
"2020-05-15 20:43:11",45
"2020-05-15 21:43:11",45
"2020-05-15 22:43:07",45
"2020-05-15 23:43:06",45
"2020-05-16 00:43:18",45
"2020-05-16 01:43:29",45
"2020-05-16 02:43:25",45
"2020-05-16 03:43:15",45
"2020-05-16 04:43:10",45
"2020-05-16 05:43:10",45
"2020-05-16 06:43:24",45
"2020-05-16 07:43:22",45
"2020-05-16 08:43:09",45
"2020-05-16 09:43:14",45
"2020-05-16 10:43:08",45
"2020-05-16 11:43:06",45
"2020-05-16 12:43:12",45
"2020-05-16 13:43:10",45
"2020-05-16 14:43:07",45
"2020-05-16 15:43:14",45
"2020-05-16 16:43:11",45
"2020-05-16 17:43:08",45
"2020-05-16 18:43:10",45
"2020-05-16 19:43:07",45
"2020-05-16 20:43:11",45
"2020-05-16 21:43:10",45
"2020-05-16 22:43:13",45
"2020-05-16 23:43:11",45
"2020-05-17 00:43:10",45
"2020-05-17 01:43:14",45
"2020-05-18 08:28:26",45
"2020-05-18 08:35:08",45
"2020-05-18 08:36:04",45
"2020-05-18 08:39:22",45
"2020-05-18 08:39:38",45
"2020-05-18 08:39:42",45
"2020-05-18 08:40:07",45
"2020-05-18 08:40:11",45
"2020-05-18 08:40:35",45
"2020-05-18 08:42:50",45
"2020-05-18 08:43:11",45
"2020-05-18 08:43:21",45
"2020-05-18 08:43:56",45
"2020-05-18 08:46:06",45
"2020-05-18 08:46:27",45
"2020-05-18 08:47:13",45
"2020-05-18 08:48:46",45
"2020-05-18 09:09:59",45
"2020-05-18 09:11:27",45
"2020-05-18 09:11:30",45
"2020-05-18 09:20:07",45
"2020-05-18 09:42:35",45
"2020-05-18 09:42:58",45
"2020-05-18 09:43:19",45
"2020-05-18 10:00:42",45
"2020-05-18 10:04:56",45
"2020-05-18 10:07:40",45
"2020-05-18 10:11:13",45
"2020-05-18 10:14:24",45
"2020-05-18 10:23:52",45
"2020-05-18 11:44:02",45
"2020-05-18 11:51:39",45
"2020-05-18 11:59:14",45
"2020-05-18 12:06:52",45
"2020-05-18 13:06:50",45
"2020-05-18 13:43:16",45
"2020-05-18 14:43:10",45
"2020-05-18 15:43:28",43
"2020-05-18 16:43:32",43
"2020-05-18 17:43:10",43
"2020-05-18 18:43:21",43
"2020-05-18 19:43:16",42
"2020-05-18 20:43:13",42
"2020-05-18 21:43:25",42
"2020-05-18 22:43:25",42
"2020-05-18 23:43:27",42
"2020-05-19 00:44:28",42
"2020-05-19 01:43:08",42
"2020-05-19 02:43:15",42
"2020-05-19 03:43:14",42
"2020-05-19 04:43:15",42
"2020-05-19 05:43:14",42
"2020-05-19 06:43:13",42
"2020-05-19 07:43:14",42
"2020-05-19 08:43:19",42
"2020-05-19 09:43:31",42
"2020-05-19 10:43:12",42
"2020-05-19 11:43:23",42
"2020-05-19 13:07:22",42
"2020-05-19 13:43:13",42
"2020-05-19 14:43:10",43
"2020-05-19 15:43:10",42
"2020-05-19 16:43:16",42
"2020-05-19 17:43:09",42
"2020-05-19 18:43:13",42
"2020-05-19 19:43:12",43
"2020-05-19 20:43:15",43
"2020-05-19 21:43:15",43
"2020-05-19 22:43:26",43
"2020-05-19 23:43:11",43
"2020-05-20 00:43:27",43
"2020-05-20 01:43:31",43
"2020-05-20 02:43:24",43
"2020-05-20 03:43:25",43
"2020-05-20 04:43:16",43
"2020-05-20 05:43:13",43
"2020-05-20 06:43:10",43
"2020-05-20 07:43:17",43
"2020-05-20 08:43:10",43
"2020-05-20 09:43:16",43
"2020-05-20 10:43:10",43
"2020-05-20 11:43:11",43
"2020-05-20 12:43:08",43
"2020-05-20 13:43:14",43
"2020-05-20 14:43:12",43
"2020-05-20 15:43:17",43
"2020-05-20 16:43:11",43
"2020-05-20 17:43:24",43
"2020-05-20 18:43:13",42
"2020-05-20 19:43:12",42
"2020-05-20 20:43:08",41
"2020-05-20 21:43:13",41
"2020-05-20 22:43:07",41
"2020-05-20 23:43:11",41
"2020-05-21 00:43:24",41
"2020-05-21 01:43:09",41
"2020-05-21 02:43:13",41
"2020-05-21 03:43:13",41
"2020-05-21 04:43:09",41
"2020-05-21 05:43:10",41
"2020-05-21 06:43:18",41
"2020-05-21 07:43:09",41
"2020-05-21 08:43:13",41
"2020-05-21 09:43:10",41
"2020-05-21 10:43:11",41
"2020-05-21 11:43:15",41
"2020-05-21 12:43:10",41
"2020-05-21 13:43:14",41
"2020-05-21 14:43:07",42
"2020-05-21 15:43:10",42
"2020-05-21 16:43:19",42
"2020-05-21 17:43:15",42
"2020-05-21 18:43:11",42
"2020-05-21 19:43:10",43
"2020-05-21 20:43:13",43
"2020-05-21 21:43:14",43
"2020-05-21 22:43:15",43
"2020-05-21 23:43:25",43
"2020-05-22 00:43:58",43
"2020-05-22 01:43:13",43
"2020-05-22 02:43:17",43
"2020-05-22 03:43:25",43
"2020-05-22 04:43:15",43
"2020-05-22 05:43:17",43
"2020-05-22 06:43:09",43
"2020-05-22 07:43:13",43
"2020-05-22 08:43:17",43
"2020-05-22 09:43:15",43
"2020-05-22 10:43:11",43
"2020-05-22 11:43:10",43
"2020-05-22 12:43:12",43
"2020-05-22 13:43:17",43
"2020-05-22 14:43:10",43
"2020-05-22 15:43:11",43
"2020-05-22 16:43:11",43
"2020-05-22 17:43:11",43
"2020-05-22 18:43:24",43
"2020-05-22 19:43:11",43
"2020-05-22 20:43:08",43
"2020-05-22 21:43:09",43
"2020-05-22 22:43:11",43
"2020-05-22 23:43:10",43
"2020-05-23 00:43:12",43
"2020-05-23 01:43:11",43
"2020-05-23 02:43:18",43
"2020-05-23 03:43:14",43
"2020-05-23 04:43:25",43
"2020-05-23 05:43:10",43
"2020-05-23 06:43:18",43
"2020-05-23 07:43:17",43
"2020-05-23 08:43:17",43
"2020-05-23 09:43:13",43
"2020-05-23 10:43:11",43
"2020-05-23 11:43:19",43
"2020-05-23 12:43:14",43
"2020-05-23 13:43:15",43
"2020-05-23 14:43:13",43
"2020-05-23 15:43:11",43
"2020-05-23 16:43:16",43
"2020-05-23 17:43:14",43
"2020-05-23 18:43:19",43
"2020-05-23 19:43:12",43
"2020-05-23 20:43:09",43
"2020-05-23 21:43:09",43
"2020-05-23 22:43:13",43
"2020-05-23 23:43:13",43
"2020-05-24 00:43:23",43
"2020-05-24 01:43:11",43
"2020-05-24 02:43:10",43
"2020-05-24 03:43:14",43
"2020-05-24 04:43:12",43
"2020-05-24 05:43:11",43
"2020-05-24 06:43:12",43
"2020-05-24 07:43:11",43
"2020-05-24 08:43:17",43
"2020-05-24 09:43:09",43
"2020-05-24 10:43:16",43
"2020-05-24 11:43:14",43
"2020-05-24 12:43:12",43
"2020-05-24 13:43:15",43
"2020-05-24 14:43:14",43
"2020-05-24 15:43:09",43
"2020-05-24 16:43:16",43
"2020-05-24 17:43:15",43
"2020-05-24 18:43:15",43
"2020-05-24 19:43:14",43
"2020-05-24 20:43:14",43
"2020-05-24 21:43:18",43
"2020-05-24 22:43:15",43
"2020-05-24 23:43:09",43
"2020-05-25 00:43:10",43
"2020-05-25 01:43:19",43
"2020-05-25 02:43:13",43
"2020-05-25 03:43:28",43
"2020-05-25 04:43:11",43
"2020-05-25 05:44:57",43
"2020-05-25 06:43:46",43
"2020-05-25 07:43:14",43
"2020-05-25 08:43:20",43
"2020-05-25 09:43:13",43
"2020-05-25 10:43:11",43
"2020-05-25 11:43:26",43
"2020-05-25 12:43:12",43
"2020-05-25 13:43:09",43
"2020-05-25 14:43:16",43
"2020-05-25 15:43:11",43
"2020-05-25 16:43:07",43
"2020-05-25 17:43:12",43
"2020-05-25 18:43:12",43
"2020-05-25 19:43:14",43
"2020-05-25 20:43:16",43
"2020-05-25 21:43:08",43
"2020-05-25 22:43:08",43
"2020-05-25 23:43:09",43
"2020-05-26 00:43:14",43
"2020-05-26 01:43:10",43
"2020-05-26 02:43:08",43
"2020-05-26 03:43:15",43
"2020-05-26 04:43:17",43
"2020-05-26 05:43:11",43
"2020-05-26 06:43:15",43
"2020-05-26 07:43:16",43
"2020-05-26 08:43:18",43
"2020-05-26 09:43:13",43
"2020-05-26 10:43:12",43
"2020-05-26 11:43:17",43
"2020-05-26 12:43:12",43
"2020-05-26 13:43:15",43
"2020-05-26 14:43:13",44
"2020-05-26 15:43:11",44
"2020-05-26 16:43:11",44
"2020-05-26 17:43:13",44
"2020-05-26 18:43:08",45
"2020-05-26 19:43:13",45
"2020-05-26 20:43:12",45
"2020-05-26 21:43:20",45
"2020-05-26 22:43:09",45
"2020-05-26 23:43:11",45
"2020-05-27 00:43:29",45
"2020-05-27 01:43:09",45
"2020-05-27 02:43:11",45
"2020-05-27 03:43:12",45
"2020-05-27 04:43:13",45
"2020-05-27 05:43:11",45
"2020-05-27 06:43:15",45
"2020-05-27 07:43:14",45
"2020-05-27 08:43:10",45
"2020-05-27 09:43:08",45
"2020-05-27 10:43:09",45
"2020-05-27 11:43:08",45
"2020-05-27 13:07:51",45
"2020-05-27 13:43:19",45
"2020-05-27 14:43:13",45
"2020-05-27 15:43:08",45
"2020-05-27 16:43:11",46
"2020-05-27 17:43:10",46
"2020-05-27 18:43:08",46
"2020-05-27 19:43:15",47
"2020-05-27 20:43:13",47
"2020-05-27 21:43:13",47
"2020-05-27 22:43:11",47
"2020-05-27 23:43:08",47
"2020-05-28 00:43:13",47
"2020-05-28 01:43:16",47
"2020-05-28 02:43:10",47
"2020-05-28 03:43:10",47
"2020-05-28 04:43:11",47
"2020-05-28 05:43:09",47
"2020-05-28 06:43:11",47
"2020-05-28 07:43:18",47
"2020-05-28 08:43:14",47
"2020-05-28 09:43:09",47
"2020-05-28 10:43:16",47
"2020-05-28 11:43:18",47
"2020-05-28 13:08:24",47
"2020-05-28 13:43:16",47
"2020-05-28 14:43:16",47
"2020-05-28 15:43:13",47
"2020-05-28 16:43:14",46
"2020-05-28 17:43:13",46
"2020-05-28 18:43:13",46
"2020-05-28 19:43:11",45
"2020-05-28 20:43:20",45
"2020-05-28 21:43:24",45
"2020-05-28 22:43:15",45
"2020-05-28 23:43:20",45
"2020-05-29 00:43:18",45
"2020-05-29 01:43:16",45
"2020-05-29 02:43:26",45
"2020-05-29 03:43:14",45
"2020-05-29 04:43:14",45
"2020-05-29 05:43:26",45
"2020-05-29 06:43:22",45
"2020-05-29 07:43:22",45
"2020-05-29 08:43:21",45
"2020-05-29 09:50:49",45
"2020-05-29 10:43:18",45
"2020-05-29 11:43:15",45
"2020-05-29 12:43:20",45
"2020-05-29 13:43:21",45
"2020-05-29 14:43:22",45
"2020-05-29 15:43:15",45
"2020-05-29 16:43:10",45
"2020-05-29 17:43:18",45
"2020-05-29 18:43:17",44
"2020-05-29 19:43:15",44
"2020-05-29 20:43:20",44
"2020-05-29 21:43:14",44
"2020-05-29 22:43:14",44
"2020-05-29 23:43:24",44
"2020-05-30 00:43:11",44
"2020-05-30 01:43:10",44
"2020-05-30 02:43:13",44
"2020-05-30 03:43:15",44
"2020-05-30 04:43:13",44
"2020-05-30 05:43:17",44
"2020-05-30 06:43:18",44
"2020-05-30 07:43:29",44
"2020-05-30 08:43:17",44
"2020-05-30 09:43:12",44
"2020-05-30 10:43:17",44
"2020-05-30 11:43:15",44
"2020-05-30 12:43:14",44
"2020-05-30 13:43:15",44
"2020-05-30 14:43:12",44
"2020-05-30 15:43:14",44
"2020-05-30 16:43:24",44
"2020-05-30 17:43:15",44
"2020-05-30 18:43:14",44
"2020-05-30 19:43:18",44
"2020-05-30 20:43:14",44
"2020-05-30 21:43:18",44
"2020-05-30 22:43:14",44
"2020-05-30 23:43:18",44
"2020-05-31 00:43:18",44
"2020-05-31 01:43:18",44
"2020-05-31 02:43:16",44
"2020-05-31 03:43:16",44
"2020-05-31 04:43:15",44
"2020-05-31 05:43:18",44
"2020-05-31 06:43:18",44
"2020-05-31 07:43:19",44
"2020-05-31 09:28:48",44
"2020-05-31 09:43:16",44
"2020-05-31 13:06:16",44
"2020-05-31 13:09:37",44
"2020-05-31 13:18:17",44
"2020-06-01 04:56:12",44
"2020-06-01 05:08:21",44
"2020-06-01 05:11:31",44
"2020-06-01 05:11:34",44
"2020-06-01 05:12:59",44
"2020-06-01 05:18:07",44
"2020-06-01 05:18:17",44
"2020-06-01 05:19:17",44
"2020-06-01 05:19:49",44
"2020-06-01 05:22:00",44
"2020-06-01 05:22:22",44
"2020-06-01 05:22:36",44
"2020-06-01 05:22:59",44
"2020-06-01 05:23:48",44
"2020-06-01 05:33:58",44
"2020-06-01 06:37:29",44
"2020-06-01 06:45:05",44
"2020-06-01 06:52:41",44
"2020-06-01 07:43:15",44
"2020-06-01 08:43:20",44
"2020-06-01 09:43:20",44
"2020-06-01 10:43:14",44
"2020-06-01 11:43:15",44
"2020-06-01 13:06:25",44
"2020-06-01 13:43:35",44
"2020-06-01 14:43:19",44
"2020-06-01 15:43:17",44
"2020-06-01 16:43:31",44
"2020-06-01 17:43:29",44
"2020-06-01 18:43:28",45
"2020-06-01 19:43:18",46
"2020-06-01 20:43:18",46
"2020-06-01 21:43:17",46
"2020-06-01 22:43:13",46
"2020-06-01 23:43:19",46
"2020-06-02 00:43:19",46
"2020-06-02 01:43:13",46
"2020-06-02 02:43:13",46
"2020-06-02 03:43:17",46
"2020-06-02 04:43:14",46
"2020-06-02 05:43:16",46
"2020-06-02 06:43:14",46
"2020-06-02 07:43:19",46
"2020-06-02 08:43:20",46
"2020-06-02 09:43:15",46
"2020-06-02 10:43:20",46
"2020-06-02 11:43:15",46
"2020-06-02 12:43:25",46
"2020-06-02 13:43:20",46
"2020-06-02 14:43:32",46
"2020-06-02 15:43:33",46
"2020-06-02 16:43:14",46
"2020-06-02 17:43:31",46
"2020-06-02 18:43:15",46
"2020-06-02 19:43:29",46
"2020-06-02 20:43:32",47
"2020-06-02 21:43:11",47
"2020-06-02 22:43:18",47
"2020-06-02 23:43:12",47
"2020-06-03 00:43:22",47
"2020-06-03 01:43:32",47
"2020-06-03 02:43:11",47
"2020-06-03 03:43:25",47
"2020-06-03 04:43:25",47
"2020-06-03 05:43:13",47
"2020-06-03 06:43:16",47
"2020-06-03 07:43:28",47
"2020-06-03 08:43:14",47
"2020-06-03 09:43:16",47
"2020-06-03 10:43:16",47
"2020-06-03 11:43:16",47
"2020-06-03 13:09:55",47
"2020-06-03 13:43:18",47
"2020-06-03 14:43:14",47
"2020-06-03 15:43:30",49
"2020-06-03 16:43:28",49
"2020-06-03 17:43:32",49
"2020-06-03 18:43:35",50
"2020-06-03 19:43:32",50
"2020-06-03 20:43:15",50
"2020-06-03 21:43:17",50
"2020-06-03 22:43:14",50
"2020-06-03 23:43:12",50
"2020-06-04 00:43:29",50
"2020-06-04 01:43:21",50
"2020-06-04 02:43:15",50
"2020-06-04 03:43:18",50
"2020-06-04 04:43:20",50
"2020-06-04 05:43:15",50
"2020-06-04 06:43:16",50
"2020-06-04 07:43:24",50
"2020-06-04 08:43:23",50
"2020-06-04 09:43:20",50
"2020-06-04 10:43:15",50
"2020-06-04 11:43:15",50
"2020-06-04 12:43:17",50
"2020-06-04 13:43:24",50
"2020-06-04 14:43:43",52
"2020-06-04 15:43:31",52
"2020-06-04 17:08:28",53
"2020-06-04 17:43:17",53
"2020-06-04 18:43:28",54
"2020-06-04 19:43:13",54
"2020-06-04 20:43:30",53
"2020-06-04 21:43:30",53
"2020-06-04 22:43:16",53
"2020-06-04 23:43:18",53
"2020-06-05 00:43:19",53
"2020-06-05 01:43:14",53
"2020-06-05 02:43:15",53
"2020-06-05 03:43:16",53
"2020-06-05 04:43:18",53
"2020-06-05 05:43:20",53
"2020-06-05 06:43:19",53
"2020-06-05 07:43:18",53
"2020-06-05 08:43:18",53
"2020-06-05 09:43:14",53
"2020-06-05 10:43:14",53
"2020-06-05 11:43:15",53
"2020-06-05 13:10:55",53
"2020-06-05 13:43:30",53
"2020-06-05 14:43:21",53
"2020-06-05 15:43:18",53
"2020-06-05 16:43:35",53
"2020-06-05 17:43:18",53
"2020-06-05 18:43:18",53
"2020-06-05 19:43:17",53
"2020-06-05 20:43:32",53
"2020-06-05 21:43:19",53
"2020-06-05 22:43:17",53
"2020-06-05 23:43:18",53
"2020-06-06 00:43:23",53
"2020-06-06 01:43:13",53
"2020-06-06 02:43:16",53
"2020-06-06 03:43:19",53
"2020-06-06 04:43:23",53
"2020-06-06 05:43:22",53
"2020-06-06 06:43:18",53
"2020-06-06 07:43:37",53
"2020-06-06 08:43:20",53
"2020-06-06 09:54:12",53
"2020-06-06 10:43:13",53
"2020-06-06 11:43:18",53
"2020-06-06 12:43:19",53
"2020-06-06 13:43:16",53
"2020-06-06 14:43:32",53
"2020-06-06 15:43:16",53
"2020-06-06 16:43:28",53
"2020-06-06 18:43:19",53
"2020-06-06 19:43:15",53
"2020-06-06 20:43:18",53
"2020-06-06 21:43:16",53
"2020-06-06 22:43:17",53
"2020-06-06 23:43:22",53
"2020-06-07 00:43:21",53
"2020-06-07 01:43:16",53
"2020-06-07 02:43:17",53
"2020-06-07 03:43:18",53
"2020-06-07 04:43:18",53
"2020-06-07 05:43:16",53
"2020-06-07 06:43:17",53
"2020-06-07 07:43:20",53
"2020-06-07 08:43:19",53
"2020-06-08 04:43:13",53
"2020-06-08 05:43:11",53
"2020-06-08 06:43:31",53
"2020-06-08 07:43:11",53
"2020-06-08 08:43:19",53
"2020-06-08 09:43:14",53
"2020-06-08 10:43:13",53
"2020-06-08 11:43:16",53
"2020-06-08 12:43:33",53
"2020-06-08 13:43:19",53
"2020-06-08 14:43:45",53
"2020-06-08 15:43:17",52
"2020-06-08 16:43:27",52
"2020-06-08 17:43:23",52
"2020-06-08 18:43:39",52
"2020-06-08 19:43:34",52
"2020-06-08 20:43:28",53
"2020-06-08 21:43:22",53
"2020-06-08 22:43:20",53
"2020-06-08 23:43:20",53
"2020-06-09 00:43:21",53
"2020-06-09 01:43:27",53
"2020-06-09 02:43:26",53
"2020-06-09 03:43:18",53
"2020-06-09 04:43:36",53
"2020-06-09 05:43:42",53
"2020-06-09 06:43:38",53
"2020-06-09 07:43:24",53
"2020-06-09 08:43:24",53
"2020-06-09 09:43:32",53
"2020-06-09 10:43:22",53
"2020-06-09 11:43:26",53
"2020-06-09 12:43:42",53
"2020-06-09 13:43:30",53
"2020-06-09 14:43:30",53
"2020-06-09 15:43:34",53
"2020-06-09 16:43:38",54
"2020-06-09 17:43:19",54
"2020-06-09 18:43:32",54
"2020-06-09 19:43:45",54
"2020-06-09 20:43:44",54
"2020-06-09 21:43:32",54
"2020-06-09 22:43:34",54
"2020-06-09 23:43:35",54
"2020-06-10 00:43:39",54
"2020-06-10 01:43:31",54
"2020-06-10 02:43:33",54
"2020-06-10 03:43:38",54
"2020-06-10 04:43:30",54
"2020-06-10 05:43:36",54
"2020-06-10 06:43:22",54
"2020-06-10 07:43:15",54
"2020-06-10 08:43:22",54
"2020-06-10 09:43:13",54
"2020-06-10 10:43:14",54
"2020-06-10 11:43:21",54
"2020-06-10 12:43:24",54
"2020-06-10 13:43:33",54
"2020-06-10 15:43:21",53
"2020-06-10 16:43:29",53
"2020-06-10 17:43:25",53
"2020-06-10 18:43:24",53
"2020-06-10 19:43:21",52
"2020-06-10 20:43:20",52
"2020-06-10 21:43:26",52
"2020-06-10 22:43:17",52
"2020-06-10 23:43:32",52
"2020-06-11 00:44:26",52
"2020-06-11 01:43:17",52
"2020-06-11 02:43:44",52
"2020-06-11 03:43:45",52
"2020-06-11 04:43:21",52
"2020-06-11 05:43:41",52
"2020-06-11 06:43:26",52
"2020-06-11 07:43:34",52
"2020-06-11 08:43:20",52
"2020-06-11 09:43:21",52
"2020-06-11 10:43:22",52
"2020-06-11 11:43:15",52
"2020-06-11 12:43:23",52
"2020-06-11 13:43:38",52
"2020-06-11 14:43:27",52
"2020-06-11 15:43:39",52
"2020-06-11 16:43:51",52
"2020-06-11 17:43:33",52
"2020-06-11 18:43:36",51
"2020-06-11 19:43:30",51
"2020-06-11 20:43:18",51
"2020-06-11 21:43:18",51
"2020-06-11 22:43:13",51
"2020-06-11 23:43:13",51
"2020-06-12 00:43:20",51
"2020-06-12 01:43:21",51
"2020-06-12 02:43:19",51
"2020-06-12 03:43:21",51
"2020-06-12 04:43:19",51
"2020-06-12 05:43:17",51
"2020-06-12 06:43:23",51
"2020-06-12 07:43:24",51
"2020-06-12 08:43:15",51
"2020-06-12 09:43:23",51
"2020-06-12 10:43:24",51
"2020-06-12 11:43:18",51
"2020-06-12 14:10:34",50
"2020-06-12 14:18:32",50
"2020-06-12 14:43:40",50
"2020-06-12 15:43:24",50
"2020-06-12 16:43:26",49
"2020-06-12 17:43:19",49
"2020-06-12 18:43:23",50
"2020-06-12 19:43:31",50
"2020-06-12 20:43:31",52
"2020-06-12 21:43:27",52
"2020-06-12 22:43:17",52
"2020-06-12 23:43:17",52
"2020-06-13 00:43:14",52
"2020-06-13 01:43:17",52
"2020-06-13 02:43:17",52
"2020-06-13 03:43:16",52
"2020-06-13 04:43:16",52
"2020-06-13 05:43:15",52
"2020-06-13 06:43:18",52
"2020-06-13 07:43:18",52
"2020-06-13 08:43:16",52
"2020-06-13 09:43:16",52
"2020-06-13 10:43:16",52
"2020-06-13 11:43:14",52
"2020-06-13 12:43:15",52
"2020-06-13 13:43:14",52
"2020-06-13 14:43:16",52
"2020-06-13 15:43:15",52
"2020-06-13 16:43:23",52
"2020-06-13 17:43:17",52
"2020-06-13 18:43:18",52
"2020-06-13 19:43:17",52
"2020-06-13 20:43:18",52
"2020-06-13 21:43:20",52
"2020-06-13 22:43:20",52
"2020-06-13 23:43:20",52
"2020-06-14 00:43:20",52
"2020-06-14 01:43:14",52
"2020-06-14 02:43:19",52
"2020-06-14 03:43:21",52
"2020-06-14 04:43:11",52
"2020-06-14 05:43:29",52
"2020-06-14 06:43:15",52
"2020-06-14 07:43:20",52
"2020-06-14 08:43:16",52
"2020-06-14 09:43:17",52
"2020-06-14 10:43:18",52
"2020-06-14 11:43:16",52
"2020-06-14 12:43:15",52
"2020-06-14 13:43:16",52
"2020-06-14 14:43:19",52
"2020-06-14 15:43:14",52
"2020-06-14 16:43:15",52
"2020-06-14 17:43:18",52
"2020-06-14 18:43:20",52
"2020-06-14 19:43:16",52
"2020-06-14 20:43:17",52
"2020-06-14 21:43:29",52
"2020-06-14 22:43:14",52
"2020-06-14 23:43:16",52
"2020-06-15 00:43:26",52
"2020-06-15 01:43:23",52
"2020-06-15 02:43:21",52
"2020-06-15 03:43:16",52
"2020-06-15 04:43:18",52
"2020-06-15 05:43:33",52
"2020-06-15 06:43:16",52
"2020-06-15 07:43:16",52
"2020-06-15 08:43:19",52
"2020-06-15 09:43:20",52
"2020-06-15 10:43:14",52
"2020-06-15 11:43:16",52
"2020-06-15 12:43:24",52
"2020-06-15 13:43:43",52
"2020-06-15 14:43:36",51
"2020-06-15 15:43:24",50
"2020-06-15 16:43:29",50
"2020-06-15 17:43:24",50
"2020-06-15 18:41:30",50
"2020-06-15 18:49:11",50
"2020-06-15 18:56:50",50
"2020-06-15 19:04:32",50
"2020-06-15 19:12:18",50
"2020-06-15 19:20:06",50
"2020-06-15 19:27:49",50
"2020-06-15 19:35:29",50
"2020-06-15 19:43:08",50
"2020-06-15 19:50:48",50
"2020-06-15 19:58:32",50
"2020-06-15 20:06:18",50
"2020-06-15 20:11:19",50
"2020-06-15 20:18:58",50
"2020-06-15 20:26:36",50
"2020-06-15 20:34:15",50
"2020-06-15 20:41:54",50
"2020-06-15 20:49:31",50
"2020-06-15 20:57:12",50
"2020-06-15 21:04:53",50
"2020-06-15 21:12:35",50
"2020-06-15 21:20:13",50
"2020-06-15 21:27:50",50
"2020-06-15 21:35:28",50
"2020-06-15 21:43:05",50
"2020-06-15 21:50:44",50
"2020-06-15 22:43:20",50
"2020-06-15 23:43:18",50
"2020-06-16 00:43:21",50
"2020-06-16 01:43:16",50
"2020-06-16 02:43:45",50
"2020-06-16 03:43:18",50
"2020-06-16 04:43:16",50
"2020-06-16 05:43:18",50
"2020-06-16 06:43:36",50
"2020-06-16 07:43:33",50
"2020-06-16 08:43:18",50
"2020-06-16 09:43:17",50
"2020-06-16 10:43:20",50
"2020-06-16 11:43:17",50
"2020-06-16 12:43:23",50
"2020-06-16 13:43:21",50
"2020-06-16 14:43:33",50
"2020-06-16 15:43:22",50
"2020-06-16 16:43:22",50
"2020-06-16 17:43:41",50
"2020-06-16 18:43:21",50
"2020-06-16 19:43:22",50
"2020-06-16 20:43:21",50
"2020-06-16 21:43:19",50
"2020-06-16 22:43:14",50
"2020-06-16 23:43:15",50
"2020-06-17 00:43:19",50
"2020-06-17 01:43:30",50
"2020-06-17 02:43:22",50
"2020-06-17 03:43:17",50
"2020-06-17 04:43:22",50
"2020-06-17 05:43:21",50
"2020-06-17 06:43:31",50
"2020-06-17 07:43:20",50
"2020-06-17 08:43:18",50
"2020-06-17 09:43:16",50
"2020-06-17 10:43:15",50
"2020-06-17 11:43:22",50
"2020-06-17 12:43:20",50
"2020-06-17 13:43:26",50
"2020-06-17 14:43:20",52
"2020-06-17 15:43:25",52
"2020-06-17 16:43:27",52
"2020-06-17 17:43:24",51
"2020-06-17 18:43:27",51
"2020-06-17 19:43:35",51
"2020-06-17 20:43:35",51
"2020-06-17 21:43:30",51
"2020-06-17 22:43:18",51
"2020-06-17 23:43:22",51
"2020-06-18 00:43:20",51
"2020-06-18 01:43:22",51
"2020-06-18 02:43:18",51
"2020-06-18 03:43:33",51
"2020-06-18 04:43:21",51
"2020-06-18 05:43:17",51
"2020-06-18 06:43:22",51
"2020-06-18 07:43:30",51
"2020-06-18 08:43:17",51
"2020-06-18 09:43:19",51
"2020-06-18 10:43:15",51
"2020-06-18 11:43:22",51
"2020-06-18 12:43:21",51
"2020-06-18 13:43:30",51
"2020-06-18 14:43:28",51
"2020-06-18 17:05:21",51
"2020-06-18 17:43:23",51
"2020-06-18 18:43:29",51
"2020-06-18 19:43:26",51
"2020-06-18 20:43:22",53
"2020-06-18 21:43:34",53
"2020-06-18 22:43:19",53
"2020-06-18 23:43:26",53
"2020-06-19 00:43:35",53
"2020-06-19 01:43:20",53
"2020-06-19 02:43:19",53
"2020-06-19 03:43:34",53
"2020-06-19 04:45:53",53
"2020-06-19 05:43:21",53
"2020-06-19 06:43:16",53
"2020-06-19 07:43:33",53
"2020-06-19 08:43:36",53
"2020-06-19 09:43:31",53
"2020-06-19 10:43:19",53
"2020-06-19 11:43:13",53
"2020-06-19 13:08:27",53
"2020-06-19 13:43:29",53
"2020-06-19 14:43:21",53
"2020-06-19 15:43:25",51
"2020-06-19 16:43:22",51
"2020-06-19 17:43:30",51
"2020-06-19 18:43:16",51
"2020-06-19 19:43:25",52
"2020-06-19 20:43:21",52
"2020-06-19 21:43:14",52
"2020-06-19 22:43:31",52
"2020-06-19 23:43:31",52
"2020-06-20 00:43:24",52
"2020-06-20 01:43:26",52
"2020-06-20 02:43:27",52
"2020-06-20 03:43:18",52
"2020-06-20 04:43:14",52
"2020-06-20 05:43:23",52
"2020-06-20 06:43:18",52
"2020-06-20 07:43:20",52
"2020-06-20 08:43:21",52
"2020-06-20 09:43:20",52
"2020-06-20 10:43:19",52
"2020-06-20 11:43:20",52
"2020-06-20 12:43:23",52
"2020-06-20 13:43:22",52
"2020-06-20 14:43:23",52
"2020-06-20 15:43:16",52
"2020-06-20 16:43:33",52
"2020-06-20 17:43:18",52
"2020-06-20 18:43:19",52
"2020-06-20 19:43:29",52
"2020-06-20 20:43:23",52
"2020-06-20 21:43:21",52
"2020-06-20 22:43:23",52
"2020-06-20 23:43:24",52
"2020-06-21 00:43:25",52
"2020-06-21 01:43:20",52
"2020-06-21 02:43:20",52
"2020-06-21 03:43:37",52
"2020-06-21 04:43:21",52
"2020-06-21 05:43:35",52
"2020-06-21 06:43:19",52
"2020-06-21 07:43:21",52
"2020-06-21 08:43:17",52
"2020-06-21 09:43:18",52
"2020-06-21 10:43:15",52
"2020-06-21 11:43:21",52
"2020-06-21 12:43:25",52
"2020-06-21 13:43:23",52
"2020-06-21 14:43:39",52
"2020-06-21 15:43:23",52
"2020-06-21 16:43:17",52
"2020-06-21 17:43:20",52
"2020-06-21 18:43:22",52
"2020-06-21 19:43:23",52
"2020-06-21 20:43:21",52
"2020-06-21 21:43:23",52
"2020-06-21 22:43:33",52
"2020-06-21 23:43:27",52
"2020-06-22 00:43:20",52
"2020-06-22 01:43:27",52
"2020-06-22 02:43:24",52
"2020-06-22 03:43:21",52
"2020-06-22 04:43:23",52
"2020-06-22 05:43:34",52
"2020-06-22 06:43:22",52
"2020-06-22 07:43:16",52
"2020-06-22 08:43:23",52
"2020-06-22 09:43:24",52
"2020-06-22 10:43:37",52
"2020-06-22 11:43:18",52
"2020-06-22 12:43:23",52
"2020-06-22 13:43:25",52
"2020-06-22 14:43:26",52
"2020-06-22 15:43:34",52
"2020-06-22 16:43:25",53
"2020-06-22 17:43:35",53
"2020-06-22 18:43:22",53
"2020-06-22 19:43:27",54
"2020-06-22 20:43:18",54
"2020-06-22 21:43:18",54
"2020-06-22 22:43:16",54
"2020-06-22 23:43:20",54
"2020-06-23 00:43:19",54
"2020-06-23 01:43:23",54
"2020-06-23 02:43:26",54
"2020-06-23 03:43:25",54
"2020-06-23 04:43:31",54
"2020-06-23 05:43:37",54
"2020-06-23 06:43:20",54
"2020-06-23 07:43:25",54
"2020-06-23 08:43:42",54
"2020-06-23 09:43:21",54
"2020-06-23 10:43:26",54
"2020-06-23 11:43:22",54
"2020-06-23 12:43:26",54
"2020-06-23 13:43:24",54
"2020-06-23 14:43:28",54
"2020-06-23 15:43:36",53
"2020-06-23 16:43:23",54
"2020-06-23 17:43:27",54
"2020-06-23 18:43:35",54
"2020-06-23 19:43:20",54
"2020-06-23 20:43:26",53
"2020-06-23 21:43:18",53
"2020-06-23 22:43:32",53
"2020-06-23 23:43:36",53
"2020-06-24 00:43:34",53
"2020-06-24 01:43:37",53
"2020-06-24 02:43:34",53
"2020-06-24 03:43:21",53
"2020-06-24 04:43:30",53
"2020-06-24 05:43:37",53
"2020-06-24 06:43:25",53
"2020-06-24 07:43:24",53
"2020-06-24 08:43:27",53
"2020-06-24 09:43:25",53
"2020-06-24 10:43:31",53
"2020-06-24 11:43:18",53
"2020-06-24 12:43:23",53
"2020-06-24 13:43:28",53
"2020-06-24 14:43:28",53
"2020-06-24 15:43:19",53
"2020-06-24 16:43:24",52
"2020-06-24 17:43:36",52
"2020-06-24 18:43:30",52
"2020-06-24 19:43:34",53
"2020-06-24 20:43:24",53
"2020-06-24 21:43:22",53
"2020-06-24 22:43:21",53
"2020-06-24 23:43:24",53
"2020-06-25 00:43:25",53
"2020-06-25 01:43:22",53
"2020-06-25 02:43:17",53
"2020-06-25 03:43:21",53
"2020-06-25 04:43:23",53
"2020-06-25 05:43:21",53
"2020-06-25 06:43:27",53
"2020-06-25 07:43:28",53
"2020-06-25 08:43:22",53
"2020-06-25 09:43:34",53
"2020-06-25 10:43:19",53
"2020-06-25 11:43:42",53
"2020-06-25 13:07:27",53
"2020-06-25 13:43:37",53
"2020-06-25 14:43:51",53
"2020-06-25 15:43:37",53
"2020-06-25 16:43:38",53
"2020-06-25 17:43:37",53
"2020-06-25 18:43:24",53
"2020-06-25 19:43:34",53
"2020-06-25 20:43:21",52
"2020-06-25 21:43:34",52
"2020-06-25 22:43:40",52
"2020-06-25 23:43:21",52
"2020-06-26 00:43:39",52
"2020-06-26 01:43:32",52
"2020-06-26 02:43:28",52
"2020-06-26 03:43:34",52
"2020-06-26 04:43:19",52
"2020-06-26 05:43:24",52
"2020-06-26 06:43:28",52
"2020-06-26 07:43:29",52
"2020-06-26 08:43:28",52
"2020-06-26 09:43:20",52
"2020-06-26 10:43:21",52
"2020-06-26 11:43:26",52
"2020-06-26 12:43:28",52
"2020-06-26 13:43:43",52
"2020-06-26 14:43:26",52
"2020-06-26 15:43:24",53
"2020-06-26 16:43:27",53
"2020-06-26 17:43:25",52
"2020-06-26 18:43:25",52
"2020-06-26 19:43:28",52
"2020-06-26 20:43:24",52
"2020-06-26 21:43:26",52
"2020-06-26 22:43:35",52
"2020-06-26 23:43:21",52
"2020-06-27 00:43:42",52
"2020-06-27 01:43:35",52
"2020-06-27 02:43:34",52
"2020-06-27 03:43:34",52
"2020-06-27 04:43:38",52
"2020-06-27 05:43:20",52
"2020-06-27 06:43:25",52
"2020-06-27 07:43:25",52
"2020-06-27 08:43:19",52
"2020-06-27 09:43:23",52
"2020-06-27 10:43:23",52
"2020-06-27 11:43:19",52
"2020-06-27 12:43:28",52
"2020-06-27 13:43:25",52
"2020-06-27 14:43:17",52
"2020-06-27 15:43:39",52
"2020-06-27 16:43:23",52
"2020-06-27 17:43:22",52
"2020-06-27 18:43:24",52
"2020-06-27 19:43:23",52
"2020-06-27 20:43:20",52
"2020-06-27 21:43:21",52
"2020-06-27 22:43:22",52
"2020-06-27 23:43:19",52
"2020-06-28 00:43:30",52
"2020-06-28 01:43:20",52
"2020-06-28 02:43:26",52
"2020-06-28 03:43:22",52
"2020-06-28 04:43:19",52
"2020-06-28 05:43:23",52
"2020-06-28 06:43:20",52
"2020-06-28 07:43:30",52
"2020-06-28 08:43:25",52
"2020-06-28 09:43:21",52
"2020-06-28 10:43:22",52
"2020-06-28 11:43:18",52
"2020-06-28 12:43:24",52
"2020-06-28 13:43:23",52
"2020-06-28 14:43:20",52
"2020-06-28 15:43:26",52
"2020-06-28 16:43:23",52
"2020-06-28 17:43:21",52
"2020-06-28 18:43:25",52
"2020-06-28 19:43:25",52
"2020-06-28 20:43:19",52
"2020-06-28 21:43:26",52
"2020-06-28 22:43:35",52
"2020-06-28 23:43:26",52
"2020-06-29 00:43:34",52
"2020-06-29 01:43:19",52
"2020-06-29 02:43:26",52
"2020-06-29 03:43:23",52
"2020-06-29 04:43:26",52
"2020-06-29 05:43:21",52
"2020-06-29 06:43:28",52
"2020-06-29 07:43:28",52
"2020-06-29 08:43:26",52
"2020-06-29 09:43:26",52
"2020-06-29 10:43:25",52
"2020-06-29 11:43:23",52
"2020-06-29 12:43:31",52
"2020-06-29 13:43:35",52
"2020-06-29 14:43:45",52
"2020-06-29 15:43:26",52
"2020-06-29 16:43:24",53
"2020-06-29 17:43:24",53
"2020-06-29 18:43:24",53
"2020-06-29 19:43:25",53
"2020-06-29 20:43:25",53
"2020-06-29 21:43:24",53
"2020-06-29 22:43:22",53
"2020-06-29 23:43:28",53
"2020-06-30 00:43:41",53
"2020-06-30 01:43:31",53
"2020-06-30 02:43:44",53
"2020-06-30 03:43:23",53
"2020-06-30 04:43:40",53
"2020-06-30 05:43:30",53
"2020-06-30 06:43:41",53
"2020-06-30 07:43:24",53
"2020-06-30 08:43:23",53
"2020-06-30 09:43:30",53
"2020-06-30 10:43:27",53
"2020-06-30 11:43:24",53
"2020-06-30 12:43:25",53
"2020-06-30 13:43:52",53
"2020-06-30 14:43:34",53
"2020-06-30 15:43:35",53
"2020-06-30 16:43:47",53
"2020-06-30 17:43:27",53
"2020-06-30 18:43:33",53
"2020-06-30 19:43:28",53
"2020-06-30 20:43:32",53
"2020-06-30 21:43:38",53
"2020-06-30 22:43:20",53
"2020-06-30 23:43:27",53
"2020-07-01 00:44:07",53
"2020-07-01 01:43:27",53
"2020-07-01 02:43:40",53
"2020-07-01 03:43:30",53
"2020-07-01 04:43:33",53
"2020-07-01 05:43:31",53
"2020-07-01 06:43:28",53
"2020-07-01 07:43:31",53
"2020-07-01 08:43:40",53
"2020-07-01 09:43:52",53
"2020-07-01 10:43:46",53
"2020-07-01 11:43:27",53
"2020-07-01 13:07:05",53
"2020-07-01 13:43:45",53
"2020-07-01 14:43:49",53
"2020-07-01 15:43:46",53
"2020-07-01 16:43:44",53
"2020-07-01 17:43:39",53
"2020-07-01 18:43:42",53
"2020-07-01 19:43:48",53
"2020-07-01 20:43:41",53
"2020-07-01 21:43:29",53
"2020-07-01 22:43:44",53
"2020-07-01 23:43:31",53
"2020-07-02 00:44:10",53
"2020-07-02 01:43:32",53
"2020-07-02 02:43:34",53
"2020-07-02 03:43:35",53
"2020-07-02 04:43:32",53
"2020-07-02 05:43:31",53
"2020-07-02 06:43:32",53
"2020-07-02 07:43:26",53
"2020-07-02 08:43:28",53
"2020-07-02 09:43:34",53
"2020-07-02 10:43:29",53
"2020-07-02 11:43:30",53
"2020-07-02 13:10:05",53
"2020-07-02 13:43:53",53
"2020-07-02 14:43:31",52
"2020-07-02 15:43:33",52
"2020-07-02 16:43:39",52
"2020-07-02 17:43:38",52
"2020-07-02 18:43:43",52
"2020-07-02 19:43:32",52
"2020-07-02 20:43:25",53
"2020-07-02 21:43:32",53
"2020-07-02 22:43:26",53
"2020-07-02 23:43:24",53
"2020-07-03 00:43:45",53
"2020-07-03 01:43:30",53
"2020-07-03 02:43:38",53
"2020-07-03 03:43:28",53
"2020-07-03 04:43:41",53
"2020-07-03 05:43:29",53
"2020-07-03 06:43:29",53
"2020-07-03 07:43:29",53
"2020-07-03 08:43:27",53
"2020-07-03 09:43:45",53
"2020-07-03 10:43:30",53
"2020-07-03 11:43:26",53
"2020-07-03 12:43:25",53
"2020-07-03 13:43:27",53
"2020-07-03 14:43:34",53
"2020-07-03 15:43:26",53
"2020-07-03 16:43:29",53
"2020-07-03 17:43:28",53
"2020-07-03 18:43:34",53
"2020-07-03 19:43:29",53
"2020-07-03 20:43:30",53
"2020-07-03 21:43:29",53
"2020-07-03 22:43:27",53
"2020-07-03 23:43:26",53
"2020-07-04 00:43:28",53
"2020-07-04 01:43:34",53
"2020-07-04 02:43:39",53
"2020-07-04 03:43:27",53
"2020-07-04 04:43:24",53
"2020-07-04 05:43:30",53
"2020-07-04 06:43:31",53
"2020-07-04 07:43:28",53
"2020-07-04 08:43:29",53
"2020-07-04 09:43:31",53
"2020-07-04 11:37:07",53
"2020-07-04 11:44:54",53
"2020-07-04 12:43:32",53
"2020-07-04 13:43:27",53
"2020-07-04 14:43:31",53
"2020-07-04 15:43:23",53
"2020-07-04 16:43:46",53
"2020-07-04 17:43:27",53
"2020-07-04 18:43:28",53
"2020-07-04 19:43:25",53
"2020-07-04 20:43:30",53
"2020-07-04 21:43:29",53
"2020-07-04 22:43:25",53
"2020-07-04 23:43:33",53
"2020-07-05 00:43:32",53
"2020-07-05 01:43:30",53
"2020-07-05 02:43:23",53
"2020-07-05 03:43:28",53
"2020-07-05 04:43:25",53
"2020-07-05 05:43:31",53
"2020-07-05 06:43:29",53
"2020-07-05 07:43:32",53
"2020-07-05 08:43:30",53
"2020-07-05 09:43:28",53
"2020-07-05 11:35:56",53
"2020-07-05 11:46:23",53
"2020-07-05 12:43:27",53
"2020-07-05 13:43:30",53
"2020-07-05 14:43:24",53
"2020-07-05 15:43:35",53
"2020-07-05 16:43:32",53
"2020-07-05 17:43:26",53
"2020-07-05 18:43:25",53
"2020-07-05 19:43:29",53
"2020-07-05 20:43:26",53
"2020-07-05 21:43:30",53
"2020-07-05 22:43:23",53
"2020-07-05 23:43:25",53
"2020-07-06 00:43:31",53
"2020-07-06 01:43:31",53
"2020-07-06 02:43:29",53
"2020-07-06 03:43:28",53
"2020-07-06 04:43:27",53
"2020-07-06 05:43:21",53
"2020-07-06 06:43:33",53
"2020-07-06 07:43:37",53
"2020-07-06 08:43:32",53
"2020-07-06 09:43:29",53
"2020-07-06 11:40:22",53
"2020-07-06 11:50:52",53
"2020-07-06 14:08:39",54
"2020-07-06 14:16:43",54
"2020-07-06 14:43:40",54
"2020-07-06 15:43:32",54
"2020-07-06 16:43:46",55
"2020-07-06 17:43:31",55
"2020-07-06 18:43:27",56
"2020-07-06 19:43:25",56
"2020-07-06 20:43:31",56
"2020-07-06 21:43:25",56
"2020-07-06 22:43:38",56
"2020-07-06 23:43:25",56
"2020-07-07 00:43:29",56
"2020-07-07 01:43:22",56
"2020-07-07 02:43:27",56
"2020-07-07 03:43:40",56
"2020-07-07 04:43:26",56
"2020-07-07 05:43:22",56
"2020-07-07 06:43:22",56
"2020-07-07 07:43:21",56
"2020-07-07 08:43:21",56
"2020-07-07 11:23:47",56
"2020-07-07 11:30:20",56
"2020-07-07 11:43:26",56
"2020-07-07 12:43:29",56
"2020-07-07 13:43:30",56
"2020-07-07 14:43:27",56
"2020-07-07 15:43:45",56
"2020-07-07 16:44:27",56
"2020-07-07 17:43:37",57
"2020-07-07 18:43:23",57
"2020-07-07 19:43:45",57
"2020-07-07 20:43:30",58
"2020-07-07 21:43:46",58
"2020-07-07 22:43:31",58
"2020-07-07 23:43:29",58
"2020-07-08 00:43:58",58
"2020-07-08 01:43:39",58
"2020-07-08 02:43:29",58
"2020-07-08 03:43:33",58
"2020-07-08 04:43:28",58
"2020-07-08 05:43:41",58
"2020-07-08 06:43:32",58
"2020-07-08 07:43:31",58
"2020-07-08 08:43:30",58
"2020-07-08 11:48:57",58
"2020-07-08 11:53:32",58
"2020-07-08 11:57:24",58
"2020-07-08 13:11:07",58
"2020-07-08 13:43:43",58
"2020-07-08 14:43:30",57
"2020-07-08 15:43:30",57
"2020-07-08 16:43:30",57
"2020-07-08 17:43:34",57
"2020-07-08 18:43:38",57
"2020-07-08 19:43:41",57
"2020-07-08 20:43:30",57
"2020-07-08 21:43:31",57
"2020-07-08 22:43:30",57
"2020-07-08 23:43:33",57
"2020-07-09 00:44:10",57
"2020-07-09 01:43:31",57
"2020-07-09 18:43:33",58
"2020-07-09 18:46:34",58
"2020-07-09 18:58:28",58
"2020-07-09 19:45:13",58
"2020-07-09 20:43:34",58
"2020-07-09 21:43:35",58
"2020-07-09 22:43:39",58
"2020-07-09 23:43:30",58
"2020-07-10 00:44:05",58
"2020-07-10 01:43:27",58
"2020-07-10 02:43:39",58
"2020-07-10 03:43:30",58
"2020-07-10 04:43:23",58
"2020-07-10 05:43:26",58
"2020-07-10 06:43:31",58
"2020-07-10 07:43:30",58
"2020-07-10 08:43:29",58
"2020-07-10 11:42:42",58
"2020-07-10 11:50:30",58
"2020-07-10 11:58:06",58
"2020-07-10 13:11:04",58
"2020-07-10 13:43:33",58
"2020-07-10 14:43:25",58
"2020-07-10 15:43:31",58
"2020-07-10 16:43:33",58
"2020-07-10 17:43:29",58
"2020-07-10 18:43:35",58
"2020-07-10 19:43:32",58
"2020-07-10 20:43:26",58
"2020-07-10 21:43:42",58
"2020-07-10 22:43:24",58
"2020-07-10 23:43:36",58
"2020-07-11 00:43:27",58
"2020-07-11 01:43:30",58
"2020-07-11 02:43:23",58
"2020-07-11 03:43:34",58
"2020-07-11 04:43:31",58
"2020-07-11 05:43:26",58
"2020-07-11 06:43:25",58
"2020-07-11 07:43:34",58
"2020-07-11 08:43:32",58
"2020-07-11 11:47:24",58
"2020-07-11 11:53:57",58
"2020-07-11 11:56:52",58
"2020-07-11 12:43:30",58
"2020-07-11 13:43:31",58
"2020-07-11 14:43:31",58
"2020-07-11 15:43:32",58
"2020-07-11 16:43:24",58
"2020-07-11 17:43:30",58
"2020-07-11 18:43:29",58
"2020-07-11 19:43:28",58
"2020-07-11 20:43:21",58
"2020-07-11 21:43:32",58
"2020-07-11 22:43:28",58
"2020-07-11 23:43:27",58
"2020-07-12 00:43:26",58
"2020-07-12 01:43:43",58
"2020-07-12 02:43:28",58
"2020-07-12 03:43:33",58
"2020-07-12 04:43:25",58
"2020-07-12 05:43:29",58
"2020-07-12 06:43:35",58
"2020-07-12 07:43:29",58
"2020-07-12 08:43:22",58
"2020-07-12 11:33:37",58
"2020-07-12 11:36:04",58
"2020-07-12 11:52:24",58
"2020-07-12 12:43:25",58
"2020-07-12 13:43:30",58
"2020-07-12 14:43:23",58
"2020-07-12 15:43:28",58
"2020-07-12 16:43:32",58
"2020-07-12 17:43:22",58
"2020-07-12 18:43:26",58
"2020-07-12 19:43:28",58
"2020-07-12 20:43:32",58
"2020-07-12 21:43:24",58
"2020-07-12 22:43:35",58
"2020-07-12 23:43:27",58
"2020-07-13 00:43:39",58
"2020-07-13 01:43:44",58
"2020-07-13 02:43:45",58
"2020-07-13 03:43:32",58
"2020-07-13 04:43:31",58
"2020-07-13 05:43:25",58
"2020-07-13 06:43:39",58
"2020-07-13 07:43:28",58
"2020-07-13 08:43:28",58
"2020-07-13 11:57:09",58
"2020-07-13 12:00:00",58
"2020-07-13 12:03:19",58
"2020-07-13 12:43:50",58
"2020-07-13 13:43:29",58
"2020-07-13 14:43:28",62
"2020-07-13 15:43:40",62
"2020-07-13 16:43:41",64
"2020-07-13 17:43:31",64
"2020-07-13 18:43:32",63
"2020-07-13 19:43:38",63
"2020-07-13 20:43:36",63
"2020-07-13 21:43:36",63
"2020-07-13 22:43:44",63
"2020-07-13 23:43:36",63
"2020-07-14 00:43:48",63
"2020-07-14 01:43:42",63
"2020-07-14 02:43:41",63
"2020-07-14 03:43:32",63
"2020-07-14 04:43:29",63
"2020-07-14 05:43:29",63
"2020-07-14 06:43:33",63
"2020-07-14 07:43:35",63
"2020-07-14 08:43:35",63
"2020-07-14 12:06:12",63
"2020-07-14 12:12:06",63
"2020-07-14 12:17:23",63
"2020-07-14 12:43:41",63
"2020-07-14 13:43:45",63
"2020-07-14 14:43:41",63
"2020-07-14 15:43:50",63
"2020-07-14 16:43:59",62
"2020-07-14 17:43:56",62
"2020-07-14 18:43:40",64
"2020-07-14 19:43:37",64
"2020-07-14 20:43:37",64
"2020-07-14 21:43:40",64
"2020-07-14 22:43:43",64
"2020-07-14 23:43:47",64
"2020-07-15 00:43:51",64
"2020-07-15 01:43:45",64
"2020-07-15 02:29:31",64
"2020-07-15 02:37:18",64
"2020-07-15 02:44:57",64
"2020-07-15 02:52:43",64
"2020-07-15 03:00:39",64
"2020-07-15 03:14:18",64
"2020-07-15 03:22:08",64
"2020-07-15 03:29:56",64
"2020-07-15 03:37:45",64
"2020-07-15 03:45:29",64
"2020-07-15 03:53:13",64
"2020-07-15 04:00:58",64
"2020-07-15 04:08:47",64
"2020-07-15 04:16:33",64
"2020-07-15 04:24:18",64
"2020-07-15 04:32:09",64
"2020-07-15 04:39:55",64
"2020-07-15 04:47:38",64
"2020-07-15 04:55:23",64
"2020-07-15 05:03:37",64
"2020-07-15 05:11:25",64
"2020-07-15 12:17:44",64
"2020-07-15 12:26:12",64
"2020-07-15 12:34:08",64
"2020-07-15 12:41:59",64
"2020-07-15 12:49:53",64
"2020-07-15 12:57:47",64
"2020-07-15 13:05:46",64
"2020-07-15 13:14:00",64
"2020-07-15 13:22:06",64
"2020-07-15 13:30:16",64
"2020-07-15 13:38:15",64
"2020-07-15 13:46:20",64
"2020-07-15 13:54:16",64
"2020-07-15 14:02:17",64
"2020-07-15 14:10:21",65
"2020-07-15 14:18:22",65
"2020-07-15 14:26:24",65
"2020-07-15 14:34:26",65
"2020-07-15 14:44:20",65
"2020-07-15 14:54:14",65
"2020-07-15 15:04:19",65
"2020-07-15 15:14:22",66
"2020-07-15 15:24:17",66
"2020-07-15 15:34:13",66
"2020-07-15 15:44:15",66
"2020-07-15 15:54:30",66
"2020-07-15 16:04:29",66
"2020-07-15 16:14:34",66
"2020-07-15 16:24:36",66
"2020-07-15 16:34:48",66
"2020-07-15 16:44:55",66
"2020-07-15 16:55:10",66
"2020-07-15 17:05:17",66
"2020-07-15 17:12:33",66
"2020-07-15 17:20:27",66
"2020-07-15 17:28:10",66
"2020-07-15 17:35:58",66
"2020-07-15 17:43:43",66
"2020-07-15 17:51:31",66
"2020-07-15 17:59:26",66
"2020-07-15 18:07:26",66
"2020-07-15 18:15:21",66
"2020-07-15 18:23:16",66
"2020-07-15 18:31:09",66
"2020-07-15 18:39:08",66
"2020-07-15 18:47:17",66
"2020-07-15 18:55:16",66
"2020-07-15 19:03:28",66
"2020-07-15 19:11:31",66
"2020-07-15 19:19:20",66
"2020-07-15 19:27:13",66
"2020-07-15 19:37:18",66
"2020-07-15 19:47:12",66
"2020-07-15 19:57:02",66
"2020-07-15 20:06:58",66
"2020-07-15 20:17:01",66
"2020-07-15 20:27:01",66
"2020-07-15 20:36:48",66
"2020-07-15 20:46:35",66
"2020-07-15 20:56:20",66
"2020-07-15 21:06:10",66
"2020-07-15 21:15:59",66
"2020-07-15 21:25:44",66
"2020-07-15 21:36:11",66
"2020-07-15 21:46:11",66
"2020-07-15 21:56:21",66
"2020-07-15 22:06:22",66
"2020-07-15 22:16:14",66
"2020-07-15 22:26:07",66
"2020-07-15 22:35:53",66
"2020-07-15 22:45:36",66
"2020-07-15 22:55:20",66
"2020-07-15 23:02:03",66
"2020-07-15 23:05:07",66
"2020-07-15 23:25:02",66
"2020-07-15 23:34:50",66
"2020-07-15 23:44:37",66
"2020-07-15 23:54:22",66
"2020-07-16 00:04:49",66
"2020-07-16 00:15:13",66
"2020-07-16 00:25:43",66
"2020-07-16 00:36:05",66
"2020-07-16 00:46:02",66
"2020-07-16 00:55:50",66
"2020-07-16 01:05:42",66
"2020-07-16 01:15:35",66
"2020-07-16 01:25:32",66
"2020-07-16 01:35:17",66
"2020-07-16 01:45:02",66
"2020-07-16 01:54:51",66
"2020-07-16 02:04:45",66
"2020-07-16 02:14:44",66
"2020-07-16 02:25:12",66
"2020-07-16 02:35:14",66
"2020-07-16 02:45:20",66
"2020-07-16 02:56:14",66
"2020-07-16 02:58:46",66
"2020-07-16 03:15:55",66
"2020-07-16 03:26:11",66
"2020-07-16 03:36:13",66
"2020-07-16 03:46:14",66
"2020-07-16 03:56:22",66
"2020-07-16 04:06:50",66
"2020-07-16 04:16:50",66
"2020-07-16 04:26:44",66
"2020-07-16 04:36:42",66
"2020-07-16 04:46:36",66
"2020-07-16 04:56:30",66
"2020-07-16 05:06:26",66
"2020-07-16 05:16:19",66
"2020-07-16 05:26:12",66
"2020-07-16 05:36:04",66
"2020-07-16 05:48:33",66
"2020-07-16 05:59:56",66
"2020-07-16 06:09:55",66
"2020-07-16 06:17:51",66
"2020-07-16 06:26:40",66
"2020-07-16 06:35:50",66
"2020-07-16 06:45:06",66
"2020-07-16 06:56:01",66
"2020-07-16 06:59:36",66
"2020-07-16 07:04:17",66
"2020-07-16 07:27:07",66
"2020-07-16 07:42:06",66
"2020-07-16 07:51:49",66
"2020-07-16 07:58:17",66
"2020-07-16 08:09:26",66
"2020-07-16 08:19:16",66
"2020-07-16 08:28:33",66
"2020-07-16 08:38:12",66
"2020-07-16 08:47:22",66
"2020-07-16 08:56:29",66
"2020-07-16 09:06:05",66
"2020-07-16 09:16:01",66
"2020-07-16 09:26:08",66
"2020-07-16 09:35:51",66
"2020-07-16 09:44:47",66
"2020-07-16 09:53:30",66
"2020-07-16 10:02:29",66
"2020-07-16 10:11:32",66
"2020-07-16 10:20:09",66
"2020-07-16 10:28:26",66
"2020-07-16 10:36:57",66
"2020-07-16 10:47:22",66
"2020-07-16 10:57:52",66
"2020-07-16 11:08:56",66
"2020-07-16 11:19:49",66
"2020-07-16 11:30:22",66
"2020-07-16 11:40:47",66
"2020-07-16 11:51:37",66
"2020-07-16 12:03:07",66
"2020-07-16 12:14:44",66
"2020-07-16 12:25:48",66
"2020-07-16 12:37:02",66
"2020-07-16 12:48:11",66
"2020-07-16 12:59:08",66
"2020-07-16 13:10:46",66
"2020-07-16 13:22:36",66
"2020-07-16 13:34:35",66
"2020-07-16 13:46:01",66
"2020-07-16 13:56:41",66
"2020-07-16 14:07:56",66
"2020-07-16 14:19:03",66
"2020-07-16 14:30:15",66
"2020-07-16 14:37:40",66
"2020-07-16 14:41:01",66
"2020-07-16 15:02:38",66
"2020-07-16 15:13:43",66
"2020-07-16 16:57:19",64
"2020-07-16 17:05:38",64
"2020-07-16 17:13:53",64
"2020-07-16 17:22:02",64
"2020-07-16 17:30:07",64
"2020-07-16 17:38:23",64
"2020-07-16 17:46:32",64
"2020-07-16 17:54:36",64
"2020-07-16 18:02:48",64
"2020-07-16 18:11:05",64
"2020-07-16 18:19:16",64
"2020-07-16 18:27:26",63
"2020-07-16 18:35:34",63
"2020-07-16 18:43:39",63
"2020-07-16 18:51:59",63
"2020-07-16 19:00:07",63
"2020-07-16 19:08:16",63
"2020-07-16 19:16:27",63
"2020-07-16 19:26:32",63
"2020-07-16 19:36:39",63
"2020-07-16 19:46:47",63
"2020-07-16 19:56:47",63
"2020-07-16 20:06:54",63
"2020-07-16 20:16:56",63
"2020-07-16 20:26:56",63
"2020-07-16 20:36:57",63
"2020-07-16 20:47:03",63
"2020-07-16 20:57:05",63
"2020-07-16 21:07:13",63
"2020-07-16 21:17:16",63
"2020-07-16 21:27:38",63
"2020-07-16 21:37:43",63
"2020-07-16 21:47:51",63
"2020-07-16 21:57:53",63
"2020-07-16 22:08:02",63
"2020-07-16 22:18:04",63
"2020-07-16 22:28:05",63
"2020-07-16 22:38:09",63
"2020-07-16 22:48:07",63
"2020-07-16 22:54:53",63
"2020-07-16 22:57:57",63
"2020-07-16 23:18:14",63
"2020-07-16 23:28:14",63
"2020-07-16 23:38:13",63
"2020-07-16 23:48:11",63
"2020-07-16 23:58:16",63
"2020-07-17 00:09:08",63
"2020-07-17 00:19:42",63
"2020-07-17 00:30:12",63
"2020-07-17 00:40:50",63
"2020-07-17 00:50:57",63
"2020-07-17 01:01:16",63
"2020-07-17 01:11:26",63
"2020-07-17 01:21:30",63
"2020-07-17 01:31:30",63
"2020-07-17 01:41:33",63
"2020-07-17 01:51:34",63
"2020-07-17 02:01:42",63
"2020-07-17 02:11:44",63
"2020-07-17 02:21:52",63
"2020-07-17 02:31:50",63
"2020-07-17 02:41:47",63
"2020-07-17 02:52:27",63
"2020-07-17 02:55:00",63
"2020-07-17 03:11:53",63
"2020-07-17 03:21:54",63
"2020-07-17 03:32:01",63
"2020-07-17 03:42:06",63
"2020-07-17 03:52:12",63
"2020-07-17 04:02:23",63
"2020-07-17 04:12:34",63
"2020-07-17 04:22:40",63
"2020-07-17 04:32:45",63
"2020-07-17 04:42:48",63
"2020-07-17 04:52:51",63
"2020-07-17 05:02:59",63
"2020-07-17 05:13:04",63
"2020-07-17 05:23:09",63
"2020-07-17 05:33:09",63
"2020-07-17 05:43:10",63
"2020-07-17 05:53:09",63
"2020-07-17 06:03:15",63
"2020-07-17 06:11:28",63
"2020-07-17 06:19:36",63
"2020-07-17 06:27:51",63
"2020-07-17 06:36:04",63
"2020-07-17 06:45:30",63
"2020-07-17 06:48:38",63
"2020-07-17 06:52:05",63
"2020-07-17 07:09:19",63
"2020-07-17 07:17:28",63
"2020-07-17 07:25:36",63
"2020-07-17 07:33:44",63
"2020-07-17 07:41:49",63
"2020-07-17 07:49:55",63
"2020-07-17 07:58:00",63
"2020-07-17 08:06:24",63
"2020-07-17 08:14:50",63
"2020-07-17 08:23:23",63
"2020-07-17 08:31:56",63
"2020-07-17 08:40:27",63
"2020-07-17 08:48:42",63
"2020-07-17 08:56:53",63
"2020-07-17 09:05:10",63
"2020-07-17 09:13:21",63
"2020-07-17 09:21:25",63
"2020-07-17 09:29:34",63
"2020-07-17 09:37:36",63
"2020-07-17 09:45:38",63
"2020-07-17 09:53:43",63
"2020-07-17 10:02:34",63
"2020-07-17 10:08:38",63
"2020-07-17 10:14:04",63
"2020-07-17 10:26:13",63
"2020-07-17 10:36:14",63
"2020-07-17 10:46:18",63
"2020-07-17 10:56:31",63
"2020-07-17 11:06:55",63
"2020-07-17 11:17:01",63
"2020-07-17 11:27:07",63
"2020-07-17 11:37:14",63
"2020-07-17 11:47:17",63
"2020-07-17 11:57:25",63
"2020-07-17 12:07:47",63
"2020-07-17 12:18:10",63
"2020-07-17 12:28:20",63
"2020-07-17 12:38:27",63
"2020-07-17 12:48:29",63
"2020-07-17 12:58:43",63
"2020-07-17 13:09:26",63
"2020-07-17 13:19:54",63
"2020-07-17 13:28:17",63
"2020-07-17 13:36:56",63
"2020-07-17 13:45:13",63
"2020-07-17 13:53:15",63
"2020-07-17 14:02:15",63
"2020-07-17 14:10:45",63
"2020-07-17 14:19:07",63
"2020-07-17 14:27:28",63
"2020-07-17 14:35:46",63
"2020-07-17 14:43:48",63
"2020-07-17 14:51:52",63
"2020-07-17 15:00:36",63
"2020-07-17 15:09:28",63
"2020-07-17 15:18:21",63
"2020-07-17 15:26:51",63
"2020-07-17 15:35:23",63
"2020-07-17 15:43:49",63
"2020-07-17 15:52:08",63
"2020-07-17 15:58:22",63
"2020-07-17 16:07:31",64
"2020-07-17 16:14:51",64
"2020-07-17 16:23:41",64
"2020-07-17 16:32:25",64
"2020-07-17 16:41:01",64
"2020-07-17 16:49:30",64
"2020-07-17 16:58:02",64
"2020-07-17 17:02:35",64
"2020-07-17 17:10:47",64
"2020-07-17 17:19:04",64
"2020-07-17 17:27:38",64
"2020-07-17 17:36:05",64
"2020-07-17 17:44:32",64
"2020-07-17 17:52:58",64
"2020-07-17 18:01:41",64
"2020-07-17 18:10:24",64
"2020-07-17 18:18:56",64
"2020-07-17 18:27:24",64
"2020-07-17 18:35:59",64
"2020-07-17 18:44:24",64
"2020-07-17 18:52:46",64
"2020-07-17 19:04:46",64
"2020-07-17 19:14:01",64
"2020-07-17 19:22:25",64
"2020-07-17 19:30:39",64
"2020-07-17 19:38:44",64
"2020-07-17 19:42:24",64
"2020-07-17 19:50:27",64
"2020-07-17 19:58:31",64
"2020-07-17 20:06:44",64
"2020-07-17 20:14:47",64
"2020-07-17 20:22:47",64
"2020-07-17 20:30:48",64
"2020-07-17 20:38:51",64
"2020-07-17 20:46:51",64
"2020-07-17 20:54:52",64
"2020-07-17 21:03:08",64
"2020-07-17 21:11:18",64
"2020-07-17 21:19:15",64
"2020-07-17 21:27:13",64
"2020-07-17 21:35:15",64
"2020-07-17 21:43:17",64
"2020-07-17 21:51:24",64
"2020-07-17 21:59:31",64
"2020-07-17 22:09:54",64
"2020-07-17 22:20:05",64
"2020-07-17 22:30:12",64
"2020-07-17 22:40:31",64
"2020-07-17 22:50:57",64
"2020-07-17 23:01:41",64
"2020-07-17 23:12:12",64
"2020-07-17 23:22:23",64
"2020-07-17 23:32:27",64
"2020-07-17 23:42:31",64
"2020-07-17 23:52:38",64
"2020-07-18 00:03:56",64
"2020-07-18 00:15:43",64
"2020-07-18 00:26:19",64
"2020-07-18 00:36:49",64
"2020-07-18 00:47:29",64
"2020-07-18 00:57:41",64
"2020-07-18 01:07:54",64
"2020-07-18 01:18:02",64
"2020-07-18 01:28:11",64
"2020-07-18 01:38:17",64
"2020-07-18 01:45:04",64
"2020-07-18 01:48:08",64
"2020-07-18 02:08:29",64
"2020-07-18 02:18:33",64
"2020-07-18 02:28:32",64
"2020-07-18 02:38:31",64
"2020-07-18 02:48:29",64
"2020-07-18 02:58:30",64
"2020-07-18 03:08:47",64
"2020-07-18 03:18:54",64
"2020-07-18 03:29:01",64
"2020-07-18 03:39:10",64
"2020-07-18 03:49:22",64
"2020-07-18 03:59:32",64
"2020-07-18 04:10:13",64
"2020-07-18 04:20:46",64
"2020-07-18 04:31:02",64
"2020-07-18 04:41:07",64
"2020-07-18 04:51:08",64
"2020-07-18 05:01:29",64
"2020-07-18 05:12:08",64
"2020-07-18 05:22:26",64
"2020-07-18 05:32:35",64
"2020-07-18 05:43:14",64
"2020-07-18 05:45:49",64
"2020-07-18 06:02:48",64
"2020-07-18 06:13:05",64
"2020-07-18 08:37:06",64
"2020-07-18 08:45:16",64
"2020-07-18 08:53:20",64
"2020-07-18 09:01:27",64
"2020-07-18 09:09:28",64
"2020-07-18 09:17:27",64
"2020-07-18 09:25:26",64
"2020-07-18 09:33:30",64
"2020-07-18 09:41:30",64
"2020-07-18 09:49:29",64
"2020-07-18 09:57:32",64
"2020-07-18 10:05:38",64
"2020-07-18 10:13:40",64
"2020-07-18 10:21:39",64
"2020-07-18 10:29:45",64
"2020-07-18 10:37:45",64
"2020-07-18 10:45:41",64
"2020-07-18 10:53:38",64
"2020-07-18 11:03:40",64
"2020-07-18 11:13:40",64
"2020-07-18 11:23:39",64
"2020-07-18 11:33:38",64
"2020-07-18 11:43:36",64
"2020-07-18 11:53:32",64
"2020-07-18 12:03:40",64
"2020-07-18 12:13:48",64
"2020-07-18 12:23:54",64
"2020-07-18 12:33:56",64
"2020-07-18 12:43:57",64
"2020-07-18 12:54:00",64
"2020-07-18 13:04:16",64
"2020-07-18 13:14:29",64
"2020-07-18 13:24:33",64
"2020-07-18 13:34:35",64
"2020-07-18 13:44:30",64
"2020-07-18 13:54:27",64
"2020-07-18 14:04:24",64
"2020-07-18 14:14:22",64
"2020-07-18 14:24:19",64
"2020-07-18 14:31:05",64
"2020-07-18 14:34:10",64
"2020-07-18 14:54:20",64
"2020-07-18 15:04:26",64
"2020-07-18 15:14:30",64
"2020-07-18 15:24:32",64
"2020-07-18 15:34:31",64
"2020-07-18 15:44:29",64
"2020-07-18 15:54:28",64
"2020-07-18 16:04:31",64
"2020-07-18 16:14:30",64
"2020-07-18 16:24:31",64
"2020-07-18 16:34:33",64
"2020-07-18 16:44:31",64
"2020-07-18 16:54:29",64
"2020-07-18 17:04:32",64
"2020-07-18 17:14:39",64
"2020-07-18 17:24:38",64
"2020-07-18 17:34:37",64
"2020-07-18 17:44:34",64
"2020-07-18 17:54:31",64
"2020-07-18 18:04:32",64
"2020-07-18 18:14:33",64
"2020-07-18 18:25:11",64
"2020-07-18 18:27:43",64
"2020-07-18 18:44:24",64
"2020-07-18 18:54:22",64
"2020-07-18 19:04:27",64
"2020-07-18 19:14:51",64
"2020-07-18 19:24:48",64
"2020-07-18 19:35:07",64
"2020-07-18 19:45:07",64
"2020-07-18 22:09:27",64
"2020-07-18 22:16:59",64
"2020-07-18 22:24:32",64
"2020-07-18 22:32:05",64
"2020-07-18 22:39:37",64
"2020-07-18 22:47:10",64
"2020-07-18 22:54:43",64
"2020-07-18 23:02:17",64
"2020-07-18 23:09:51",64
"2020-07-18 23:17:25",64
"2020-07-18 23:24:57",64
"2020-07-18 23:32:30",64
"2020-07-18 23:40:09",64
"2020-07-18 23:47:50",64
"2020-07-18 23:55:38",64
"2020-07-19 00:03:21",64
"2020-07-19 00:10:52",64
"2020-07-19 00:18:27",64
"2020-07-19 00:28:02",64
"2020-07-19 00:37:37",64
"2020-07-19 00:47:11",64
"2020-07-19 00:56:47",64
"2020-07-19 01:06:22",64
"2020-07-19 01:15:58",64
"2020-07-19 01:25:33",64
"2020-07-19 01:35:09",64
"2020-07-19 01:44:44",64
"2020-07-19 01:54:20",64
"2020-07-19 02:03:55",64
"2020-07-19 02:13:30",64
"2020-07-19 02:23:03",64
"2020-07-19 02:32:37",64
"2020-07-19 02:42:10",64
"2020-07-19 02:51:43",64
"2020-07-19 03:01:17",64
"2020-07-19 03:10:52",64
"2020-07-19 03:20:27",64
"2020-07-19 03:30:01",64
"2020-07-19 03:39:35",64
"2020-07-19 03:45:58",64
"2020-07-19 03:48:51",64
"2020-07-19 04:08:19",64
"2020-07-19 04:17:52",64
"2020-07-19 04:27:26",64
"2020-07-19 04:36:59",64
"2020-07-19 04:46:33",64
"2020-07-19 04:56:06",64
"2020-07-19 05:05:39",64
"2020-07-19 05:15:11",64
"2020-07-19 05:24:45",64
"2020-07-19 05:34:17",64
"2020-07-19 05:43:49",64
"2020-07-19 05:53:21",64
"2020-07-19 06:02:53",64
"2020-07-19 06:12:28",64
"2020-07-19 06:22:05",64
"2020-07-19 06:31:40",64
"2020-07-19 06:42:49",64
"2020-07-19 06:50:26",64
"2020-07-19 06:58:00",64
"2020-07-19 07:05:36",64
"2020-07-19 07:13:13",64
"2020-07-19 07:20:48",64
"2020-07-19 07:28:22",64
"2020-07-19 07:35:55",64
"2020-07-19 07:43:31",64
"2020-07-19 07:51:06",64
"2020-07-19 07:58:39",64
"2020-07-19 08:06:13",64
"2020-07-19 08:13:47",64
"2020-07-19 08:21:20",64
"2020-07-19 08:28:59",64
"2020-07-19 08:36:34",64
"2020-07-19 08:44:01",64
"2020-07-19 08:51:35",64
"2020-07-19 09:01:10",64
"2020-07-19 09:10:45",64
"2020-07-19 09:20:21",64
"2020-07-19 09:29:56",64
"2020-07-19 09:39:36",64
"2020-07-19 09:49:18",64
"2020-07-19 09:59:01",64
"2020-07-19 10:08:43",64
"2020-07-19 10:18:18",64
"2020-07-19 10:27:52",64
"2020-07-19 10:37:29",64
"2020-07-19 10:47:06",64
"2020-07-19 10:56:43",64
"2020-07-19 11:06:18",64
"2020-07-19 11:15:53",64
"2020-07-19 11:25:28",64
"2020-07-19 11:35:03",64
"2020-07-19 11:44:40",64
"2020-07-19 11:54:15",64
"2020-07-19 12:03:51",64
"2020-07-19 12:13:26",64
"2020-07-19 12:19:51",64
"2020-07-19 12:22:46",64
"2020-07-19 12:42:15",64
"2020-07-19 12:51:54",64
"2020-07-19 13:01:29",64
"2020-07-19 13:11:05",64
"2020-07-19 13:20:41",64
"2020-07-19 13:30:19",64
"2020-07-19 13:39:54",64
"2020-07-19 13:49:28",64
"2020-07-19 13:59:03",64
"2020-07-19 14:08:38",64
"2020-07-19 14:18:12",64
"2020-07-19 14:27:47",64
"2020-07-19 14:37:22",64
"2020-07-19 14:46:57",64
"2020-07-19 14:56:32",64
"2020-07-19 15:06:09",64
"2020-07-19 15:15:44",64
"2020-07-19 15:25:21",64
"2020-07-19 15:34:56",64
"2020-07-19 15:44:31",64
"2020-07-19 15:54:06",64
"2020-07-19 16:04:21",64
"2020-07-19 16:06:47",64
"2020-07-19 16:22:57",64
"2020-07-19 16:32:32",64
"2020-07-19 16:42:07",64
"2020-07-19 16:51:47",64
"2020-07-19 17:01:26",64
"2020-07-19 17:11:03",64
"2020-07-19 17:20:38",64
"2020-07-19 17:30:12",64
"2020-07-19 17:39:46",64
"2020-07-19 17:49:21",64
"2020-07-19 17:58:55",64
"2020-07-19 18:08:30",64
"2020-07-19 18:18:05",64
"2020-07-19 18:27:39",64
"2020-07-19 18:37:15",64
"2020-07-19 18:46:50",64
"2020-07-19 18:56:25",64
"2020-07-19 19:06:01",64
"2020-07-19 19:13:35",64
"2020-07-19 19:21:11",64
"2020-07-19 19:28:45",64
"2020-07-19 19:36:22",64
"2020-07-19 19:45:05",64
"2020-07-19 19:47:53",64
"2020-07-19 19:51:05",64
"2020-07-19 20:06:45",64
"2020-07-19 20:14:20",64
"2020-07-19 20:21:56",64
"2020-07-19 20:29:31",64
"2020-07-19 20:37:06",64
"2020-07-19 20:44:42",64
"2020-07-19 20:52:18",64
"2020-07-19 20:59:53",64
"2020-07-19 21:07:29",64
"2020-07-19 21:15:03",64
"2020-07-19 21:22:37",64
"2020-07-19 21:30:11",64
"2020-07-19 21:37:46",64
"2020-07-19 21:45:20",64
"2020-07-19 21:52:55",64
"2020-07-19 22:00:31",64
"2020-07-19 22:08:08",64
"2020-07-19 22:15:44",64
"2020-07-19 22:23:17",64
"2020-07-19 22:30:52",64
"2020-07-19 22:38:26",64
"2020-07-19 22:46:35",64
"2020-07-19 22:52:18",64
"2020-07-19 22:57:24",64
"2020-07-19 23:08:46",64
"2020-07-19 23:18:21",64
"2020-07-19 23:27:54",64
"2020-07-19 23:37:28",64
"2020-07-19 23:47:01",64
"2020-07-19 23:56:37",64
"2020-07-20 00:06:13",64
"2020-07-20 00:15:48",64
"2020-07-20 00:25:24",64
"2020-07-20 00:35:00",64
"2020-07-20 00:44:35",64
"2020-07-20 00:54:10",64
"2020-07-20 01:03:45",64
"2020-07-20 01:13:20",64
"2020-07-20 01:22:55",64
"2020-07-20 01:32:31",64
"2020-07-20 01:42:07",64
"2020-07-20 01:51:44",64
"2020-07-20 01:59:20",64
"2020-07-20 02:06:57",64
"2020-07-20 02:14:34",64
"2020-07-20 02:22:09",64
"2020-07-20 02:29:45",64
"2020-07-20 02:37:21",64
"2020-07-20 02:44:57",64
"2020-07-20 02:52:33",64
"2020-07-20 03:00:08",64
"2020-07-20 03:07:44",64
"2020-07-20 03:15:20",64
"2020-07-20 03:22:56",64
"2020-07-20 03:30:32",64
"2020-07-20 03:38:09",64
"2020-07-20 03:45:45",64
"2020-07-20 03:53:20",64
"2020-07-20 04:00:56",64
"2020-07-20 04:08:31",64
"2020-07-20 04:13:58",64
"2020-07-20 04:21:32",64
"2020-07-20 04:27:58",64
"2020-07-20 04:35:35",64
"2020-07-20 04:43:12",64
"2020-07-20 04:50:51",64
"2020-07-20 04:58:32",64
"2020-07-20 05:06:21",64
"2020-07-20 05:14:06",64
"2020-07-20 05:21:51",64
"2020-07-20 05:29:35",64
"2020-07-20 05:37:21",64
"2020-07-20 05:45:06",64
"2020-07-20 05:52:50",64
"2020-07-20 06:00:36",64
"2020-07-20 06:08:20",64
"2020-07-20 06:16:05",64
"2020-07-20 06:23:49",64
"2020-07-20 06:31:34",64
"2020-07-20 06:39:18",64
"2020-07-20 06:47:02",64
"2020-07-20 06:54:46",64
"2020-07-20 07:02:30",64
"2020-07-20 07:10:14",64
"2020-07-20 07:17:56",64
"2020-07-20 07:25:39",64
"2020-07-20 07:33:23",64
"2020-07-20 07:41:06",64
"2020-07-20 07:48:50",64
"2020-07-20 07:56:33",64
"2020-07-20 08:04:19",64
"2020-07-20 08:12:01",64
"2020-07-20 08:19:44",64
"2020-07-20 08:27:26",64
"2020-07-20 08:35:08",64
"2020-07-20 08:42:51",64
"2020-07-20 08:50:34",64
"2020-07-20 08:58:18",64
"2020-07-20 09:06:04",64
"2020-07-20 09:13:48",64
"2020-07-20 09:21:31",64
"2020-07-20 09:29:14",64
"2020-07-20 09:36:58",64
"2020-07-20 09:44:42",64
"2020-07-20 09:52:25",64
"2020-07-20 10:00:09",64
"2020-07-20 10:07:54",64
"2020-07-20 10:15:39",64
"2020-07-20 10:23:22",64
"2020-07-20 10:31:05",64
"2020-07-20 10:38:51",64
"2020-07-20 10:46:37",64
"2020-07-20 10:54:22",64
"2020-07-20 11:02:08",64
"2020-07-20 11:09:53",64
"2020-07-20 11:17:38",64
"2020-07-20 11:25:21",64
"2020-07-20 11:33:04",64
"2020-07-20 11:40:47",64
"2020-07-20 11:48:30",64
"2020-07-20 11:56:14",64
"2020-07-20 12:03:59",64
"2020-07-20 12:11:43",64
"2020-07-20 12:19:29",64
"2020-07-20 12:27:13",64
"2020-07-20 12:34:58",64
"2020-07-20 12:42:43",64
"2020-07-20 12:50:25",64
"2020-07-20 12:58:09",64
"2020-07-20 13:05:55",64
"2020-07-20 13:13:41",64
"2020-07-20 13:21:25",64
"2020-07-20 13:29:14",64
"2020-07-20 13:37:00",64
"2020-07-20 13:44:47",64
"2020-07-20 13:52:33",64
"2020-07-20 14:00:18",64
"2020-07-20 14:08:02",64
"2020-07-20 14:15:48",64
"2020-07-20 14:23:32",64
"2020-07-20 14:42:50",64
"2020-07-20 15:42:59",63
"2020-07-20 16:42:46",63
"2020-07-20 17:42:44",63
"2020-07-20 18:42:56",63
"2020-07-20 19:43:01",62
"2020-07-20 20:43:02",62
"2020-07-20 21:43:00",62
"2020-07-20 22:42:53",62
"2020-07-20 23:42:50",62
"2020-07-21 00:42:51",62
"2020-07-21 01:42:56",62
"2020-07-21 02:42:55",62
"2020-07-21 03:42:58",62
"2020-07-21 04:43:02",62
"2020-07-21 05:43:00",62
"2020-07-21 06:43:04",62
"2020-07-21 07:42:59",62
"2020-07-21 08:42:53",62
"2020-07-21 09:42:44",62
"2020-07-21 10:42:52",62
"2020-07-21 11:42:52",62
"2020-07-21 12:42:44",62
"2020-07-21 13:42:53",62
"2020-07-21 14:42:50",62
"2020-07-21 15:42:45",62
"2020-07-21 16:43:00",62
"2020-07-21 17:43:02",62
"2020-07-21 18:42:53",61
"2020-07-21 19:42:45",61
"2020-07-21 20:42:52",61
"2020-07-21 21:42:41",61
"2020-07-21 22:42:57",61
"2020-07-21 23:43:01",61
"2020-07-22 00:42:52",61
"2020-07-22 01:42:51",61
"2020-07-22 02:42:42",61
"2020-07-22 03:43:02",61
"2020-07-22 04:42:42",61
"2020-07-22 05:42:42",61
"2020-07-22 06:42:41",61
"2020-07-22 07:42:41",61
"2020-07-22 08:42:40",61
"2020-07-22 09:42:42",61
"2020-07-22 10:42:42",61
"2020-07-22 11:42:40",61
"2020-07-22 12:42:48",61
"2020-07-22 13:42:47",61
"2020-07-22 14:42:48",62
"2020-07-22 15:42:44",62
"2020-07-22 16:42:57",61
"2020-07-22 17:42:49",61
"2020-07-22 18:42:58",61
"2020-07-22 19:42:41",61
"2020-07-22 20:42:51",61
"2020-07-22 21:42:50",61
"2020-07-22 22:42:53",61
"2020-07-22 23:42:41",61
"2020-07-23 00:42:50",61
"2020-07-23 01:42:53",61
"2020-07-23 02:42:51",61
"2020-07-23 03:42:53",61
"2020-07-23 04:42:49",61
"2020-07-23 05:42:58",61
"2020-07-23 06:42:41",61
"2020-07-23 07:42:45",61
"2020-07-23 08:42:49",61
"2020-07-23 09:42:53",61
"2020-07-23 10:43:00",61
"2020-07-23 11:42:52",61
"2020-07-23 13:08:30",61
"2020-07-23 13:43:19",61
"2020-07-23 14:42:49",61
"2020-07-23 15:42:58",61
"2020-07-23 16:42:44",60
"2020-07-23 17:42:50",60
"2020-07-23 18:42:44",60
"2020-07-23 19:42:58",60
"2020-07-23 20:42:49",60
"2020-07-23 21:42:51",60
"2020-07-23 22:42:51",60
"2020-07-23 23:42:42",60
"2020-07-24 00:43:01",60
"2020-07-24 01:42:47",60
"2020-07-24 02:42:49",60
"2020-07-24 03:42:52",60
"2020-07-24 04:42:49",60
"2020-07-24 05:42:59",60
"2020-07-24 06:42:42",60
"2020-07-24 07:43:00",60
"2020-07-24 08:42:52",60
"2020-07-24 09:42:54",60
"2020-07-24 10:42:51",60
"2020-07-24 11:42:51",60
"2020-07-24 12:42:58",60
"2020-07-24 13:42:46",60
"2020-07-24 14:42:52",60
"2020-07-24 15:43:02",60
"2020-07-24 16:42:53",60
"2020-07-24 17:42:45",60
"2020-07-24 18:42:52",60
"2020-07-24 19:42:49",61
"2020-07-24 20:42:54",62
"2020-07-24 21:42:42",62
"2020-07-24 22:42:57",62
"2020-07-24 23:42:54",62
"2020-07-25 00:42:46",62
"2020-07-25 01:42:46",62
"2020-07-25 02:42:52",62
"2020-07-25 03:42:55",62
"2020-07-25 04:42:51",62
"2020-07-25 05:42:54",62
"2020-07-25 06:42:51",62
"2020-07-25 07:43:05",62
"2020-07-25 08:43:00",62
"2020-07-25 09:42:51",62
"2020-07-25 10:42:44",62
"2020-07-25 11:43:02",62
"2020-07-25 12:42:54",62
"2020-07-25 13:43:00",62
"2020-07-25 14:42:52",62
"2020-07-25 15:42:53",62
"2020-07-25 16:42:57",62
"2020-07-25 17:42:54",62
"2020-07-25 18:42:53",62
"2020-07-25 19:42:47",62
"2020-07-25 20:43:01",62
"2020-07-25 21:42:54",62
"2020-07-25 22:42:52",62
"2020-07-25 23:42:54",62
"2020-07-26 00:42:53",62
"2020-07-26 01:42:56",62
"2020-07-26 02:43:01",62
"2020-07-26 03:42:52",62
"2020-07-26 04:42:53",62
"2020-07-26 05:42:54",62
"2020-07-26 06:42:52",62
"2020-07-26 07:42:52",62
"2020-07-26 08:42:53",62
"2020-07-26 09:42:54",62
"2020-07-26 10:42:46",62
"2020-07-26 11:42:56",62
"2020-07-26 12:43:04",62
"2020-07-26 13:43:02",62
"2020-07-26 14:42:45",62
"2020-07-26 15:42:57",62
"2020-07-26 16:42:53",62
"2020-07-26 17:42:53",62
"2020-07-26 18:42:55",62
"2020-07-26 19:42:53",62
"2020-07-26 20:42:54",62
"2020-07-26 21:43:02",62
"2020-07-26 22:43:01",62
"2020-07-26 23:42:53",62
"2020-07-27 00:43:02",62
"2020-07-27 01:42:56",62
"2020-07-27 02:43:04",62
"2020-07-27 03:43:06",62
"2020-07-27 04:42:56",62
"2020-07-27 05:43:06",62
"2020-07-27 06:43:01",62
"2020-07-27 07:42:59",62
"2020-07-27 08:42:54",62
"2020-07-27 09:42:55",62
"2020-07-27 10:42:44",62
"2020-07-27 11:43:00",62
"2020-07-27 12:42:54",62
"2020-07-27 13:42:55",62
"2020-07-27 14:42:59",63
"2020-07-27 15:42:58",64
"2020-07-27 16:43:02",64
"2020-07-27 17:43:07",65
"2020-07-27 18:43:04",64
"2020-07-27 19:42:54",65
"2020-07-27 20:43:05",65
"2020-07-27 21:42:55",65
"2020-07-27 22:42:55",65
"2020-07-27 23:42:57",65
"2020-07-28 00:43:11",65
"2020-07-28 01:43:06",65
"2020-07-28 02:43:15",65
"2020-07-28 03:43:05",65
"2020-07-28 04:43:06",65
"2020-07-28 07:06:17",65
"2020-07-28 07:12:29",65
"2020-07-28 07:42:59",65
"2020-07-28 08:42:50",65
"2020-07-28 09:42:53",65
"2020-07-28 10:42:58",65
"2020-07-28 11:42:58",65
"2020-07-28 13:12:02",65
"2020-07-28 13:42:55",65
"2020-07-28 14:42:49",65
"2020-07-28 15:42:55",65
"2020-07-28 16:42:52",65
"2020-07-28 17:42:45",65
"2020-07-28 18:42:48",64
"2020-07-28 19:42:54",65
"2020-07-28 20:42:52",65
"2020-07-28 21:42:47",65
"2020-07-28 22:42:57",65
"2020-07-28 23:43:05",65
"2020-07-29 00:42:52",65
"2020-07-29 01:43:03",65
"2020-07-29 02:42:45",65
"2020-07-29 03:42:53",65
"2020-07-29 04:42:45",65
"2020-07-29 05:43:02",65
"2020-07-29 06:42:43",65
"2020-07-29 07:42:54",65
"2020-07-29 08:42:55",65
"2020-07-29 09:42:55",65
"2020-07-29 10:42:59",65
"2020-07-29 11:43:01",65
"2020-07-29 13:14:33",65
"2020-07-29 13:42:57",65
"2020-07-29 14:43:03",66
"2020-07-29 15:43:05",67
"2020-07-29 16:43:24",67
"2020-07-29 17:43:07",67
"2020-07-29 18:43:06",67
"2020-07-29 19:43:03",67
"2020-07-29 20:43:04",67
"2020-07-29 21:43:03",67
"2020-07-29 22:43:03",67
"2020-07-29 23:43:05",67
"2020-07-30 00:43:04",67
"2020-07-30 01:43:04",67
"2020-07-30 02:43:05",67
"2020-07-30 03:43:03",67
"2020-07-30 04:43:08",67
"2020-07-30 05:43:11",67
"2020-07-30 06:42:59",67
"2020-07-30 07:43:01",67
"2020-07-30 08:43:07",67
"2020-07-30 09:43:01",67
"2020-07-30 10:42:58",67
"2020-07-30 11:43:02",67
"2020-07-30 13:07:03",67
"2020-07-30 13:43:06",67
"2020-07-30 14:43:03",66
"2020-07-30 15:43:03",66
"2020-07-30 16:42:52",65
"2020-07-30 17:43:02",65
"2020-07-30 18:43:03",65
"2020-07-30 19:43:02",66
"2020-07-30 20:42:53",66
"2020-07-30 21:42:55",66
"2020-07-30 22:43:01",66
"2020-07-30 23:42:50",66
"2020-07-31 00:43:05",66
"2020-07-31 01:42:50",66
"2020-07-31 02:43:02",66
"2020-07-31 03:42:55",66
"2020-07-31 04:42:47",66
"2020-07-31 05:42:53",66
"2020-07-31 06:42:44",66
"2020-07-31 07:42:57",66
"2020-07-31 08:42:54",66
"2020-07-31 09:42:53",66
"2020-07-31 10:42:46",66
"2020-07-31 11:42:45",66
"2020-07-31 12:42:44",66
"2020-07-31 13:43:05",66
"2020-07-31 14:42:46",66
"2020-07-31 15:42:53",65
"2020-07-31 16:42:58",65
"2020-07-31 17:42:54",65
"2020-07-31 18:42:55",65
"2020-07-31 19:42:55",65
"2020-07-31 20:42:54",65
"2020-07-31 21:42:55",65
"2020-07-31 22:42:48",65
"2020-07-31 23:42:59",65
"2020-08-01 00:43:02",65
"2020-08-01 01:42:45",65
"2020-08-01 02:42:45",65
"2020-08-01 03:42:54",65
"2020-08-01 04:43:00",65
"2020-08-01 05:42:55",65
"2020-08-01 06:42:54",65
"2020-08-01 07:43:01",65
"2020-08-01 08:43:02",65
"2020-08-01 09:42:59",65
"2020-08-01 10:42:52",65
"2020-08-01 11:42:51",65
"2020-08-01 12:42:54",65
"2020-08-01 13:42:54",65
"2020-08-01 14:42:44",65
"2020-08-01 15:43:12",65
"2020-08-01 16:43:06",65
"2020-08-01 17:42:52",65
"2020-08-01 18:42:52",65
"2020-08-01 19:42:53",65
"2020-08-01 20:42:51",65
"2020-08-01 21:42:51",65
"2020-08-01 22:42:51",65
"2020-08-01 23:42:54",65
"2020-08-02 00:43:03",65
"2020-08-02 01:42:52",65
"2020-08-02 02:42:44",65
"2020-08-02 03:43:03",65
"2020-08-02 04:42:45",65
"2020-08-02 05:42:56",65
"2020-08-02 06:43:00",65
"2020-08-02 07:43:00",65
"2020-08-02 08:42:59",65
"2020-08-02 09:43:03",65
"2020-08-02 10:43:01",65
"2020-08-02 11:42:45",65
"2020-08-02 12:42:52",65
"2020-08-02 13:42:47",65
"2020-08-02 14:42:45",65
"2020-08-02 15:43:05",65
"2020-08-02 16:42:43",65
"2020-08-02 17:42:54",65
"2020-08-02 18:42:53",65
"2020-08-02 19:42:54",65
"2020-08-02 20:42:45",65
"2020-08-02 21:42:53",65
"2020-08-02 22:42:55",65
"2020-08-02 23:42:57",65
"2020-08-03 00:43:00",65
"2020-08-03 01:42:55",65
"2020-08-03 02:42:53",65
"2020-08-03 03:42:53",65
"2020-08-03 04:42:52",65
"2020-08-03 05:43:00",65
"2020-08-03 06:42:44",65
"2020-08-03 07:42:53",65
"2020-08-03 08:42:49",65
"2020-08-03 09:43:02",65
"2020-08-03 10:42:59",65
"2020-08-03 11:42:51",65
"2020-08-03 12:42:59",65
"2020-08-03 13:42:57",65
"2020-08-03 14:42:50",65
"2020-08-03 15:43:04",65
"2020-08-03 16:42:57",65
"2020-08-03 17:42:55",65
"2020-08-03 18:42:48",65
"2020-08-03 19:42:57",65
"2020-08-03 20:42:51",65
"2020-08-03 21:42:45",65
"2020-08-03 22:42:52",65
"2020-08-03 23:42:57",65
"2020-08-04 00:43:03",65
"2020-08-04 01:42:58",65
"2020-08-04 02:43:01",65
"2020-08-04 03:42:59",65
"2020-08-04 04:43:16",65
"2020-08-04 05:42:53",65
"2020-08-04 06:42:54",65
"2020-08-04 07:42:46",65
"2020-08-04 08:43:01",65
"2020-08-04 09:42:53",65
"2020-08-04 10:42:44",65
"2020-08-04 11:42:51",65
"2020-08-04 12:42:43",65
"2020-08-04 13:43:04",65
"2020-08-04 14:42:55",65
"2020-08-04 15:42:56",65
"2020-08-04 16:42:55",65
"2020-08-04 17:42:57",65
"2020-08-04 18:43:06",65
"2020-08-04 19:42:50",65
"2020-08-04 20:42:53",65
"2020-08-04 21:42:56",65
"2020-08-04 22:42:54",65
"2020-08-04 23:43:06",65
"2020-08-05 00:42:59",65
"2020-08-05 01:43:02",65
"2020-08-05 02:42:49",65
"2020-08-05 03:43:03",65
"2020-08-05 04:42:59",65
"2020-08-05 05:42:56",65
"2020-08-05 06:42:45",65
"2020-08-05 07:42:45",65
"2020-08-05 08:42:56",65
"2020-08-05 09:43:05",65
"2020-08-05 10:42:53",65
"2020-08-05 11:42:54",65
"2020-08-05 13:10:35",65
"2020-08-05 13:43:07",65
"2020-08-05 14:42:56",63
"2020-08-05 15:42:48",63
"2020-08-05 16:42:52",63
"2020-08-05 17:42:51",63
"2020-08-05 18:42:54",64
"2020-08-05 19:43:00",64
"2020-08-05 20:42:50",64
"2020-08-05 21:42:50",64
"2020-08-05 22:42:59",64
"2020-08-05 23:42:55",64
"2020-08-06 00:43:08",64
"2020-08-06 01:42:55",64
"2020-08-06 02:42:51",64
"2020-08-06 03:42:58",64
"2020-08-06 04:42:53",64
"2020-08-06 05:43:12",64
"2020-08-06 06:42:57",64
"2020-08-06 07:43:01",64
"2020-08-06 08:43:06",64
"2020-08-06 09:42:53",64
"2020-08-06 10:43:02",64
"2020-08-06 11:42:51",64
"2020-08-06 12:43:02",64
"2020-08-06 13:42:47",64
"2020-08-06 14:42:44",64
"2020-08-06 15:42:53",65
"2020-08-06 16:43:02",66
"2020-08-06 17:42:54",66
"2020-08-06 18:42:53",66
"2020-08-06 19:42:54",66
"2020-08-06 20:43:01",67
"2020-08-06 21:42:54",67
"2020-08-06 22:42:45",67
"2020-08-06 23:43:04",67
"2020-08-07 00:42:55",67
"2020-08-07 01:42:59",67
"2020-08-07 02:42:53",67
"2020-08-07 03:42:51",67
"2020-08-07 04:43:01",67
"2020-08-07 05:42:59",67
"2020-08-07 06:42:46",67
"2020-08-07 07:42:59",67
"2020-08-07 08:42:53",67
"2020-08-07 09:42:52",67
"2020-08-07 10:42:52",67
"2020-08-07 11:42:43",67
"2020-08-07 12:42:45",67
"2020-08-07 13:42:54",67
"2020-08-07 14:42:46",67
"2020-08-07 15:43:03",67
"2020-08-07 16:42:53",68
"2020-08-07 17:42:54",68
"2020-08-07 18:42:56",68
"2020-08-07 19:42:45",68
"2020-08-07 20:42:58",67
"2020-08-07 21:42:54",67
"2020-08-07 22:42:54",67
"2020-08-07 23:42:54",67
"2020-08-08 00:42:47",67
"2020-08-08 01:43:02",67
"2020-08-08 02:42:51",67
"2020-08-08 03:42:44",67
"2020-08-08 04:42:46",67
"2020-08-08 05:42:48",67
"2020-08-08 06:42:55",67
"2020-08-08 07:42:55",67
"2020-08-08 08:43:05",67
"2020-08-08 09:42:53",67
"2020-08-08 10:42:56",67
"2020-08-08 11:42:58",67
"2020-08-08 12:42:50",67
"2020-08-08 13:42:54",67
"2020-08-08 14:42:53",67
"2020-08-08 15:42:53",67
"2020-08-08 16:42:54",67
"2020-08-08 17:42:47",67
"2020-08-08 18:42:46",67
"2020-08-08 19:42:56",67
"2020-08-08 20:43:05",67
"2020-08-08 21:42:55",67
"2020-08-08 22:42:55",67
"2020-08-08 23:43:00",67
"2020-08-09 00:43:06",67
"2020-08-09 01:42:59",67
"2020-08-09 02:43:02",67
"2020-08-09 03:43:05",67
"2020-08-09 04:42:55",67
"2020-08-09 05:43:05",67
"2020-08-09 06:43:01",67
"2020-08-09 07:42:57",67
"2020-08-09 08:42:46",67
"2020-08-09 09:42:57",67
"2020-08-09 10:42:48",67
"2020-08-09 11:42:45",67
"2020-08-09 12:42:57",67
"2020-08-09 13:43:05",67
"2020-08-09 14:42:59",67
"2020-08-09 15:42:55",67
"2020-08-09 16:43:04",67
"2020-08-09 17:42:56",67
"2020-08-09 18:42:56",67
"2020-08-09 19:43:03",67
"2020-08-09 20:42:58",67
"2020-08-09 21:42:55",67
"2020-08-09 22:42:56",67
"2020-08-09 23:42:55",67
"2020-08-10 00:43:03",67
"2020-08-10 01:42:56",67
"2020-08-10 02:43:04",67
"2020-08-10 03:42:54",67
"2020-08-10 04:42:48",67
"2020-08-10 05:42:54",67
"2020-08-10 06:42:44",67
"2020-08-10 07:42:45",67
"2020-08-10 08:42:59",67
"2020-08-10 09:42:54",67
"2020-08-10 10:42:55",67
"2020-08-10 11:42:55",67
"2020-08-10 12:42:44",67
"2020-08-10 13:42:57",67
"2020-08-10 14:42:56",68
"2020-08-10 15:43:05",68
"2020-08-10 16:42:55",68
"2020-08-10 17:43:02",68
"2020-08-10 18:42:56",69
"2020-08-10 19:43:03",70
"2020-08-10 20:42:52",71
"2020-08-10 21:43:03",71
"2020-08-10 22:42:47",71
"2020-08-10 23:42:50",71
"2020-08-11 00:42:49",71
"2020-08-11 01:42:57",71
"2020-08-11 02:42:57",71
"2020-08-11 03:43:04",71
"2020-08-11 04:42:56",71
"2020-08-11 05:42:56",71
"2020-08-11 06:42:54",71
"2020-08-11 07:43:02",71
"2020-08-11 08:42:47",71
"2020-08-11 09:42:54",71
"2020-08-11 10:42:55",71
"2020-08-11 11:42:47",71
"2020-08-11 12:42:53",71
"2020-08-11 13:43:08",71
"2020-08-11 14:43:02",70
"2020-08-11 15:42:55",70
"2020-08-11 16:42:44",70
"2020-08-11 17:42:56",69
"2020-08-11 18:42:55",69
"2020-08-11 19:42:46",69
"2020-08-11 20:42:53",68
"2020-08-11 21:43:03",68
"2020-08-11 22:42:53",68
"2020-08-11 23:42:54",68
"2020-08-12 00:42:49",68
"2020-08-12 01:42:59",68
"2020-08-12 02:42:54",68
"2020-08-12 03:42:59",68
"2020-08-12 04:42:53",68
"2020-08-12 05:43:01",68
"2020-08-12 06:42:52",68
"2020-08-12 07:43:03",68
"2020-08-12 08:42:48",68
"2020-08-12 09:43:02",68
"2020-08-12 10:42:54",68
"2020-08-12 11:42:53",68
"2020-08-12 12:42:55",68
"2020-08-12 13:42:46",68
"2020-08-12 14:42:53",67
"2020-08-12 15:43:01",67
"2020-08-12 16:42:55",67
"2020-08-12 22:42:44",68
"2020-08-12 23:43:06",68
"2020-08-13 00:42:57",68
"2020-08-13 01:42:52",68
"2020-08-13 02:42:44",68
"2020-08-13 03:47:11",68
"2020-08-13 04:46:05",68
"2020-08-13 05:45:59",68
"2020-08-13 06:45:29",68
"2020-08-13 07:45:30",68
"2020-08-13 08:45:11",68
"2020-08-13 09:47:32",68
"2020-08-13 10:46:09",68
"2020-08-13 11:47:34",68
"2020-08-13 12:46:03",68
"2020-08-13 13:46:32",68
"2020-08-13 14:46:29",69
"2020-08-13 15:45:03",70
"2020-08-13 16:46:59",70
"2020-08-13 20:45:59",68
"2020-08-13 21:44:30",68
"2020-08-13 22:46:31",68
