timestamp,users_holding
"2018-05-02 04:53:33",599
"2018-05-02 06:38:45",599
"2018-05-03 00:35:09",596
"2018-05-03 06:33:38",596
"2018-05-03 06:48:41",596
"2018-05-03 07:06:48",596
"2018-05-03 07:34:05",596
"2018-05-03 07:43:19",596
"2018-05-03 11:19:30",596
"2018-05-03 12:42:54",596
"2018-05-03 13:42:54",596
"2018-05-03 14:42:55",598
"2018-05-03 15:42:55",595
"2018-05-03 16:42:55",595
"2018-05-03 17:42:55",595
"2018-05-03 18:42:54",593
"2018-05-03 19:42:54",593
"2018-05-03 20:42:55",593
"2018-05-03 21:42:54",593
"2018-05-03 22:42:55",593
"2018-05-03 23:42:54",593
"2018-05-04 00:42:54",593
"2018-05-04 01:42:55",593
"2018-05-04 02:42:55",593
"2018-05-04 03:42:54",593
"2018-05-04 04:42:54",593
"2018-05-04 05:42:54",593
"2018-05-04 06:42:54",593
"2018-05-04 07:42:54",593
"2018-05-04 08:42:55",593
"2018-05-04 09:42:55",593
"2018-05-04 10:42:55",593
"2018-05-04 11:42:54",593
"2018-05-04 12:42:54",593
"2018-05-04 20:47:38",592
"2018-05-04 20:53:38",592
"2018-05-04 20:59:38",592
"2018-05-04 21:05:37",592
"2018-05-04 21:11:37",592
"2018-05-04 21:17:36",592
"2018-05-04 21:23:36",592
"2018-05-04 21:29:36",592
"2018-05-04 21:42:53",592
"2018-05-04 22:42:54",592
"2018-05-04 23:42:54",592
"2018-05-05 00:42:53",592
"2018-05-05 01:42:55",592
"2018-05-05 02:42:54",592
"2018-05-05 03:42:54",592
"2018-05-05 04:42:54",592
"2018-05-05 05:42:53",592
"2018-05-05 06:42:55",592
"2018-05-05 07:42:55",592
"2018-05-05 08:42:55",592
"2018-05-05 09:42:53",592
"2018-05-05 10:42:55",592
"2018-05-05 11:42:54",592
"2018-05-05 12:42:55",592
"2018-05-05 13:42:55",592
"2018-05-05 14:42:55",592
"2018-05-05 15:42:55",592
"2018-05-05 16:42:55",592
"2018-05-05 17:42:55",592
"2018-05-05 18:42:54",592
"2018-05-05 19:42:54",592
"2018-05-05 20:42:55",592
"2018-05-05 21:42:53",592
"2018-05-05 22:42:54",592
"2018-05-05 23:42:54",592
"2018-05-06 00:42:54",592
"2018-05-06 01:42:54",592
"2018-05-06 02:42:54",592
"2018-05-06 03:42:54",592
"2018-05-06 04:42:54",592
"2018-05-06 05:42:54",592
"2018-05-06 06:42:54",592
"2018-05-06 07:42:58",592
"2018-05-06 08:42:53",592
"2018-05-06 09:42:54",592
"2018-05-06 10:42:53",592
"2018-05-06 11:42:55",592
"2018-05-06 12:42:54",592
"2018-05-06 13:42:55",592
"2018-05-06 14:42:54",592
"2018-05-06 15:42:54",592
"2018-05-06 16:42:55",592
"2018-05-06 17:42:54",592
"2018-05-06 18:42:55",592
"2018-05-06 19:42:54",592
"2018-05-06 20:42:55",592
"2018-05-06 21:42:55",592
"2018-05-06 22:42:54",592
"2018-05-06 23:42:54",592
"2018-05-07 00:42:54",592
"2018-05-07 01:42:54",592
"2018-05-07 01:56:30",592
"2018-05-07 02:42:55",592
"2018-05-07 03:42:54",592
"2018-05-07 04:42:54",592
"2018-05-07 05:42:54",592
"2018-05-07 06:42:53",592
"2018-05-07 07:42:54",592
"2018-05-07 08:42:56",592
"2018-05-07 09:42:54",592
"2018-05-07 10:42:54",592
"2018-05-07 11:42:54",592
"2018-05-07 12:42:53",592
"2018-05-07 13:43:03",592
"2018-05-07 14:42:54",598
"2018-05-07 15:42:55",598
"2018-05-07 16:42:57",598
"2018-05-07 22:42:55",593
"2018-05-07 23:42:55",593
"2018-05-08 00:42:56",593
"2018-05-08 01:42:58",593
"2018-05-08 02:42:55",593
"2018-05-08 03:42:55",593
"2018-05-08 04:42:55",593
"2018-05-08 05:42:54",593
"2018-05-08 06:42:55",593
"2018-05-08 07:42:55",593
"2018-05-08 08:42:55",593
"2018-05-08 09:42:54",593
"2018-05-08 10:42:53",593
"2018-05-08 11:42:53",593
"2018-05-08 12:42:53",593
"2018-05-08 13:42:54",593
"2018-05-08 14:42:55",591
"2018-05-08 15:42:54",591
"2018-05-08 16:42:54",590
"2018-05-08 17:42:54",590
"2018-05-08 18:42:55",591
"2018-05-08 19:42:55",592
"2018-05-08 20:42:54",593
"2018-05-08 21:42:54",593
"2018-05-08 22:42:55",593
"2018-05-08 23:42:59",593
"2018-05-09 00:42:55",593
"2018-05-09 01:42:55",593
"2018-05-09 02:42:54",593
"2018-05-09 03:42:54",593
"2018-05-09 04:42:55",593
"2018-05-09 05:42:55",593
"2018-05-09 06:42:55",593
"2018-05-09 07:42:55",593
"2018-05-09 08:42:55",593
"2018-05-09 09:42:54",593
"2018-05-09 10:42:54",593
"2018-05-09 11:42:55",593
"2018-05-09 12:42:54",593
"2018-05-09 13:42:56",593
"2018-05-09 14:42:54",597
"2018-05-09 15:42:54",602
"2018-05-09 16:42:54",601
"2018-05-09 17:42:56",603
"2018-05-09 18:42:54",605
"2018-05-09 19:42:55",607
"2018-05-09 20:42:54",612
"2018-05-09 21:42:55",612
"2018-05-09 22:42:54",618
"2018-05-09 23:42:54",618
"2018-05-10 00:42:55",618
"2018-05-10 01:42:55",618
"2018-05-10 02:42:56",618
"2018-05-10 03:42:56",618
"2018-05-10 04:42:56",618
"2018-05-10 05:42:56",618
"2018-05-10 06:42:56",618
"2018-05-10 07:42:57",618
"2018-05-10 08:42:56",618
"2018-05-10 09:42:55",618
"2018-05-10 10:42:56",618
"2018-05-10 11:42:56",618
"2018-05-10 12:42:56",618
"2018-05-10 13:43:05",618
"2018-05-10 14:42:56",632
"2018-05-10 15:42:57",638
"2018-05-10 16:42:56",656
"2018-05-10 17:42:56",666
"2018-05-10 18:42:56",670
"2018-05-10 19:42:57",668
"2018-05-10 20:42:56",681
"2018-05-10 21:42:56",681
"2018-05-10 22:42:56",681
"2018-05-10 23:42:56",681
"2018-05-11 00:42:56",681
"2018-05-11 01:42:57",681
"2018-05-11 02:42:56",681
"2018-05-11 03:42:56",681
"2018-05-11 04:42:56",681
"2018-05-11 05:42:57",681
"2018-05-11 06:42:55",681
"2018-05-11 07:42:56",681
"2018-05-11 08:42:56",681
"2018-05-11 09:42:55",681
"2018-05-11 10:42:55",681
"2018-05-11 11:42:56",681
"2018-05-11 12:42:55",681
"2018-05-11 13:42:58",681
"2018-05-11 14:42:56",681
"2018-05-11 15:42:57",678
"2018-05-11 16:42:56",676
"2018-05-11 17:42:56",681
"2018-05-11 18:42:56",675
"2018-05-11 19:42:56",669
"2018-05-11 20:42:55",669
"2018-05-11 21:42:56",669
"2018-05-11 22:42:55",669
"2018-05-11 23:42:55",669
"2018-05-12 00:42:56",669
"2018-05-12 01:42:56",669
"2018-05-12 02:42:57",669
"2018-05-12 03:42:56",669
"2018-05-12 04:42:56",669
"2018-05-12 05:42:56",669
"2018-05-12 06:42:56",669
"2018-05-12 07:42:56",669
"2018-05-12 08:42:56",669
"2018-05-12 09:42:56",669
"2018-05-12 10:42:56",669
"2018-05-12 11:42:56",669
"2018-05-12 12:42:56",669
"2018-05-12 13:42:57",669
"2018-05-12 14:42:56",669
"2018-05-12 15:42:57",669
"2018-05-12 16:42:55",669
"2018-05-12 17:42:56",669
"2018-05-12 18:42:55",669
"2018-05-12 19:42:57",669
"2018-05-12 20:42:56",669
"2018-05-12 21:42:55",669
"2018-05-12 22:42:55",669
"2018-05-12 23:42:56",669
"2018-05-13 00:42:56",669
"2018-05-13 01:42:56",669
"2018-05-13 02:42:55",669
"2018-05-13 03:42:56",669
"2018-05-13 04:42:56",669
"2018-05-13 05:42:56",669
"2018-05-13 06:42:57",669
"2018-05-13 07:42:56",669
"2018-05-13 08:42:55",669
"2018-05-13 09:42:56",669
"2018-05-13 10:42:55",669
"2018-05-13 11:42:55",669
"2018-05-13 12:42:56",669
"2018-05-13 13:42:56",669
"2018-05-13 14:42:55",669
"2018-05-13 15:42:56",669
"2018-05-13 16:42:56",669
"2018-05-13 17:42:56",669
"2018-05-13 18:42:56",669
"2018-05-13 19:42:55",669
"2018-05-13 20:42:56",669
"2018-05-13 21:42:56",669
"2018-05-13 22:42:57",669
"2018-05-13 23:42:57",669
"2018-05-14 00:42:56",669
"2018-05-14 01:42:56",669
"2018-05-14 02:42:56",669
"2018-05-14 03:42:56",669
"2018-05-14 04:42:57",669
"2018-05-14 05:42:56",669
"2018-05-14 06:42:55",669
"2018-05-14 07:42:55",669
"2018-05-14 08:42:55",669
"2018-05-14 09:42:55",668
"2018-05-14 10:42:55",668
"2018-05-14 11:42:56",668
"2018-05-14 12:42:55",668
"2018-05-14 13:42:58",668
"2018-05-14 14:42:57",661
"2018-05-14 15:42:56",664
"2018-05-14 16:42:55",662
"2018-05-14 17:42:55",657
"2018-05-14 18:42:57",661
"2018-05-14 19:42:55",666
"2018-05-14 20:42:56",664
"2018-05-14 21:42:55",664
"2018-05-14 22:42:56",664
"2018-05-14 23:42:56",664
"2018-05-15 00:42:56",664
"2018-05-15 01:42:56",664
"2018-05-15 02:42:56",664
"2018-05-15 03:42:56",664
"2018-05-15 04:42:56",664
"2018-05-15 05:42:56",664
"2018-05-15 06:42:55",664
"2018-05-15 07:42:55",664
"2018-05-15 08:42:56",664
"2018-05-15 09:42:55",664
"2018-05-15 10:42:56",664
"2018-05-15 11:42:55",664
"2018-05-15 12:42:55",664
"2018-05-15 13:42:56",664
"2018-05-15 14:42:56",663
"2018-05-15 15:42:56",662
"2018-05-15 16:42:56",663
"2018-05-15 17:42:55",662
"2018-05-15 18:42:59",661
"2018-05-15 19:42:55",662
"2018-05-15 20:42:54",661
"2018-05-15 21:42:54",661
"2018-05-15 22:42:55",661
"2018-05-15 23:42:55",661
"2018-05-16 00:42:54",661
"2018-05-16 01:42:55",661
"2018-05-16 02:42:55",661
"2018-05-16 03:42:55",661
"2018-05-16 04:42:56",661
"2018-05-16 05:42:55",661
"2018-05-16 06:42:55",661
"2018-05-16 07:42:55",661
"2018-05-16 08:42:56",661
"2018-05-16 09:42:54",661
"2018-05-16 10:42:54",661
"2018-05-16 11:42:55",661
"2018-05-16 12:42:56",661
"2018-05-16 13:42:56",661
"2018-05-16 14:42:55",662
"2018-05-16 15:42:55",662
"2018-05-16 16:42:55",661
"2018-05-16 17:42:56",661
"2018-05-16 18:42:54",658
"2018-05-16 19:42:54",658
"2018-05-16 20:42:54",659
"2018-05-16 21:42:55",659
"2018-05-16 22:42:55",659
"2018-05-16 23:42:55",659
"2018-05-17 00:42:57",659
"2018-05-17 01:42:55",659
"2018-05-17 02:42:55",659
"2018-05-17 03:42:56",659
"2018-05-17 04:42:56",659
"2018-05-17 05:42:56",659
"2018-05-17 06:42:57",659
"2018-05-17 07:42:56",659
"2018-05-17 08:43:00",659
"2018-05-17 09:42:56",659
"2018-05-17 10:42:54",659
"2018-05-17 11:42:55",659
"2018-05-17 12:42:55",659
"2018-05-17 13:42:56",659
"2018-05-17 14:42:56",658
"2018-05-17 15:42:56",658
"2018-05-18 07:42:56",653
"2018-05-18 08:42:56",653
"2018-05-18 09:42:55",653
"2018-05-18 10:42:55",653
"2018-05-18 11:42:55",653
"2018-05-18 12:42:56",653
"2018-05-18 13:42:57",653
"2018-05-18 14:42:56",652
"2018-05-18 15:42:55",655
"2018-05-18 16:42:55",654
"2018-05-18 17:42:55",653
"2018-05-18 18:42:55",653
"2018-05-18 19:42:56",653
"2018-05-18 20:42:56",652
"2018-05-18 21:42:55",652
"2018-05-18 22:42:56",652
"2018-05-18 23:42:56",652
"2018-05-19 00:42:55",652
"2018-05-19 01:42:56",652
"2018-05-19 02:42:56",652
"2018-05-19 03:42:56",652
"2018-05-19 04:42:56",652
"2018-05-19 05:42:56",652
"2018-05-19 06:42:57",652
"2018-05-19 07:42:55",652
"2018-05-19 08:42:56",652
"2018-05-19 09:42:56",652
"2018-05-19 10:42:55",652
"2018-05-19 11:42:55",652
"2018-05-19 12:42:56",652
"2018-05-19 13:42:57",652
"2018-05-19 14:42:56",652
"2018-05-19 15:42:56",652
"2018-05-19 16:42:56",652
"2018-05-19 17:42:56",652
"2018-05-19 18:42:55",652
"2018-05-19 19:42:55",652
"2018-05-19 20:42:56",652
"2018-05-19 21:42:56",652
"2018-05-19 22:42:55",652
"2018-05-19 23:42:55",652
"2018-05-20 00:42:56",652
"2018-05-20 01:42:57",652
"2018-05-20 02:42:56",652
"2018-05-20 03:42:55",652
"2018-05-20 04:42:56",652
"2018-05-20 05:42:56",652
"2018-05-20 06:42:55",652
"2018-05-20 07:42:55",652
"2018-05-20 08:42:55",652
"2018-05-20 09:42:56",652
"2018-05-20 10:42:56",652
"2018-05-20 11:42:55",652
"2018-05-20 12:42:55",652
"2018-05-20 13:42:55",652
"2018-05-20 14:42:58",652
"2018-05-20 15:42:56",652
"2018-05-20 16:42:56",652
"2018-05-20 17:42:57",652
"2018-05-20 18:42:56",652
"2018-05-20 19:42:55",652
"2018-05-20 20:42:55",652
"2018-05-20 21:42:55",652
"2018-05-20 22:42:56",652
"2018-05-20 23:42:56",652
"2018-05-21 00:42:56",652
"2018-05-21 01:43:07",652
"2018-05-21 02:43:02",652
"2018-05-21 03:42:57",652
"2018-05-21 04:42:59",652
"2018-05-21 05:42:55",652
"2018-05-21 06:42:56",652
"2018-05-21 07:42:56",652
"2018-05-21 08:42:58",652
"2018-05-21 09:42:56",652
"2018-05-21 10:42:54",652
"2018-05-21 11:42:55",652
"2018-05-21 12:42:58",652
"2018-05-21 13:42:57",652
"2018-05-21 14:42:55",647
"2018-05-21 15:42:55",646
"2018-05-21 16:42:55",643
"2018-05-21 17:42:54",642
"2018-05-21 18:42:55",642
"2018-05-21 19:42:56",644
"2018-05-21 20:42:56",644
"2018-05-21 21:42:56",644
"2018-05-21 22:42:55",644
"2018-05-21 23:42:55",644
"2018-05-22 00:42:56",644
"2018-05-22 01:42:56",644
"2018-05-22 02:42:56",644
"2018-05-22 03:42:56",644
"2018-05-22 04:42:56",644
"2018-05-22 05:42:55",644
"2018-05-22 06:42:55",644
"2018-05-22 07:42:56",644
"2018-05-22 08:43:01",644
"2018-05-22 09:42:55",644
"2018-05-22 10:42:55",644
"2018-05-22 11:42:55",644
"2018-05-22 12:42:56",644
"2018-05-22 13:42:58",644
"2018-05-22 14:42:56",640
"2018-05-22 15:42:56",639
"2018-05-22 16:42:56",638
"2018-05-22 17:42:55",640
"2018-05-22 18:42:55",639
"2018-05-22 19:42:56",637
"2018-05-22 20:42:56",636
"2018-05-22 21:42:55",636
"2018-05-22 22:42:56",636
"2018-05-22 23:42:56",636
"2018-05-23 00:42:55",636
"2018-05-23 01:42:56",636
"2018-05-23 02:42:55",636
"2018-05-23 03:42:57",636
"2018-05-23 04:42:56",636
"2018-05-23 05:42:57",636
"2018-05-23 06:42:56",636
"2018-05-23 07:42:59",636
"2018-05-23 08:42:56",636
"2018-05-23 09:42:56",636
"2018-05-23 10:42:57",636
"2018-05-23 11:42:56",636
"2018-05-23 12:42:55",636
"2018-05-23 13:42:56",636
"2018-05-23 14:42:56",634
"2018-05-23 15:42:56",633
"2018-05-23 16:42:58",632
"2018-05-23 17:42:56",632
"2018-05-23 18:42:55",633
"2018-05-23 19:42:55",633
"2018-05-23 20:42:56",632
"2018-05-23 21:42:56",632
"2018-05-23 22:42:56",632
"2018-05-23 23:42:56",632
"2018-05-24 00:42:56",632
"2018-05-24 01:42:56",632
"2018-05-24 02:42:56",632
"2018-05-24 03:42:55",632
"2018-05-24 04:42:55",632
"2018-05-24 06:42:56",632
"2018-05-24 07:42:56",632
"2018-05-24 08:42:56",632
"2018-05-24 09:42:56",632
"2018-05-24 10:42:56",632
"2018-05-24 11:42:56",632
"2018-05-24 12:42:56",632
"2018-05-24 13:42:56",632
"2018-05-24 20:12:03",627
"2018-05-24 20:42:55",627
"2018-05-24 21:42:56",627
"2018-05-24 22:42:56",627
"2018-05-24 23:42:56",627
"2018-05-25 00:42:55",627
"2018-05-25 01:42:56",627
"2018-05-25 02:42:56",627
"2018-05-25 03:42:56",627
"2018-05-25 04:42:56",627
"2018-05-25 05:42:56",627
"2018-05-25 06:42:56",627
"2018-05-25 07:42:56",627
"2018-05-25 08:42:55",627
"2018-05-25 09:42:55",627
"2018-05-25 10:42:56",627
"2018-05-25 11:42:56",627
"2018-05-25 12:42:56",627
"2018-05-25 13:42:56",627
"2018-05-25 14:42:55",626
"2018-05-25 15:42:56",626
"2018-05-25 16:42:57",628
"2018-05-25 17:42:56",628
"2018-05-25 18:42:56",628
"2018-05-25 19:42:57",627
"2018-05-25 20:42:57",627
"2018-05-25 21:42:56",627
"2018-05-25 22:42:56",627
"2018-05-25 23:42:57",627
"2018-05-26 00:42:56",627
"2018-05-26 01:42:55",627
"2018-05-26 02:42:56",627
"2018-05-26 03:42:55",627
"2018-05-26 04:42:55",627
"2018-05-26 05:42:55",627
"2018-05-26 06:42:55",627
"2018-05-26 07:42:56",627
"2018-05-26 08:42:56",627
"2018-05-26 09:42:55",627
"2018-05-26 10:42:55",627
"2018-05-26 11:42:55",627
"2018-05-26 12:42:56",627
"2018-05-26 13:42:56",627
"2018-05-26 14:42:56",627
"2018-05-26 15:42:56",627
"2018-05-26 16:42:56",627
"2018-05-26 17:42:56",627
"2018-05-26 18:42:57",627
"2018-05-26 19:42:59",627
"2018-05-26 20:42:56",627
"2018-05-26 21:42:55",627
"2018-05-26 22:42:56",627
"2018-05-26 23:42:56",627
"2018-05-27 00:42:56",627
"2018-05-27 01:42:56",627
"2018-05-27 02:42:56",627
"2018-05-27 03:42:55",627
"2018-05-27 04:42:56",627
"2018-05-27 05:42:56",627
"2018-05-27 06:42:55",627
"2018-05-27 07:42:55",627
"2018-05-27 08:42:55",627
"2018-05-27 09:42:55",627
"2018-05-27 10:42:55",627
"2018-05-27 11:42:55",627
"2018-05-27 12:42:55",627
"2018-05-27 13:42:56",627
"2018-05-27 14:42:55",627
"2018-05-27 15:42:56",627
"2018-05-27 16:42:56",627
"2018-05-27 17:42:55",627
"2018-05-27 18:42:56",627
"2018-05-27 19:42:55",627
"2018-05-27 20:42:56",627
"2018-05-27 21:42:56",627
"2018-05-27 22:42:57",627
"2018-05-27 23:42:56",627
"2018-05-28 00:42:55",627
"2018-05-28 01:42:55",627
"2018-05-28 02:42:55",627
"2018-05-28 03:42:56",627
"2018-05-28 04:42:55",627
"2018-05-28 05:42:55",627
"2018-05-28 06:42:56",627
"2018-05-28 07:42:55",627
"2018-05-28 08:42:55",627
"2018-05-28 09:42:56",627
"2018-05-28 10:42:55",627
"2018-05-28 11:42:55",627
"2018-05-28 12:42:55",627
"2018-05-28 13:42:55",627
"2018-05-28 14:42:55",627
"2018-05-28 15:42:56",627
"2018-05-28 16:42:55",627
"2018-05-28 17:42:56",627
"2018-05-28 18:42:56",627
"2018-05-28 19:42:56",627
"2018-05-28 20:42:56",627
"2018-05-28 21:42:55",627
"2018-05-28 22:42:56",627
"2018-05-28 23:42:56",627
"2018-05-29 00:42:55",627
"2018-05-29 01:42:55",627
"2018-05-29 02:42:56",627
"2018-05-29 03:42:56",627
"2018-05-29 04:42:56",627
"2018-05-29 05:42:55",627
"2018-05-29 06:42:55",627
"2018-05-29 07:42:55",627
"2018-05-29 08:43:01",627
"2018-05-29 09:42:56",627
"2018-05-29 10:42:55",627
"2018-05-29 11:42:55",627
"2018-05-29 12:42:55",627
"2018-05-30 19:53:36",631
"2018-05-30 20:42:55",627
"2018-05-30 21:42:56",627
"2018-05-30 22:42:55",627
"2018-05-30 23:42:56",627
"2018-05-31 00:42:56",627
"2018-05-31 01:42:57",627
"2018-05-31 02:42:56",627
"2018-05-31 03:43:00",627
"2018-05-31 04:42:55",627
"2018-05-31 05:42:55",627
"2018-05-31 06:42:56",627
"2018-05-31 07:42:55",627
"2018-05-31 08:42:56",627
"2018-05-31 09:42:56",627
"2018-05-31 10:42:55",627
"2018-05-31 11:42:55",627
"2018-05-31 12:42:56",627
"2018-05-31 13:42:57",627
"2018-05-31 14:42:56",622
"2018-05-31 15:42:56",623
"2018-05-31 16:42:55",623
"2018-05-31 17:42:55",625
"2018-05-31 18:42:56",626
"2018-05-31 19:42:56",627
"2018-05-31 20:42:56",627
"2018-05-31 21:42:56",627
"2018-05-31 22:42:56",627
"2018-05-31 23:42:55",627
"2018-06-01 00:42:56",627
"2018-06-01 01:42:55",627
"2018-06-01 02:42:56",627
"2018-06-01 03:42:56",627
"2018-06-01 04:42:55",627
"2018-06-01 05:42:55",627
"2018-06-01 06:42:56",627
"2018-06-01 07:42:56",627
"2018-06-01 08:42:58",627
"2018-06-01 09:42:55",627
"2018-06-01 10:42:55",627
"2018-06-01 11:42:55",627
"2018-06-01 12:42:55",627
"2018-06-01 13:43:04",627
"2018-06-01 14:42:56",625
"2018-06-01 15:42:57",622
"2018-06-01 16:42:57",622
"2018-06-01 17:42:57",622
"2018-06-01 18:42:56",624
"2018-06-01 19:42:58",624
"2018-06-01 20:42:57",624
"2018-06-01 21:42:57",624
"2018-06-01 22:42:57",624
"2018-06-01 23:42:57",624
"2018-06-02 00:42:57",624
"2018-06-02 01:42:57",624
"2018-06-02 02:42:57",624
"2018-06-02 03:42:57",624
"2018-06-02 04:42:57",624
"2018-06-02 05:42:57",624
"2018-06-02 06:42:56",624
"2018-06-02 07:42:57",624
"2018-06-02 08:42:56",624
"2018-06-02 09:42:57",624
"2018-06-02 10:42:56",624
"2018-06-02 11:42:56",624
"2018-06-02 12:42:58",624
"2018-06-02 13:42:58",624
"2018-06-02 14:42:57",624
"2018-06-02 15:42:58",624
"2018-06-02 16:42:57",624
"2018-06-02 17:42:57",624
"2018-06-02 18:42:56",624
"2018-06-02 19:42:57",624
"2018-06-02 20:42:57",624
"2018-06-02 21:42:57",624
"2018-06-02 22:42:57",624
"2018-06-02 23:42:58",624
"2018-06-03 00:42:56",624
"2018-06-03 01:42:57",624
"2018-06-03 02:42:57",624
"2018-06-03 03:42:56",624
"2018-06-03 04:42:56",624
"2018-06-03 05:42:57",624
"2018-06-03 06:42:56",624
"2018-06-03 19:45:13",624
"2018-06-03 20:42:57",624
"2018-06-03 21:42:56",624
"2018-06-03 22:42:57",624
"2018-06-03 23:42:57",624
"2018-06-04 00:42:56",624
"2018-06-04 01:42:57",624
"2018-06-04 02:42:57",624
"2018-06-04 03:42:56",624
"2018-06-04 04:42:59",624
"2018-06-04 05:42:57",624
"2018-06-04 06:42:57",624
"2018-06-04 07:42:57",624
"2018-06-04 08:42:57",624
"2018-06-04 09:42:57",624
"2018-06-04 10:42:54",624
"2018-06-04 11:42:54",624
"2018-06-04 12:42:54",624
"2018-06-04 13:42:56",624
"2018-06-04 14:42:55",622
"2018-06-04 15:42:55",623
"2018-06-04 16:42:54",623
"2018-06-04 17:42:55",623
"2018-06-04 18:42:55",623
"2018-06-04 19:42:54",623
"2018-06-04 20:42:55",624
"2018-06-04 21:42:54",624
"2018-06-04 22:42:55",624
"2018-06-04 23:42:55",624
"2018-06-05 00:42:55",624
"2018-06-05 01:42:55",624
"2018-06-05 02:42:55",624
"2018-06-05 03:42:54",624
"2018-06-05 04:42:55",624
"2018-06-05 05:42:55",624
"2018-06-05 06:42:55",624
"2018-06-05 07:42:54",624
"2018-06-05 08:42:54",624
"2018-06-05 09:42:55",624
"2018-06-05 10:42:55",624
"2018-06-05 11:42:54",624
"2018-06-05 12:42:54",624
"2018-06-05 13:42:56",624
"2018-06-05 14:42:56",627
"2018-06-05 15:42:55",626
"2018-06-05 16:42:55",625
"2018-06-05 17:42:54",624
"2018-06-05 18:42:54",625
"2018-06-05 19:42:55",625
"2018-06-05 20:42:55",623
"2018-06-05 21:42:55",623
"2018-06-05 22:42:55",623
"2018-06-05 23:42:55",623
"2018-06-06 00:42:55",623
"2018-06-06 01:42:55",623
"2018-06-06 02:42:55",623
"2018-06-06 03:42:55",623
"2018-06-06 04:42:55",623
"2018-06-06 05:42:55",623
"2018-06-06 06:42:55",623
"2018-06-06 07:42:54",623
"2018-06-06 08:42:55",623
"2018-06-06 09:42:54",623
"2018-06-06 10:42:55",623
"2018-06-06 11:42:55",623
"2018-06-06 12:42:55",623
"2018-06-06 13:42:56",623
"2018-06-06 14:42:56",624
"2018-06-06 15:42:56",624
"2018-06-06 16:42:57",625
"2018-06-06 17:42:56",625
"2018-06-06 18:42:56",626
"2018-06-06 19:42:56",625
"2018-06-06 20:42:55",625
"2018-06-06 21:42:55",625
"2018-06-06 22:42:57",625
"2018-06-06 23:42:58",625
"2018-06-07 00:42:58",625
"2018-06-07 01:42:58",625
"2018-06-07 02:42:58",625
"2018-06-07 03:42:57",625
"2018-06-07 04:42:58",625
"2018-06-07 05:42:59",625
"2018-06-07 06:42:58",625
"2018-06-07 07:42:57",625
"2018-06-07 08:42:58",625
"2018-06-07 09:42:58",625
"2018-06-07 10:42:57",625
"2018-06-07 11:42:57",625
"2018-06-07 12:42:57",625
"2018-06-07 13:42:58",625
"2018-06-07 14:42:59",625
"2018-06-07 15:42:57",619
"2018-06-07 16:42:59",619
"2018-06-07 17:42:58",621
"2018-06-07 18:42:57",622
"2018-06-07 19:42:58",621
"2018-06-07 20:42:58",621
"2018-06-07 21:42:57",621
"2018-06-07 22:42:58",621
"2018-06-07 23:42:58",621
"2018-06-08 00:42:58",621
"2018-06-08 01:42:57",621
"2018-06-08 02:42:58",621
"2018-06-08 03:42:58",621
"2018-06-08 04:42:59",621
"2018-06-08 05:42:57",621
"2018-06-08 06:42:59",621
"2018-06-08 07:42:59",621
"2018-06-08 08:42:58",621
"2018-06-08 09:42:57",621
"2018-06-08 10:42:58",621
"2018-06-08 11:42:57",621
"2018-06-08 12:42:58",621
"2018-06-08 13:42:59",621
"2018-06-08 14:42:58",621
"2018-06-08 15:42:57",622
"2018-06-08 16:42:58",623
"2018-06-08 17:42:58",622
"2018-06-08 18:42:58",620
"2018-06-08 19:42:58",621
"2018-06-08 20:42:58",622
"2018-06-08 21:42:58",622
"2018-06-08 22:42:57",622
"2018-06-08 23:42:57",622
"2018-06-09 00:42:57",622
"2018-06-09 01:42:58",622
"2018-06-09 02:42:57",622
"2018-06-09 03:42:58",622
"2018-06-09 04:42:59",622
"2018-06-09 05:42:57",622
"2018-06-09 06:42:59",622
"2018-06-09 07:42:57",622
"2018-06-09 08:42:57",622
"2018-06-09 09:42:58",622
"2018-06-09 10:42:58",622
"2018-06-09 11:42:58",622
"2018-06-09 12:42:58",622
"2018-06-09 13:42:59",622
"2018-06-09 14:42:58",622
"2018-06-09 15:42:59",622
"2018-06-09 16:42:58",622
"2018-06-09 17:42:59",622
"2018-06-09 18:42:59",622
"2018-06-09 19:42:58",622
"2018-06-09 20:42:59",622
"2018-06-09 21:42:59",622
"2018-06-09 22:42:57",622
"2018-06-09 23:42:58",622
"2018-06-10 00:42:58",622
"2018-06-10 01:42:58",622
"2018-06-10 02:42:58",622
"2018-06-10 03:42:58",622
"2018-06-10 04:42:58",622
"2018-06-10 05:42:57",622
"2018-06-10 06:42:57",622
"2018-06-10 07:42:59",622
"2018-06-10 08:42:58",622
"2018-06-10 09:42:58",622
"2018-06-10 10:42:59",622
"2018-06-10 11:42:58",622
"2018-06-10 12:42:57",622
"2018-06-10 13:42:57",622
"2018-06-10 14:42:59",622
"2018-06-10 15:42:57",622
"2018-06-10 16:42:58",622
"2018-06-10 17:42:58",622
"2018-06-10 18:42:58",622
"2018-06-10 19:42:57",622
"2018-06-10 20:42:57",622
"2018-06-10 21:42:57",622
"2018-06-10 22:42:58",622
"2018-06-10 23:42:58",622
"2018-06-11 00:42:58",622
"2018-06-11 01:42:57",622
"2018-06-11 02:42:57",622
"2018-06-11 03:42:58",622
"2018-06-11 04:42:58",622
"2018-06-11 06:42:57",622
"2018-06-11 07:42:57",622
"2018-06-11 08:42:58",622
"2018-06-11 09:42:57",622
"2018-06-11 10:42:58",622
"2018-06-11 11:42:57",622
"2018-06-11 12:42:58",622
"2018-06-11 13:42:59",622
"2018-06-11 14:42:58",621
"2018-06-11 15:42:58",621
"2018-06-11 16:42:58",621
"2018-06-11 17:42:57",622
"2018-06-11 18:42:58",621
"2018-06-11 19:42:57",620
"2018-06-11 20:42:58",620
"2018-06-11 21:42:57",620
"2018-06-11 22:42:57",620
"2018-06-11 23:42:57",620
"2018-06-12 00:42:58",620
"2018-06-12 01:42:58",620
"2018-06-12 02:42:58",620
"2018-06-12 03:42:59",620
"2018-06-12 04:42:58",620
"2018-06-12 05:42:58",620
"2018-06-12 06:42:58",620
"2018-06-12 07:42:58",620
"2018-06-12 08:42:57",620
"2018-06-12 09:42:57",620
"2018-06-12 10:42:57",620
"2018-06-12 11:42:57",620
"2018-06-12 12:42:58",620
"2018-06-12 13:43:00",620
"2018-06-12 14:42:58",621
"2018-06-12 15:42:57",620
"2018-06-12 16:42:58",617
"2018-06-12 17:42:57",616
"2018-06-12 18:42:58",616
"2018-06-12 19:42:58",616
"2018-06-12 20:42:57",616
"2018-06-12 21:42:57",616
"2018-06-12 22:42:57",616
"2018-06-12 23:42:58",616
"2018-06-13 00:42:58",616
"2018-06-13 01:42:57",616
"2018-06-13 02:42:57",616
"2018-06-13 03:42:58",616
"2018-06-13 04:42:59",616
"2018-06-13 05:42:58",616
"2018-06-13 06:42:58",616
"2018-06-13 07:42:58",616
"2018-06-13 08:42:59",616
"2018-06-13 09:42:57",616
"2018-06-13 10:42:57",616
"2018-06-13 11:42:57",616
"2018-06-13 12:42:58",616
"2018-06-13 13:43:00",616
"2018-06-13 14:42:58",611
"2018-06-13 15:42:58",612
"2018-06-13 16:42:58",611
"2018-06-13 17:42:58",611
"2018-06-13 18:42:59",611
"2018-06-13 19:42:58",612
"2018-06-13 20:42:58",613
"2018-06-13 21:42:58",613
"2018-06-13 22:42:57",613
"2018-06-13 23:42:58",613
"2018-06-14 00:42:58",613
"2018-06-14 01:42:58",613
"2018-06-14 02:42:58",613
"2018-06-14 03:42:59",613
"2018-06-14 04:42:57",613
"2018-06-14 05:42:59",613
"2018-06-14 06:42:58",613
"2018-06-14 07:42:58",613
"2018-06-14 08:42:58",613
"2018-06-14 09:42:56",613
"2018-06-14 10:42:57",613
"2018-06-14 11:42:58",613
"2018-06-14 12:42:58",613
"2018-06-14 13:42:59",613
"2018-06-14 14:42:59",614
"2018-06-14 15:42:59",613
"2018-06-14 16:42:57",613
"2018-06-14 17:42:57",614
"2018-06-14 18:42:59",614
"2018-06-14 19:42:59",614
"2018-06-14 20:42:59",614
"2018-06-14 21:42:59",614
"2018-06-14 22:43:00",614
"2018-06-14 23:42:59",614
"2018-06-15 00:42:59",614
"2018-06-15 01:42:58",614
"2018-06-15 02:42:58",614
"2018-06-15 03:42:59",614
"2018-06-15 04:42:59",614
"2018-06-15 05:43:00",614
"2018-06-15 06:42:59",614
"2018-06-15 07:42:58",614
"2018-06-15 08:42:58",614
"2018-06-15 09:42:58",614
"2018-06-15 10:42:58",614
"2018-06-15 11:42:57",614
"2018-06-15 12:42:59",614
"2018-06-15 13:43:00",614
"2018-06-15 14:43:00",614
"2018-06-15 15:42:59",615
"2018-06-15 16:42:58",615
"2018-06-15 17:42:58",616
"2018-06-15 18:43:00",615
"2018-06-15 19:42:59",615
"2018-06-15 20:42:59",613
"2018-06-15 21:42:58",613
"2018-06-15 22:42:59",613
"2018-06-15 23:42:59",613
"2018-06-16 00:42:59",613
"2018-06-16 01:42:59",613
"2018-06-16 02:43:00",613
"2018-06-16 03:42:59",613
"2018-06-16 04:43:01",613
"2018-06-16 05:43:01",613
"2018-06-16 06:42:59",613
"2018-06-16 07:42:58",613
"2018-06-16 08:42:59",613
"2018-06-16 09:42:59",613
"2018-06-16 10:42:58",613
"2018-06-16 11:42:59",613
"2018-06-16 12:42:59",613
"2018-06-16 13:42:59",613
"2018-06-16 14:43:00",613
"2018-06-16 15:42:59",613
"2018-06-16 16:42:59",613
"2018-06-16 17:42:59",613
"2018-06-16 18:42:59",613
"2018-06-16 19:42:59",613
"2018-06-16 20:42:59",613
"2018-06-16 21:42:58",613
"2018-06-16 22:42:59",613
"2018-06-16 23:42:58",613
"2018-06-17 00:42:59",613
"2018-06-17 01:42:59",613
"2018-06-17 02:43:01",613
"2018-06-17 03:42:59",613
"2018-06-17 04:42:59",613
"2018-06-17 05:42:59",613
"2018-06-17 06:42:58",613
"2018-06-17 07:42:59",613
"2018-06-17 08:42:59",613
"2018-06-17 09:42:58",613
"2018-06-17 10:42:58",613
"2018-06-17 11:42:58",613
"2018-06-17 12:42:59",613
"2018-06-17 13:42:59",613
"2018-06-17 14:42:59",613
"2018-06-17 15:42:58",613
"2018-06-17 16:42:58",613
"2018-06-17 17:42:59",613
"2018-06-17 18:42:58",613
"2018-06-17 19:43:00",613
"2018-06-17 20:42:59",613
"2018-06-17 21:42:59",613
"2018-06-17 22:42:58",613
"2018-06-17 23:42:59",613
"2018-06-18 00:43:00",613
"2018-06-18 01:42:59",613
"2018-06-18 02:43:00",613
"2018-06-18 03:42:58",613
"2018-06-18 04:42:59",613
"2018-06-18 05:42:59",613
"2018-06-18 06:42:58",613
"2018-06-18 07:42:58",613
"2018-06-18 08:43:05",613
"2018-06-18 09:42:59",613
"2018-06-18 10:42:58",613
"2018-06-18 11:42:59",613
"2018-06-18 12:42:58",613
"2018-06-18 13:43:00",613
"2018-06-18 14:42:59",612
"2018-06-18 15:42:59",613
"2018-06-18 16:42:58",612
"2018-06-18 17:42:58",611
"2018-06-18 18:43:00",608
"2018-06-18 19:42:59",607
"2018-06-18 20:42:59",606
"2018-06-18 21:42:58",606
"2018-06-18 22:42:59",606
"2018-06-18 23:42:59",606
"2018-06-19 00:42:59",606
"2018-06-19 01:42:58",606
"2018-06-19 02:42:59",606
"2018-06-19 03:42:59",606
"2018-06-19 04:42:59",606
"2018-06-19 05:42:59",606
"2018-06-19 06:42:59",606
"2018-06-19 07:43:01",606
"2018-06-19 08:43:00",606
"2018-06-19 09:42:58",606
"2018-06-19 10:42:59",605
"2018-06-19 11:42:58",605
"2018-06-19 12:42:58",605
"2018-06-19 13:43:02",605
"2018-06-19 14:42:59",604
"2018-06-19 15:42:59",600
"2018-06-19 16:42:59",600
"2018-06-19 17:42:59",600
"2018-06-19 18:42:59",601
"2018-06-19 19:42:59",601
"2018-06-19 20:42:58",601
"2018-06-19 21:42:59",601
"2018-06-19 22:42:58",601
"2018-06-19 23:42:59",601
"2018-06-20 00:43:09",601
"2018-06-20 01:43:00",601
"2018-06-20 02:42:58",601
"2018-06-20 03:42:59",601
"2018-06-20 04:42:59",601
"2018-06-20 05:42:58",601
"2018-06-20 06:42:59",601
"2018-06-20 07:42:59",601
"2018-06-20 08:42:58",601
"2018-06-20 09:42:58",601
"2018-06-20 10:42:59",601
"2018-06-20 11:42:58",601
"2018-06-20 12:42:58",601
"2018-06-20 14:07:33",600
"2018-06-20 14:43:01",600
"2018-06-20 15:43:00",601
"2018-06-20 16:43:00",601
"2018-06-20 17:42:59",602
"2018-06-20 18:42:59",601
"2018-06-20 19:42:59",600
"2018-06-20 20:42:58",598
"2018-06-20 21:42:59",599
"2018-06-20 22:42:59",599
"2018-06-20 23:42:59",599
"2018-06-21 00:42:59",599
"2018-06-21 01:42:59",599
"2018-06-21 02:42:59",599
"2018-06-21 03:42:59",599
"2018-06-21 04:42:59",599
"2018-06-21 05:43:00",599
"2018-06-21 06:42:58",599
"2018-06-21 07:42:59",599
"2018-06-21 08:42:59",599
"2018-06-21 09:42:58",599
"2018-06-21 10:42:59",599
"2018-06-21 11:42:58",599
"2018-06-21 12:42:59",599
"2018-06-21 13:42:59",599
"2018-06-21 14:42:59",599
"2018-06-21 15:42:59",599
"2018-06-21 16:42:59",600
"2018-06-21 17:42:59",601
"2018-06-21 18:42:59",602
"2018-06-21 19:42:59",601
"2018-06-21 20:42:59",601
"2018-06-21 21:42:59",601
"2018-06-21 22:42:59",601
"2018-06-21 23:42:59",601
"2018-06-22 00:42:59",601
"2018-06-22 01:42:58",601
"2018-06-22 02:42:59",601
"2018-06-22 03:42:59",601
"2018-06-22 04:42:59",601
"2018-06-22 05:43:00",601
"2018-06-22 06:42:59",601
"2018-06-22 07:42:58",601
"2018-06-22 08:42:59",601
"2018-06-22 09:42:59",601
"2018-06-22 10:42:59",601
"2018-06-22 11:42:58",601
"2018-06-22 12:42:59",601
"2018-06-22 13:43:00",601
"2018-06-22 15:07:02",600
"2018-06-22 15:42:59",600
"2018-06-22 16:43:00",600
"2018-06-22 17:42:59",598
"2018-06-22 18:42:59",598
"2018-06-22 19:43:00",598
"2018-06-22 20:42:58",598
"2018-06-22 21:42:59",598
"2018-06-22 22:42:59",598
"2018-06-22 23:42:59",598
"2018-06-23 00:43:08",598
"2018-06-23 01:42:59",598
"2018-06-23 02:42:59",598
"2018-06-23 03:42:59",598
"2018-06-23 04:42:59",598
"2018-06-23 05:42:59",598
"2018-06-23 06:42:59",598
"2018-06-23 07:42:59",598
"2018-06-23 08:42:59",598
"2018-06-23 09:42:58",598
"2018-06-23 10:42:59",598
"2018-06-23 11:43:00",598
"2018-06-23 12:42:58",598
"2018-06-23 13:42:59",598
"2018-06-23 14:42:59",598
"2018-06-23 15:43:00",598
"2018-06-23 16:42:59",598
"2018-06-23 17:42:59",598
"2018-06-23 18:42:59",598
"2018-06-23 19:42:59",598
"2018-06-23 20:43:00",598
"2018-06-23 21:42:59",598
"2018-06-23 22:42:59",598
"2018-06-23 23:42:58",598
"2018-06-24 00:43:19",598
"2018-06-24 01:42:58",598
"2018-06-24 02:42:58",598
"2018-06-24 03:43:02",598
"2018-06-24 04:42:59",598
"2018-06-24 05:42:58",598
"2018-06-24 06:42:59",598
"2018-06-24 07:42:59",598
"2018-06-24 08:42:58",598
"2018-06-24 09:42:59",598
"2018-06-24 10:43:35",598
"2018-06-24 11:42:59",598
"2018-06-24 12:43:00",598
"2018-06-24 13:42:59",598
"2018-06-24 14:43:09",598
"2018-06-24 15:43:15",598
"2018-06-24 16:42:58",598
"2018-06-24 17:42:59",598
"2018-06-24 18:42:59",598
"2018-06-24 19:42:59",598
"2018-06-24 20:42:59",598
"2018-06-24 21:42:59",598
"2018-06-24 22:42:58",598
"2018-06-24 23:42:59",598
"2018-06-25 00:42:58",598
"2018-06-25 01:42:59",598
"2018-06-25 02:43:00",598
"2018-06-25 03:43:07",598
"2018-06-25 04:43:02",598
"2018-06-25 05:43:00",598
"2018-06-25 06:42:59",598
"2018-06-25 07:42:58",598
"2018-06-25 08:42:59",598
"2018-06-25 09:42:59",598
"2018-06-25 10:42:59",598
"2018-06-25 11:42:59",598
"2018-06-25 12:42:58",598
"2018-06-25 13:43:01",598
"2018-06-25 14:42:59",599
"2018-06-25 15:42:59",595
"2018-06-25 16:42:58",594
"2018-06-25 17:42:59",595
"2018-06-25 18:42:59",596
"2018-06-25 19:42:59",595
"2018-06-25 20:43:00",595
"2018-06-25 21:42:59",595
"2018-06-25 22:42:58",595
"2018-06-26 01:11:25",595
"2018-06-26 01:42:59",595
"2018-06-26 02:42:59",595
"2018-06-26 03:43:09",595
"2018-06-26 04:43:09",595
"2018-06-26 05:42:59",595
"2018-06-26 06:42:59",595
"2018-06-26 07:43:00",595
"2018-06-26 08:42:59",595
"2018-06-26 09:43:01",595
"2018-06-26 10:43:03",595
"2018-06-26 11:43:07",595
"2018-06-26 12:43:11",595
"2018-06-26 13:43:01",595
"2018-06-26 14:43:00",594
"2018-06-26 15:43:12",594
"2018-06-26 16:43:00",594
"2018-06-26 17:42:59",593
"2018-06-26 18:42:59",593
"2018-06-26 19:43:00",593
"2018-06-26 20:42:59",592
"2018-06-26 21:42:59",592
"2018-06-26 22:42:59",592
"2018-06-26 23:42:59",592
"2018-06-27 00:42:59",592
"2018-06-27 01:42:58",592
"2018-06-27 02:42:59",592
"2018-06-27 03:43:00",592
"2018-06-27 04:43:04",592
"2018-06-27 05:43:01",592
"2018-06-27 06:42:59",592
"2018-06-27 07:42:58",592
"2018-06-27 08:42:58",592
"2018-06-27 09:42:59",592
"2018-06-27 10:42:58",592
"2018-06-27 11:42:59",592
"2018-06-27 12:42:59",592
"2018-06-27 13:43:16",592
"2018-06-27 14:43:15",591
"2018-06-27 15:43:16",590
"2018-06-27 16:43:01",589
"2018-06-27 17:43:00",590
"2018-06-27 18:43:01",590
"2018-06-27 19:43:02",590
"2018-06-27 20:43:00",589
"2018-06-27 21:42:59",589
"2018-06-27 22:42:59",589
"2018-06-27 23:43:00",589
"2018-06-28 00:43:01",589
"2018-06-28 01:43:00",589
"2018-06-28 02:43:04",589
"2018-06-28 03:43:13",589
"2018-06-28 04:43:11",589
"2018-06-28 05:43:08",589
"2018-06-28 06:43:01",589
"2018-06-28 07:43:00",589
"2018-06-28 08:43:00",589
"2018-06-28 09:42:59",589
"2018-06-28 10:42:59",589
"2018-06-28 11:42:59",589
"2018-06-28 12:42:58",589
"2018-06-28 13:43:02",589
"2018-06-28 14:43:16",587
"2018-06-28 15:43:16",587
"2018-06-28 16:42:59",587
"2018-06-28 17:43:01",587
"2018-06-28 18:42:59",587
"2018-06-28 19:43:04",587
"2018-06-28 20:43:00",587
"2018-06-28 21:43:00",587
"2018-06-28 22:42:59",587
"2018-06-28 23:43:00",587
"2018-06-29 00:43:00",587
"2018-06-29 01:43:00",587
"2018-06-29 02:43:00",587
"2018-06-29 03:43:09",587
"2018-06-29 04:43:04",587
"2018-06-29 05:43:01",587
"2018-06-29 06:43:01",587
"2018-06-29 07:43:01",587
"2018-06-29 08:43:02",587
"2018-06-29 09:43:00",587
"2018-06-29 10:43:00",587
"2018-06-29 11:43:00",587
"2018-06-29 12:43:04",587
"2018-06-29 13:43:01",587
"2018-06-29 14:43:01",588
"2018-06-29 15:43:00",588
"2018-06-29 16:43:00",588
"2018-06-29 17:42:59",588
"2018-06-29 18:43:00",588
"2018-06-29 19:43:04",586
"2018-06-29 20:43:00",587
"2018-06-29 21:43:02",587
"2018-06-29 22:43:01",587
"2018-06-29 23:43:02",587
"2018-06-30 00:43:02",587
"2018-06-30 01:42:59",587
"2018-06-30 02:43:01",587
"2018-06-30 03:43:10",587
"2018-06-30 04:43:06",587
"2018-06-30 05:43:05",587
"2018-06-30 06:43:03",587
"2018-06-30 07:43:00",587
"2018-06-30 08:43:00",587
"2018-06-30 09:42:59",587
"2018-06-30 10:43:01",587
"2018-06-30 11:43:02",587
"2018-06-30 12:43:05",587
"2018-06-30 13:43:14",587
"2018-06-30 14:43:02",587
"2018-06-30 15:43:12",587
"2018-06-30 16:43:05",587
"2018-06-30 17:43:00",587
"2018-06-30 18:42:59",587
"2018-06-30 19:43:08",587
"2018-06-30 20:42:59",587
"2018-06-30 21:42:59",587
"2018-06-30 22:43:00",587
"2018-06-30 23:43:00",587
"2018-07-01 00:43:00",587
"2018-07-01 01:43:00",587
"2018-07-01 02:43:00",587
"2018-07-01 03:43:00",587
"2018-07-01 04:42:59",587
"2018-07-01 05:43:00",587
"2018-07-01 06:43:00",587
"2018-07-01 07:42:59",587
"2018-07-01 08:43:00",587
"2018-07-01 09:43:00",587
"2018-07-01 10:43:00",587
"2018-07-01 11:43:00",587
"2018-07-01 12:43:01",587
"2018-07-01 13:43:00",587
"2018-07-01 14:43:00",587
"2018-07-01 15:43:00",587
"2018-07-01 16:43:02",587
"2018-07-01 17:43:01",587
"2018-07-01 18:43:00",587
"2018-07-01 19:43:03",587
"2018-07-01 20:43:01",587
"2018-07-01 21:43:01",587
"2018-07-01 22:42:59",587
"2018-07-01 23:43:00",587
"2018-07-02 00:43:00",587
"2018-07-02 01:43:02",587
"2018-07-02 02:43:01",587
"2018-07-02 03:43:00",587
"2018-07-02 04:42:59",587
"2018-07-02 05:43:01",587
"2018-07-02 06:43:01",587
"2018-07-02 07:43:00",587
"2018-07-02 08:43:01",587
"2018-07-02 09:43:01",587
"2018-07-02 10:43:00",587
"2018-07-02 11:42:59",587
"2018-07-02 12:43:00",587
"2018-07-02 13:43:01",587
"2018-07-02 14:43:00",594
"2018-07-02 15:43:01",592
"2018-07-02 16:43:01",592
"2018-07-02 17:43:01",592
"2018-07-02 18:43:00",592
"2018-07-02 19:43:02",592
"2018-07-02 20:43:00",591
"2018-07-02 21:43:00",591
"2018-07-02 22:43:01",591
"2018-07-02 23:43:01",591
"2018-07-03 00:43:00",591
"2018-07-03 01:43:00",591
"2018-07-03 02:43:00",591
"2018-07-03 03:43:00",591
"2018-07-03 04:43:00",591
"2018-07-03 05:43:00",591
"2018-07-03 06:42:59",591
"2018-07-03 07:43:00",591
"2018-07-03 08:43:00",591
"2018-07-03 09:43:00",591
"2018-07-03 10:43:00",591
"2018-07-03 11:43:00",591
"2018-07-03 12:43:00",591
"2018-07-03 13:43:01",591
"2018-07-03 14:43:00",589
"2018-07-03 15:43:00",590
"2018-07-03 16:43:00",591
"2018-07-03 17:43:00",592
"2018-07-03 18:42:59",592
"2018-07-03 19:43:04",592
"2018-07-03 20:43:00",592
"2018-07-03 21:42:59",592
"2018-07-03 22:43:00",592
"2018-07-03 23:42:59",592
"2018-07-04 00:43:00",592
"2018-07-04 01:43:01",592
"2018-07-04 02:43:01",592
"2018-07-04 03:43:00",592
"2018-07-04 04:42:59",592
"2018-07-04 05:42:59",592
"2018-07-04 06:43:00",592
"2018-07-04 07:43:00",592
"2018-07-04 08:43:00",592
"2018-07-04 09:43:00",592
"2018-07-04 10:43:00",592
"2018-07-04 11:42:59",592
"2018-07-04 12:42:59",592
"2018-07-04 13:43:01",592
"2018-07-04 14:43:00",592
"2018-07-04 15:42:59",592
"2018-07-04 16:43:00",592
"2018-07-04 17:43:00",592
"2018-07-04 18:43:00",592
"2018-07-04 19:43:01",592
"2018-07-04 20:43:01",592
"2018-07-04 21:43:00",592
"2018-07-04 22:42:59",592
"2018-07-04 23:43:00",592
"2018-07-05 00:42:59",592
"2018-07-05 01:43:00",592
"2018-07-05 02:43:00",592
"2018-07-05 03:43:00",592
"2018-07-05 04:43:00",592
"2018-07-05 05:42:59",592
"2018-07-05 06:42:59",592
"2018-07-05 07:43:00",592
"2018-07-05 08:43:00",592
"2018-07-05 09:43:00",592
"2018-07-05 10:43:00",592
"2018-07-05 11:43:00",592
"2018-07-05 12:43:00",592
"2018-07-05 13:43:01",592
"2018-07-05 14:43:00",592
"2018-07-05 15:43:00",591
"2018-07-05 16:43:00",591
"2018-07-05 17:43:02",592
"2018-07-05 18:42:59",589
"2018-07-05 19:43:05",589
"2018-07-05 20:42:59",589
"2018-07-05 21:43:01",589
"2018-07-05 22:43:00",589
"2018-07-05 23:43:00",589
"2018-07-06 00:43:00",589
"2018-07-06 01:43:00",589
"2018-07-06 02:43:00",589
"2018-07-06 03:43:00",589
"2018-07-06 04:43:01",589
"2018-07-06 05:42:59",589
"2018-07-06 06:42:59",589
"2018-07-06 07:43:00",589
"2018-07-06 08:43:01",589
"2018-07-06 09:43:00",589
"2018-07-06 10:43:01",589
"2018-07-06 11:43:03",589
"2018-07-06 12:43:00",589
"2018-07-06 13:43:02",589
"2018-07-06 14:43:01",586
"2018-07-06 15:43:02",586
"2018-07-06 16:43:01",586
"2018-07-06 17:43:01",587
"2018-07-06 18:42:59",587
"2018-07-06 19:43:06",585
"2018-07-06 20:43:01",585
"2018-07-06 21:43:00",585
"2018-07-06 22:43:00",585
"2018-07-06 23:43:00",585
"2018-07-07 00:43:00",585
"2018-07-07 01:42:59",585
"2018-07-07 02:43:01",585
"2018-07-07 03:43:00",585
"2018-07-07 04:43:01",585
"2018-07-07 05:42:59",585
"2018-07-07 06:43:00",585
"2018-07-07 07:43:00",585
"2018-07-07 08:43:00",585
"2018-07-07 09:43:00",585
"2018-07-07 10:43:00",585
"2018-07-07 11:43:00",585
"2018-07-07 12:43:00",585
"2018-07-07 13:43:00",585
"2018-07-07 14:43:01",585
"2018-07-07 15:43:00",585
"2018-07-07 16:43:01",585
"2018-07-07 17:43:01",585
"2018-07-07 18:43:02",585
"2018-07-07 19:43:05",585
"2018-07-07 20:43:00",585
"2018-07-07 21:42:59",585
"2018-07-07 22:43:01",585
"2018-07-07 23:43:01",585
"2018-07-08 00:43:01",585
"2018-07-08 01:43:01",585
"2018-07-08 02:43:01",585
"2018-07-08 03:43:02",585
"2018-07-08 04:43:01",585
"2018-07-08 05:43:01",585
"2018-07-08 06:43:01",585
"2018-07-08 07:43:01",585
"2018-07-08 08:43:00",585
"2018-07-08 09:43:01",585
"2018-07-08 10:42:59",585
"2018-07-08 11:43:00",585
"2018-07-08 12:43:01",585
"2018-07-08 13:43:00",585
"2018-07-08 14:43:00",585
"2018-07-08 15:43:00",585
"2018-07-08 16:43:00",585
"2018-07-08 17:43:00",585
"2018-07-08 18:43:01",585
"2018-07-08 19:43:07",585
"2018-07-08 20:43:01",585
"2018-07-08 21:43:00",585
"2018-07-08 22:43:00",585
"2018-07-08 23:43:00",585
"2018-07-09 00:43:00",585
"2018-07-09 01:43:01",585
"2018-07-09 02:43:01",585
"2018-07-09 03:43:02",585
"2018-07-09 04:43:00",585
"2018-07-09 05:43:01",585
"2018-07-09 06:42:59",585
"2018-07-09 07:43:00",585
"2018-07-09 08:43:01",585
"2018-07-09 09:43:00",585
"2018-07-09 10:43:01",585
"2018-07-09 11:42:59",585
"2018-07-09 12:43:00",585
"2018-07-09 13:43:05",585
"2018-07-09 14:43:00",599
"2018-07-09 15:43:01",601
"2018-07-09 16:43:01",603
"2018-07-09 17:43:01",603
"2018-07-09 18:43:02",603
"2018-07-09 19:43:20",604
"2018-07-09 20:43:00",606
"2018-07-09 21:43:00",606
"2018-07-09 22:43:01",606
"2018-07-09 23:43:00",606
"2018-07-10 00:43:00",606
"2018-07-10 01:43:02",606
"2018-07-10 02:43:00",606
"2018-07-10 03:43:01",606
"2018-07-10 04:43:01",606
"2018-07-10 05:43:01",606
"2018-07-10 06:43:01",606
"2018-07-10 07:43:00",606
"2018-07-10 08:43:00",606
"2018-07-10 09:43:00",606
"2018-07-10 10:43:00",606
"2018-07-10 11:43:00",606
"2018-07-10 12:42:59",606
"2018-07-10 13:43:06",606
"2018-07-10 14:43:04",606
"2018-07-10 15:43:02",607
"2018-07-10 16:43:02",607
"2018-07-10 17:43:03",610
"2018-07-10 18:43:01",611
"2018-07-10 19:43:08",612
"2018-07-10 20:43:02",612
"2018-07-10 21:43:01",612
"2018-07-10 22:43:06",612
"2018-07-10 23:43:02",612
"2018-07-11 00:43:02",612
"2018-07-11 01:43:03",612
"2018-07-11 02:43:02",612
"2018-07-11 03:43:02",612
"2018-07-11 04:43:02",612
"2018-07-11 05:43:02",612
"2018-07-11 06:43:02",612
"2018-07-11 07:43:01",612
"2018-07-11 08:43:02",612
"2018-07-11 09:43:02",612
"2018-07-11 10:43:01",612
"2018-07-11 11:43:01",612
"2018-07-11 12:43:00",612
"2018-07-11 13:43:03",612
"2018-07-11 14:43:03",613
"2018-07-11 15:43:03",613
"2018-07-11 16:43:02",613
"2018-07-11 17:43:01",614
"2018-07-11 18:43:01",614
"2018-07-11 19:43:04",615
"2018-07-11 20:43:01",618
"2018-07-11 21:43:01",618
"2018-07-11 22:43:01",619
"2018-07-11 23:43:02",619
"2018-07-12 00:43:02",619
"2018-07-12 01:43:01",619
"2018-07-12 02:43:02",619
"2018-07-12 03:43:02",619
"2018-07-12 04:43:02",619
"2018-07-12 05:43:02",619
"2018-07-12 06:43:02",619
"2018-07-12 07:43:02",619
"2018-07-12 08:43:02",619
"2018-07-12 09:43:02",619
"2018-07-12 10:43:00",619
"2018-07-12 11:43:01",619
"2018-07-12 12:43:01",619
"2018-07-12 13:43:04",619
"2018-07-12 14:43:04",620
"2018-07-12 15:43:03",620
"2018-07-12 16:43:05",622
"2018-07-12 17:43:03",624
"2018-07-12 18:43:03",624
"2018-07-12 19:43:14",623
"2018-07-12 20:43:01",623
"2018-07-12 21:43:01",623
"2018-07-12 22:43:02",623
"2018-07-12 23:43:02",623
"2018-07-13 00:43:02",623
"2018-07-13 01:43:02",623
"2018-07-13 02:43:02",623
"2018-07-13 03:43:02",623
"2018-07-13 04:43:02",623
"2018-07-13 05:43:03",623
"2018-07-13 06:43:02",623
"2018-07-13 07:43:01",623
"2018-07-13 08:43:02",623
"2018-07-13 09:43:01",623
"2018-07-13 10:43:00",623
"2018-07-13 11:43:01",623
"2018-07-13 12:43:02",623
"2018-07-13 13:43:07",624
"2018-07-13 14:43:03",625
"2018-07-13 15:43:03",623
"2018-07-13 16:43:02",621
"2018-07-13 17:43:02",621
"2018-07-13 18:43:02",620
"2018-07-13 19:43:03",619
"2018-07-13 20:43:01",620
"2018-07-13 21:43:00",620
"2018-07-13 22:43:01",620
"2018-07-13 23:43:02",620
"2018-07-14 00:43:02",620
"2018-07-14 01:43:01",620
"2018-07-14 02:43:01",620
"2018-07-14 03:43:02",620
"2018-07-14 04:43:01",620
"2018-07-14 05:43:01",620
"2018-07-14 06:43:01",620
"2018-07-14 07:43:01",620
"2018-07-14 08:43:01",620
"2018-07-14 09:43:01",620
"2018-07-14 10:43:02",620
"2018-07-14 11:43:02",620
"2018-07-14 12:43:02",620
"2018-07-14 13:43:02",620
"2018-07-14 14:43:02",620
"2018-07-14 15:43:01",620
"2018-07-14 16:43:02",620
"2018-07-14 17:43:02",620
"2018-07-14 18:43:02",620
"2018-07-14 19:43:05",620
"2018-07-14 20:43:02",620
"2018-07-14 21:43:02",620
"2018-07-14 22:43:02",620
"2018-07-14 23:43:02",620
"2018-07-15 00:43:01",620
"2018-07-15 01:43:01",620
"2018-07-15 02:43:02",620
"2018-07-15 03:43:01",620
"2018-07-15 04:43:01",620
"2018-07-15 05:43:01",620
"2018-07-15 06:43:02",620
"2018-07-15 07:43:01",620
"2018-07-15 08:43:01",620
"2018-07-15 09:43:01",620
"2018-07-15 10:43:01",620
"2018-07-15 11:43:01",620
"2018-07-15 12:43:01",620
"2018-07-15 13:43:02",620
"2018-07-15 14:43:00",620
"2018-07-15 15:43:02",620
"2018-07-15 16:43:02",620
"2018-07-15 17:43:01",620
"2018-07-15 18:43:01",620
"2018-07-15 19:43:11",620
"2018-07-15 20:43:02",620
"2018-07-15 21:43:06",620
"2018-07-15 22:43:02",620
"2018-07-15 23:43:02",620
"2018-07-16 00:43:02",620
"2018-07-16 01:43:01",620
"2018-07-16 02:43:02",620
"2018-07-16 03:43:03",620
"2018-07-16 04:43:03",620
"2018-07-16 05:43:01",620
"2018-07-16 06:43:02",620
"2018-07-16 07:43:09",620
"2018-07-16 08:43:03",620
"2018-07-16 09:43:00",620
"2018-07-16 10:43:01",620
"2018-07-16 11:43:01",620
"2018-07-16 12:43:00",620
"2018-07-16 13:43:11",620
"2018-07-16 14:43:02",619
"2018-07-16 15:43:04",619
"2018-07-16 16:43:03",620
"2018-07-16 17:43:03",621
"2018-07-16 18:43:02",617
"2018-07-16 19:43:28",620
"2018-07-16 20:43:02",622
"2018-07-16 21:43:02",622
"2018-07-16 22:43:01",622
"2018-07-16 23:43:02",622
"2018-07-17 00:43:12",622
"2018-07-17 01:43:02",622
"2018-07-17 02:43:02",622
"2018-07-17 03:43:01",622
"2018-07-17 04:43:02",622
"2018-07-17 05:43:03",622
"2018-07-17 06:43:02",622
"2018-07-17 07:43:10",622
"2018-07-17 08:43:02",622
"2018-07-17 09:43:01",622
"2018-07-17 10:43:02",622
"2018-07-17 11:43:01",622
"2018-07-17 12:43:02",622
"2018-07-17 13:43:05",623
"2018-07-17 14:43:03",628
"2018-07-17 15:43:02",627
"2018-07-17 16:43:03",628
"2018-07-17 17:43:02",629
"2018-07-17 18:43:03",629
"2018-07-17 19:43:23",628
"2018-07-17 20:43:02",631
"2018-07-17 21:43:02",631
"2018-07-17 22:43:01",631
"2018-07-17 23:43:06",631
"2018-07-18 00:43:07",631
"2018-07-18 01:43:06",631
"2018-07-18 02:43:14",631
"2018-07-18 03:43:08",631
"2018-07-18 04:43:06",631
"2018-07-18 05:43:08",631
"2018-07-18 06:43:06",631
"2018-07-18 07:43:06",631
"2018-07-18 08:43:10",631
"2018-07-18 09:43:06",631
"2018-07-18 10:43:06",631
"2018-07-18 11:43:06",631
"2018-07-18 12:43:05",631
"2018-07-18 13:43:09",631
"2018-07-18 14:43:08",630
"2018-07-18 15:43:06",630
"2018-07-18 16:43:07",629
"2018-07-18 17:43:07",628
"2018-07-18 18:43:06",628
"2018-07-18 19:43:15",627
"2018-07-18 20:43:06",627
"2018-07-18 21:43:06",627
"2018-07-18 22:43:07",627
"2018-07-18 23:43:06",627
"2018-07-19 00:43:07",627
"2018-07-19 01:43:07",627
"2018-07-19 02:43:07",627
"2018-07-19 03:43:11",627
"2018-07-19 04:43:13",627
"2018-07-19 05:43:10",627
"2018-07-19 06:43:10",627
"2018-07-19 07:43:16",627
"2018-07-19 08:43:07",628
"2018-07-19 09:43:07",628
"2018-07-19 10:43:07",628
"2018-07-19 11:43:07",628
"2018-07-19 12:43:05",628
"2018-07-19 13:43:10",628
"2018-07-19 14:43:08",631
"2018-07-19 15:43:08",631
"2018-07-19 16:43:08",631
"2018-07-19 17:43:08",632
"2018-07-19 18:43:08",632
"2018-07-19 19:43:11",632
"2018-07-19 20:43:08",633
"2018-07-19 21:43:07",633
"2018-07-19 22:43:08",633
"2018-07-19 23:43:10",633
"2018-07-20 00:43:08",633
"2018-07-20 01:43:08",633
"2018-07-20 02:43:09",633
"2018-07-20 03:43:11",633
"2018-07-20 04:43:12",633
"2018-07-20 05:43:11",633
"2018-07-20 06:43:10",633
"2018-07-20 07:43:10",633
"2018-07-20 08:43:07",633
"2018-07-20 09:43:19",633
"2018-07-20 10:43:06",633
"2018-07-20 11:43:06",633
"2018-07-20 12:43:05",633
"2018-07-20 14:06:41",631
"2018-07-20 14:43:09",631
"2018-07-20 15:43:09",630
"2018-07-20 16:43:09",631
"2018-07-20 17:43:07",631
"2018-07-20 18:43:09",633
"2018-07-20 19:43:18",633
"2018-07-20 20:43:07",633
"2018-07-20 21:43:07",633
"2018-07-20 22:43:06",633
"2018-07-20 23:43:09",633
"2018-07-21 00:43:08",633
"2018-07-21 01:43:08",633
"2018-07-21 02:43:10",633
"2018-07-21 03:43:14",633
"2018-07-21 04:43:08",633
"2018-07-21 05:43:07",633
"2018-07-21 06:43:07",633
"2018-07-21 07:43:06",633
"2018-07-21 08:43:06",633
"2018-07-21 09:43:08",633
"2018-07-21 10:43:07",633
"2018-07-21 11:43:06",633
"2018-07-21 12:43:06",633
"2018-07-21 13:43:08",633
"2018-07-21 14:43:08",633
"2018-07-21 15:43:07",633
"2018-07-21 16:43:09",633
"2018-07-21 17:43:07",633
"2018-07-21 18:43:08",633
"2018-07-21 19:43:12",633
"2018-07-21 20:43:07",633
"2018-07-21 21:43:06",633
"2018-07-21 22:43:06",633
"2018-07-21 23:43:07",633
"2018-07-22 00:43:07",633
"2018-07-22 01:43:07",633
"2018-07-22 02:43:07",633
"2018-07-22 03:43:09",633
"2018-07-22 04:43:07",633
"2018-07-22 05:43:07",633
"2018-07-22 06:43:19",633
"2018-07-22 07:43:13",633
"2018-07-22 08:43:07",633
"2018-07-22 09:43:06",633
"2018-07-22 10:43:06",633
"2018-07-22 11:43:06",633
"2018-07-22 12:43:08",633
"2018-07-22 13:43:07",633
"2018-07-22 14:43:09",633
"2018-07-22 15:43:07",633
"2018-07-22 16:43:07",633
"2018-07-22 17:43:06",633
"2018-07-22 18:43:07",633
"2018-07-22 19:43:13",633
"2018-07-22 20:43:07",633
"2018-07-22 21:43:07",633
"2018-07-22 22:43:07",633
"2018-07-22 23:43:06",633
"2018-07-23 00:43:07",633
"2018-07-23 01:43:06",633
"2018-07-23 02:43:08",633
"2018-07-23 03:43:07",633
"2018-07-23 04:43:06",633
"2018-07-23 05:43:06",633
"2018-07-23 06:43:06",633
"2018-07-23 07:43:07",633
"2018-07-23 08:43:09",633
"2018-07-23 09:43:12",633
"2018-07-23 23:43:19",634
"2018-07-24 00:43:07",634
"2018-07-24 01:43:07",634
"2018-07-24 02:43:08",634
"2018-07-24 03:43:07",634
"2018-07-24 04:43:07",634
"2018-07-24 05:43:06",634
"2018-07-24 06:43:07",634
"2018-07-24 07:43:06",634
"2018-07-24 08:43:06",634
"2018-07-24 09:43:06",634
"2018-07-24 10:43:06",634
"2018-07-24 11:43:06",634
"2018-07-24 12:43:07",634
"2018-07-24 13:43:18",634
"2018-07-24 14:43:07",637
"2018-07-24 15:43:07",641
"2018-07-24 16:43:08",642
"2018-07-24 17:43:07",641
"2018-07-24 18:43:07",644
"2018-07-24 19:43:07",642
"2018-07-24 20:43:06",641
"2018-07-24 21:43:06",641
"2018-07-24 22:43:06",641
"2018-07-24 23:43:06",641
"2018-07-25 00:43:07",641
"2018-07-25 01:43:07",641
"2018-07-25 02:43:06",641
"2018-07-25 03:43:07",641
"2018-07-25 04:43:07",641
"2018-07-25 05:43:06",641
"2018-07-25 06:43:07",641
"2018-07-25 07:43:06",641
"2018-07-25 08:43:07",641
"2018-07-25 09:43:07",641
"2018-07-25 10:43:06",641
"2018-07-25 11:43:06",641
"2018-07-25 12:43:07",641
"2018-07-25 13:43:12",641
"2018-07-25 14:43:08",641
"2018-07-25 15:43:09",640
"2018-07-25 16:43:08",640
"2018-07-25 17:43:14",639
"2018-07-25 18:43:08",637
"2018-07-25 19:43:09",637
"2018-07-25 20:43:08",637
"2018-07-25 21:43:08",637
"2018-07-25 22:43:07",637
"2018-07-25 23:43:07",637
"2018-07-26 00:43:06",637
"2018-07-26 01:43:07",637
"2018-07-26 02:43:08",637
"2018-07-26 03:43:08",637
"2018-07-26 04:43:08",637
"2018-07-26 05:43:07",637
"2018-07-26 06:43:07",637
"2018-07-26 07:43:07",637
"2018-07-26 08:43:06",637
"2018-07-26 09:43:07",637
"2018-07-26 10:43:07",637
"2018-07-26 11:43:06",637
"2018-07-26 12:43:07",637
"2018-07-26 14:43:10",638
"2018-07-26 15:43:09",637
"2018-07-26 16:43:09",639
"2018-07-26 17:43:09",641
"2018-07-26 18:43:09",641
"2018-07-26 19:43:09",641
"2018-07-26 20:43:09",643
"2018-07-26 21:43:07",643
"2018-07-26 22:43:08",643
"2018-07-26 23:43:09",643
"2018-07-27 00:43:08",643
"2018-07-27 01:43:09",643
"2018-07-27 02:43:07",643
"2018-07-27 03:43:08",643
"2018-07-27 04:43:09",643
"2018-07-27 05:43:08",643
"2018-07-27 06:43:08",643
"2018-07-27 07:43:08",643
"2018-07-27 08:43:07",643
"2018-07-27 09:43:07",643
"2018-07-27 10:43:08",643
"2018-07-27 11:43:07",643
"2018-07-27 12:43:08",643
"2018-07-27 13:43:14",643
"2018-07-27 14:43:10",644
"2018-07-27 15:43:08",644
"2018-07-27 16:43:08",644
"2018-07-27 17:43:08",642
"2018-07-27 18:43:08",643
"2018-07-27 19:43:08",644
"2018-07-27 20:43:08",644
"2018-07-27 21:43:08",644
"2018-07-27 22:43:07",644
"2018-07-27 23:43:08",644
"2018-07-28 00:43:08",644
"2018-07-28 01:43:08",644
"2018-07-28 02:43:08",644
"2018-07-28 03:43:08",644
"2018-07-28 04:43:07",644
"2018-07-28 05:43:08",644
"2018-07-28 06:43:08",644
"2018-07-28 07:43:07",644
"2018-07-28 08:43:07",644
"2018-07-28 09:43:08",644
"2018-07-28 10:43:07",644
"2018-07-28 11:43:07",644
"2018-07-28 12:43:07",644
"2018-07-28 13:43:07",644
"2018-07-28 14:43:07",644
"2018-07-28 15:43:08",644
"2018-07-28 16:43:08",644
"2018-07-28 17:43:08",644
"2018-07-28 18:43:09",644
"2018-07-28 19:43:20",644
"2018-07-28 20:43:14",644
"2018-07-28 21:43:08",644
"2018-07-28 22:43:08",644
"2018-07-28 23:43:09",644
"2018-07-29 00:43:07",644
"2018-07-29 01:43:09",644
"2018-07-29 02:43:08",644
"2018-07-29 03:43:07",644
"2018-07-29 04:43:09",644
"2018-07-29 05:43:09",644
"2018-07-29 06:43:08",644
"2018-07-29 07:43:07",644
"2018-07-29 08:43:07",644
"2018-07-29 09:43:08",644
"2018-07-29 10:43:07",644
"2018-07-29 11:43:07",644
"2018-07-29 12:43:08",644
"2018-07-29 13:43:09",644
"2018-07-29 14:43:08",644
"2018-07-29 15:43:07",644
"2018-07-29 16:43:09",644
"2018-07-29 17:43:08",644
"2018-07-29 18:43:08",644
"2018-07-29 19:43:09",644
"2018-07-29 20:43:09",644
"2018-07-29 21:43:09",644
"2018-07-29 22:43:09",644
"2018-07-29 23:43:09",644
"2018-07-30 00:43:08",644
"2018-07-30 01:43:08",644
"2018-07-30 02:43:07",644
"2018-07-30 03:43:08",644
"2018-07-30 04:43:08",644
"2018-07-30 05:43:08",644
"2018-07-30 06:43:07",644
"2018-07-30 07:43:08",644
"2018-07-30 08:43:08",644
"2018-07-30 09:43:08",644
"2018-07-30 10:43:07",644
"2018-07-30 11:43:08",644
"2018-07-30 12:43:08",644
"2018-07-30 13:43:14",644
"2018-07-30 14:43:11",644
"2018-07-30 15:43:08",641
"2018-07-30 16:43:10",640
"2018-07-30 17:43:10",640
"2018-07-30 18:43:07",641
"2018-07-30 19:43:10",642
"2018-07-30 20:43:07",642
"2018-07-30 21:43:08",642
"2018-07-30 22:43:09",642
"2018-07-30 23:43:07",642
"2018-07-31 00:43:09",642
"2018-07-31 01:43:08",642
"2018-07-31 02:43:08",642
"2018-07-31 03:43:08",642
"2018-07-31 04:43:08",642
"2018-07-31 05:43:08",642
"2018-07-31 06:43:08",642
"2018-07-31 07:43:08",642
"2018-07-31 08:43:26",642
"2018-07-31 09:50:04",642
"2018-07-31 10:43:08",642
"2018-07-31 11:43:07",642
"2018-07-31 12:43:08",642
"2018-07-31 13:43:14",642
"2018-07-31 14:43:09",643
"2018-07-31 15:43:09",643
"2018-07-31 16:43:08",644
"2018-07-31 17:43:08",643
"2018-07-31 18:43:08",644
"2018-07-31 19:43:09",646
"2018-07-31 20:43:09",648
"2018-07-31 21:43:07",648
"2018-07-31 22:43:08",648
"2018-07-31 23:43:09",648
"2018-08-01 00:43:09",648
"2018-08-01 01:43:08",648
"2018-08-01 02:43:08",648
"2018-08-01 03:43:08",648
"2018-08-01 04:43:08",648
"2018-08-01 05:43:09",648
"2018-08-01 06:43:08",648
"2018-08-01 07:43:08",648
"2018-08-01 08:43:08",648
"2018-08-01 09:43:08",648
"2018-08-01 10:43:07",648
"2018-08-01 11:43:08",648
"2018-08-01 12:43:08",648
"2018-08-01 14:08:15",649
"2018-08-01 14:43:09",649
"2018-08-01 15:43:10",649
"2018-08-01 16:43:10",649
"2018-08-01 17:43:10",649
"2018-08-01 18:43:09",650
"2018-08-01 19:44:02",650
"2018-08-01 20:43:07",650
"2018-08-01 21:43:08",650
"2018-08-01 22:43:07",650
"2018-08-01 23:43:07",650
"2018-08-02 00:43:09",650
"2018-08-02 01:43:08",650
"2018-08-02 02:43:08",650
"2018-08-02 03:43:08",650
"2018-08-02 04:43:09",650
"2018-08-02 05:43:08",650
"2018-08-02 06:43:07",650
"2018-08-02 07:43:08",650
"2018-08-02 08:43:08",650
"2018-08-02 09:43:08",650
"2018-08-02 10:43:08",650
"2018-08-02 11:43:07",650
"2018-08-02 12:43:08",650
"2018-08-02 13:43:13",650
"2018-08-02 14:43:11",650
"2018-08-02 15:43:12",649
"2018-08-02 16:43:09",648
"2018-08-02 17:43:11",646
"2018-08-02 18:43:10",646
"2018-08-02 19:43:10",645
"2018-08-02 20:43:10",645
"2018-08-02 21:43:09",645
"2018-08-02 22:43:09",645
"2018-08-02 23:43:09",645
"2018-08-03 00:43:09",645
"2018-08-03 01:43:10",645
"2018-08-03 02:43:10",645
"2018-08-03 03:43:09",645
"2018-08-03 04:43:09",645
"2018-08-03 05:43:09",645
"2018-08-03 06:43:10",645
"2018-08-03 07:43:08",645
"2018-08-03 08:43:09",645
"2018-08-03 09:43:09",645
"2018-08-03 10:43:09",645
"2018-08-03 11:45:10",645
"2018-08-03 13:08:08",645
"2018-08-03 13:43:13",645
"2018-08-03 14:43:10",644
"2018-08-03 15:43:09",642
"2018-08-03 16:43:10",642
"2018-08-03 17:43:09",642
"2018-08-03 18:43:09",642
"2018-08-03 19:43:09",642
"2018-08-03 20:43:09",642
"2018-08-03 21:43:08",643
"2018-08-03 22:43:08",643
"2018-08-03 23:43:09",643
"2018-08-04 00:43:08",643
"2018-08-04 01:43:08",643
"2018-08-04 02:43:09",643
"2018-08-04 03:43:09",643
"2018-08-04 04:43:08",643
"2018-08-04 05:43:09",643
"2018-08-04 06:43:09",643
"2018-08-04 07:43:10",643
"2018-08-04 08:43:09",643
"2018-08-04 09:43:09",643
"2018-08-04 10:43:09",643
"2018-08-04 11:43:09",643
"2018-08-04 12:43:08",643
"2018-08-04 13:43:10",643
"2018-08-04 14:43:08",643
"2018-08-04 15:43:09",643
"2018-08-04 16:43:09",643
"2018-08-04 17:43:09",643
"2018-08-04 18:43:09",643
"2018-08-04 19:43:09",643
"2018-08-04 20:43:09",643
"2018-08-04 21:43:08",643
"2018-08-04 22:43:08",643
"2018-08-04 23:43:10",643
"2018-08-05 00:43:08",643
"2018-08-05 01:43:09",643
"2018-08-05 02:43:10",643
"2018-08-05 03:43:09",643
"2018-08-05 04:43:08",643
"2018-08-05 05:43:09",643
"2018-08-05 06:43:09",643
"2018-08-05 07:43:08",643
"2018-08-05 08:43:09",643
"2018-08-05 09:43:08",643
"2018-08-05 10:43:09",643
"2018-08-05 11:43:08",643
"2018-08-05 12:43:09",643
"2018-08-05 13:43:08",643
"2018-08-05 14:43:08",643
"2018-08-05 15:43:09",643
"2018-08-05 16:43:10",643
"2018-08-05 17:43:08",643
"2018-08-05 18:43:09",643
"2018-08-05 19:43:09",643
"2018-08-05 20:43:09",643
"2018-08-05 21:43:10",643
"2018-08-05 22:43:08",643
"2018-08-05 23:43:09",643
"2018-08-06 00:43:09",643
"2018-08-06 01:43:08",643
"2018-08-06 02:43:09",643
"2018-08-06 03:43:08",643
"2018-08-06 04:43:08",643
"2018-08-06 05:43:08",643
"2018-08-06 06:43:08",643
"2018-08-06 07:43:09",643
"2018-08-06 08:43:09",643
"2018-08-06 09:43:09",643
"2018-08-06 10:43:09",643
"2018-08-06 11:43:08",643
"2018-08-06 12:43:08",643
"2018-08-06 13:43:12",643
"2018-08-06 14:43:10",640
"2018-08-06 15:43:09",639
"2018-08-06 16:43:30",639
"2018-08-06 17:43:11",640
"2018-08-06 18:43:11",639
"2018-08-06 19:43:10",643
"2018-08-06 20:43:10",642
"2018-08-06 21:43:11",642
"2018-08-06 22:43:09",642
"2018-08-06 23:43:10",642
"2018-08-07 00:43:10",642
"2018-08-07 01:43:10",642
"2018-08-07 02:43:10",642
"2018-08-07 03:43:11",642
"2018-08-07 04:43:10",642
"2018-08-07 05:43:09",642
"2018-08-07 06:43:09",642
"2018-08-07 07:43:10",642
"2018-08-07 08:43:09",642
"2018-08-07 09:43:08",642
"2018-08-07 10:43:09",642
"2018-08-07 11:43:09",642
"2018-08-07 12:43:09",642
"2018-08-07 13:43:15",642
"2018-08-07 14:43:10",645
"2018-08-07 15:43:10",646
"2018-08-07 16:43:09",650
"2018-08-07 17:43:10",650
"2018-08-07 18:43:10",649
"2018-08-07 19:43:11",651
"2018-08-07 20:43:10",650
"2018-08-07 21:43:10",655
"2018-08-07 22:43:10",656
"2018-08-07 23:43:09",656
"2018-08-08 00:43:09",656
"2018-08-08 01:43:12",656
"2018-08-08 02:43:10",656
"2018-08-08 03:43:10",656
"2018-08-08 04:43:09",656
"2018-08-08 05:43:11",656
"2018-08-08 06:43:10",656
"2018-08-08 07:43:11",656
"2018-08-08 08:43:10",656
"2018-08-08 09:43:10",656
"2018-08-08 10:43:11",656
"2018-08-08 11:43:11",656
"2018-08-08 12:43:11",656
"2018-08-08 13:43:13",656
"2018-08-08 14:43:11",650
"2018-08-08 15:43:12",648
"2018-08-08 16:43:11",649
"2018-08-08 17:43:10",652
"2018-08-08 18:43:09",652
"2018-08-08 19:43:10",652
"2018-08-08 20:43:09",651
"2018-08-08 21:43:09",651
"2018-08-08 22:43:09",651
"2018-08-08 23:43:09",651
"2018-08-10 00:21:26",643
"2018-08-10 00:43:12",643
"2018-08-10 01:43:13",643
"2018-08-10 02:43:12",643
"2018-08-10 03:43:09",643
"2018-08-10 04:43:12",643
"2018-08-10 05:43:15",643
"2018-08-10 06:43:12",643
"2018-08-10 07:43:15",643
"2018-08-10 08:43:14",643
"2018-08-10 09:43:13",643
"2018-08-10 10:43:13",644
"2018-08-10 11:43:13",644
"2018-08-10 12:43:12",644
"2018-08-10 13:43:16",644
"2018-08-10 14:43:14",642
"2018-08-10 15:43:14",644
"2018-08-10 16:43:14",644
"2018-08-10 17:43:13",642
"2018-08-10 18:43:13",641
"2018-08-10 19:43:13",641
"2018-08-10 20:43:13",640
"2018-08-10 21:43:14",640
"2018-08-10 22:43:12",640
"2018-08-10 23:43:14",640
"2018-08-11 00:43:13",640
"2018-08-11 01:43:13",640
"2018-08-11 02:43:14",640
"2018-08-11 03:43:13",640
"2018-08-11 04:43:13",640
"2018-08-11 05:43:14",640
"2018-08-11 06:43:12",640
"2018-08-11 07:43:13",640
"2018-08-11 08:43:12",640
"2018-08-11 09:43:12",640
"2018-08-11 10:43:13",640
"2018-08-11 11:43:13",640
"2018-08-11 12:43:12",640
"2018-08-11 13:43:12",640
"2018-08-11 14:43:13",640
"2018-08-11 15:43:13",640
"2018-08-11 16:43:13",640
"2018-08-11 17:43:13",640
"2018-08-11 18:43:14",640
"2018-08-11 19:43:13",640
"2018-08-11 20:43:13",640
"2018-08-11 21:43:13",640
"2018-08-11 22:43:13",640
"2018-08-11 23:43:13",640
"2018-08-12 00:43:13",640
"2018-08-12 01:43:12",640
"2018-08-12 02:43:12",640
"2018-08-12 03:43:12",640
"2018-08-12 04:43:13",640
"2018-08-12 05:43:13",640
"2018-08-12 06:43:12",640
"2018-08-12 07:43:12",640
"2018-08-12 08:43:12",640
"2018-08-12 09:43:12",640
"2018-08-12 10:43:12",640
"2018-08-12 11:43:12",640
"2018-08-12 12:43:13",640
"2018-08-12 13:43:14",640
"2018-08-12 14:43:13",640
"2018-08-12 15:43:14",640
"2018-08-12 16:43:14",640
"2018-08-12 17:43:13",640
"2018-08-12 18:43:13",640
"2018-08-12 19:43:13",640
"2018-08-12 20:43:14",640
"2018-08-12 21:43:13",640
"2018-08-12 22:43:13",640
"2018-08-12 23:43:13",640
"2018-08-13 00:43:12",640
"2018-08-13 01:43:13",640
"2018-08-13 02:43:14",640
"2018-08-13 03:43:13",640
"2018-08-13 04:43:14",640
"2018-08-13 05:43:12",640
"2018-08-13 06:43:13",640
"2018-08-13 07:43:13",640
"2018-08-13 08:43:14",640
"2018-08-13 09:43:14",640
"2018-08-13 10:43:13",640
"2018-08-13 11:43:12",640
"2018-08-13 12:43:13",640
"2018-08-13 13:43:16",640
"2018-08-13 14:43:15",641
"2018-08-13 15:43:17",640
"2018-08-13 16:43:16",637
"2018-08-13 17:43:14",636
"2018-08-13 18:43:14",636
"2018-08-13 19:43:16",634
"2018-08-13 20:43:15",634
"2018-08-13 21:43:15",634
"2018-08-13 22:43:14",634
"2018-08-13 23:43:14",634
"2018-08-14 00:43:15",634
"2018-08-14 01:43:15",634
"2018-08-14 02:43:14",634
"2018-08-14 03:43:14",634
"2018-08-14 04:43:15",634
"2018-08-14 05:43:14",634
"2018-08-14 06:43:15",634
"2018-08-14 07:43:15",634
"2018-08-14 08:43:15",634
"2018-08-14 09:43:14",634
"2018-08-14 10:43:14",634
"2018-08-14 11:43:14",634
"2018-08-14 12:43:14",634
"2018-08-14 13:43:16",634
"2018-08-14 14:43:15",634
"2018-08-14 15:43:15",633
"2018-08-14 16:43:14",632
"2018-08-14 17:43:13",633
"2018-08-14 18:43:14",633
"2018-08-14 19:43:15",632
"2018-08-14 20:43:14",632
"2018-08-14 21:43:14",632
"2018-08-14 22:43:14",632
"2018-08-14 23:43:14",632
"2018-08-15 00:43:14",632
"2018-08-15 01:43:15",632
"2018-08-15 02:43:15",632
"2018-08-15 03:43:15",632
"2018-08-15 04:43:14",632
"2018-08-15 05:43:14",632
"2018-08-15 06:43:15",632
"2018-08-15 07:43:13",632
"2018-08-15 08:43:14",632
"2018-08-15 09:43:14",632
"2018-08-15 10:43:14",632
"2018-08-15 11:43:14",632
"2018-08-15 12:43:13",632
"2018-08-15 14:08:49",632
"2018-08-15 14:43:15",632
"2018-08-15 15:43:15",632
"2018-08-15 16:43:17",632
"2018-08-15 17:43:14",630
"2018-08-15 18:43:13",631
"2018-08-15 19:43:14",630
"2018-08-15 20:43:13",630
"2018-08-15 21:43:13",630
"2018-08-15 22:43:13",630
"2018-08-15 23:43:14",630
"2018-08-16 00:43:15",630
"2018-08-16 01:43:14",630
"2018-08-16 02:43:15",630
"2018-08-16 03:43:15",630
"2018-08-16 04:43:14",630
"2018-08-16 05:43:14",630
"2018-08-16 06:43:13",630
"2018-08-16 07:43:15",630
"2018-08-16 08:43:14",630
"2018-08-16 09:43:13",630
"2018-08-16 10:43:14",630
"2018-08-16 11:43:13",630
"2018-08-16 12:43:13",630
"2018-08-16 13:43:17",630
"2018-08-16 14:43:14",633
"2018-08-16 15:43:15",630
"2018-08-16 16:43:14",629
"2018-08-16 17:43:14",629
"2018-08-16 18:43:13",628
"2018-08-16 19:43:14",629
"2018-08-16 20:43:14",627
"2018-08-16 21:43:14",626
"2018-08-16 22:43:13",626
"2018-08-16 23:43:13",626
"2018-08-17 00:43:13",626
"2018-08-17 01:43:13",626
"2018-08-17 02:43:15",626
"2018-08-17 03:43:14",626
"2018-08-17 04:43:15",626
"2018-08-17 05:43:13",626
"2018-08-17 06:43:12",626
"2018-08-17 07:43:13",626
"2018-08-17 08:43:14",626
"2018-08-17 09:43:13",626
"2018-08-17 10:43:13",626
"2018-08-17 11:43:13",626
"2018-08-17 12:43:13",626
"2018-08-17 13:43:16",626
"2018-08-17 14:43:15",624
"2018-08-17 15:43:15",624
"2018-08-17 16:43:13",624
"2018-08-17 17:43:13",624
"2018-08-17 18:43:14",624
"2018-08-17 19:43:14",624
"2018-08-17 20:43:12",623
"2018-08-17 21:43:13",623
"2018-08-17 22:43:13",623
"2018-08-17 23:43:12",623
"2018-08-18 00:43:14",623
"2018-08-18 01:43:14",623
"2018-08-18 02:43:14",623
"2018-08-18 03:43:14",623
"2018-08-18 04:43:13",623
"2018-08-18 05:43:13",623
"2018-08-18 06:43:14",623
"2018-08-18 07:43:13",623
"2018-08-18 08:43:13",623
"2018-08-18 09:43:13",623
"2018-08-18 10:43:12",623
"2018-08-18 11:43:13",623
"2018-08-18 12:43:15",623
"2018-08-18 13:43:15",623
"2018-08-18 14:43:14",623
"2018-08-18 15:43:14",623
"2018-08-18 16:43:14",623
"2018-08-18 17:43:14",623
"2018-08-18 18:43:13",623
"2018-08-18 19:43:13",623
"2018-08-18 20:43:14",623
"2018-08-18 21:43:13",623
"2018-08-18 22:43:12",623
"2018-08-18 23:43:12",623
"2018-08-19 00:43:13",623
"2018-08-19 01:43:13",623
"2018-08-19 02:43:13",623
"2018-08-19 03:43:12",623
"2018-08-19 04:43:13",623
"2018-08-19 05:43:13",623
"2018-08-19 06:43:13",623
"2018-08-19 07:43:13",623
"2018-08-19 08:43:13",623
"2018-08-19 09:43:12",623
"2018-08-19 10:43:13",623
"2018-08-19 11:43:13",623
"2018-08-19 12:43:13",623
"2018-08-19 13:43:13",623
"2018-08-19 14:43:12",623
"2018-08-19 15:43:14",623
"2018-08-19 16:43:12",623
"2018-08-19 17:43:14",623
"2018-08-19 18:43:14",623
"2018-08-19 19:43:13",623
"2018-08-19 20:43:14",623
"2018-08-19 21:43:15",623
"2018-08-19 22:43:13",623
"2018-08-19 23:43:13",623
"2018-08-20 00:43:14",623
"2018-08-20 01:43:14",623
"2018-08-20 02:43:13",623
"2018-08-20 03:43:12",623
"2018-08-20 04:43:13",623
"2018-08-20 05:43:13",623
"2018-08-20 06:43:13",623
"2018-08-20 07:43:13",623
"2018-08-20 08:43:17",623
"2018-08-20 09:43:12",624
"2018-08-20 10:43:13",624
"2018-08-20 11:43:14",624
"2018-08-20 12:43:13",624
"2018-08-20 13:43:17",624
"2018-08-20 14:43:17",622
"2018-08-20 15:43:15",622
"2018-08-20 16:43:15",622
"2018-08-20 17:43:13",622
"2018-08-20 18:43:14",619
"2018-08-20 19:43:14",618
"2018-08-20 20:43:13",617
"2018-08-20 21:43:12",617
"2018-08-20 22:43:13",617
"2018-08-20 23:43:12",617
"2018-08-21 00:43:13",617
"2018-08-21 01:43:14",617
"2018-08-21 02:43:14",617
"2018-08-21 03:43:14",617
"2018-08-21 04:43:13",617
"2018-08-21 05:43:12",617
"2018-08-21 06:43:14",617
"2018-08-21 07:43:12",617
"2018-08-21 08:43:14",617
"2018-08-21 09:43:13",617
"2018-08-21 10:43:14",617
"2018-08-21 11:43:13",617
"2018-08-21 12:43:13",617
"2018-08-21 13:43:17",617
"2018-08-21 14:43:14",617
"2018-08-21 15:43:13",616
"2018-08-21 16:43:13",615
"2018-08-21 17:43:12",614
"2018-08-21 18:43:13",614
"2018-08-21 19:43:13",615
"2018-08-21 20:43:13",615
"2018-08-21 21:43:12",616
"2018-08-21 22:43:13",616
"2018-08-21 23:43:13",616
"2018-08-22 00:43:13",616
"2018-08-22 01:43:13",616
"2018-08-22 02:43:13",616
"2018-08-22 03:43:13",616
"2018-08-22 04:43:13",616
"2018-08-22 05:43:12",616
"2018-08-22 06:43:12",616
"2018-08-22 07:43:12",616
"2018-08-22 08:43:12",616
"2018-08-22 09:43:13",616
"2018-08-22 10:43:12",616
"2018-08-22 11:43:13",616
"2018-08-22 12:43:12",616
"2018-08-22 13:43:19",616
"2018-08-22 14:43:13",615
"2018-08-22 15:43:12",615
"2018-08-22 16:43:13",616
"2018-08-22 17:43:12",616
"2018-08-22 18:43:13",617
"2018-08-22 19:43:13",616
"2018-08-22 20:43:11",617
"2018-08-22 21:43:11",618
"2018-08-22 22:43:12",618
"2018-08-22 23:43:12",618
"2018-08-23 00:43:13",618
"2018-08-23 01:43:13",618
"2018-08-23 02:43:13",618
"2018-08-23 03:43:13",618
"2018-08-23 04:43:13",618
"2018-08-23 05:43:12",618
"2018-08-23 06:43:12",618
"2018-08-23 07:43:12",618
"2018-08-23 08:43:12",618
"2018-08-23 09:43:12",618
"2018-08-23 10:43:12",618
"2018-08-23 11:43:12",618
"2018-08-23 12:43:13",618
"2018-08-23 13:43:17",618
"2018-08-23 14:43:13",618
"2018-08-23 15:43:13",617
"2018-08-23 16:43:14",618
"2018-08-23 17:43:12",619
"2018-08-23 18:43:14",618
"2018-08-23 19:43:14",618
"2018-08-23 20:43:14",618
"2018-08-23 21:43:12",618
"2018-08-23 22:43:12",618
"2018-08-23 23:43:12",618
"2018-08-24 00:43:13",618
"2018-08-24 01:43:13",618
"2018-08-24 02:43:12",618
"2018-08-24 03:43:12",618
"2018-08-24 20:01:34",612
"2018-08-24 20:43:14",611
"2018-08-24 21:43:14",611
"2018-08-24 22:43:14",611
"2018-08-24 23:43:13",611
"2018-08-25 00:43:14",611
"2018-08-25 01:43:14",611
"2018-08-25 02:43:14",611
"2018-08-25 03:43:14",611
"2018-08-25 04:43:13",611
"2018-08-25 05:43:14",611
"2018-08-25 06:43:13",611
"2018-08-25 07:43:12",611
"2018-08-25 08:43:12",611
"2018-08-25 09:43:11",611
"2018-08-25 10:43:13",611
"2018-08-25 11:43:12",611
"2018-08-25 12:43:13",611
"2018-08-25 13:43:14",611
"2018-08-25 14:43:13",611
"2018-08-25 15:43:13",611
"2018-08-25 16:43:12",611
"2018-08-25 17:43:14",611
"2018-08-25 18:43:13",611
"2018-08-25 19:43:12",611
"2018-08-25 20:43:13",611
"2018-08-25 21:43:13",611
"2018-08-25 22:43:13",611
"2018-08-25 23:43:13",611
"2018-08-26 00:43:13",611
"2018-08-26 01:43:13",611
"2018-08-26 02:43:14",611
"2018-08-26 03:43:13",611
"2018-08-26 04:43:12",611
"2018-08-26 05:43:11",611
"2018-08-26 06:43:13",611
"2018-08-26 07:43:13",611
"2018-08-26 08:43:12",611
"2018-08-26 09:43:12",611
"2018-08-26 10:43:12",611
"2018-08-26 11:43:12",611
"2018-08-26 12:43:13",611
"2018-08-26 13:43:12",611
"2018-08-26 14:43:12",611
"2018-08-26 15:43:12",611
"2018-08-26 16:43:13",611
"2018-08-26 17:43:12",611
"2018-08-26 18:43:12",611
"2018-08-26 19:43:13",611
"2018-08-26 20:43:13",611
"2018-08-26 21:43:12",611
"2018-08-26 22:43:13",611
"2018-08-26 23:43:12",611
"2018-08-27 00:43:13",611
"2018-08-27 01:43:13",611
"2018-08-27 02:43:12",611
"2018-08-27 03:43:12",611
"2018-08-27 04:43:13",611
"2018-08-27 05:43:14",611
"2018-08-27 06:43:13",611
"2018-08-27 07:43:12",611
"2018-08-27 08:43:13",611
"2018-08-27 09:43:12",611
"2018-08-27 10:43:12",611
"2018-08-27 11:43:12",611
"2018-08-27 12:43:12",611
"2018-08-27 14:07:17",609
"2018-08-27 14:43:15",609
"2018-08-27 15:43:14",610
"2018-08-27 16:43:14",610
"2018-08-27 17:43:14",610
"2018-08-27 18:43:13",609
"2018-08-27 19:43:14",610
"2018-08-27 20:43:13",610
"2018-08-27 21:43:13",610
"2018-08-27 22:43:13",610
"2018-08-27 23:43:12",610
"2018-08-28 00:43:13",610
"2018-08-28 01:43:13",610
"2018-08-28 02:43:12",610
"2018-08-28 03:43:12",610
"2018-08-28 04:43:13",610
"2018-08-28 05:43:12",610
"2018-08-28 06:43:13",610
"2018-08-28 07:43:12",610
"2018-08-28 08:43:11",610
"2018-08-28 09:43:12",610
"2018-08-28 10:43:13",610
"2018-08-28 11:43:13",610
"2018-08-28 12:43:13",610
"2018-08-28 13:43:29",610
"2018-08-28 14:43:26",608
"2018-08-28 15:43:26",610
"2018-08-28 16:43:26",610
"2018-08-28 17:43:26",610
"2018-08-28 18:43:28",610
"2018-08-28 19:43:26",612
"2018-08-28 20:43:25",612
"2018-08-28 21:43:25",611
"2018-08-28 22:43:26",611
"2018-08-28 23:43:25",611
"2018-08-29 00:43:26",611
"2018-08-29 01:43:26",611
"2018-08-29 02:43:25",611
"2018-08-29 03:43:25",611
"2018-08-29 04:43:25",611
"2018-08-29 05:43:25",611
"2018-08-29 06:43:24",611
"2018-08-29 07:43:25",611
"2018-08-29 08:43:25",611
"2018-08-29 09:43:24",611
"2018-08-29 10:43:24",611
"2018-08-29 11:43:24",611
"2018-08-29 12:43:25",611
"2018-08-29 14:07:03",611
"2018-08-29 14:43:27",611
"2018-08-29 15:43:26",609
"2018-08-29 16:43:26",608
"2018-08-29 17:43:27",608
"2018-08-29 18:43:29",608
"2018-08-29 19:43:27",608
"2018-08-29 20:43:24",607
"2018-08-29 21:43:25",607
"2018-08-29 22:43:24",607
"2018-08-29 23:43:25",607
"2018-08-30 00:44:11",607
"2018-08-30 01:44:10",607
"2018-08-30 02:43:26",607
"2018-08-30 03:43:26",607
"2018-08-30 04:43:25",607
"2018-08-30 05:43:25",607
"2018-08-30 06:43:25",607
"2018-08-30 07:43:25",607
"2018-08-30 08:43:29",607
"2018-08-30 09:43:25",607
"2018-08-30 10:43:25",607
"2018-08-30 11:43:25",607
"2018-08-30 12:43:24",607
"2018-08-30 13:43:31",607
"2018-08-30 14:43:27",607
"2018-08-30 15:43:25",604
"2018-08-30 16:43:26",604
"2018-08-30 17:43:25",605
"2018-08-30 18:43:27",607
"2018-08-30 19:43:27",606
"2018-08-30 20:43:24",608
"2018-08-30 21:43:25",608
"2018-08-30 22:43:24",608
"2018-08-30 23:43:25",608
"2018-08-31 00:43:26",608
"2018-08-31 01:43:25",608
"2018-08-31 02:43:25",608
"2018-08-31 03:43:25",608
"2018-08-31 04:43:25",608
"2018-08-31 05:43:26",608
"2018-08-31 06:43:26",608
"2018-08-31 07:43:25",608
"2018-08-31 08:43:25",608
"2018-08-31 09:43:25",608
"2018-08-31 10:43:24",608
"2018-08-31 11:43:26",608
"2018-08-31 12:43:26",608
"2018-08-31 13:43:29",608
"2018-08-31 14:43:26",608
"2018-08-31 15:43:26",606
"2018-08-31 16:43:25",606
"2018-08-31 17:43:26",605
"2018-08-31 18:43:26",605
"2018-08-31 19:43:26",606
"2018-08-31 20:43:26",606
"2018-08-31 21:43:25",607
"2018-08-31 22:43:25",607
"2018-08-31 23:43:25",607
"2018-09-01 00:43:25",607
"2018-09-01 01:43:26",607
"2018-09-01 02:43:25",607
"2018-09-01 03:43:25",607
"2018-09-01 04:43:26",607
"2018-09-01 05:43:26",607
"2018-09-01 06:43:25",607
"2018-09-01 07:43:26",607
"2018-09-01 08:43:25",607
"2018-09-01 09:43:25",607
"2018-09-01 10:43:25",607
"2018-09-01 11:43:25",607
"2018-09-01 12:43:26",607
"2018-09-01 13:43:26",607
"2018-09-01 14:43:28",607
"2018-09-01 15:43:25",607
"2018-09-01 16:43:25",607
"2018-09-01 17:43:24",607
"2018-09-01 18:43:26",607
"2018-09-01 19:43:25",607
"2018-09-01 20:43:24",607
"2018-09-01 21:43:25",607
"2018-09-01 22:43:26",607
"2018-09-01 23:43:25",607
"2018-09-02 00:43:26",607
"2018-09-02 01:43:25",607
"2018-09-02 02:43:25",607
"2018-09-02 03:43:27",607
"2018-09-02 04:43:26",607
"2018-09-02 05:43:25",607
"2018-09-02 06:43:25",607
"2018-09-02 07:43:24",607
"2018-09-02 08:43:25",607
"2018-09-02 09:43:24",607
"2018-09-02 10:43:25",607
"2018-09-02 11:43:25",607
"2018-09-02 12:43:25",607
"2018-09-02 13:43:26",607
"2018-09-02 14:43:26",607
"2018-09-02 15:43:26",607
"2018-09-02 16:43:26",607
"2018-09-02 17:43:26",607
"2018-09-02 18:43:25",607
"2018-09-02 19:43:25",607
"2018-09-02 20:43:25",607
"2018-09-02 21:43:25",607
"2018-09-02 22:43:26",607
"2018-09-02 23:43:26",607
"2018-09-03 00:43:25",607
"2018-09-03 01:43:26",607
"2018-09-03 02:43:26",607
"2018-09-03 03:43:25",607
"2018-09-03 04:43:25",607
"2018-09-03 05:43:25",607
"2018-09-03 06:43:25",607
"2018-09-03 07:43:25",607
"2018-09-03 08:43:29",607
"2018-09-03 09:43:25",607
"2018-09-03 10:43:25",607
"2018-09-03 11:43:26",607
"2018-09-03 12:43:24",607
"2018-09-03 13:43:26",607
"2018-09-03 14:43:25",607
"2018-09-03 15:43:24",607
"2018-09-03 16:43:25",607
"2018-09-03 17:43:25",607
"2018-09-03 18:43:26",607
"2018-09-03 19:43:24",607
"2018-09-03 20:43:26",607
"2018-09-03 21:43:24",607
"2018-09-03 22:43:25",607
"2018-09-03 23:43:24",607
"2018-09-04 00:43:25",607
"2018-09-04 01:43:25",607
"2018-09-04 02:43:25",607
"2018-09-04 03:43:26",607
"2018-09-04 04:43:25",607
"2018-09-04 05:43:25",607
"2018-09-04 06:43:25",607
"2018-09-04 07:43:26",607
"2018-09-04 08:43:26",607
"2018-09-04 09:43:25",606
"2018-09-04 10:43:26",606
"2018-09-04 11:43:24",606
"2018-09-04 12:43:25",606
"2018-09-04 13:43:31",606
"2018-09-04 14:43:27",606
"2018-09-04 15:43:26",609
"2018-09-04 16:43:27",608
"2018-09-04 17:43:26",605
"2018-09-04 18:43:27",607
"2018-09-04 19:43:28",607
"2018-09-04 20:43:26",606
"2018-09-04 21:43:25",606
"2018-09-04 22:43:26",606
"2018-09-04 23:43:25",606
"2018-09-05 00:43:25",606
"2018-09-05 01:43:26",606
"2018-09-05 02:43:26",606
"2018-09-05 03:43:24",606
"2018-09-05 04:43:25",606
"2018-09-05 05:43:25",606
"2018-09-05 06:43:25",606
"2018-09-05 07:43:26",606
"2018-09-05 08:43:25",606
"2018-09-05 09:43:25",606
"2018-09-05 10:43:24",606
"2018-09-05 11:43:28",606
"2018-09-05 12:43:24",606
"2018-09-05 13:43:34",606
"2018-09-05 14:43:30",604
"2018-09-05 15:43:27",604
"2018-09-05 16:43:27",604
"2018-09-05 17:43:27",604
"2018-09-05 18:43:28",603
"2018-09-05 19:43:27",603
"2018-09-05 20:43:25",604
"2018-09-05 21:43:24",604
"2018-09-05 22:43:24",604
"2018-09-05 23:43:26",604
"2018-09-06 00:43:26",604
"2018-09-06 01:43:25",604
"2018-09-06 02:43:26",604
"2018-09-06 03:43:26",604
"2018-09-06 04:43:26",604
"2018-09-06 05:43:27",604
"2018-09-06 06:43:25",604
"2018-09-06 07:43:24",604
"2018-09-06 08:43:25",604
"2018-09-06 09:43:25",604
"2018-09-06 10:43:24",604
"2018-09-06 11:43:25",604
"2018-09-06 13:08:30",604
"2018-09-06 13:43:34",604
"2018-09-06 14:43:27",611
"2018-09-06 15:43:28",612
"2018-09-06 16:43:27",613
"2018-09-06 17:43:27",612
"2018-09-06 18:43:27",613
"2018-09-06 19:43:27",613
"2018-09-06 20:43:25",615
"2018-09-06 21:43:25",615
"2018-09-06 22:43:26",615
"2018-09-06 23:43:27",615
"2018-09-07 00:43:26",615
"2018-09-07 01:43:27",615
"2018-09-07 02:43:27",615
"2018-09-07 03:43:26",615
"2018-09-07 04:43:26",615
"2018-09-07 05:43:30",615
"2018-09-07 06:43:29",615
"2018-09-07 08:43:29",615
"2018-09-07 09:43:29",615
"2018-09-07 10:43:27",615
"2018-09-07 11:43:26",615
"2018-09-07 12:43:26",615
"2018-09-07 13:43:33",615
"2018-09-07 14:43:27",620
"2018-09-07 15:43:27",621
"2018-09-07 16:43:28",622
"2018-09-07 17:43:28",623
"2018-09-07 18:43:26",623
"2018-09-07 19:43:27",623
"2018-09-07 20:43:26",625
"2018-09-07 21:43:24",625
"2018-09-07 22:43:25",625
"2018-09-07 23:43:25",625
"2018-09-08 00:43:25",625
"2018-09-08 01:43:25",625
"2018-09-08 02:43:26",625
"2018-09-08 03:43:25",625
"2018-09-08 04:43:25",625
"2018-09-08 05:43:25",625
"2018-09-08 06:43:25",625
"2018-09-08 07:43:24",625
"2018-09-08 08:43:24",625
"2018-09-08 09:43:24",625
"2018-09-08 10:43:24",625
"2018-09-08 11:43:25",625
"2018-09-08 12:43:25",625
"2018-09-08 13:43:26",625
"2018-09-08 14:43:24",625
"2018-09-08 15:43:25",625
"2018-09-08 16:43:25",625
"2018-09-08 17:43:25",625
"2018-09-08 18:43:25",625
"2018-09-08 19:43:26",625
"2018-09-08 20:43:25",625
"2018-09-08 21:43:25",625
"2018-09-08 22:43:25",625
"2018-09-08 23:43:26",625
"2018-09-09 00:43:24",625
"2018-09-09 01:43:26",625
"2018-09-09 02:43:26",625
"2018-09-09 03:43:25",625
"2018-09-09 04:43:25",625
"2018-09-09 05:43:25",625
"2018-09-09 06:43:25",625
"2018-09-09 07:43:25",625
"2018-09-09 08:43:26",625
"2018-09-09 09:43:25",625
"2018-09-09 10:43:25",625
"2018-09-09 11:43:26",625
"2018-09-09 12:43:25",625
"2018-09-09 13:43:26",625
"2018-09-09 14:43:26",625
"2018-09-09 15:43:25",625
"2018-09-09 16:43:25",625
"2018-09-09 17:43:25",625
"2018-09-09 18:43:26",625
"2018-09-09 19:43:25",625
"2018-09-09 20:43:25",625
"2018-09-09 21:43:25",625
"2018-09-09 22:43:25",625
"2018-09-09 23:43:25",625
"2018-09-10 00:43:26",625
"2018-09-10 01:43:27",625
"2018-09-10 02:43:26",625
"2018-09-10 03:43:26",625
"2018-09-10 04:43:26",625
"2018-09-10 05:43:24",625
"2018-09-10 06:43:24",625
"2018-09-10 07:43:24",625
"2018-09-10 08:43:24",625
"2018-09-10 09:43:25",625
"2018-09-10 10:43:25",625
"2018-09-10 11:43:25",625
"2018-09-10 12:43:25",625
"2018-09-10 13:43:29",625
"2018-09-10 14:43:26",627
"2018-09-10 15:43:28",628
"2018-09-10 16:43:27",629
"2018-09-10 17:43:26",630
"2018-09-10 18:43:27",632
"2018-09-10 19:43:26",632
"2018-09-10 20:43:25",633
"2018-09-10 21:43:24",633
"2018-09-10 22:43:25",633
"2018-09-10 23:43:25",633
"2018-09-11 00:43:26",633
"2018-09-11 01:43:26",633
"2018-09-11 02:43:26",633
"2018-09-11 03:43:26",633
"2018-09-11 04:43:25",633
"2018-09-11 05:43:27",633
"2018-09-11 06:43:26",633
"2018-09-11 07:43:25",633
"2018-09-11 08:43:25",633
"2018-09-11 09:43:25",633
"2018-09-11 10:43:25",633
"2018-09-11 11:43:24",633
"2018-09-11 12:43:26",633
"2018-09-11 13:43:31",633
"2018-09-11 14:43:27",632
"2018-09-11 15:43:27",632
"2018-09-11 16:43:26",632
"2018-09-11 17:43:27",631
"2018-09-11 18:43:28",633
"2018-09-11 19:43:28",631
"2018-09-11 20:43:26",632
"2018-09-11 21:43:26",632
"2018-09-11 22:43:25",632
"2018-09-11 23:43:26",632
"2018-09-12 00:43:27",632
"2018-09-12 01:43:28",632
"2018-09-12 20:43:29",633
"2018-09-12 21:43:26",633
"2018-09-12 22:43:26",633
"2018-09-12 23:43:26",633
"2018-09-13 00:43:26",633
"2018-09-13 01:43:26",633
"2018-09-13 02:43:31",633
"2018-09-13 03:43:26",633
"2018-09-13 04:43:26",633
"2018-09-13 05:43:27",633
"2018-09-13 06:43:27",633
"2018-09-13 07:43:26",633
"2018-09-13 08:43:26",633
"2018-09-13 09:43:25",633
"2018-09-13 10:43:26",633
"2018-09-13 11:43:25",633
"2018-09-13 12:43:26",633
"2018-09-13 14:43:28",632
"2018-09-13 15:43:28",632
"2018-09-13 16:43:27",632
"2018-09-13 17:43:26",632
"2018-09-13 18:43:28",633
"2018-09-13 19:43:27",633
"2018-09-13 20:43:26",633
"2018-09-13 21:43:26",632
"2018-09-13 22:43:26",632
"2018-09-13 23:43:26",632
"2018-09-14 00:43:27",632
"2018-09-14 01:43:26",632
"2018-09-14 02:43:27",632
"2018-09-14 03:43:27",632
"2018-09-14 04:43:27",632
"2018-09-14 05:43:27",632
"2018-09-14 06:43:26",632
"2018-09-14 07:43:28",632
"2018-09-14 08:43:30",632
"2018-09-14 09:43:27",632
"2018-09-14 10:43:26",632
"2018-09-14 11:43:25",632
"2018-09-14 12:43:27",632
"2018-09-14 13:43:34",632
"2018-09-14 14:43:32",630
"2018-09-14 15:43:32",627
"2018-09-14 16:43:28",628
"2018-09-14 17:43:30",627
"2018-09-14 18:43:29",628
"2018-09-14 19:43:28",628
"2018-09-14 20:43:27",630
"2018-09-14 21:43:27",630
"2018-09-14 22:43:27",630
"2018-09-14 23:43:27",630
"2018-09-15 00:43:28",630
"2018-09-15 01:43:28",630
"2018-09-15 02:43:28",630
"2018-09-15 03:43:27",630
"2018-09-15 04:43:26",630
"2018-09-15 05:43:27",630
"2018-09-15 06:43:26",630
"2018-09-15 07:43:27",630
"2018-09-15 08:43:26",630
"2018-09-15 09:43:27",630
"2018-09-15 10:43:27",630
"2018-09-15 11:43:26",630
"2018-09-15 12:43:29",630
"2018-09-15 13:43:28",630
"2018-09-15 14:43:26",630
"2018-09-15 15:43:27",630
"2018-09-15 16:43:27",630
"2018-09-15 17:43:26",630
"2018-09-15 18:43:26",630
"2018-09-15 19:43:27",630
"2018-09-15 20:43:28",630
"2018-09-15 21:43:26",630
"2018-09-15 22:43:26",630
"2018-09-15 23:43:26",630
"2018-09-16 00:43:27",630
"2018-09-16 01:43:27",630
"2018-09-16 02:43:28",630
"2018-09-16 03:43:27",630
"2018-09-16 04:43:28",630
"2018-09-16 05:43:27",630
"2018-09-16 06:43:28",630
"2018-09-16 07:43:26",630
"2018-09-16 08:43:27",630
"2018-09-16 09:43:27",630
"2018-09-16 10:43:26",630
"2018-09-16 11:43:27",630
"2018-09-16 12:43:27",630
"2018-09-16 13:43:27",630
"2018-09-16 14:43:27",630
"2018-09-16 15:43:28",630
"2018-09-16 16:43:28",630
"2018-09-16 17:43:27",630
"2018-09-16 18:43:28",630
"2018-09-16 19:43:26",630
"2018-09-16 20:43:27",630
"2018-09-16 21:43:27",630
"2018-09-16 22:43:27",630
"2018-09-16 23:43:27",630
"2018-09-17 00:43:28",630
"2018-09-17 01:43:27",630
"2018-09-17 02:43:27",630
"2018-09-17 03:43:27",630
"2018-09-17 04:43:27",630
"2018-09-17 05:43:27",630
"2018-09-17 06:43:26",630
"2018-09-17 07:43:27",630
"2018-09-17 08:43:28",630
"2018-09-17 09:43:27",630
"2018-09-17 10:43:26",630
"2018-09-17 11:43:26",630
"2018-09-17 12:43:26",630
"2018-09-17 13:43:33",630
"2018-09-17 14:43:28",633
"2018-09-17 15:43:34",632
"2018-09-17 16:43:29",632
"2018-09-17 17:43:27",633
"2018-09-17 18:43:27",633
"2018-09-17 19:43:28",634
"2018-09-17 20:43:27",635
"2018-09-17 21:43:27",635
"2018-09-17 22:43:26",635
"2018-09-17 23:43:27",635
"2018-09-18 00:43:27",635
"2018-09-18 01:43:27",635
"2018-09-18 02:43:27",635
"2018-09-18 03:43:27",635
"2018-09-18 04:43:28",635
"2018-09-18 05:43:27",635
"2018-09-18 06:43:27",635
"2018-09-18 07:43:26",635
"2018-09-18 08:43:27",635
"2018-09-18 09:43:27",635
"2018-09-18 10:43:26",635
"2018-09-18 11:43:26",635
"2018-09-18 12:43:27",635
"2018-09-18 13:43:31",635
"2018-09-18 14:43:28",630
"2018-09-18 15:43:27",630
"2018-09-18 16:43:29",630
"2018-09-18 17:43:29",630
"2018-09-18 18:43:30",631
"2018-09-18 19:43:31",631
"2018-09-18 20:43:27",629
"2018-09-18 21:43:26",629
"2018-09-18 22:43:27",629
"2018-09-18 23:43:27",629
"2018-09-19 00:43:29",629
"2018-09-19 01:43:28",629
"2018-09-19 02:43:28",629
"2018-09-19 03:43:28",629
"2018-09-19 04:43:27",629
"2018-09-19 05:43:27",629
"2018-09-19 06:43:28",629
"2018-09-19 07:43:27",629
"2018-09-19 08:43:27",629
"2018-09-19 09:43:27",629
"2018-09-19 10:43:26",629
"2018-09-19 11:43:26",629
"2018-09-19 12:43:27",629
"2018-09-19 13:44:19",629
"2018-09-19 14:43:33",629
"2018-09-19 15:43:32",629
"2018-09-19 16:43:28",628
"2018-09-19 17:43:29",628
"2018-09-19 18:43:28",628
"2018-09-19 19:43:37",628
"2018-09-19 20:43:27",629
"2018-09-19 21:43:28",629
"2018-09-19 22:43:26",629
"2018-09-19 23:43:27",629
"2018-09-20 00:43:27",629
"2018-09-20 01:43:31",629
"2018-09-20 02:43:29",629
"2018-09-20 03:43:32",629
"2018-09-20 04:43:28",629
"2018-09-20 05:43:28",629
"2018-09-20 06:43:28",629
"2018-09-20 07:43:26",629
"2018-09-20 08:43:30",629
"2018-09-20 09:44:12",629
"2018-09-20 10:43:27",629
"2018-09-20 11:43:27",629
"2018-09-20 13:09:33",629
"2018-09-20 14:43:33",632
"2018-09-20 15:43:30",635
"2018-09-20 16:43:29",637
"2018-09-20 17:43:28",638
"2018-09-20 18:43:28",639
"2018-09-20 19:43:29",638
"2018-09-20 20:43:29",638
"2018-09-20 21:43:27",638
"2018-09-20 22:43:27",638
"2018-09-20 23:43:27",638
"2018-09-21 00:43:29",638
"2018-09-21 01:43:28",638
"2018-09-21 02:43:28",638
"2018-09-21 03:43:27",638
"2018-09-21 04:43:30",638
"2018-09-21 05:43:58",638
"2018-09-21 06:43:27",638
"2018-09-21 07:43:28",638
"2018-09-21 08:43:28",638
"2018-09-21 09:43:27",638
"2018-09-21 10:43:27",638
"2018-09-21 11:43:28",638
"2018-09-21 13:11:02",638
"2018-09-21 13:43:35",638
"2018-09-21 14:43:29",636
"2018-09-21 15:43:31",633
"2018-09-21 16:43:30",633
"2018-09-21 17:43:30",633
"2018-09-21 18:44:00",632
"2018-09-21 19:43:31",634
"2018-09-21 20:43:28",635
"2018-09-21 21:43:28",635
"2018-09-21 22:43:27",635
"2018-09-21 23:43:28",635
"2018-09-22 00:43:28",635
"2018-09-22 01:43:28",635
"2018-09-22 02:43:28",635
"2018-09-22 03:43:28",635
"2018-09-22 04:43:29",635
"2018-09-22 05:43:28",635
"2018-09-22 06:43:28",635
"2018-09-22 07:43:28",635
"2018-09-22 08:43:27",635
"2018-09-22 09:43:28",635
"2018-09-22 10:43:28",635
"2018-09-22 11:43:28",635
"2018-09-22 12:43:28",635
"2018-09-22 13:43:29",635
"2018-09-22 14:43:29",635
"2018-09-22 15:43:29",635
"2018-09-22 16:43:29",635
"2018-09-22 17:43:29",635
"2018-09-22 18:43:28",635
"2018-09-22 19:43:29",635
"2018-09-22 20:43:28",635
"2018-09-22 21:43:28",635
"2018-09-22 22:43:28",635
"2018-09-22 23:43:28",635
"2018-09-23 00:43:29",635
"2018-09-23 01:43:29",635
"2018-09-23 02:43:28",635
"2018-09-23 03:43:30",635
"2018-09-23 04:43:30",635
"2018-09-23 05:43:28",635
"2018-09-23 06:43:28",635
"2018-09-23 07:43:29",635
"2018-09-23 08:43:28",635
"2018-09-23 09:43:28",635
"2018-09-23 10:43:28",635
"2018-09-23 11:43:29",635
"2018-09-23 12:43:28",635
"2018-09-23 13:43:29",635
"2018-09-23 14:43:29",635
"2018-09-23 15:43:28",635
"2018-09-23 16:43:29",635
"2018-09-23 17:43:28",635
"2018-09-23 18:43:28",635
"2018-09-23 19:43:28",635
"2018-09-23 20:43:28",635
"2018-09-23 21:43:29",635
"2018-09-23 22:43:29",635
"2018-09-23 23:43:29",635
"2018-09-24 00:43:28",635
"2018-09-24 01:43:29",635
"2018-09-24 02:43:29",635
"2018-09-24 03:43:28",635
"2018-09-24 04:43:30",635
"2018-09-24 05:43:28",635
"2018-09-24 06:43:28",635
"2018-09-24 07:43:29",635
"2018-09-24 08:43:28",635
"2018-09-24 09:43:28",635
"2018-09-24 10:43:27",635
"2018-09-24 11:43:29",635
"2018-09-24 12:43:28",635
"2018-09-24 13:43:36",635
"2018-09-24 14:43:30",637
"2018-09-24 15:43:29",637
"2018-09-24 16:43:28",636
"2018-09-24 17:43:29",636
"2018-09-24 18:43:29",634
"2018-09-24 19:43:30",635
"2018-09-24 20:43:29",634
"2018-09-24 21:43:28",633
"2018-09-24 22:43:28",632
"2018-09-24 23:43:29",632
"2018-09-25 00:43:29",632
"2018-09-25 01:43:28",632
"2018-09-25 02:43:27",632
"2018-09-25 03:43:28",632
"2018-09-25 04:43:30",632
"2018-09-25 05:43:28",632
"2018-09-25 06:43:29",632
"2018-09-25 07:43:28",632
"2018-09-25 08:43:28",632
"2018-09-25 09:43:28",632
"2018-09-25 10:43:28",632
"2018-09-25 11:43:29",632
"2018-09-25 12:43:29",632
"2018-09-25 13:43:33",632
"2018-09-25 14:43:31",628
"2018-09-25 15:43:29",628
"2018-09-25 16:43:31",628
"2018-09-25 17:43:29",629
"2018-09-25 18:43:30",628
"2018-09-25 19:43:30",630
"2018-09-25 20:43:29",632
"2018-09-25 21:43:29",632
"2018-09-25 22:43:29",632
"2018-09-25 23:43:29",632
"2018-09-26 00:43:31",632
"2018-09-26 01:43:33",632
"2018-09-26 02:43:32",632
"2018-09-26 03:43:32",632
"2018-09-26 04:43:29",632
"2018-09-26 05:43:29",632
"2018-09-26 06:43:29",632
"2018-09-26 07:43:29",632
"2018-09-26 08:43:30",632
"2018-09-26 09:43:29",632
"2018-09-26 10:43:28",632
"2018-09-26 11:43:28",632
"2018-09-26 13:10:03",632
"2018-09-26 13:43:36",632
"2018-09-26 14:43:30",631
"2018-09-26 15:43:31",629
"2018-09-26 16:43:31",629
"2018-09-26 17:43:30",629
"2018-09-26 18:43:32",632
"2018-09-26 19:43:30",632
"2018-09-26 20:43:29",632
"2018-09-26 21:43:29",632
"2018-09-26 22:43:28",633
"2018-09-26 23:43:29",633
"2018-09-27 00:43:30",633
"2018-09-27 01:43:28",633
"2018-09-27 02:43:30",633
"2018-09-27 03:43:29",633
"2018-09-27 04:43:29",633
"2018-09-27 05:43:29",633
"2018-09-27 06:43:29",633
"2018-09-27 07:43:29",633
"2018-09-27 08:43:28",633
"2018-09-27 09:43:29",633
"2018-09-27 10:43:28",633
"2018-09-27 11:43:29",633
"2018-09-27 12:43:29",633
"2018-09-27 13:43:33",633
"2018-09-27 14:43:30",633
"2018-09-27 15:43:30",633
"2018-09-27 17:09:11",633
"2018-09-27 17:43:32",633
"2018-09-27 18:43:33",633
"2018-09-27 19:43:31",633
"2018-09-27 20:43:30",633
"2018-09-27 21:43:30",633
"2018-09-27 22:43:29",633
"2018-09-27 23:43:31",633
"2018-09-28 00:43:31",633
"2018-09-28 01:43:30",633
"2018-09-28 02:43:28",633
"2018-09-28 03:43:30",633
"2018-09-28 04:43:29",633
"2018-09-28 05:43:29",633
"2018-09-28 06:43:30",633
"2018-09-28 07:43:30",633
"2018-09-28 08:43:29",633
"2018-09-28 09:43:31",633
"2018-09-28 10:43:30",633
"2018-09-28 11:43:30",633
"2018-09-28 12:43:30",633
"2018-09-28 13:43:35",633
"2018-09-28 14:43:32",634
"2018-09-28 15:43:35",634
"2018-09-28 16:43:32",635
"2018-09-28 17:43:32",635
"2018-09-28 18:43:33",633
"2018-09-28 19:43:33",632
"2018-09-28 20:43:30",632
"2018-09-28 21:43:30",632
"2018-09-28 22:43:30",632
"2018-09-28 23:43:29",632
"2018-09-29 00:43:29",632
"2018-09-29 01:43:32",632
"2018-09-29 02:43:36",632
"2018-09-29 03:43:31",632
"2018-09-29 04:43:29",632
"2018-09-29 05:43:29",632
"2018-09-29 06:43:28",632
"2018-09-29 07:43:29",632
"2018-09-29 08:43:29",632
"2018-09-29 09:43:29",632
"2018-09-29 10:43:30",632
"2018-09-29 11:43:31",632
"2018-09-29 12:43:29",632
"2018-09-29 13:43:30",632
"2018-09-29 14:43:30",632
"2018-09-29 15:43:31",632
"2018-09-29 16:43:29",632
"2018-09-29 17:43:29",632
"2018-09-29 18:43:31",632
"2018-09-29 19:43:29",632
"2018-09-29 20:43:29",632
"2018-09-29 21:43:30",632
"2018-09-29 22:43:29",632
"2018-09-29 23:43:29",632
"2018-09-30 00:43:30",632
"2018-09-30 01:43:29",632
"2018-09-30 02:43:28",632
"2018-09-30 03:43:30",632
"2018-09-30 04:43:29",632
"2018-09-30 05:43:28",632
"2018-09-30 06:43:28",632
"2018-09-30 07:43:27",632
"2018-09-30 08:43:28",632
"2018-09-30 09:43:27",632
"2018-09-30 10:43:28",632
"2018-09-30 11:43:28",632
"2018-09-30 12:43:29",632
"2018-09-30 13:43:29",632
"2018-09-30 14:43:28",632
"2018-09-30 15:43:28",632
"2018-09-30 16:43:29",632
"2018-09-30 17:43:28",632
"2018-09-30 18:43:28",632
"2018-09-30 19:43:29",632
"2018-09-30 20:43:28",632
"2018-09-30 21:43:28",632
"2018-09-30 22:43:29",632
"2018-09-30 23:43:30",632
"2018-10-01 00:43:31",632
"2018-10-01 01:43:29",632
"2018-10-01 02:43:31",632
"2018-10-01 03:43:30",632
"2018-10-01 04:43:30",632
"2018-10-01 05:43:30",632
"2018-10-01 06:43:29",632
"2018-10-01 07:43:29",632
"2018-10-01 08:43:30",632
"2018-10-01 09:43:28",632
"2018-10-01 10:43:27",632
"2018-10-01 11:43:28",632
"2018-10-01 12:43:28",632
"2018-10-01 14:08:45",652
"2018-10-01 14:43:32",652
"2018-10-01 15:43:29",692
"2018-10-01 16:43:30",739
"2018-10-01 17:43:34",761
"2018-10-01 18:43:29",780
"2018-10-01 19:43:31",797
"2018-10-01 20:43:29",807
"2018-10-01 21:43:29",810
"2018-10-01 22:43:28",811
"2018-10-01 23:43:30",811
"2018-10-02 00:43:33",811
"2018-10-02 01:43:30",811
"2018-10-02 02:43:29",811
"2018-10-02 03:43:29",811
"2018-10-02 04:43:30",811
"2018-10-02 05:43:28",811
"2018-10-02 06:43:29",811
"2018-10-02 07:43:30",811
"2018-10-02 08:43:28",811
"2018-10-02 09:43:29",811
"2018-10-02 10:43:28",811
"2018-10-02 11:43:29",811
"2018-10-02 12:43:28",811
"2018-10-02 13:43:33",813
"2018-10-02 14:43:32",812
"2018-10-02 15:43:31",805
"2018-10-02 16:43:31",804
"2018-10-02 17:43:29",790
"2018-10-02 18:43:30",789
"2018-10-02 19:43:29",788
"2018-10-02 20:43:30",785
"2018-10-02 21:43:29",784
"2018-10-02 22:43:29",784
"2018-10-02 23:43:29",784
"2018-10-03 00:43:29",784
"2018-10-03 01:43:28",784
"2018-10-03 02:44:00",784
"2018-10-03 03:43:30",784
"2018-10-03 04:43:32",784
"2018-10-03 05:43:31",784
"2018-10-03 06:43:29",784
"2018-10-03 07:43:31",784
"2018-10-03 08:43:30",784
"2018-10-03 09:43:30",784
"2018-10-03 10:43:30",784
"2018-10-03 11:43:31",784
"2018-10-03 12:43:30",784
"2018-10-03 13:44:42",784
"2018-10-03 15:08:36",774
"2018-10-03 15:43:31",774
"2018-10-03 16:43:32",771
"2018-10-03 17:43:31",768
"2018-10-03 18:43:30",769
"2018-10-03 19:43:30",769
"2018-10-03 20:43:29",768
"2018-10-03 21:43:29",768
"2018-10-03 22:43:30",769
"2018-10-03 23:43:29",769
"2018-10-04 00:43:29",769
"2018-10-04 01:43:30",769
"2018-10-04 02:43:29",769
"2018-10-04 03:43:27",769
"2018-10-04 04:43:28",769
"2018-10-04 05:43:29",769
"2018-10-04 06:43:27",769
"2018-10-04 07:43:28",769
"2018-10-04 08:43:27",769
"2018-10-04 09:43:28",769
"2018-10-04 10:43:28",769
"2018-10-04 11:43:28",769
"2018-10-04 12:43:30",769
"2018-10-04 14:09:40",769
"2018-10-04 14:43:31",769
"2018-10-04 15:43:30",765
"2018-10-04 16:43:33",765
"2018-10-04 17:43:33",764
"2018-10-04 18:43:31",764
"2018-10-04 19:43:32",763
"2018-10-04 20:43:30",762
"2018-10-04 21:43:30",763
"2018-10-04 22:43:30",763
"2018-10-04 23:43:29",763
"2018-10-05 00:43:30",763
"2018-10-05 01:43:30",763
"2018-10-05 02:43:30",763
"2018-10-05 03:43:30",763
"2018-10-05 04:43:31",763
"2018-10-05 05:43:31",763
"2018-10-05 06:43:30",763
"2018-10-05 07:43:30",763
"2018-10-05 08:43:29",763
"2018-10-05 09:43:30",763
"2018-10-05 10:43:30",763
"2018-10-05 11:43:30",763
"2018-10-05 12:43:30",763
"2018-10-05 13:43:36",763
"2018-10-05 14:43:31",764
"2018-10-05 15:43:33",765
"2018-10-05 16:43:34",764
"2018-10-05 17:43:34",765
"2018-10-05 18:43:34",767
"2018-10-05 19:43:31",766
"2018-10-05 20:43:30",766
"2018-10-05 21:43:29",766
"2018-10-05 22:43:30",766
"2018-10-05 23:43:29",766
"2018-10-06 00:43:31",766
"2018-10-06 01:43:31",766
"2018-10-06 02:43:31",766
"2018-10-06 03:43:31",766
"2018-10-06 04:43:30",766
"2018-10-06 05:43:30",766
"2018-10-06 06:43:31",766
"2018-10-06 07:43:31",766
"2018-10-06 08:43:30",766
"2018-10-06 09:43:30",766
"2018-10-06 10:43:30",766
"2018-10-06 11:43:29",766
"2018-10-06 12:43:30",766
"2018-10-06 13:43:29",766
"2018-10-06 14:43:30",766
"2018-10-06 15:43:31",766
"2018-10-06 16:43:30",766
"2018-10-06 17:43:30",766
"2018-10-06 18:43:30",766
"2018-10-06 19:43:31",766
"2018-10-06 20:43:30",766
"2018-10-06 21:43:30",766
"2018-10-06 22:43:30",766
"2018-10-06 23:43:30",766
"2018-10-07 00:43:30",766
"2018-10-07 01:43:30",766
"2018-10-07 02:43:30",766
"2018-10-07 03:43:30",766
"2018-10-07 04:43:30",766
"2018-10-07 05:43:31",766
"2018-10-07 06:43:31",766
"2018-10-07 07:43:31",766
"2018-10-07 08:43:29",766
"2018-10-07 09:43:29",766
"2018-10-07 10:43:30",766
"2018-10-07 11:43:29",766
"2018-10-07 12:43:30",766
"2018-10-07 13:43:30",766
"2018-10-07 14:43:31",766
"2018-10-07 15:43:31",766
"2018-10-07 16:43:31",766
"2018-10-07 17:43:31",766
"2018-10-07 18:43:31",766
"2018-10-07 19:43:31",766
"2018-10-07 20:43:31",766
"2018-10-07 21:43:30",766
"2018-10-07 22:43:30",766
"2018-10-07 23:43:30",766
"2018-10-08 00:43:29",766
"2018-10-08 01:43:29",766
"2018-10-08 02:43:31",766
"2018-10-08 03:43:30",766
"2018-10-08 04:43:29",766
"2018-10-08 05:43:29",766
"2018-10-08 06:43:30",766
"2018-10-08 07:43:29",766
"2018-10-08 08:43:29",766
"2018-10-08 09:43:29",766
"2018-10-08 10:43:29",766
"2018-10-08 11:43:29",766
"2018-10-08 12:43:29",766
"2018-10-08 13:43:38",766
"2018-10-08 14:43:32",766
"2018-10-08 15:44:03",765
"2018-10-08 16:43:33",769
"2018-10-08 17:43:32",770
"2018-10-08 18:43:32",769
"2018-10-08 19:43:31",767
"2018-10-08 20:43:30",769
"2018-10-08 21:43:29",768
"2018-10-08 22:43:29",768
"2018-10-08 23:43:31",768
"2018-10-09 00:43:29",768
"2018-10-09 01:43:59",768
"2018-10-09 02:43:29",768
"2018-10-09 03:43:34",768
"2018-10-09 04:43:28",768
"2018-10-09 05:43:29",768
"2018-10-09 06:43:28",768
"2018-10-09 07:43:28",768
"2018-10-09 08:43:28",768
"2018-10-09 09:43:28",768
"2018-10-09 10:43:28",768
"2018-10-09 11:43:29",768
"2018-10-09 12:43:29",768
"2018-10-09 13:43:35",768
"2018-10-09 14:43:32",767
"2018-10-09 15:43:31",760
"2018-10-09 16:43:29",757
"2018-10-09 17:43:29",758
"2018-10-09 18:43:29",758
"2018-10-09 19:43:28",758
"2018-10-09 21:43:27",758
"2018-10-09 22:43:29",758
"2018-10-09 23:43:28",758
"2018-10-10 00:43:28",758
"2018-10-10 01:43:29",758
"2018-10-10 02:43:29",758
"2018-10-10 03:43:35",758
"2018-10-10 04:43:29",758
"2018-10-10 05:43:29",758
"2018-10-10 06:43:29",758
"2018-10-10 07:43:29",758
"2018-10-10 08:43:30",758
"2018-10-10 09:43:29",758
"2018-10-10 10:43:29",758
"2018-10-10 11:43:28",758
"2018-10-10 12:43:28",758
"2018-10-10 13:43:35",758
"2018-10-10 14:43:32",758
"2018-10-10 15:43:32",757
"2018-10-10 16:43:30",756
"2018-10-10 17:43:29",755
"2018-10-10 18:43:32",754
"2018-10-10 19:43:35",752
"2018-10-10 20:43:31",751
"2018-10-10 21:43:29",752
"2018-10-10 22:43:30",752
"2018-10-10 23:43:30",752
"2018-10-11 00:43:31",752
"2018-10-11 01:43:29",752
"2018-10-11 02:43:28",752
"2018-10-11 03:43:28",752
"2018-10-11 04:43:27",752
"2018-10-11 05:43:27",752
"2018-10-11 06:43:28",752
"2018-10-11 07:43:27",752
"2018-10-11 08:43:29",752
"2018-10-11 09:43:29",752
"2018-10-11 10:43:30",752
"2018-10-11 11:43:28",752
"2018-10-11 12:43:28",752
"2018-10-11 13:43:33",752
"2018-10-11 14:43:28",748
"2018-10-11 15:43:31",749
"2018-10-11 16:43:32",748
"2018-10-11 17:43:30",747
"2018-10-11 18:43:34",745
"2018-10-11 19:43:30",745
"2018-10-11 20:43:30",745
"2018-10-11 21:43:30",745
"2018-10-11 22:43:28",744
"2018-10-11 23:43:30",744
"2018-10-12 00:43:28",744
"2018-10-12 01:43:29",744
"2018-10-12 02:43:30",744
"2018-10-12 03:43:28",744
"2018-10-12 04:43:29",744
"2018-10-12 05:43:28",744
"2018-10-12 06:43:27",744
"2018-10-12 07:43:28",744
"2018-10-12 08:43:28",744
"2018-10-12 09:43:29",744
"2018-10-12 10:43:29",744
"2018-10-12 11:43:29",744
"2018-10-12 12:43:29",744
"2018-10-12 13:43:36",744
"2018-10-12 14:43:29",745
"2018-10-12 15:43:31",743
"2018-10-12 16:43:32",743
"2018-10-12 17:43:29",743
"2018-10-12 18:43:28",745
"2018-10-12 19:43:30",743
"2018-10-12 20:43:28",743
"2018-10-12 21:43:28",743
"2018-10-12 22:43:29",743
"2018-10-12 23:43:28",743
"2018-10-13 00:43:28",743
"2018-10-13 01:43:29",743
"2018-10-13 02:43:30",743
"2018-10-13 03:43:30",743
"2018-10-13 04:43:30",743
"2018-10-13 05:43:28",743
"2018-10-13 06:43:28",743
"2018-10-13 07:43:30",743
"2018-10-13 08:43:30",743
"2018-10-13 09:43:29",743
"2018-10-13 10:43:29",743
"2018-10-13 11:43:27",743
"2018-10-13 12:43:28",743
"2018-10-13 13:43:28",743
"2018-10-13 14:43:29",743
"2018-10-13 15:43:29",743
"2018-10-13 16:43:28",743
"2018-10-13 17:43:29",743
"2018-10-13 18:43:29",743
"2018-10-13 19:43:29",743
"2018-10-13 20:43:30",743
"2018-10-13 21:43:29",743
"2018-10-13 22:43:31",743
"2018-10-13 23:43:29",743
"2018-10-14 00:43:31",743
"2018-10-14 01:43:29",743
"2018-10-14 02:43:28",743
"2018-10-14 03:43:29",743
"2018-10-14 04:43:29",743
"2018-10-14 05:43:28",743
"2018-10-14 06:43:28",743
"2018-10-14 07:43:29",743
"2018-10-14 08:43:27",743
"2018-10-14 09:43:28",743
"2018-10-14 10:43:28",743
"2018-10-14 11:43:29",743
"2018-10-14 12:43:28",743
"2018-10-14 13:43:28",743
"2018-10-14 14:43:28",743
"2018-10-14 15:43:29",743
"2018-10-14 16:43:27",743
"2018-10-14 17:43:28",743
"2018-10-14 18:43:29",743
"2018-10-14 19:43:29",743
"2018-10-14 20:43:28",743
"2018-10-14 21:43:29",743
"2018-10-14 22:43:28",743
"2018-10-14 23:43:29",743
"2018-10-15 00:43:30",743
"2018-10-15 01:43:28",743
"2018-10-15 02:43:28",743
"2018-10-15 03:43:29",743
"2018-10-15 04:43:28",743
"2018-10-15 05:43:29",743
"2018-10-15 06:43:30",743
"2018-10-15 07:43:29",743
"2018-10-15 08:43:41",743
"2018-10-15 09:43:28",743
"2018-10-15 10:43:29",743
"2018-10-15 11:43:28",743
"2018-10-15 12:43:28",743
"2018-10-15 13:43:34",743
"2018-10-15 14:43:30",742
"2018-10-15 15:43:32",742
"2018-10-15 16:43:32",743
"2018-10-15 17:43:31",743
"2018-10-15 18:43:29",742
"2018-10-15 19:43:30",740
"2018-10-15 20:43:32",736
"2018-10-15 21:43:32",736
"2018-10-15 22:43:29",736
"2018-10-15 23:43:30",736
"2018-10-16 00:43:31",736
"2018-10-16 01:43:32",736
"2018-10-16 02:43:30",736
"2018-10-16 03:43:29",736
"2018-10-16 04:43:30",736
"2018-10-16 09:43:28",736
"2018-10-16 10:43:29",736
"2018-10-16 11:43:28",736
"2018-10-16 12:43:29",736
"2018-10-16 13:43:34",736
"2018-10-16 14:43:31",736
"2018-10-16 15:43:32",736
"2018-10-16 16:43:29",737
"2018-10-16 17:43:32",736
"2018-10-16 18:43:33",736
"2018-10-16 19:43:32",736
"2018-10-16 20:43:30",733
"2018-10-16 21:43:29",732
"2018-10-16 22:43:31",732
"2018-10-16 23:43:32",732
"2018-10-17 00:43:31",732
"2018-10-17 01:43:31",732
"2018-10-17 02:43:31",732
"2018-10-17 03:43:31",732
"2018-10-17 04:43:30",732
"2018-10-17 05:43:31",732
"2018-10-17 06:43:30",732
"2018-10-17 07:43:31",732
"2018-10-17 08:43:29",732
"2018-10-17 09:43:29",732
"2018-10-17 10:43:29",732
"2018-10-17 11:43:28",732
"2018-10-17 12:43:30",732
"2018-10-17 14:09:35",732
"2018-10-17 14:43:31",732
"2018-10-17 15:43:33",729
"2018-10-17 16:43:32",729
"2018-10-17 17:43:32",727
"2018-10-17 18:43:32",726
"2018-10-17 19:43:32",726
"2018-10-17 20:43:32",726
"2018-10-17 21:43:31",726
"2018-10-17 22:43:30",726
"2018-10-17 23:43:30",726
"2018-10-18 00:43:32",726
"2018-10-18 01:43:31",726
"2018-10-18 02:43:31",726
"2018-10-18 03:43:32",726
"2018-10-18 04:43:28",726
"2018-10-18 05:43:29",726
"2018-10-18 06:43:29",726
"2018-10-18 07:43:29",726
"2018-10-18 08:43:29",726
"2018-10-18 09:43:29",726
"2018-10-18 10:43:29",726
"2018-10-18 11:43:28",726
"2018-10-18 13:08:32",726
"2018-10-18 13:43:32",726
"2018-10-18 14:43:32",729
"2018-10-18 15:43:33",728
"2018-10-18 16:43:31",728
"2018-10-18 17:43:30",728
"2018-10-18 18:43:29",727
"2018-10-18 19:43:30",727
"2018-10-18 20:43:30",726
"2018-10-18 21:43:31",727
"2018-10-18 22:43:30",727
"2018-10-18 23:43:29",727
"2018-10-19 00:43:31",727
"2018-10-19 01:43:31",727
"2018-10-19 02:43:30",727
"2018-10-19 03:43:31",727
"2018-10-19 04:43:30",727
"2018-10-19 05:43:29",727
"2018-10-19 06:43:30",727
"2018-10-19 07:43:30",727
"2018-10-19 08:43:29",727
"2018-10-19 09:43:29",727
"2018-10-19 10:43:29",727
"2018-10-19 11:43:29",727
"2018-10-19 13:08:04",727
"2018-10-19 13:43:36",727
"2018-10-19 14:43:30",727
"2018-10-19 15:43:32",729
"2018-10-19 16:43:30",729
"2018-10-19 17:43:30",731
"2018-10-19 18:43:31",732
"2018-10-19 19:43:31",732
"2018-10-19 20:43:31",732
"2018-10-19 21:43:29",732
"2018-10-19 22:43:29",732
"2018-10-19 23:43:59",732
"2018-10-20 00:43:30",732
"2018-10-20 01:43:31",732
"2018-10-20 02:43:29",732
"2018-10-20 03:43:29",732
"2018-10-20 04:43:29",732
"2018-10-20 05:43:30",732
"2018-10-20 06:43:30",732
"2018-10-20 07:43:29",732
"2018-10-20 08:43:29",732
"2018-10-20 09:43:29",732
"2018-10-20 10:43:30",732
"2018-10-20 11:43:29",732
"2018-10-20 12:43:29",732
"2018-10-20 13:43:31",732
"2018-10-20 14:43:32",732
"2018-10-20 15:43:31",732
"2018-10-20 16:43:30",732
"2018-10-20 17:43:30",732
"2018-10-20 18:43:30",732
"2018-10-20 19:43:30",732
"2018-10-20 20:43:30",732
"2018-10-20 21:43:31",732
"2018-10-20 22:43:30",732
"2018-10-20 23:43:30",732
"2018-10-21 00:43:30",732
"2018-10-21 01:43:31",732
"2018-10-21 02:43:30",732
"2018-10-21 03:43:31",732
"2018-10-21 04:43:29",732
"2018-10-21 05:43:30",732
"2018-10-21 06:43:29",732
"2018-10-21 07:43:35",732
"2018-10-21 08:43:29",732
"2018-10-21 09:43:29",732
"2018-10-21 10:43:28",732
"2018-10-21 11:43:28",732
"2018-10-21 12:43:29",732
"2018-10-21 13:43:34",732
"2018-10-21 14:43:32",732
"2018-10-21 15:43:31",732
"2018-10-21 16:43:29",732
"2018-10-21 17:43:30",732
"2018-10-21 18:43:30",732
"2018-10-21 19:43:29",732
"2018-10-21 20:43:30",732
"2018-10-21 21:43:29",732
"2018-10-21 22:43:31",732
"2018-10-21 23:43:30",732
"2018-10-22 00:43:32",732
"2018-10-22 01:43:33",732
"2018-10-22 02:43:32",732
"2018-10-22 03:43:32",732
"2018-10-22 04:43:32",732
"2018-10-22 05:43:30",732
"2018-10-22 06:43:30",732
"2018-10-22 07:43:33",732
"2018-10-22 08:43:30",732
"2018-10-22 09:43:30",731
"2018-10-22 10:43:31",731
"2018-10-22 11:43:30",731
"2018-10-22 12:43:31",731
"2018-10-22 13:43:34",731
"2018-10-22 14:43:34",731
"2018-10-22 15:43:32",730
"2018-10-22 16:43:30",730
"2018-10-22 17:43:31",731
"2018-10-22 18:43:29",732
"2018-10-22 19:43:31",732
"2018-10-22 20:43:31",732
"2018-10-22 21:43:31",732
"2018-10-22 22:43:30",732
"2018-10-22 23:43:31",732
"2018-10-23 00:43:32",732
"2018-10-23 01:43:30",732
"2018-10-23 02:43:30",732
"2018-10-23 03:43:30",732
"2018-10-23 04:43:30",732
"2018-10-23 05:43:30",732
"2018-10-23 06:43:29",732
"2018-10-23 07:43:33",732
"2018-10-23 08:43:29",732
"2018-10-23 09:43:30",732
"2018-10-23 10:43:29",732
"2018-10-23 11:43:30",732
"2018-10-23 12:43:29",732
"2018-10-23 13:43:34",732
"2018-10-23 14:43:31",730
"2018-10-23 15:43:30",731
"2018-10-23 16:43:30",729
"2018-10-23 17:43:30",730
"2018-10-23 18:43:31",730
"2018-10-23 19:43:31",730
"2018-10-23 20:43:29",731
"2018-10-23 21:43:31",731
"2018-10-23 22:43:30",731
"2018-10-23 23:43:30",731
"2018-10-24 00:43:30",731
"2018-10-24 01:43:31",731
"2018-10-24 02:43:32",731
"2018-10-24 03:43:31",731
"2018-10-24 04:43:31",731
"2018-10-24 05:43:31",731
"2018-10-24 06:43:32",731
"2018-10-24 07:43:31",731
"2018-10-24 08:43:30",731
"2018-10-24 09:43:29",731
"2018-10-24 10:43:30",731
"2018-10-24 11:43:29",731
"2018-10-24 12:43:28",731
"2018-10-24 13:43:33",731
"2018-10-24 14:43:32",731
"2018-10-24 15:43:33",731
"2018-10-24 16:43:32",730
"2018-10-24 17:43:31",730
"2018-10-24 18:43:32",728
"2018-10-24 19:43:32",728
"2018-10-24 20:43:34",730
"2018-10-24 21:43:32",730
"2018-10-24 22:43:32",730
"2018-10-24 23:43:30",730
"2018-10-25 00:43:31",730
"2018-10-25 01:43:31",730
"2018-10-25 02:43:31",730
"2018-10-25 03:43:30",730
"2018-10-25 04:43:31",730
"2018-10-25 05:43:31",730
"2018-10-25 06:43:31",730
"2018-10-25 07:43:31",730
"2018-10-25 08:43:31",730
"2018-10-25 09:43:31",730
"2018-10-25 10:43:31",730
"2018-10-25 11:43:32",730
"2018-10-25 14:09:40",729
"2018-10-25 14:43:35",729
"2018-10-25 15:43:34",729
"2018-10-25 16:43:32",729
"2018-10-25 17:43:33",729
"2018-10-25 18:43:34",728
"2018-10-25 19:43:31",728
"2018-10-25 20:43:32",727
"2018-10-25 21:43:32",727
"2018-10-25 22:43:31",727
"2018-10-25 23:43:33",727
"2018-10-26 00:43:31",727
"2018-10-26 01:43:32",727
"2018-10-26 02:43:33",727
"2018-10-26 03:43:34",727
"2018-10-26 04:43:34",727
"2018-10-26 05:43:31",727
"2018-10-26 06:43:31",727
"2018-10-26 07:43:30",727
"2018-10-26 08:43:30",727
"2018-10-26 09:43:30",727
"2018-10-26 10:43:30",727
"2018-10-26 11:43:30",727
"2018-10-26 12:43:31",727
"2018-10-26 13:43:32",727
"2018-10-26 14:43:32",724
"2018-10-26 15:43:32",723
"2018-10-26 16:43:31",722
"2018-10-26 17:43:31",722
"2018-10-26 18:43:30",722
"2018-10-26 19:43:30",725
"2018-10-26 20:43:31",728
"2018-10-26 21:43:30",728
"2018-10-26 22:43:30",728
"2018-10-26 23:43:30",728
"2018-10-27 00:43:30",728
"2018-10-27 01:43:31",728
"2018-10-27 02:43:30",728
"2018-10-27 03:43:29",728
"2018-10-27 04:43:29",728
"2018-10-27 05:43:31",728
"2018-10-27 06:43:30",728
"2018-10-27 07:43:31",728
"2018-10-27 08:43:31",728
"2018-10-27 09:43:30",728
"2018-10-27 10:43:31",728
"2018-10-27 11:43:30",728
"2018-10-27 12:43:30",728
"2018-10-27 13:43:29",728
"2018-10-27 14:43:30",728
"2018-10-27 15:43:31",728
"2018-10-27 16:43:30",728
"2018-10-27 17:43:31",728
"2018-10-27 18:43:30",728
"2018-10-27 19:43:30",728
"2018-10-27 20:43:30",728
"2018-10-27 21:43:30",728
"2018-10-27 22:43:30",728
"2018-10-27 23:43:30",728
"2018-10-28 00:43:30",728
"2018-10-28 01:43:30",728
"2018-10-28 02:43:30",728
"2018-10-28 03:43:31",728
"2018-10-28 04:43:30",728
"2018-10-28 05:43:30",728
"2018-10-28 06:43:30",728
"2018-10-28 07:43:29",728
"2018-10-28 08:43:30",728
"2018-10-28 09:43:31",728
"2018-10-28 10:43:30",728
"2018-10-28 11:43:29",728
"2018-10-28 12:43:29",728
"2018-10-28 13:43:31",728
"2018-10-28 14:43:30",728
"2018-10-28 15:43:30",728
"2018-10-28 16:43:31",728
"2018-10-28 17:43:30",728
"2018-10-28 18:43:30",728
"2018-10-28 19:43:29",728
"2018-10-28 20:43:30",728
"2018-10-28 21:43:29",728
"2018-10-28 22:43:30",728
"2018-10-28 23:43:29",728
"2018-10-29 00:43:30",728
"2018-10-29 01:43:31",728
"2018-10-29 02:43:31",728
"2018-10-29 03:43:29",728
"2018-10-29 04:43:31",728
"2018-10-29 05:43:29",728
"2018-10-29 06:43:31",728
"2018-10-29 07:43:29",728
"2018-10-29 08:43:30",728
"2018-10-29 09:43:30",728
"2018-10-29 10:43:30",728
"2018-10-29 11:43:29",728
"2018-10-29 12:43:30",728
"2018-10-29 13:43:34",728
"2018-10-29 14:43:31",726
"2018-10-29 15:43:30",727
"2018-10-29 16:43:32",728
"2018-10-29 17:43:31",729
"2018-10-29 18:43:31",729
"2018-10-29 19:43:32",729
"2018-10-29 20:43:31",728
"2018-10-29 21:43:31",728
"2018-10-29 22:43:31",728
"2018-10-29 23:43:31",728
"2018-10-30 00:43:31",728
"2018-10-30 01:43:30",728
"2018-10-30 02:43:31",728
"2018-10-30 03:43:31",728
"2018-10-30 04:43:31",728
"2018-10-30 05:43:29",728
"2018-10-30 06:43:30",728
"2018-10-30 07:43:29",728
"2018-10-30 08:43:29",728
"2018-10-30 09:43:30",728
"2018-10-30 10:43:30",728
"2018-10-30 11:43:30",728
"2018-10-30 12:43:30",728
"2018-10-30 13:43:34",728
"2018-10-30 14:43:35",728
"2018-10-30 15:43:32",728
"2018-10-30 16:43:31",729
"2018-10-30 17:43:30",729
"2018-10-30 18:43:31",731
"2018-10-30 19:43:31",730
"2018-10-30 20:43:31",730
"2018-10-30 21:43:30",730
"2018-10-30 22:43:30",730
"2018-10-30 23:43:30",730
"2018-10-31 00:43:30",730
"2018-10-31 01:43:32",730
"2018-10-31 02:43:32",730
"2018-10-31 03:43:30",730
"2018-10-31 04:43:31",730
"2018-10-31 05:43:30",730
"2018-10-31 06:43:30",730
"2018-10-31 07:43:29",730
"2018-10-31 08:43:31",730
"2018-10-31 09:43:30",730
"2018-10-31 10:43:30",730
"2018-10-31 11:43:30",730
"2018-10-31 12:43:31",730
"2018-10-31 14:10:07",730
"2018-10-31 14:43:32",730
"2018-10-31 15:43:32",729
"2018-10-31 16:43:32",729
"2018-10-31 17:43:31",729
"2018-10-31 18:43:31",727
"2018-10-31 19:43:31",725
"2018-10-31 20:43:31",725
"2018-10-31 21:43:30",725
"2018-10-31 22:43:29",725
"2018-10-31 23:43:30",725
"2018-11-01 00:43:30",725
"2018-11-01 01:43:30",725
"2018-11-01 02:43:30",725
"2018-11-01 03:43:29",725
"2018-11-01 04:43:30",725
"2018-11-01 05:43:30",725
"2018-11-01 06:43:31",725
"2018-11-01 07:43:30",725
"2018-11-01 08:43:30",725
"2018-11-01 09:43:30",725
"2018-11-01 10:43:31",725
"2018-11-01 11:43:30",725
"2018-11-01 12:43:30",725
"2018-11-01 13:43:31",725
"2018-11-01 14:43:35",726
"2018-11-01 15:43:33",726
"2018-11-01 16:43:33",725
"2018-11-01 17:43:31",725
"2018-11-01 18:43:33",725
"2018-11-01 19:43:34",725
"2018-11-01 20:43:34",725
"2018-11-01 21:43:32",725
"2018-11-01 22:43:32",725
"2018-11-01 23:43:31",725
"2018-11-02 00:43:30",725
"2018-11-02 01:43:31",725
"2018-11-02 02:43:31",725
"2018-11-02 03:43:33",725
"2018-11-02 04:43:31",725
"2018-11-02 05:43:30",725
"2018-11-02 06:43:30",725
"2018-11-02 07:43:30",725
"2018-11-02 08:43:30",725
"2018-11-02 09:43:31",725
"2018-11-02 10:43:30",725
"2018-11-02 11:43:29",725
"2018-11-02 12:43:30",725
"2018-11-02 14:08:07",726
"2018-11-02 14:43:34",726
"2018-11-02 15:43:33",727
"2018-11-02 16:43:34",727
"2018-11-02 17:43:33",727
"2018-11-02 18:43:31",727
"2018-11-02 19:43:32",727
"2018-11-02 20:43:33",728
"2018-11-02 21:43:33",728
"2018-11-02 22:43:32",728
"2018-11-02 23:43:32",728
"2018-11-03 00:43:33",728
"2018-11-03 01:43:32",728
"2018-11-03 02:43:34",728
"2018-11-03 03:43:31",728
"2018-11-03 04:43:32",728
"2018-11-03 05:43:32",728
"2018-11-03 06:43:31",728
"2018-11-03 07:43:30",728
"2018-11-03 08:43:32",728
"2018-11-03 09:43:33",728
"2018-11-03 10:43:31",728
"2018-11-03 11:43:32",728
"2018-11-03 12:43:32",728
"2018-11-03 13:43:31",728
"2018-11-03 14:43:32",728
"2018-11-03 15:43:32",728
"2018-11-03 16:43:31",728
"2018-11-03 17:43:37",728
"2018-11-03 18:43:35",728
"2018-11-03 19:43:32",728
"2018-11-03 20:43:31",728
"2018-11-03 21:44:35",728
"2018-11-03 22:43:32",728
"2018-11-03 23:43:33",728
"2018-11-04 00:43:32",728
"2018-11-04 01:43:32",728
"2018-11-04 02:43:32",728
"2018-11-04 03:43:32",728
"2018-11-04 04:43:33",728
"2018-11-04 05:43:31",728
"2018-11-04 06:43:32",728
"2018-11-04 07:43:32",728
"2018-11-04 08:43:33",728
"2018-11-04 09:43:31",728
"2018-11-04 10:43:31",728
"2018-11-04 11:43:31",728
"2018-11-04 12:43:32",728
"2018-11-04 13:43:31",728
"2018-11-04 14:43:31",728
"2018-11-04 15:43:31",728
"2018-11-04 16:43:31",728
"2018-11-04 17:43:32",728
"2018-11-04 18:43:32",728
"2018-11-04 19:43:32",728
"2018-11-04 20:43:31",728
"2018-11-04 21:43:31",728
"2018-11-04 22:43:33",728
"2018-11-04 23:43:33",728
"2018-11-05 00:43:32",728
"2018-11-05 01:43:32",728
"2018-11-05 02:43:31",728
"2018-11-05 03:43:33",728
"2018-11-05 04:43:34",728
"2018-11-05 05:43:33",728
"2018-11-05 06:43:31",728
"2018-11-05 07:43:32",728
"2018-11-05 08:43:32",728
"2018-11-05 09:43:32",728
"2018-11-05 10:43:31",728
"2018-11-05 11:43:31",728
"2018-11-05 12:43:31",728
"2018-11-05 13:43:31",728
"2018-11-05 14:43:38",728
"2018-11-05 15:43:32",730
"2018-11-05 16:43:36",731
"2018-11-05 17:43:31",730
"2018-11-05 18:43:31",730
"2018-11-05 19:43:31",730
"2018-11-05 20:43:33",730
"2018-11-05 21:43:34",730
"2018-11-05 22:43:34",730
"2018-11-05 23:43:32",730
"2018-11-06 00:43:31",730
"2018-11-06 01:43:32",730
"2018-11-06 02:43:32",730
"2018-11-06 03:43:33",730
"2018-11-06 04:43:32",730
"2018-11-06 05:43:33",730
"2018-11-06 06:43:32",730
"2018-11-06 07:43:33",730
"2018-11-06 08:43:33",730
"2018-11-06 09:43:33",730
"2018-11-06 10:43:33",730
"2018-11-06 11:43:33",730
"2018-11-06 12:43:33",730
"2018-11-06 13:43:33",730
"2018-11-06 14:43:37",730
"2018-11-06 15:43:37",732
"2018-11-06 16:43:37",733
"2018-11-06 17:43:41",732
"2018-11-06 18:43:36",732
"2018-11-06 19:43:33",732
"2018-11-06 20:43:35",734
"2018-11-06 21:43:33",735
"2018-11-06 22:43:35",735
"2018-11-06 23:43:33",735
"2018-11-07 00:43:34",735
"2018-11-07 01:43:33",735
"2018-11-07 02:43:34",735
"2018-11-07 03:43:33",735
"2018-11-07 04:43:32",735
"2018-11-07 05:43:33",735
"2018-11-07 06:43:33",735
"2018-11-07 07:43:33",735
"2018-11-07 08:43:33",735
"2018-11-07 09:43:32",735
"2018-11-07 10:43:33",735
"2018-11-07 11:43:33",735
"2018-11-07 12:43:33",735
"2018-11-07 13:43:33",735
"2018-11-07 14:43:39",736
"2018-11-07 15:43:34",792
"2018-11-07 16:43:33",896
"2018-11-07 17:43:37",961
"2018-11-07 18:43:36",1049
"2018-11-07 19:43:36",1143
"2018-11-07 20:43:36",1203
"2018-11-07 21:43:33",1262
"2018-11-07 22:43:34",1277
"2018-11-07 23:43:33",1293
"2018-11-08 00:43:32",1293
"2018-11-08 01:43:34",1293
"2018-11-08 02:43:33",1293
"2018-11-08 03:43:33",1293
"2018-11-08 04:43:33",1293
"2018-11-08 05:43:33",1293
"2018-11-08 06:43:45",1293
"2018-11-08 07:43:33",1293
"2018-11-08 08:43:34",1293
"2018-11-08 09:43:33",1293
"2018-11-08 10:43:33",1293
"2018-11-08 11:43:32",1293
"2018-11-08 12:43:33",1293
"2018-11-08 13:43:32",1293
"2018-11-08 14:43:37",1295
"2018-11-08 15:43:36",1360
"2018-11-08 16:43:36",1335
"2018-11-08 17:43:33",1292
"2018-11-08 18:43:33",1269
"2018-11-08 19:43:33",1259
"2018-11-08 20:43:37",1250
"2018-11-08 21:43:36",1227
"2018-11-08 22:43:33",1225
"2018-11-08 23:43:33",1226
"2018-11-09 00:43:34",1226
"2018-11-09 01:43:33",1226
"2018-11-09 02:43:34",1226
"2018-11-09 03:43:34",1226
"2018-11-09 04:43:34",1226
"2018-11-09 05:43:34",1226
"2018-11-09 06:43:32",1226
"2018-11-09 07:43:33",1226
"2018-11-09 08:43:33",1226
"2018-11-09 09:43:33",1226
"2018-11-09 10:43:32",1226
"2018-11-09 11:43:33",1226
"2018-11-09 12:43:33",1226
"2018-11-09 13:43:32",1226
"2018-11-09 15:07:37",1202
"2018-11-09 15:43:36",1202
"2018-11-09 16:43:35",1200
"2018-11-09 17:43:34",1196
"2018-11-09 18:43:34",1195
"2018-11-09 19:43:44",1189
"2018-11-09 20:43:36",1184
"2018-11-09 21:43:34",1171
"2018-11-09 22:43:34",1171
"2018-11-09 23:43:33",1172
"2018-11-10 00:43:33",1172
"2018-11-10 01:43:34",1172
"2018-11-10 02:43:33",1172
"2018-11-10 03:43:33",1172
"2018-11-10 04:43:34",1172
"2018-11-10 05:43:32",1172
"2018-11-10 06:43:33",1172
"2018-11-10 07:43:32",1172
"2018-11-10 08:43:33",1172
"2018-11-10 09:43:33",1172
"2018-11-10 10:43:32",1172
"2018-11-10 11:43:33",1172
"2018-11-10 12:43:32",1172
"2018-11-10 13:43:33",1172
"2018-11-10 14:43:33",1172
"2018-11-10 15:43:37",1172
"2018-11-10 16:43:34",1172
"2018-11-10 17:43:34",1172
"2018-11-10 18:43:35",1172
"2018-11-10 19:43:35",1172
"2018-11-10 20:43:33",1172
"2018-11-10 21:43:34",1172
"2018-11-10 22:43:34",1172
"2018-11-10 23:43:34",1172
"2018-11-11 00:43:34",1172
"2018-11-11 01:43:34",1172
"2018-11-11 02:43:32",1172
"2018-11-11 03:43:34",1172
"2018-11-11 04:43:33",1172
"2018-11-11 05:43:34",1172
"2018-11-11 06:43:33",1172
"2018-11-11 07:43:34",1172
"2018-11-11 08:43:33",1172
"2018-11-11 09:43:34",1172
"2018-11-11 10:43:34",1172
"2018-11-11 11:43:33",1172
"2018-11-11 12:43:34",1172
"2018-11-11 13:43:33",1172
"2018-11-11 14:43:34",1172
"2018-11-11 15:43:34",1172
"2018-11-11 16:43:33",1172
"2018-11-11 17:43:34",1172
"2018-11-11 18:43:33",1172
"2018-11-11 19:43:32",1172
"2018-11-11 20:43:34",1172
"2018-11-11 21:43:32",1172
"2018-11-11 22:43:34",1172
"2018-11-11 23:43:33",1172
"2018-11-12 00:43:35",1172
"2018-11-12 01:43:32",1172
"2018-11-12 02:43:34",1172
"2018-11-12 03:43:34",1172
"2018-11-12 04:43:33",1172
"2018-11-12 05:43:34",1172
"2018-11-12 06:43:34",1172
"2018-11-12 07:43:33",1172
"2018-11-12 08:43:34",1172
"2018-11-12 09:43:34",1172
"2018-11-12 10:43:34",1172
"2018-11-12 11:43:34",1172
"2018-11-12 12:43:32",1172
"2018-11-12 13:43:33",1172
"2018-11-12 14:43:36",1174
"2018-11-12 15:43:34",1205
"2018-11-12 16:43:36",1202
"2018-11-12 17:43:32",1199
"2018-11-12 18:43:33",1195
"2018-11-12 19:43:35",1193
"2018-11-12 20:43:34",1196
"2018-11-12 21:43:33",1193
"2018-11-12 22:44:18",1194
"2018-11-12 23:43:33",1195
"2018-11-13 00:43:34",1195
"2018-11-13 01:43:34",1195
"2018-11-13 02:43:35",1195
"2018-11-13 03:43:34",1195
"2018-11-13 04:43:33",1195
"2018-11-13 05:43:33",1195
"2018-11-13 06:43:33",1195
"2018-11-13 07:43:34",1195
"2018-11-13 08:43:36",1195
"2018-11-13 09:43:34",1195
"2018-11-13 10:43:34",1195
"2018-11-13 11:43:34",1195
"2018-11-13 12:43:33",1195
"2018-11-13 13:43:33",1195
"2018-11-13 14:43:37",1197
"2018-11-13 15:43:34",1195
"2018-11-13 16:43:34",1186
"2018-11-13 17:43:34",1190
"2018-11-13 18:43:32",1183
"2018-11-13 19:43:33",1180
"2018-11-13 20:43:33",1181
"2018-11-13 21:43:33",1180
"2018-11-13 22:43:33",1180
"2018-11-13 23:43:34",1180
"2018-11-14 00:43:33",1180
"2018-11-14 01:43:34",1180
"2018-11-14 02:43:33",1180
"2018-11-14 03:43:33",1180
"2018-11-14 04:43:33",1180
"2018-11-14 05:43:33",1180
"2018-11-14 06:43:34",1180
"2018-11-14 07:43:33",1180
"2018-11-14 08:43:33",1180
"2018-11-14 09:43:34",1180
"2018-11-14 10:43:33",1180
"2018-11-14 11:43:35",1180
"2018-11-14 12:43:33",1180
"2018-11-14 13:43:33",1180
"2018-11-14 14:43:36",1180
"2018-11-14 15:43:35",1178
"2018-11-14 16:43:36",1176
"2018-11-14 17:43:35",1172
"2018-11-14 18:43:37",1175
"2018-11-14 19:43:35",1168
"2018-11-14 20:43:36",1168
"2018-11-14 21:43:36",1172
"2018-11-14 22:43:36",1172
"2018-11-14 23:43:34",1172
"2018-11-15 00:43:34",1172
"2018-11-15 01:43:34",1172
"2018-11-15 02:43:34",1172
"2018-11-15 03:43:33",1172
"2018-11-15 04:43:34",1172
"2018-11-15 05:43:34",1172
"2018-11-15 06:43:33",1172
"2018-11-15 07:43:32",1172
"2018-11-15 08:43:33",1172
"2018-11-15 09:43:34",1172
"2018-11-15 10:43:34",1172
"2018-11-15 11:43:33",1172
"2018-11-15 12:43:33",1172
"2018-11-15 13:43:34",1172
"2018-11-15 14:43:35",1172
"2018-11-15 15:43:35",1154
"2018-11-15 16:43:33",1154
"2018-11-15 17:43:37",1138
"2018-11-15 18:43:34",1135
"2018-11-15 19:43:33",1129
"2018-11-15 20:43:36",1126
"2018-11-15 21:43:38",1122
"2018-11-15 22:43:36",1123
"2018-11-15 23:43:34",1123
"2018-11-16 00:43:33",1123
"2018-11-16 01:43:33",1123
"2018-11-16 02:43:33",1123
"2018-11-16 03:43:33",1123
"2018-11-16 04:43:33",1123
"2018-11-16 05:43:33",1123
"2018-11-16 06:43:34",1123
"2018-11-16 07:43:34",1123
"2018-11-16 08:43:33",1123
"2018-11-16 09:43:34",1123
"2018-11-16 10:43:33",1123
"2018-11-16 11:43:33",1123
"2018-11-16 12:43:32",1123
"2018-11-16 13:43:33",1123
"2018-11-16 14:43:37",1123
"2018-11-16 15:43:35",1105
"2018-11-16 16:43:34",1103
"2018-11-16 17:43:34",1103
"2018-11-16 18:43:33",1103
"2018-11-16 19:43:33",1097
"2018-11-16 20:43:41",1094
"2018-11-16 21:43:36",1095
"2018-11-16 22:43:35",1095
"2018-11-16 23:43:35",1095
"2018-11-17 00:43:35",1095
"2018-11-17 01:43:34",1095
"2018-11-17 02:43:32",1095
"2018-11-17 03:43:37",1095
"2018-11-17 04:43:33",1095
"2018-11-17 05:43:34",1095
"2018-11-17 06:43:35",1095
"2018-11-17 07:43:32",1095
"2018-11-17 08:43:34",1095
"2018-11-17 09:43:34",1095
"2018-11-17 10:43:34",1095
"2018-11-17 11:43:33",1095
"2018-11-17 12:43:34",1095
"2018-11-17 13:43:34",1095
"2018-11-17 14:43:36",1095
"2018-11-17 15:43:34",1095
"2018-11-17 16:43:33",1095
"2018-11-17 17:43:35",1095
"2018-11-17 18:43:33",1095
"2018-11-17 19:43:34",1095
"2018-11-17 20:43:33",1095
"2018-11-17 21:43:33",1095
"2018-11-17 22:43:33",1095
"2018-11-17 23:43:33",1095
"2018-11-18 00:43:33",1095
"2018-11-18 01:43:33",1095
"2018-11-18 02:43:33",1095
"2018-11-18 03:43:34",1095
"2018-11-18 04:43:33",1095
"2018-11-18 05:43:33",1095
"2018-11-18 06:43:34",1095
"2018-11-18 07:43:33",1095
"2018-11-18 08:43:32",1095
"2018-11-18 09:43:33",1095
"2018-11-18 10:43:32",1095
"2018-11-18 11:43:33",1095
"2018-11-18 12:43:33",1095
"2018-11-18 13:43:33",1095
"2018-11-18 14:43:34",1095
"2018-11-18 15:43:34",1095
"2018-11-18 16:43:33",1095
"2018-11-18 17:43:33",1095
"2018-11-18 18:43:33",1095
"2018-11-18 19:43:33",1095
"2018-11-18 20:43:34",1095
"2018-11-18 21:43:33",1095
"2018-11-18 22:43:33",1095
"2018-11-18 23:43:34",1095
"2018-11-19 00:43:33",1095
"2018-11-19 01:43:34",1095
"2018-11-19 02:43:33",1095
"2018-11-19 03:43:33",1095
"2018-11-19 04:43:33",1095
"2018-11-19 05:43:33",1095
"2018-11-19 06:43:33",1095
"2018-11-19 07:43:33",1095
"2018-11-19 08:43:33",1095
"2018-11-19 09:43:33",1095
"2018-11-19 10:43:34",1095
"2018-11-19 11:43:33",1095
"2018-11-19 12:43:34",1095
"2018-11-19 13:43:33",1095
"2018-11-19 14:43:35",1095
"2018-11-19 15:43:33",1083
"2018-11-19 16:43:37",1082
"2018-11-19 17:43:36",1082
"2018-11-19 18:43:35",1079
"2018-11-19 19:43:34",1076
"2018-11-19 20:43:34",1079
"2018-11-19 21:43:33",1082
"2018-11-19 22:43:34",1082
"2018-11-19 23:43:34",1082
"2018-11-20 00:43:34",1082
"2018-11-20 01:43:34",1082
"2018-11-20 02:43:35",1082
"2018-11-20 03:43:35",1082
"2018-11-20 04:43:33",1082
"2018-11-20 05:43:33",1082
"2018-11-20 06:43:34",1082
"2018-11-20 07:43:33",1082
"2018-11-20 08:43:34",1082
"2018-11-20 09:43:34",1082
"2018-11-20 10:43:33",1082
"2018-11-20 11:43:33",1082
"2018-11-20 12:43:33",1082
"2018-11-20 13:43:35",1082
"2018-11-20 14:43:37",1083
"2018-11-20 15:43:38",1076
"2018-11-20 16:43:33",1075
"2018-11-20 17:43:33",1069
"2018-11-20 18:43:37",1069
"2018-11-20 19:43:35",1070
"2018-11-20 20:43:34",1069
"2018-11-20 21:43:37",1071
"2018-11-20 22:43:33",1071
"2018-11-20 23:43:33",1071
"2018-11-21 00:43:32",1071
"2018-11-21 01:43:32",1071
"2018-11-21 02:43:32",1071
"2018-11-21 03:43:33",1071
"2018-11-21 04:43:33",1071
"2018-11-21 05:43:34",1071
"2018-11-21 06:43:35",1071
"2018-11-21 07:43:35",1071
"2018-11-21 08:43:34",1071
"2018-11-21 09:43:33",1071
"2018-11-21 10:43:32",1071
"2018-11-21 11:43:32",1071
"2018-11-21 12:43:32",1071
"2018-11-21 13:43:32",1071
"2018-11-21 14:43:36",1071
"2018-11-21 16:43:34",1072
"2018-11-21 17:43:37",1069
"2018-11-21 18:43:33",1068
"2018-11-21 19:43:34",1065
"2018-11-21 20:43:35",1063
"2018-11-21 21:43:34",1056
"2018-11-21 22:43:34",1056
"2018-11-21 23:43:33",1056
"2018-11-22 00:43:32",1056
"2018-11-22 01:43:33",1056
"2018-11-22 02:43:34",1056
"2018-11-22 03:43:33",1056
"2018-11-22 04:43:34",1056
"2018-11-22 05:43:33",1056
"2018-11-22 06:43:33",1056
"2018-11-22 07:43:33",1056
"2018-11-22 08:43:33",1056
"2018-11-22 09:43:33",1056
"2018-11-22 10:43:33",1056
"2018-11-22 11:43:34",1056
"2018-11-22 12:43:33",1056
"2018-11-22 13:43:33",1056
"2018-11-22 14:43:32",1056
"2018-11-22 15:43:33",1056
"2018-11-22 16:43:32",1056
"2018-11-22 17:43:34",1056
"2018-11-22 18:43:32",1056
"2018-11-22 19:43:32",1056
"2018-11-22 20:43:33",1056
"2018-11-22 21:43:33",1056
"2018-11-22 22:43:33",1056
"2018-11-22 23:43:33",1056
"2018-11-23 00:43:32",1056
"2018-11-23 01:43:32",1056
"2018-11-23 02:43:32",1056
"2018-11-23 03:43:33",1056
"2018-11-23 04:43:33",1056
"2018-11-23 05:43:33",1056
"2018-11-23 06:43:32",1056
"2018-11-23 07:43:33",1056
"2018-11-23 08:43:33",1056
"2018-11-23 09:43:33",1056
"2018-11-23 10:43:33",1056
"2018-11-23 11:43:34",1056
"2018-11-23 12:43:34",1056
"2018-11-23 13:43:32",1056
"2018-11-23 14:43:34",1056
"2018-11-23 15:43:34",1052
"2018-11-23 16:43:32",1049
"2018-11-23 17:43:33",1049
"2018-11-23 18:43:32",1049
"2018-11-23 19:43:33",1050
"2018-11-23 20:43:34",1050
"2018-11-23 21:43:34",1050
"2018-11-23 22:43:33",1050
"2018-11-23 23:43:34",1050
"2018-11-24 00:43:33",1050
"2018-11-24 01:43:34",1050
"2018-11-24 02:43:35",1051
"2018-11-24 03:43:34",1051
"2018-11-24 04:43:35",1051
"2018-11-24 05:43:35",1051
"2018-11-24 06:43:34",1050
"2018-11-24 07:43:33",1050
"2018-11-24 08:43:34",1050
"2018-11-24 09:43:33",1050
"2018-11-24 10:43:33",1050
"2018-11-24 11:43:34",1050
"2018-11-24 12:43:33",1050
"2018-11-24 13:43:33",1050
"2018-11-24 14:43:34",1050
"2018-11-24 15:43:34",1050
"2018-11-24 16:43:33",1050
"2018-11-24 17:43:34",1050
"2018-11-24 18:43:33",1050
"2018-11-24 19:43:33",1050
"2018-11-24 20:43:34",1050
"2018-11-24 21:43:34",1050
"2018-11-24 22:43:33",1050
"2018-11-24 23:43:34",1050
"2018-11-25 00:43:34",1050
"2018-11-25 01:43:34",1050
"2018-11-25 02:43:34",1050
"2018-11-25 03:43:33",1050
"2018-11-25 04:43:34",1050
"2018-11-25 05:43:33",1050
"2018-11-25 06:43:33",1050
"2018-11-25 07:43:33",1050
"2018-11-25 08:43:33",1050
"2018-11-25 09:43:34",1050
"2018-11-25 10:43:33",1050
"2018-11-25 11:43:34",1050
"2018-11-25 12:43:33",1050
"2018-11-25 13:43:33",1050
"2018-11-25 14:43:34",1050
"2018-11-25 15:43:33",1050
"2018-11-25 16:43:34",1050
"2018-11-25 17:43:34",1050
"2018-11-25 18:43:34",1050
"2018-11-25 19:43:35",1050
"2018-11-25 20:43:34",1050
"2018-11-25 21:43:33",1050
"2018-11-25 22:43:34",1050
"2018-11-25 23:43:34",1050
"2018-11-26 00:43:33",1050
"2018-11-26 01:43:34",1050
"2018-11-26 02:43:35",1050
"2018-11-26 03:43:33",1050
"2018-11-26 04:43:33",1050
"2018-11-26 05:43:33",1050
"2018-11-26 06:43:33",1050
"2018-11-26 07:43:33",1050
"2018-11-26 08:43:33",1050
"2018-11-26 09:43:34",1050
"2018-11-26 10:43:34",1050
"2018-11-26 11:43:33",1050
"2018-11-26 12:43:33",1050
"2018-11-26 13:43:32",1050
"2018-11-26 14:43:40",1050
"2018-11-26 15:43:35",1045
"2018-11-26 16:43:35",1047
"2018-11-26 17:43:35",1046
"2018-11-26 18:43:35",1044
"2018-11-26 19:43:34",1044
"2018-11-26 20:43:36",1041
"2018-11-26 21:43:33",1041
"2018-11-26 22:43:37",1041
"2018-11-26 23:43:37",1041
"2018-11-27 00:43:36",1041
"2018-11-27 01:43:35",1041
"2018-11-27 02:43:36",1041
"2018-11-27 03:43:34",1041
"2018-11-27 04:43:34",1041
"2018-11-27 05:43:34",1041
"2018-11-27 06:43:34",1041
"2018-11-27 07:43:34",1041
"2018-11-27 08:43:32",1041
"2018-11-27 09:43:33",1041
"2018-11-27 10:45:21",1041
"2018-11-27 11:43:33",1041
"2018-11-27 12:43:33",1041
"2018-11-27 13:43:34",1041
"2018-11-27 14:43:36",1041
"2018-11-27 15:43:35",1036
"2018-11-27 16:43:37",1036
"2018-11-27 17:43:36",1037
"2018-11-27 18:43:35",1035
"2018-11-27 19:43:36",1035
"2018-11-27 20:43:34",1032
"2018-11-27 21:43:36",1031
"2018-11-27 22:43:36",1032
"2018-11-27 23:43:36",1032
"2018-11-28 00:43:35",1032
"2018-11-28 01:43:35",1032
"2018-11-28 02:43:35",1032
"2018-11-28 03:43:36",1032
"2018-11-28 04:43:36",1032
"2018-11-28 05:43:35",1032
"2018-11-28 06:43:34",1032
"2018-11-28 07:43:33",1032
"2018-11-28 08:43:35",1032
"2018-11-28 09:43:37",1032
"2018-11-28 10:43:35",1032
"2018-11-28 11:43:34",1032
"2018-11-28 12:43:34",1032
"2018-11-28 14:08:37",1032
"2018-11-28 14:43:36",1032
"2018-11-28 15:43:41",1029
"2018-11-28 16:43:37",1029
"2018-11-28 17:43:39",1030
"2018-11-28 18:43:36",1031
"2018-11-28 19:43:36",1029
"2018-11-28 20:43:37",1029
"2018-11-28 21:43:35",1031
"2018-11-28 22:43:34",1031
"2018-11-28 23:43:33",1031
"2018-11-29 00:43:34",1031
"2018-11-29 01:43:35",1031
"2018-11-29 02:43:35",1031
"2018-11-29 03:43:34",1031
"2018-11-29 04:43:34",1031
"2018-11-29 05:43:34",1031
"2018-11-29 06:43:34",1031
"2018-11-29 07:43:33",1031
"2018-11-29 08:43:33",1031
"2018-11-29 09:43:34",1031
"2018-11-29 10:43:34",1031
"2018-11-29 11:43:33",1031
"2018-11-29 12:43:34",1031
"2018-11-29 13:43:35",1031
"2018-11-29 15:08:41",1028
"2018-11-29 15:43:35",1028
"2018-11-29 16:43:35",1029
"2018-11-29 17:43:38",1029
"2018-11-29 18:43:39",1028
"2018-11-29 19:43:35",1028
"2018-11-29 20:43:34",1025
"2018-11-29 21:43:36",1026
"2018-11-29 22:43:35",1026
"2018-11-29 23:43:36",1026
"2018-11-30 00:43:36",1026
"2018-11-30 01:43:36",1026
"2018-11-30 02:43:34",1026
"2018-11-30 03:43:36",1026
"2018-11-30 04:43:34",1026
"2018-11-30 05:43:37",1026
"2018-11-30 06:43:35",1026
"2018-11-30 07:43:34",1026
"2018-11-30 08:43:34",1026
"2018-11-30 09:43:35",1026
"2018-11-30 10:43:35",1026
"2018-11-30 11:43:33",1026
"2018-11-30 12:43:34",1026
"2018-11-30 13:43:34",1026
"2018-11-30 14:43:37",1026
"2018-11-30 15:43:36",1027
"2018-11-30 16:43:36",1024
"2018-11-30 17:43:36",1027
"2018-11-30 18:43:34",1032
"2018-11-30 19:43:34",1028
"2018-11-30 20:43:35",1027
"2018-11-30 21:43:34",1026
"2018-11-30 22:43:37",1026
"2018-11-30 23:43:36",1026
"2018-12-01 00:43:34",1026
"2018-12-01 01:43:34",1026
"2018-12-01 02:43:34",1026
"2018-12-01 03:43:34",1026
"2018-12-01 04:43:34",1026
"2018-12-01 05:43:35",1026
"2018-12-01 06:43:34",1026
"2018-12-01 07:43:33",1026
"2018-12-01 08:43:33",1026
"2018-12-01 09:43:34",1026
"2018-12-01 10:43:34",1026
"2018-12-01 11:43:34",1026
"2018-12-01 12:43:34",1026
"2018-12-01 13:43:34",1026
"2018-12-01 14:43:34",1026
"2018-12-01 15:43:34",1026
"2018-12-01 16:43:34",1026
"2018-12-01 17:43:33",1026
"2018-12-01 18:43:34",1026
"2018-12-01 19:43:33",1026
"2018-12-01 20:43:34",1026
"2018-12-01 21:43:33",1026
"2018-12-01 22:43:38",1026
"2018-12-01 23:43:35",1026
"2018-12-02 00:43:33",1026
"2018-12-02 01:43:34",1026
"2018-12-02 02:43:34",1026
"2018-12-02 03:43:34",1026
"2018-12-02 04:43:34",1026
"2018-12-02 05:43:34",1026
"2018-12-02 06:43:34",1026
"2018-12-02 07:43:36",1026
"2018-12-02 08:43:36",1026
"2018-12-02 09:43:34",1026
"2018-12-02 10:43:35",1026
"2018-12-02 11:43:34",1026
"2018-12-02 12:43:33",1026
"2018-12-02 13:43:33",1026
"2018-12-02 14:43:33",1026
"2018-12-02 15:43:34",1026
"2018-12-02 16:43:34",1026
"2018-12-02 17:43:33",1026
"2018-12-02 18:43:33",1026
"2018-12-02 19:43:33",1026
"2018-12-02 20:43:33",1026
"2018-12-02 21:43:33",1026
"2018-12-02 22:43:33",1026
"2018-12-02 23:43:34",1026
"2018-12-03 00:43:34",1026
"2018-12-03 01:43:33",1026
"2018-12-03 02:43:34",1026
"2018-12-03 03:43:34",1026
"2018-12-03 04:43:35",1026
"2018-12-03 05:43:33",1026
"2018-12-03 06:43:35",1026
"2018-12-03 07:43:34",1026
"2018-12-03 08:43:34",1026
"2018-12-03 09:43:35",1026
"2018-12-03 10:43:34",1026
"2018-12-03 11:43:34",1026
"2018-12-03 12:43:33",1026
"2018-12-03 13:43:33",1026
"2018-12-03 14:43:39",1026
"2018-12-03 15:43:35",1020
"2018-12-03 16:43:37",1020
"2018-12-03 17:43:37",1020
"2018-12-03 18:43:35",1020
"2018-12-03 19:43:33",1020
"2018-12-03 20:43:35",1018
"2018-12-03 21:43:34",1016
"2018-12-03 22:43:36",1016
"2018-12-03 23:43:38",1016
"2018-12-04 00:43:36",1016
"2018-12-04 01:43:34",1016
"2018-12-04 02:43:35",1016
"2018-12-04 03:43:35",1016
"2018-12-04 04:43:34",1016
"2018-12-04 05:43:37",1016
"2018-12-04 06:43:36",1016
"2018-12-04 07:43:35",1016
"2018-12-04 08:43:36",1016
"2018-12-04 09:43:34",1016
"2018-12-04 10:43:33",1016
"2018-12-04 11:43:33",1016
"2018-12-04 12:43:34",1016
"2018-12-04 13:43:34",1016
"2018-12-04 15:10:08",1008
"2018-12-04 15:43:36",1008
"2018-12-04 16:43:35",1009
"2018-12-04 17:43:36",1008
"2018-12-04 18:43:35",1009
"2018-12-04 19:43:36",1007
"2018-12-04 20:43:36",1007
"2018-12-04 21:43:36",1007
"2018-12-04 22:43:37",1007
"2018-12-04 23:43:37",1007
"2018-12-05 00:43:37",1007
"2018-12-05 01:43:36",1007
"2018-12-05 02:43:36",1007
"2018-12-05 03:43:36",1007
"2018-12-05 04:43:39",1007
"2018-12-05 05:43:39",1007
"2018-12-05 06:43:35",1007
"2018-12-05 07:43:34",1007
"2018-12-05 08:43:34",1007
"2018-12-05 09:43:33",1007
"2018-12-05 10:43:35",1007
"2018-12-05 11:43:34",1007
"2018-12-05 12:43:33",1007
"2018-12-05 13:43:33",1007
"2018-12-05 14:43:34",1007
"2018-12-05 15:43:35",1007
"2018-12-05 16:43:34",1007
"2018-12-05 17:43:35",1007
"2018-12-05 18:43:34",1007
"2018-12-05 19:43:36",1007
"2018-12-05 20:43:36",1007
"2018-12-05 21:43:36",1007
"2018-12-05 22:43:36",1007
"2018-12-05 23:43:37",1007
"2018-12-06 00:43:36",1007
"2018-12-06 01:43:36",1007
"2018-12-06 02:43:34",1007
"2018-12-06 03:43:35",1007
"2018-12-06 04:43:33",1007
"2018-12-06 05:43:34",1007
"2018-12-06 06:43:34",1007
"2018-12-06 07:43:33",1007
"2018-12-06 08:43:36",1007
"2018-12-06 09:43:36",1007
"2018-12-06 10:43:34",1007
"2018-12-06 11:43:35",1007
"2018-12-06 12:43:35",1007
"2018-12-06 13:43:35",1007
"2018-12-06 14:43:37",1007
"2018-12-06 15:43:36",1005
"2018-12-06 16:43:36",1003
"2018-12-06 17:43:37",1004
"2018-12-06 18:43:35",1005
"2018-12-06 19:43:35",1005
"2018-12-06 20:43:34",1003
"2018-12-06 21:43:35",1002
"2018-12-06 22:43:34",1002
"2018-12-06 23:43:38",1002
"2018-12-07 00:43:40",1002
"2018-12-07 01:43:39",1002
"2018-12-07 02:43:38",1002
"2018-12-07 03:43:39",1002
"2018-12-07 04:43:40",1002
"2018-12-07 05:43:39",1002
"2018-12-07 06:43:40",1002
"2018-12-07 07:43:38",1002
"2018-12-07 08:43:38",1002
"2018-12-07 09:43:38",1002
"2018-12-07 10:43:38",1002
"2018-12-07 11:43:38",1002
"2018-12-07 12:43:39",1002
"2018-12-07 14:08:39",1002
"2018-12-07 14:43:43",1002
"2018-12-07 16:08:45",1002
"2018-12-07 16:43:39",1002
"2018-12-07 17:43:40",1002
"2018-12-07 18:43:39",1003
"2018-12-07 19:43:42",1003
"2018-12-07 20:43:40",1005
"2018-12-07 21:43:39",1005
"2018-12-07 22:43:42",1005
"2018-12-07 23:43:42",1005
"2018-12-08 00:43:40",1005
"2018-12-08 01:43:39",1005
"2018-12-08 03:43:41",1005
"2018-12-08 04:43:40",1005
"2018-12-08 05:43:41",1005
"2018-12-08 06:43:38",1005
"2018-12-08 07:43:40",1005
"2018-12-08 08:43:39",1005
"2018-12-08 09:43:38",1005
"2018-12-08 10:43:40",1005
"2018-12-08 11:43:39",1005
"2018-12-08 12:43:40",1005
"2018-12-08 13:43:38",1005
"2018-12-08 14:43:39",1005
"2018-12-08 15:43:39",1005
"2018-12-08 16:43:40",1005
"2018-12-08 17:43:40",1005
"2018-12-08 18:43:38",1005
"2018-12-08 19:43:39",1005
"2018-12-08 20:43:43",1005
"2018-12-08 21:43:43",1005
"2018-12-08 22:43:39",1005
"2018-12-08 23:43:41",1005
"2018-12-09 00:43:40",1005
"2018-12-09 01:43:41",1005
"2018-12-09 02:43:40",1005
"2018-12-09 03:43:39",1005
"2018-12-09 04:43:38",1005
"2018-12-09 05:43:39",1005
"2018-12-09 06:43:39",1005
"2018-12-09 07:43:41",1005
"2018-12-09 08:43:40",1005
"2018-12-09 09:43:43",1005
"2018-12-09 10:43:39",1005
"2018-12-09 11:43:41",1005
"2018-12-09 12:43:39",1005
"2018-12-09 13:43:39",1005
"2018-12-09 14:43:39",1005
"2018-12-09 15:43:40",1005
"2018-12-09 16:43:39",1005
"2018-12-09 17:43:39",1005
"2018-12-09 18:43:39",1005
"2018-12-09 19:43:38",1005
"2018-12-09 20:43:39",1005
"2018-12-09 21:43:39",1005
"2018-12-09 22:43:42",1005
"2018-12-09 23:43:41",1005
"2018-12-10 00:43:41",1005
"2018-12-10 01:43:39",1005
"2018-12-10 02:43:39",1005
"2018-12-10 03:43:39",1005
"2018-12-10 04:43:42",1005
"2018-12-10 05:43:39",1005
"2018-12-10 06:43:43",1005
"2018-12-10 07:43:43",1005
"2018-12-10 08:43:40",1005
"2018-12-10 09:43:40",1005
"2018-12-10 10:43:40",1005
"2018-12-10 11:43:38",1005
"2018-12-10 12:43:40",1005
"2018-12-10 13:43:43",1005
"2018-12-10 15:07:15",1003
"2018-12-10 15:43:38",1003
"2018-12-10 16:43:39",1002
"2018-12-10 17:43:41",1004
"2018-12-10 18:43:39",1002
"2018-12-10 19:43:40",1003
"2018-12-10 20:43:37",1003
"2018-12-10 21:43:40",1002
"2018-12-10 22:43:38",1002
"2018-12-10 23:43:40",1002
"2018-12-11 00:43:39",1002
"2018-12-11 01:43:38",1002
"2018-12-11 02:43:38",1002
"2018-12-11 03:43:39",1002
"2018-12-11 04:43:37",1002
"2018-12-11 05:43:40",1002
"2018-12-11 06:43:40",1002
"2018-12-11 07:43:39",1002
"2018-12-11 08:43:39",1002
"2018-12-11 09:43:38",1002
"2018-12-11 10:43:38",1002
"2018-12-11 11:43:39",1002
"2018-12-11 12:43:39",1002
"2018-12-11 13:43:38",1002
"2018-12-11 15:08:13",1001
"2018-12-11 15:43:40",1001
"2018-12-11 16:43:40",1002
"2018-12-11 17:43:40",1002
"2018-12-11 18:43:40",1000
"2018-12-11 19:43:40",998
"2018-12-11 20:43:40",999
"2018-12-11 21:43:42",1000
"2018-12-11 22:43:41",999
"2018-12-11 23:43:40",999
"2018-12-12 00:43:39",999
"2018-12-12 01:43:39",999
"2018-12-12 02:43:40",999
"2018-12-12 03:43:40",999
"2018-12-12 04:43:39",999
"2018-12-12 05:43:38",999
"2018-12-12 06:43:39",999
"2018-12-12 07:43:39",999
"2018-12-12 08:43:40",999
"2018-12-12 09:43:40",999
"2018-12-12 10:43:40",999
"2018-12-12 11:43:42",999
"2018-12-12 12:43:43",999
"2018-12-12 14:09:17",999
"2018-12-12 14:43:42",999
"2018-12-12 15:43:41",999
"2018-12-12 16:43:42",997
"2018-12-12 17:43:41",996
"2018-12-12 18:43:39",994
"2018-12-12 19:43:41",988
"2018-12-12 20:43:40",988
"2018-12-12 21:43:40",987
"2018-12-12 22:43:41",987
"2018-12-12 23:43:41",987
"2018-12-13 00:43:39",987
"2018-12-13 01:43:40",987
"2018-12-13 02:43:41",987
"2018-12-13 03:43:39",987
"2018-12-13 04:43:45",987
"2018-12-13 05:43:43",987
"2018-12-13 06:43:42",987
"2018-12-13 07:43:40",987
"2018-12-13 08:43:39",987
"2018-12-13 09:43:40",987
"2018-12-13 10:43:39",987
"2018-12-13 11:43:39",987
"2018-12-13 12:43:38",987
"2018-12-13 14:07:43",987
"2018-12-13 14:43:42",987
"2018-12-13 15:43:42",985
"2018-12-13 16:43:40",986
"2018-12-13 17:43:42",986
"2018-12-13 18:43:41",985
"2018-12-13 19:43:41",984
"2018-12-13 20:43:41",985
"2018-12-13 21:43:40",985
"2018-12-13 22:43:41",985
"2018-12-13 23:43:40",985
"2018-12-14 00:43:40",985
"2018-12-14 01:43:40",985
"2018-12-14 02:43:39",985
"2018-12-14 03:43:39",985
"2018-12-14 04:43:42",985
"2018-12-14 05:43:40",985
"2018-12-14 06:43:40",985
"2018-12-14 07:43:40",985
"2018-12-14 08:43:40",985
"2018-12-14 09:43:40",985
"2018-12-14 10:43:40",985
"2018-12-14 11:43:40",985
"2018-12-14 12:43:40",985
"2018-12-14 14:07:43",985
"2018-12-14 14:43:42",985
"2018-12-14 15:43:41",984
"2018-12-14 16:43:40",985
"2018-12-14 17:43:42",984
"2018-12-14 18:43:44",985
"2018-12-14 19:43:44",986
"2018-12-14 20:43:43",984
"2018-12-14 21:43:40",986
"2018-12-14 22:43:42",986
"2018-12-14 23:43:42",986
"2018-12-15 00:43:40",986
"2018-12-15 01:43:42",986
"2018-12-15 02:43:39",986
"2018-12-15 03:43:40",986
"2018-12-15 04:43:39",986
"2018-12-15 05:43:42",986
"2018-12-15 06:43:40",986
"2018-12-15 07:43:40",986
"2018-12-15 08:43:39",986
"2018-12-15 09:43:39",986
"2018-12-15 10:43:40",986
"2018-12-15 11:43:40",986
"2018-12-15 12:43:40",986
"2018-12-15 13:43:40",986
"2018-12-15 14:43:40",986
"2018-12-15 15:43:41",986
"2018-12-15 16:43:40",986
"2018-12-15 17:43:42",986
"2018-12-15 18:43:41",986
"2018-12-15 19:43:40",986
"2018-12-15 20:43:39",986
"2018-12-15 21:43:39",986
"2018-12-15 22:43:40",986
"2018-12-15 23:43:39",986
"2018-12-16 00:43:40",986
"2018-12-16 01:43:40",986
"2018-12-16 02:43:39",986
"2018-12-16 03:43:40",986
"2018-12-16 04:43:43",986
"2018-12-16 05:43:39",986
"2018-12-16 06:43:42",986
"2018-12-16 07:43:40",986
"2018-12-16 08:43:39",986
"2018-12-16 09:43:42",986
"2018-12-16 10:43:40",986
"2018-12-16 11:43:40",986
"2018-12-16 12:43:39",986
"2018-12-16 13:43:40",986
"2018-12-16 14:43:40",986
"2018-12-16 15:43:39",986
"2018-12-16 16:43:39",986
"2018-12-16 17:43:43",986
"2018-12-16 18:43:39",986
"2018-12-16 19:43:41",986
"2018-12-16 20:43:40",986
"2018-12-16 21:43:39",986
"2018-12-16 22:43:43",986
"2018-12-16 23:43:42",986
"2018-12-17 00:43:41",986
"2018-12-17 01:43:39",986
"2018-12-17 02:43:41",986
"2018-12-17 03:43:39",986
"2018-12-17 04:43:44",986
"2018-12-17 05:43:39",986
"2018-12-17 06:43:41",986
"2018-12-17 07:43:40",986
"2018-12-17 08:43:39",986
"2018-12-17 09:43:40",986
"2018-12-17 10:43:40",986
"2018-12-17 11:43:39",986
"2018-12-17 12:43:40",986
"2018-12-17 13:43:43",986
"2018-12-17 14:43:45",986
"2018-12-17 15:43:42",990
"2018-12-17 16:43:42",987
"2018-12-17 17:43:40",985
"2018-12-17 18:43:41",985
"2018-12-17 20:09:13",983
"2018-12-17 20:43:41",983
"2018-12-17 21:43:42",983
"2018-12-17 22:43:41",983
"2018-12-17 23:43:40",983
"2018-12-18 00:43:40",983
"2018-12-18 01:43:41",983
"2018-12-18 02:43:39",983
"2018-12-18 03:43:40",983
"2018-12-18 04:43:39",983
"2018-12-18 05:43:40",983
"2018-12-18 06:43:39",983
"2018-12-18 07:43:40",983
"2018-12-18 08:43:39",983
"2018-12-18 09:43:39",983
"2018-12-18 10:43:39",983
"2018-12-18 11:43:39",983
"2018-12-18 12:43:40",983
"2018-12-18 13:43:39",983
"2018-12-18 14:43:40",983
"2018-12-18 15:43:40",982
"2018-12-18 16:43:39",982
"2018-12-18 17:43:40",980
"2018-12-18 18:43:39",980
"2018-12-18 19:43:39",980
"2018-12-18 20:43:42",979
"2018-12-18 21:43:42",979
"2018-12-18 22:43:40",979
"2018-12-18 23:43:42",979
"2018-12-19 00:43:39",979
"2018-12-19 01:43:41",979
"2018-12-19 02:43:40",979
"2018-12-19 03:43:42",979
"2018-12-19 04:43:42",979
"2018-12-19 05:43:43",979
"2018-12-19 06:43:41",979
"2018-12-19 07:43:40",979
"2018-12-19 08:43:40",979
"2018-12-19 09:43:41",979
"2018-12-19 11:43:40",979
"2018-12-19 12:43:40",979
"2018-12-19 13:43:39",979
"2018-12-19 14:43:41",979
"2018-12-19 15:43:40",979
"2018-12-19 16:43:40",978
"2018-12-19 17:43:38",978
"2018-12-19 18:43:41",979
"2018-12-19 19:43:40",978
"2018-12-19 20:43:40",978
"2018-12-19 21:43:45",977
"2018-12-19 22:43:45",977
"2018-12-19 23:43:45",977
"2018-12-20 00:43:44",977
"2018-12-20 01:43:43",977
"2018-12-20 02:43:42",977
"2018-12-20 03:43:43",977
"2018-12-20 04:43:43",977
"2018-12-20 05:43:40",977
"2018-12-20 06:43:41",977
"2018-12-20 07:43:43",977
"2018-12-20 08:43:42",977
"2018-12-20 09:43:39",977
"2018-12-20 10:43:41",977
"2018-12-20 11:43:40",977
"2018-12-20 12:43:39",977
"2018-12-20 13:43:40",977
"2018-12-20 14:43:43",977
"2018-12-20 15:43:41",977
"2018-12-20 16:43:46",977
"2018-12-20 17:43:42",975
"2018-12-20 18:43:40",974
"2018-12-20 19:43:40",973
"2018-12-20 20:43:43",972
"2018-12-20 21:43:42",973
"2018-12-20 22:43:42",973
"2018-12-20 23:43:43",973
"2018-12-21 00:43:41",973
"2018-12-21 01:43:41",973
"2018-12-21 02:43:42",973
"2018-12-21 03:43:41",973
"2018-12-21 04:43:43",973
"2018-12-21 05:43:39",973
"2018-12-21 06:43:42",973
"2018-12-21 07:43:39",973
"2018-12-21 08:43:39",973
"2018-12-21 09:43:40",973
"2018-12-21 10:43:39",973
"2018-12-21 11:43:40",973
"2018-12-21 12:43:40",973
"2018-12-21 13:43:40",973
"2018-12-21 14:43:43",974
"2018-12-21 15:43:42",973
"2018-12-21 16:43:42",971
"2018-12-21 17:43:42",971
"2018-12-21 18:43:45",968
"2018-12-21 19:43:40",967
"2018-12-21 20:43:46",967
"2018-12-21 21:43:43",966
"2018-12-21 22:43:43",966
"2018-12-21 23:43:42",966
"2018-12-22 00:43:44",966
"2018-12-22 01:43:43",966
"2018-12-22 02:43:45",966
"2018-12-22 03:43:39",966
"2018-12-22 04:43:44",966
"2018-12-22 05:43:39",966
"2018-12-22 06:43:43",966
"2018-12-22 07:43:43",966
"2018-12-22 08:43:39",966
"2018-12-22 09:43:39",966
"2018-12-22 10:43:40",966
"2018-12-22 11:43:39",966
"2018-12-22 12:43:39",966
"2018-12-22 13:43:39",966
"2018-12-22 14:43:40",966
"2018-12-22 15:43:40",966
"2018-12-22 16:43:39",966
"2018-12-22 17:43:40",966
"2018-12-22 18:43:39",966
"2018-12-22 19:43:43",966
"2018-12-22 20:43:41",966
"2018-12-22 21:43:41",966
"2018-12-22 22:43:42",966
"2018-12-22 23:43:40",966
"2018-12-23 00:43:40",966
"2018-12-23 01:43:41",966
"2018-12-23 02:43:39",966
"2018-12-23 03:43:43",966
"2018-12-23 04:43:41",966
"2018-12-23 05:43:40",966
"2018-12-23 06:43:43",966
"2018-12-23 07:43:40",966
"2018-12-23 08:43:42",966
"2018-12-23 09:43:40",966
"2018-12-23 10:43:44",966
"2018-12-23 11:43:42",966
"2018-12-23 12:43:39",966
"2018-12-23 13:43:42",966
"2018-12-23 14:43:42",966
"2018-12-23 15:43:43",966
"2018-12-23 16:43:43",966
"2018-12-23 17:43:45",966
"2018-12-23 18:43:42",966
"2018-12-23 19:43:42",966
"2018-12-23 20:43:44",966
"2018-12-23 21:43:43",966
"2018-12-23 22:43:42",966
"2018-12-23 23:43:39",966
"2018-12-24 00:43:41",966
"2018-12-24 01:43:44",966
"2018-12-24 02:43:45",966
"2018-12-24 03:43:44",966
"2018-12-24 04:43:39",966
"2018-12-24 05:43:40",966
"2018-12-24 06:43:41",966
"2018-12-24 07:43:44",966
"2018-12-24 08:43:40",966
"2018-12-24 09:43:45",966
"2018-12-24 10:43:41",966
"2018-12-24 11:43:42",966
"2018-12-24 12:43:40",966
"2018-12-24 13:43:42",966
"2018-12-24 15:07:20",966
"2018-12-24 15:43:46",966
"2018-12-24 16:43:43",966
"2018-12-24 17:43:44",965
"2018-12-24 18:43:46",965
"2018-12-24 19:43:45",965
"2018-12-24 20:43:46",965
"2018-12-24 21:43:40",965
"2018-12-24 22:43:41",965
"2018-12-24 23:43:40",965
"2018-12-25 00:43:42",965
"2018-12-25 01:43:40",965
"2018-12-25 02:43:44",965
"2018-12-25 03:43:43",965
"2018-12-25 04:43:42",965
"2018-12-25 05:43:42",965
"2018-12-25 06:43:43",965
"2018-12-25 07:43:42",965
"2018-12-25 08:43:41",965
"2018-12-25 09:43:41",965
"2018-12-25 10:43:40",965
"2018-12-25 11:43:40",965
"2018-12-25 12:43:41",965
"2018-12-25 13:43:41",965
"2018-12-25 14:43:41",965
"2018-12-25 15:43:41",965
"2018-12-25 16:43:40",965
"2018-12-25 17:43:43",965
"2018-12-25 18:43:41",965
"2018-12-25 19:43:41",965
"2018-12-25 20:43:41",965
"2018-12-25 21:43:41",965
"2018-12-25 22:43:42",965
"2018-12-25 23:43:41",965
"2018-12-26 00:43:42",965
"2018-12-26 01:43:41",965
"2018-12-26 02:43:42",965
"2018-12-26 03:43:41",965
"2018-12-26 04:43:40",965
"2018-12-26 05:43:40",965
"2018-12-26 06:43:45",965
"2018-12-26 07:43:43",965
"2018-12-26 08:43:44",965
"2018-12-26 09:43:40",965
"2018-12-26 10:43:42",965
"2018-12-26 11:43:40",965
"2018-12-26 12:43:41",965
"2018-12-26 13:43:47",965
"2018-12-26 15:08:51",965
"2018-12-26 15:43:44",965
"2018-12-26 16:43:43",965
"2018-12-26 17:43:44",969
"2018-12-26 18:43:41",969
"2018-12-26 19:43:43",969
"2018-12-26 20:43:44",968
"2018-12-26 21:43:44",968
"2018-12-26 22:43:45",968
"2018-12-26 23:43:44",968
"2018-12-27 00:43:45",968
"2018-12-27 01:43:45",968
"2018-12-27 02:43:44",968
"2018-12-27 03:43:45",968
"2018-12-27 04:43:41",968
"2018-12-27 05:43:43",968
"2018-12-27 06:43:42",968
"2018-12-27 07:43:43",968
"2018-12-27 08:43:41",968
"2018-12-27 09:43:42",968
"2018-12-27 10:43:43",968
"2018-12-27 11:43:41",968
"2018-12-27 12:43:41",968
"2018-12-27 13:43:40",968
"2018-12-27 14:43:42",968
"2018-12-27 15:43:40",966
"2018-12-27 16:43:41",966
"2018-12-27 17:43:45",967
"2018-12-27 18:43:46",966
"2018-12-27 19:43:45",966
"2018-12-27 20:43:42",966
"2018-12-27 21:43:44",967
"2018-12-27 22:43:49",967
"2018-12-27 23:43:50",967
"2018-12-28 00:43:49",967
"2018-12-28 01:43:46",967
"2018-12-28 02:43:46",967
"2018-12-28 03:43:42",967
"2018-12-28 04:43:44",967
"2018-12-28 05:43:42",967
"2018-12-28 06:43:49",967
"2018-12-28 07:43:48",967
"2018-12-28 08:43:45",967
"2018-12-28 09:43:45",967
"2018-12-28 10:43:41",967
"2018-12-28 11:43:43",967
"2018-12-28 12:43:41",967
"2018-12-28 13:43:41",967
"2018-12-28 14:43:43",967
"2018-12-28 16:09:17",966
"2018-12-28 16:43:43",966
"2018-12-28 17:43:47",967
"2018-12-28 18:43:45",967
"2018-12-28 19:43:42",967
"2018-12-28 20:43:45",969
"2018-12-28 21:43:45",967
"2018-12-28 22:43:41",967
"2018-12-28 23:43:44",967
"2018-12-29 00:43:42",967
"2018-12-29 01:43:41",967
"2018-12-29 02:43:42",967
"2018-12-29 03:43:41",967
"2018-12-29 04:43:42",967
"2018-12-29 05:43:42",967
"2018-12-29 06:43:40",967
"2018-12-29 07:43:47",967
"2018-12-29 08:43:46",967
"2018-12-29 09:43:43",967
"2018-12-29 10:43:42",967
"2018-12-29 11:43:42",967
"2018-12-29 12:43:41",967
"2018-12-29 13:43:42",967
"2018-12-29 14:43:40",967
"2018-12-29 15:43:40",967
"2018-12-29 16:43:43",967
"2018-12-29 17:43:41",967
"2018-12-29 18:43:45",967
"2018-12-29 19:43:46",967
"2018-12-29 20:43:41",967
"2018-12-29 21:43:46",967
"2018-12-29 22:43:42",967
"2018-12-29 23:43:47",967
"2018-12-30 00:43:42",967
"2018-12-30 01:43:43",967
"2018-12-30 02:43:40",967
"2018-12-30 03:43:42",967
"2018-12-30 04:43:41",967
"2018-12-30 05:43:41",967
"2018-12-30 06:43:40",967
"2018-12-30 07:43:40",967
"2018-12-30 08:43:40",967
"2018-12-30 09:43:40",967
"2018-12-30 10:43:40",967
"2018-12-30 11:43:41",967
"2018-12-30 12:43:41",967
"2018-12-30 13:43:41",967
"2018-12-30 14:43:40",967
"2018-12-30 15:43:40",967
"2018-12-30 16:43:40",967
"2018-12-30 17:43:41",967
"2018-12-30 18:43:40",967
"2018-12-30 19:43:41",967
"2018-12-30 20:43:41",967
"2018-12-30 21:43:42",967
"2018-12-30 22:43:43",967
"2018-12-30 23:43:42",967
"2018-12-31 00:43:42",967
"2018-12-31 01:43:41",967
"2018-12-31 02:43:40",967
"2018-12-31 03:43:44",967
"2018-12-31 04:43:43",967
"2018-12-31 05:43:45",967
"2018-12-31 06:43:41",967
"2018-12-31 07:43:41",967
"2018-12-31 08:43:41",967
"2018-12-31 09:43:44",967
"2018-12-31 10:43:43",967
"2018-12-31 11:43:41",967
"2018-12-31 12:43:40",967
"2018-12-31 13:43:40",967
"2018-12-31 14:43:45",967
"2018-12-31 15:43:41",968
"2018-12-31 16:43:41",967
"2018-12-31 17:43:43",965
"2018-12-31 18:43:42",964
"2018-12-31 19:43:43",965
"2018-12-31 20:43:43",965
"2018-12-31 21:43:43",965
"2018-12-31 22:43:42",965
"2018-12-31 23:43:40",965
"2019-01-01 00:43:41",965
"2019-01-01 01:43:43",965
"2019-01-01 02:43:42",965
"2019-01-01 03:43:40",965
"2019-01-01 04:43:41",965
"2019-01-01 05:43:40",965
"2019-01-01 06:43:41",965
"2019-01-01 07:43:40",965
"2019-01-01 08:43:41",965
"2019-01-01 09:43:40",965
"2019-01-01 10:43:40",965
"2019-01-01 11:43:40",965
"2019-01-01 12:43:40",965
"2019-01-01 13:43:40",965
"2019-01-01 14:43:41",965
"2019-01-01 15:43:41",965
"2019-01-01 16:43:40",965
"2019-01-01 17:43:41",965
"2019-01-01 18:43:40",965
"2019-01-01 19:43:41",965
"2019-01-01 20:43:40",965
"2019-01-01 21:43:41",965
"2019-01-01 22:43:44",965
"2019-01-01 23:43:40",965
"2019-01-02 00:43:41",965
"2019-01-02 01:43:40",965
"2019-01-02 02:43:42",965
"2019-01-02 03:43:41",965
"2019-01-02 04:43:41",965
"2019-01-02 05:43:43",965
"2019-01-02 06:43:41",965
"2019-01-02 07:43:42",965
"2019-01-02 08:43:41",965
"2019-01-02 09:43:41",965
"2019-01-02 10:43:43",965
"2019-01-02 11:43:40",965
"2019-01-02 12:43:40",965
"2019-01-02 13:43:40",965
"2019-01-02 15:08:48",964
"2019-01-02 15:43:43",964
"2019-01-02 16:43:40",963
"2019-01-02 17:43:40",962
"2019-01-02 18:43:43",962
"2019-01-02 19:43:43",962
"2019-01-02 20:43:43",962
"2019-01-02 21:43:40",962
"2019-01-02 22:43:41",962
"2019-01-02 23:43:45",962
"2019-01-03 00:43:43",962
"2019-01-03 01:43:40",962
"2019-01-03 02:43:41",962
"2019-01-03 03:43:41",962
"2019-01-03 05:43:43",962
"2019-01-03 06:43:41",962
"2019-01-03 07:43:42",962
"2019-01-03 08:43:41",962
"2019-01-03 09:43:41",962
"2019-01-03 10:43:41",962
"2019-01-03 11:43:40",962
"2019-01-03 12:43:41",962
"2019-01-03 13:43:39",962
"2019-01-03 14:43:45",962
"2019-01-03 15:43:45",960
"2019-01-03 16:43:45",958
"2019-01-03 17:43:46",959
"2019-01-03 18:43:43",959
"2019-01-03 19:43:44",959
"2019-01-03 20:43:41",958
"2019-01-03 21:43:43",959
"2019-01-03 22:43:46",959
"2019-01-03 23:43:41",959
"2019-01-04 00:43:43",959
"2019-01-04 01:43:42",959
"2019-01-04 02:43:46",959
"2019-01-04 03:43:42",959
"2019-01-04 04:43:41",959
"2019-01-04 05:43:43",959
"2019-01-04 06:43:44",959
"2019-01-04 07:43:41",959
"2019-01-04 08:43:42",959
"2019-01-04 09:43:43",959
"2019-01-04 10:43:41",959
"2019-01-04 11:43:41",959
"2019-01-04 12:43:41",959
"2019-01-04 13:43:41",959
"2019-01-04 15:08:25",960
"2019-01-04 15:43:45",960
"2019-01-04 16:43:44",958
"2019-01-04 17:43:43",958
"2019-01-04 18:43:45",957
"2019-01-04 19:43:45",957
"2019-01-04 20:43:44",957
"2019-01-04 21:43:44",956
"2019-01-04 22:43:41",956
"2019-01-04 23:43:44",956
"2019-01-05 00:43:46",956
"2019-01-05 01:43:43",956
"2019-01-05 02:43:44",956
"2019-01-05 03:43:42",956
"2019-01-05 04:43:42",956
"2019-01-05 05:43:42",956
"2019-01-05 06:43:41",956
"2019-01-05 07:43:42",956
"2019-01-05 08:43:44",956
"2019-01-05 09:43:44",956
"2019-01-05 10:43:42",956
"2019-01-05 11:43:41",956
"2019-01-05 12:43:41",956
"2019-01-05 13:43:42",956
"2019-01-05 14:43:41",956
"2019-01-05 15:43:41",956
"2019-01-05 16:43:41",956
"2019-01-05 17:43:42",956
"2019-01-05 18:43:42",956
"2019-01-05 19:43:46",956
"2019-01-05 20:43:42",956
"2019-01-05 21:43:44",956
"2019-01-05 22:43:42",956
"2019-01-05 23:43:42",956
"2019-01-06 00:43:42",956
"2019-01-06 01:43:41",956
"2019-01-06 02:43:41",956
"2019-01-06 03:43:42",956
"2019-01-06 04:43:42",956
"2019-01-06 05:43:42",956
"2019-01-06 06:43:40",956
"2019-01-06 07:43:43",956
"2019-01-06 08:43:40",956
"2019-01-06 09:43:40",956
"2019-01-06 10:43:41",956
"2019-01-06 11:43:41",956
"2019-01-06 12:43:42",956
"2019-01-06 13:43:41",956
"2019-01-06 14:43:41",956
"2019-01-06 15:43:42",956
"2019-01-06 16:43:41",956
"2019-01-06 17:43:42",956
"2019-01-06 18:43:41",956
"2019-01-06 19:43:41",956
"2019-01-06 20:43:41",956
"2019-01-06 21:43:41",956
"2019-01-06 22:43:41",956
"2019-01-06 23:43:42",956
"2019-01-07 00:43:41",956
"2019-01-07 01:43:41",956
"2019-01-07 02:43:43",956
"2019-01-07 03:43:43",956
"2019-01-07 04:43:42",956
"2019-01-07 05:43:41",956
"2019-01-07 06:43:42",955
"2019-01-07 07:43:41",955
"2019-01-07 08:43:41",955
"2019-01-07 09:43:43",955
"2019-01-07 10:43:45",955
"2019-01-07 11:43:43",955
"2019-01-07 12:43:43",955
"2019-01-07 14:09:14",955
"2019-01-07 14:43:44",955
"2019-01-07 15:43:46",952
"2019-01-07 16:43:46",952
"2019-01-07 17:43:46",952
"2019-01-07 18:43:44",951
"2019-01-07 19:43:41",949
"2019-01-07 20:43:46",949
"2019-01-07 21:43:44",949
"2019-01-07 22:43:42",949
"2019-01-07 23:43:46",949
"2019-01-08 00:43:41",949
"2019-01-08 01:43:43",949
"2019-01-08 02:43:45",949
"2019-01-08 03:43:44",949
"2019-01-08 04:43:43",949
"2019-01-08 05:43:43",949
"2019-01-08 06:43:42",949
"2019-01-08 07:43:42",949
"2019-01-08 08:43:43",949
"2019-01-08 09:43:42",949
"2019-01-08 10:43:43",949
"2019-01-08 11:43:44",949
"2019-01-08 12:43:43",949
"2019-01-08 13:43:44",949
"2019-01-08 14:43:47",949
"2019-01-08 15:43:45",948
"2019-01-08 16:43:44",944
"2019-01-08 17:43:43",942
"2019-01-08 18:43:43",939
"2019-01-08 19:43:43",939
"2019-01-08 20:43:41",937
"2019-01-08 21:43:43",937
"2019-01-08 22:43:41",936
"2019-01-08 23:43:44",936
"2019-01-09 00:43:44",936
"2019-01-09 01:43:42",936
"2019-01-09 02:44:34",936
"2019-01-09 04:43:45",936
"2019-01-09 05:43:45",936
"2019-01-09 06:43:43",936
"2019-01-09 07:43:48",936
"2019-01-09 08:43:47",936
"2019-01-09 09:43:43",936
"2019-01-09 10:43:44",936
"2019-01-09 11:43:42",936
"2019-01-09 12:43:41",936
"2019-01-09 14:09:15",936
"2019-01-09 14:43:46",936
"2019-01-09 15:43:44",936
"2019-01-09 16:43:46",938
"2019-01-09 17:43:43",938
"2019-01-09 18:43:44",939
"2019-01-09 19:43:44",939
"2019-01-09 20:43:48",940
"2019-01-09 21:43:44",938
"2019-01-09 22:43:44",939
"2019-01-09 23:43:42",939
"2019-01-10 00:43:41",939
"2019-01-10 01:43:41",939
"2019-01-10 02:43:42",939
"2019-01-10 03:43:41",939
"2019-01-10 04:43:41",939
"2019-01-10 05:43:42",939
"2019-01-10 06:43:40",939
"2019-01-10 07:43:42",939
"2019-01-10 08:43:42",939
"2019-01-10 09:43:41",939
"2019-01-10 10:43:41",939
"2019-01-10 11:43:41",939
"2019-01-10 12:43:41",939
"2019-01-10 13:43:42",939
"2019-01-10 15:08:19",939
"2019-01-10 15:43:45",939
"2019-01-10 16:43:44",939
"2019-01-10 17:43:44",938
"2019-01-10 18:43:42",938
"2019-01-10 19:43:42",938
"2019-01-10 20:43:45",937
"2019-01-10 21:43:44",936
"2019-01-10 22:43:42",936
"2019-01-10 23:43:43",936
"2019-01-11 00:43:43",936
"2019-01-11 01:43:42",936
"2019-01-11 02:43:43",936
"2019-01-11 03:43:43",936
"2019-01-11 04:43:43",936
"2019-01-11 05:43:43",936
"2019-01-11 06:43:41",936
"2019-01-11 07:43:46",936
"2019-01-11 08:43:42",936
"2019-01-11 09:43:43",936
"2019-01-11 10:43:41",936
"2019-01-11 11:43:42",936
"2019-01-11 12:43:43",936
"2019-01-11 13:43:42",936
"2019-01-11 14:43:46",936
"2019-01-11 15:43:46",934
"2019-01-11 16:43:41",934
"2019-01-11 17:43:43",934
"2019-01-11 18:43:42",933
"2019-01-11 19:43:46",933
"2019-01-11 20:43:44",932
"2019-01-11 21:43:41",932
"2019-01-11 22:43:43",932
"2019-01-11 23:43:41",932
"2019-01-12 00:43:41",932
"2019-01-12 01:43:45",932
"2019-01-12 02:43:41",932
"2019-01-12 03:43:43",932
"2019-01-12 04:43:40",932
"2019-01-12 05:43:40",932
"2019-01-12 06:43:42",932
"2019-01-12 07:43:40",932
"2019-01-12 08:43:41",932
"2019-01-12 09:43:41",932
"2019-01-12 10:43:41",932
"2019-01-12 11:43:41",932
"2019-01-12 12:43:40",932
"2019-01-12 13:43:40",932
"2019-01-12 14:43:41",932
"2019-01-12 15:43:40",932
"2019-01-12 16:43:43",932
"2019-01-12 17:43:42",932
"2019-01-12 18:43:40",932
"2019-01-12 19:43:44",932
"2019-01-12 20:43:42",932
"2019-01-12 21:43:41",932
"2019-01-12 22:43:41",932
"2019-01-12 23:43:46",932
"2019-01-13 00:43:41",932
"2019-01-13 01:43:41",932
"2019-01-13 02:43:41",932
"2019-01-13 03:43:41",932
"2019-01-13 04:43:43",932
"2019-01-13 05:43:42",932
"2019-01-13 06:43:41",932
"2019-01-13 07:43:41",932
"2019-01-13 08:43:40",932
"2019-01-13 09:43:43",932
"2019-01-13 10:43:48",932
"2019-01-13 11:43:45",932
"2019-01-13 12:43:41",932
"2019-01-13 13:43:41",932
"2019-01-13 14:43:40",932
"2019-01-13 15:43:42",932
"2019-01-13 16:43:41",932
"2019-01-13 17:43:41",932
"2019-01-13 18:43:41",932
"2019-01-13 19:43:41",932
"2019-01-13 20:43:43",932
"2019-01-13 21:43:41",932
"2019-01-13 22:43:42",932
"2019-01-13 23:43:41",932
"2019-01-14 00:43:41",932
"2019-01-14 01:43:41",932
"2019-01-14 02:43:41",932
"2019-01-14 03:43:41",932
"2019-01-14 04:43:41",932
"2019-01-14 05:43:42",932
"2019-01-14 06:43:41",932
"2019-01-14 07:43:40",932
"2019-01-14 08:43:41",932
"2019-01-14 09:43:41",932
"2019-01-14 10:43:42",932
"2019-01-14 11:43:41",932
"2019-01-14 12:43:41",932
"2019-01-14 13:43:42",932
"2019-01-14 14:43:43",932
"2019-01-14 15:43:44",931
"2019-01-14 16:43:43",932
"2019-01-14 17:43:41",932
"2019-01-14 18:43:42",932
"2019-01-14 19:43:44",933
"2019-01-14 20:43:41",933
"2019-01-14 21:43:42",935
"2019-01-14 22:43:41",935
"2019-01-14 23:43:41",935
"2019-01-15 00:43:41",935
"2019-01-15 01:43:40",935
"2019-01-15 02:43:41",935
"2019-01-15 03:43:41",935
"2019-01-15 04:43:45",935
"2019-01-15 05:43:41",935
"2019-01-15 06:43:40",935
"2019-01-15 07:43:41",935
"2019-01-15 08:43:40",935
"2019-01-15 09:43:40",935
"2019-01-15 10:43:40",935
"2019-01-15 11:43:40",935
"2019-01-15 12:43:41",935
"2019-01-15 13:43:40",935
"2019-01-15 14:43:46",935
"2019-01-15 15:43:42",934
"2019-01-15 16:43:43",935
"2019-01-15 17:43:41",933
"2019-01-15 18:43:42",933
"2019-01-15 19:43:41",934
"2019-01-15 20:43:42",934
"2019-01-15 21:43:42",933
"2019-01-15 22:43:42",933
"2019-01-15 23:43:44",933
"2019-01-16 00:43:41",933
"2019-01-16 01:43:48",933
"2019-01-16 02:43:42",933
"2019-01-16 03:43:40",933
"2019-01-16 04:43:41",933
"2019-01-16 05:43:40",933
"2019-01-16 06:43:40",933
"2019-01-16 07:43:40",933
"2019-01-16 08:43:39",933
"2019-01-16 09:43:41",933
"2019-01-16 10:43:40",933
"2019-01-16 11:43:39",933
"2019-01-16 12:43:40",933
"2019-01-16 14:10:15",933
"2019-01-16 15:09:16",932
"2019-01-16 15:43:43",932
"2019-01-16 16:43:42",932
"2019-01-16 17:43:42",932
"2019-01-16 18:43:46",934
"2019-01-16 19:43:43",934
"2019-01-16 20:43:42",934
"2019-01-16 21:43:43",936
"2019-01-16 22:43:41",936
"2019-01-16 23:43:40",936
"2019-01-17 00:43:41",936
"2019-01-17 01:43:42",936
"2019-01-17 02:43:44",936
"2019-01-17 03:43:42",936
"2019-01-17 04:43:43",936
"2019-01-17 05:43:41",936
"2019-01-17 06:43:42",936
"2019-01-17 07:43:41",936
"2019-01-17 08:43:41",936
"2019-01-17 09:43:42",936
"2019-01-17 10:43:42",936
"2019-01-17 11:43:42",936
"2019-01-17 12:43:41",936
"2019-01-17 13:43:41",936
"2019-01-17 15:09:48",938
"2019-01-17 15:43:44",938
"2019-01-17 16:43:41",938
"2019-01-17 17:43:41",937
"2019-01-17 18:43:42",938
"2019-01-17 19:43:45",937
"2019-01-17 20:43:44",938
"2019-01-17 21:43:41",937
"2019-01-17 22:43:42",937
"2019-01-17 23:43:41",937
"2019-01-18 00:43:42",937
"2019-01-18 01:43:42",937
"2019-01-18 02:43:41",937
"2019-01-18 03:43:44",937
"2019-01-18 04:43:43",937
"2019-01-18 05:43:42",937
"2019-01-18 06:43:41",937
"2019-01-18 07:43:42",937
"2019-01-18 08:43:41",937
"2019-01-18 09:43:42",937
"2019-01-18 10:43:41",937
"2019-01-18 11:43:41",937
"2019-01-18 12:43:42",937
"2019-01-18 13:43:41",937
"2019-01-18 14:43:45",937
"2019-01-18 15:43:44",936
"2019-01-18 16:43:44",932
"2019-01-18 17:43:45",930
"2019-01-18 18:43:43",930
"2019-01-18 19:43:41",930
"2019-01-18 20:43:44",930
"2019-01-18 21:43:42",929
"2019-01-18 22:43:41",929
"2019-01-18 23:43:42",929
"2019-01-19 00:43:41",929
"2019-01-19 01:43:42",929
"2019-01-19 02:43:42",929
"2019-01-19 03:43:42",929
"2019-01-19 04:43:42",929
"2019-01-19 05:43:41",929
"2019-01-19 06:43:41",929
"2019-01-19 07:43:41",929
"2019-01-19 08:43:41",929
"2019-01-19 09:43:42",929
"2019-01-19 10:43:42",929
"2019-01-19 11:43:41",929
"2019-01-19 12:43:40",929
"2019-01-19 13:43:42",929
"2019-01-19 14:43:41",929
"2019-01-19 15:43:43",929
"2019-01-19 16:43:41",929
"2019-01-19 17:43:41",929
"2019-01-19 18:43:40",929
"2019-01-19 19:43:41",929
"2019-01-19 20:43:41",929
"2019-01-19 21:43:41",929
"2019-01-19 22:43:41",929
"2019-01-19 23:43:42",929
"2019-01-20 00:43:43",929
"2019-01-20 01:43:41",929
"2019-01-20 02:43:42",929
"2019-01-20 03:43:42",929
"2019-01-20 04:43:44",929
"2019-01-20 05:43:41",929
"2019-01-20 06:43:42",929
"2019-01-20 07:43:41",929
"2019-01-20 08:43:41",929
"2019-01-20 09:43:41",929
"2019-01-20 10:43:41",929
"2019-01-20 11:43:41",929
"2019-01-20 12:43:41",929
"2019-01-20 13:43:41",929
"2019-01-20 14:43:41",929
"2019-01-20 15:43:42",929
"2019-01-20 16:43:42",929
"2019-01-20 17:43:42",929
"2019-01-20 18:43:41",929
"2019-01-20 19:43:41",929
"2019-01-20 20:43:41",929
"2019-01-20 21:43:41",929
"2019-01-20 22:43:41",929
"2019-01-20 23:43:42",929
"2019-01-21 00:43:41",929
"2019-01-21 01:43:42",929
"2019-01-21 02:43:42",929
"2019-01-21 03:43:42",929
"2019-01-21 04:43:42",929
"2019-01-21 05:43:41",929
"2019-01-21 06:43:41",929
"2019-01-21 07:43:41",929
"2019-01-21 08:43:41",929
"2019-01-21 09:43:42",929
"2019-01-21 10:43:42",929
"2019-01-21 11:43:41",929
"2019-01-21 12:43:41",929
"2019-01-21 13:43:40",929
"2019-01-21 14:43:41",929
"2019-01-21 15:43:40",929
"2019-01-21 16:43:41",929
"2019-01-21 17:43:41",929
"2019-01-21 18:43:41",929
"2019-01-21 19:43:40",929
"2019-01-21 20:43:41",929
"2019-01-21 21:43:40",929
"2019-01-21 22:43:42",929
"2019-01-21 23:43:41",929
"2019-01-22 00:43:41",929
"2019-01-22 01:43:40",929
"2019-01-22 02:43:41",929
"2019-01-22 03:43:41",929
"2019-01-22 04:43:43",929
"2019-01-22 05:43:43",929
"2019-01-22 06:43:40",929
"2019-01-22 07:43:41",929
"2019-01-22 08:43:41",929
"2019-01-22 09:43:40",929
"2019-01-22 10:43:41",929
"2019-01-22 11:43:40",929
"2019-01-22 12:43:41",929
"2019-01-22 13:43:41",929
"2019-01-22 14:43:41",929
"2019-01-22 15:43:41",934
"2019-01-22 16:43:41",934
"2019-01-22 17:43:41",933
"2019-01-22 18:43:41",933
"2019-01-22 19:43:43",933
"2019-01-22 20:43:42",933
"2019-01-22 21:43:43",933
"2019-01-22 22:43:40",933
"2019-01-22 23:43:41",933
"2019-01-23 00:43:41",933
"2019-01-23 01:43:42",933
"2019-01-23 02:43:41",933
"2019-01-23 03:43:42",933
"2019-01-23 04:43:42",933
"2019-01-23 05:43:42",933
"2019-01-23 06:43:43",933
"2019-01-23 07:43:42",933
"2019-01-23 08:43:43",933
"2019-01-23 09:43:44",933
"2019-01-23 10:43:42",933
"2019-01-23 11:43:41",933
"2019-01-23 12:43:41",933
"2019-01-23 13:43:41",933
"2019-01-23 15:07:44",933
"2019-01-23 15:43:41",933
"2019-01-23 16:43:41",932
"2019-01-23 17:43:41",933
"2019-01-23 18:43:41",932
"2019-01-23 19:43:41",932
"2019-01-23 20:43:40",931
"2019-01-23 21:43:41",932
"2019-01-23 22:43:41",932
"2019-01-23 23:43:41",932
"2019-01-30 08:15:43",926
"2019-01-30 08:21:46",926
"2019-01-30 08:47:30",926
"2019-01-30 08:47:31",926
"2019-01-30 09:47:26",926
"2019-01-30 09:47:30",926
"2019-01-30 10:47:28",926
"2019-01-30 10:47:29",926
"2019-01-30 11:47:24",926
"2019-01-30 11:47:35",926
"2019-01-30 12:47:29",926
"2019-01-30 12:47:33",926
"2019-01-30 13:47:27",926
"2019-01-30 13:47:31",926
"2019-01-30 14:47:27",926
"2019-01-30 14:47:32",926
"2019-01-30 15:47:29",926
"2019-01-30 15:47:33",926
"2019-01-30 16:47:27",925
"2019-01-30 16:47:31",925
"2019-01-30 17:47:29",925
"2019-01-30 17:47:33",925
"2019-01-30 18:47:25",925
"2019-01-30 18:47:34",925
"2019-01-30 19:47:31",926
"2019-01-30 19:47:35",926
"2019-01-30 20:44:49",925
"2019-01-30 21:47:28",924
"2019-01-30 21:47:32",924
"2019-01-30 22:47:28",924
"2019-01-30 22:47:32",924
"2019-01-30 23:47:31",924
"2019-01-30 23:47:35",924
"2019-01-31 00:47:32",924
"2019-01-31 00:47:36",924
"2019-01-31 01:47:27",924
"2019-01-31 01:47:31",924
"2019-01-31 02:47:29",924
"2019-01-31 02:47:33",924
"2019-01-31 03:47:30",924
"2019-01-31 03:47:31",924
"2019-01-31 04:47:28",924
"2019-01-31 04:47:29",924
"2019-01-31 05:47:28",924
"2019-01-31 05:47:33",924
"2019-01-31 06:47:30",924
"2019-01-31 06:47:34",924
"2019-01-31 08:17:12",924
"2019-01-31 08:43:47",924
"2019-01-31 10:07:20",924
"2019-01-31 10:43:47",924
"2019-01-31 11:43:46",924
"2019-01-31 12:43:45",924
"2019-01-31 13:43:47",924
"2019-01-31 15:43:47",923
"2019-01-31 16:43:51",921
"2019-01-31 17:43:49",920
"2019-01-31 18:43:48",916
"2019-01-31 19:43:50",915
"2019-01-31 20:43:49",916
"2019-01-31 21:43:47",916
"2019-01-31 22:43:47",916
"2019-01-31 23:43:47",916
"2019-02-01 00:43:47",916
"2019-02-01 01:43:48",916
"2019-02-01 02:43:51",916
"2019-02-01 03:43:49",916
"2019-02-01 04:43:48",916
"2019-02-01 05:43:48",916
"2019-02-01 06:43:48",916
"2019-02-01 07:43:50",916
"2019-02-01 08:43:48",916
"2019-02-01 09:43:48",916
"2019-02-01 10:43:48",916
"2019-02-01 11:43:48",916
"2019-02-01 12:43:47",916
"2019-02-01 13:43:48",916
"2019-02-01 14:43:49",916
"2019-02-01 15:43:49",918
"2019-02-01 16:43:50",955
"2019-02-01 17:43:48",973
"2019-02-01 18:43:53",994
"2019-02-01 19:43:51",1009
"2019-02-01 20:43:47",1018
"2019-02-01 21:43:50",1051
"2019-02-01 22:43:49",1056
"2019-02-02 00:08:52",1057
"2019-02-02 00:43:49",1057
"2019-02-02 01:43:49",1057
"2019-02-02 02:43:49",1057
"2019-02-02 03:43:47",1057
"2019-02-02 04:43:48",1057
"2019-02-02 05:43:48",1057
"2019-02-02 06:43:48",1057
"2019-02-02 07:43:48",1057
"2019-02-02 08:43:47",1057
"2019-02-02 09:43:47",1057
"2019-02-02 10:43:47",1057
"2019-02-02 11:43:47",1057
"2019-02-02 12:43:48",1057
"2019-02-02 13:43:49",1057
"2019-02-02 14:43:49",1057
"2019-02-02 15:43:47",1057
"2019-02-02 16:43:52",1057
"2019-02-02 17:43:50",1057
"2019-02-02 18:43:50",1057
"2019-02-02 19:43:48",1057
"2019-02-02 20:43:50",1057
"2019-02-02 21:43:47",1057
"2019-02-02 22:43:48",1057
"2019-02-02 23:43:49",1057
"2019-02-03 00:43:49",1057
"2019-02-03 01:43:48",1057
"2019-02-03 02:43:49",1057
"2019-02-03 03:43:49",1057
"2019-02-03 04:43:49",1057
"2019-02-03 05:43:46",1057
"2019-02-03 06:43:48",1057
"2019-02-03 07:43:48",1057
"2019-02-03 08:43:47",1057
"2019-02-03 09:43:48",1057
"2019-02-03 10:43:46",1057
"2019-02-03 11:43:49",1057
"2019-02-03 12:43:48",1057
"2019-02-03 13:43:49",1057
"2019-02-03 14:43:50",1057
"2019-02-03 15:43:47",1057
"2019-02-03 16:43:48",1057
"2019-02-03 17:43:49",1057
"2019-02-03 18:43:51",1057
"2019-02-03 19:43:47",1057
"2019-02-03 20:43:49",1057
"2019-02-03 21:43:51",1057
"2019-02-03 22:43:51",1057
"2019-02-03 23:43:50",1057
"2019-02-04 00:43:49",1057
"2019-02-04 01:43:48",1057
"2019-02-04 02:43:51",1057
"2019-02-04 03:43:49",1057
"2019-02-04 04:43:50",1057
"2019-02-04 05:43:47",1057
"2019-02-04 06:43:47",1057
"2019-02-04 07:43:47",1057
"2019-02-04 08:43:48",1057
"2019-02-04 09:43:48",1057
"2019-02-04 10:43:49",1057
"2019-02-04 11:43:48",1057
"2019-02-04 12:43:46",1057
"2019-02-04 13:43:48",1057
"2019-02-04 14:43:49",1060
"2019-02-04 15:43:51",1178
"2019-02-04 16:43:49",1168
"2019-02-04 17:43:49",1178
"2019-02-04 18:43:50",1182
"2019-02-04 19:43:48",1175
"2019-02-04 20:43:51",1172
"2019-02-04 21:43:50",1166
"2019-02-04 22:43:50",1165
"2019-02-04 23:43:50",1165
"2019-02-05 00:43:50",1165
"2019-02-05 01:43:53",1165
"2019-02-05 02:43:51",1165
"2019-02-05 03:43:50",1165
"2019-02-05 04:44:06",1165
"2019-02-05 05:43:50",1165
"2019-02-05 06:43:50",1165
"2019-02-05 07:43:49",1165
"2019-02-05 08:43:51",1165
"2019-02-05 09:43:49",1165
"2019-02-05 10:43:50",1165
"2019-02-05 11:43:48",1165
"2019-02-05 12:43:47",1165
"2019-02-05 13:43:49",1165
"2019-02-05 14:43:51",1165
"2019-02-05 15:43:48",1150
"2019-02-05 16:43:52",1147
"2019-02-05 17:43:50",1137
"2019-02-05 18:43:53",1137
"2019-02-05 19:43:52",1136
"2019-02-05 20:43:50",1130
"2019-02-05 21:43:49",1129
"2019-02-05 22:43:51",1126
"2019-02-05 23:43:54",1126
"2019-02-06 00:43:51",1126
"2019-02-06 01:43:49",1126
"2019-02-06 02:43:50",1126
"2019-02-06 03:43:51",1126
"2019-02-06 04:43:50",1126
"2019-02-06 05:43:50",1126
"2019-02-06 06:43:53",1126
"2019-02-06 07:43:52",1126
"2019-02-06 08:43:45",1126
"2019-02-06 09:43:45",1126
"2019-02-07 02:43:57",1119
"2019-02-07 03:43:48",1119
"2019-02-07 04:43:49",1119
"2019-02-07 05:43:49",1119
"2019-02-07 06:43:47",1119
"2019-02-07 07:43:47",1119
"2019-02-07 08:43:48",1119
"2019-02-07 09:43:48",1119
"2019-02-07 10:43:51",1119
"2019-02-07 11:43:52",1119
"2019-02-07 12:43:51",1119
"2019-02-07 13:43:51",1119
"2019-02-07 15:07:22",1113
"2019-02-07 15:43:52",1113
"2019-02-07 16:43:54",1110
"2019-02-07 17:43:50",1107
"2019-02-07 18:43:55",1105
"2019-02-07 19:43:54",1104
"2019-02-07 20:43:52",1105
"2019-02-07 21:43:51",1105
"2019-02-07 22:43:50",1105
"2019-02-07 23:43:51",1105
"2019-02-08 00:44:22",1105
"2019-02-08 01:43:51",1105
"2019-02-08 02:43:51",1105
"2019-02-08 03:43:56",1105
"2019-02-08 04:43:51",1105
"2019-02-08 05:43:50",1105
"2019-02-08 06:43:49",1105
"2019-02-08 07:43:49",1105
"2019-02-08 08:43:48",1105
"2019-02-08 09:43:51",1105
"2019-02-08 10:43:51",1105
"2019-02-08 11:43:51",1105
"2019-02-08 12:43:52",1105
"2019-02-08 13:43:52",1105
"2019-02-08 15:08:24",1103
"2019-02-08 15:43:49",1103
"2019-02-08 16:43:50",1103
"2019-02-08 17:43:53",1097
"2019-02-08 18:43:55",1097
"2019-02-08 19:43:55",1096
"2019-02-08 20:43:54",1095
"2019-02-08 21:43:52",1097
"2019-02-08 22:43:50",1097
"2019-02-08 23:43:50",1097
"2019-02-09 00:43:52",1097
"2019-02-09 01:43:50",1097
"2019-02-09 02:43:51",1097
"2019-02-09 03:43:50",1097
"2019-02-09 04:43:53",1097
"2019-02-09 05:43:51",1097
"2019-02-09 06:43:51",1097
"2019-02-09 07:43:50",1097
"2019-02-09 08:43:49",1097
"2019-02-09 09:43:50",1097
"2019-02-09 10:43:50",1097
"2019-02-09 11:43:49",1097
"2019-02-09 12:43:52",1097
"2019-02-09 13:43:50",1097
"2019-02-09 14:43:51",1097
"2019-02-09 15:43:53",1097
"2019-02-09 16:43:52",1097
"2019-02-09 17:43:53",1097
"2019-02-09 18:43:51",1097
"2019-02-09 19:43:52",1097
"2019-02-09 20:43:51",1097
"2019-02-09 21:43:53",1097
"2019-02-09 22:43:51",1097
"2019-02-09 23:43:52",1097
"2019-02-10 00:43:50",1097
"2019-02-10 01:43:52",1097
"2019-02-10 02:43:52",1097
"2019-02-10 03:43:50",1097
"2019-02-10 04:43:55",1097
"2019-02-10 05:43:55",1097
"2019-02-10 06:43:53",1097
"2019-02-10 07:43:50",1097
"2019-02-10 08:43:50",1097
"2019-02-10 09:43:50",1097
"2019-02-10 10:43:50",1097
"2019-02-10 11:43:50",1097
"2019-02-10 12:43:50",1097
"2019-02-10 13:43:52",1097
"2019-02-10 14:43:52",1097
"2019-02-10 15:43:54",1097
"2019-02-10 16:43:54",1097
"2019-02-10 17:43:52",1097
"2019-02-10 18:43:51",1097
"2019-02-10 19:43:54",1097
"2019-02-10 20:43:52",1097
"2019-02-10 21:43:51",1097
"2019-02-10 22:43:53",1097
"2019-02-10 23:43:54",1097
"2019-02-11 00:43:53",1097
"2019-02-11 01:43:53",1097
"2019-02-11 02:43:56",1097
"2019-02-11 03:43:54",1097
"2019-02-11 04:43:56",1097
"2019-02-11 05:43:53",1097
"2019-02-11 06:43:54",1097
"2019-02-11 07:43:51",1097
"2019-02-11 08:43:51",1097
"2019-02-11 09:43:51",1097
"2019-02-11 10:43:54",1097
"2019-02-11 11:43:50",1097
"2019-02-11 12:43:50",1097
"2019-02-11 13:43:51",1097
"2019-02-11 14:43:50",1096
"2019-02-11 15:43:50",1089
"2019-02-11 16:43:52",1083
"2019-02-11 17:43:53",1082
"2019-02-11 18:43:52",1078
"2019-02-11 19:43:51",1079
"2019-02-11 20:43:51",1077
"2019-02-11 21:43:49",1078
"2019-02-11 22:43:50",1078
"2019-02-11 23:43:51",1078
"2019-02-12 00:43:50",1078
"2019-02-12 01:43:48",1078
"2019-02-12 02:43:55",1078
"2019-02-12 03:43:50",1078
"2019-02-12 04:43:52",1078
"2019-02-12 05:43:51",1078
"2019-02-12 06:43:51",1078
"2019-02-12 07:43:51",1078
"2019-02-12 08:43:50",1078
"2019-02-12 09:43:51",1078
"2019-02-12 10:43:52",1078
"2019-02-12 11:43:52",1078
"2019-02-12 12:43:51",1078
"2019-02-12 13:43:52",1078
"2019-02-12 14:43:52",1078
"2019-02-12 15:43:56",1077
"2019-02-12 16:43:52",1070
"2019-02-12 17:43:51",1070
"2019-02-12 18:43:52",1072
"2019-02-12 19:43:53",1071
"2019-02-12 20:43:52",1071
"2019-02-12 21:43:53",1070
"2019-02-12 22:43:53",1070
"2019-02-12 23:43:52",1070
"2019-02-13 00:43:53",1070
"2019-02-13 01:43:54",1070
"2019-02-13 02:43:53",1070
"2019-02-13 03:43:52",1070
"2019-02-13 04:43:54",1070
"2019-02-13 05:43:53",1070
"2019-02-13 06:43:51",1070
"2019-02-13 07:43:51",1070
"2019-02-13 08:43:50",1070
"2019-02-13 09:43:50",1070
"2019-02-13 10:43:51",1070
"2019-02-13 11:43:50",1070
"2019-02-13 12:43:53",1070
"2019-02-13 13:43:50",1070
"2019-02-13 14:43:50",1070
"2019-02-13 15:43:52",1064
"2019-02-13 16:43:50",1063
"2019-02-13 17:43:53",1062
"2019-02-13 18:43:49",1062
"2019-02-13 19:43:50",1064
"2019-02-13 20:43:51",1060
"2019-02-13 21:43:51",1057
"2019-02-13 22:43:54",1057
"2019-02-13 23:43:53",1057
"2019-02-14 00:43:51",1057
"2019-02-14 01:43:53",1057
"2019-02-14 02:43:54",1057
"2019-02-14 03:43:55",1057
"2019-02-14 04:43:52",1057
"2019-02-14 05:43:55",1057
"2019-02-14 06:43:50",1057
"2019-02-14 07:43:51",1057
"2019-02-14 08:43:49",1057
"2019-02-14 09:43:49",1057
"2019-02-14 10:43:50",1057
"2019-02-14 11:43:51",1057
"2019-02-14 12:43:51",1057
"2019-02-14 13:43:52",1057
"2019-02-14 14:43:52",1057
"2019-02-14 15:43:53",1056
"2019-02-14 16:43:49",1055
"2019-02-14 17:43:52",1055
"2019-02-14 18:43:52",1053
"2019-02-14 19:43:52",1052
"2019-02-14 20:43:54",1050
"2019-02-14 21:43:52",1050
"2019-02-14 22:43:54",1050
"2019-02-15 00:43:55",1050
"2019-02-15 01:43:55",1050
"2019-02-15 02:43:56",1050
"2019-02-15 03:43:58",1050
"2019-02-15 04:43:59",1050
"2019-02-15 05:43:53",1050
"2019-02-15 06:43:51",1050
"2019-02-15 07:43:54",1050
"2019-02-15 08:43:52",1050
"2019-02-15 09:43:53",1050
"2019-02-15 10:43:53",1050
"2019-02-15 11:43:54",1050
"2019-02-15 12:43:52",1050
"2019-02-15 14:08:55",1050
"2019-02-15 14:43:55",1050
"2019-02-15 15:44:03",1049
"2019-02-15 16:43:57",1050
"2019-02-15 17:43:52",1048
"2019-02-15 18:43:57",1049
"2019-02-15 19:43:55",1047
"2019-02-15 20:43:53",1048
"2019-02-15 21:43:55",1048
"2019-02-15 22:43:56",1048
"2019-02-15 23:43:55",1048
"2019-02-16 00:43:56",1048
"2019-02-16 01:44:02",1048
"2019-02-16 02:43:59",1048
"2019-02-16 03:43:57",1048
"2019-02-16 04:43:53",1048
"2019-02-16 05:43:55",1048
"2019-02-16 06:43:52",1048
"2019-02-16 07:43:52",1048
"2019-02-16 08:43:53",1048
"2019-02-16 09:43:55",1048
"2019-02-16 10:43:54",1048
"2019-02-16 11:43:52",1048
"2019-02-16 12:43:54",1048
"2019-02-16 13:43:57",1048
"2019-02-16 14:43:54",1048
"2019-02-16 15:44:00",1048
"2019-02-16 16:43:52",1048
"2019-02-16 17:43:52",1048
"2019-02-16 18:43:53",1048
"2019-02-16 19:43:52",1048
"2019-02-16 20:43:54",1048
"2019-02-16 21:43:54",1048
"2019-02-16 22:43:53",1048
"2019-02-16 23:43:52",1048
"2019-02-17 00:43:54",1048
"2019-02-17 01:43:53",1048
"2019-02-17 02:43:50",1048
"2019-02-17 03:43:55",1048
"2019-02-17 04:43:52",1048
"2019-02-17 05:43:54",1048
"2019-02-17 06:43:52",1048
"2019-02-17 07:43:53",1048
"2019-02-17 08:43:52",1048
"2019-02-17 09:43:50",1048
"2019-02-17 10:43:52",1048
"2019-02-17 11:43:52",1048
"2019-02-17 12:43:49",1048
"2019-02-17 13:43:53",1048
"2019-02-17 14:43:51",1048
"2019-02-17 15:43:54",1048
"2019-02-17 16:43:53",1048
"2019-02-17 17:43:53",1048
"2019-02-17 18:43:53",1048
"2019-02-17 19:43:53",1048
"2019-02-17 20:43:54",1048
"2019-02-17 21:43:51",1048
"2019-02-17 22:43:52",1048
"2019-02-17 23:43:52",1048
"2019-02-18 00:43:52",1048
"2019-02-18 01:43:54",1048
"2019-02-18 02:43:56",1048
"2019-02-18 03:43:55",1048
"2019-02-18 04:43:51",1048
"2019-02-18 05:43:52",1048
"2019-02-18 06:43:51",1048
"2019-02-18 07:43:52",1048
"2019-02-18 08:43:51",1048
"2019-02-18 09:43:53",1048
"2019-02-18 10:43:51",1048
"2019-02-18 11:43:51",1048
"2019-02-18 12:43:52",1048
"2019-02-18 13:43:55",1048
"2019-02-18 14:43:52",1048
"2019-02-18 15:43:54",1048
"2019-02-18 16:43:53",1048
"2019-02-18 17:43:54",1048
"2019-02-18 18:43:53",1048
"2019-02-18 19:43:53",1048
"2019-02-18 20:43:54",1048
"2019-02-18 21:43:52",1048
"2019-02-18 22:43:51",1048
"2019-02-18 23:43:52",1048
"2019-02-19 00:43:52",1048
"2019-02-19 01:43:55",1048
"2019-02-19 02:43:53",1048
"2019-02-19 03:43:53",1048
"2019-02-19 04:43:53",1048
"2019-02-19 05:43:51",1048
"2019-02-19 06:43:51",1048
"2019-02-19 07:43:50",1048
"2019-02-19 08:43:51",1048
"2019-02-19 09:43:49",1048
"2019-02-19 10:43:49",1048
"2019-02-19 11:43:47",1048
"2019-02-19 12:43:47",1048
"2019-02-19 14:08:23",1048
"2019-02-19 14:43:53",1048
"2019-02-19 15:43:54",1050
"2019-02-19 16:43:53",1051
"2019-02-19 17:43:54",1053
"2019-02-19 18:43:58",1055
"2019-02-19 19:43:54",1055
"2019-02-19 20:43:57",1057
"2019-02-19 21:43:56",1055
"2019-02-19 22:43:56",1055
"2019-02-19 23:43:55",1055
"2019-02-20 00:44:02",1055
"2019-02-20 01:43:56",1055
"2019-02-20 02:43:56",1055
"2019-02-20 03:44:02",1055
"2019-02-20 04:43:58",1055
"2019-02-20 05:43:54",1055
"2019-02-20 06:43:55",1055
"2019-02-20 07:43:52",1055
"2019-02-20 08:43:55",1055
"2019-02-20 09:43:55",1055
"2019-02-20 10:43:53",1055
"2019-02-20 11:43:56",1055
"2019-02-20 12:43:54",1055
"2019-02-20 13:43:54",1055
"2019-02-20 14:43:57",1055
"2019-02-20 15:43:58",1050
"2019-02-20 16:43:55",1053
"2019-02-20 17:43:56",1052
"2019-02-20 18:43:56",1053
"2019-02-20 19:43:58",1056
"2019-02-20 20:43:57",1060
"2019-02-20 21:43:57",1063
"2019-02-20 22:43:57",1062
"2019-02-20 23:43:53",1063
"2019-02-21 00:43:56",1063
"2019-02-21 01:43:56",1063
"2019-02-21 02:43:59",1063
"2019-02-21 03:43:57",1063
"2019-02-21 04:43:54",1063
"2019-02-21 05:43:55",1063
"2019-02-21 06:43:53",1063
"2019-02-21 07:43:52",1063
"2019-02-21 08:43:51",1063
"2019-02-21 09:43:52",1063
"2019-02-21 10:43:52",1063
"2019-02-21 11:43:53",1063
"2019-02-21 12:43:51",1063
"2019-02-21 13:43:53",1063
"2019-02-21 14:43:55",1063
"2019-02-21 15:43:58",1066
"2019-02-21 17:07:55",1070
"2019-02-21 17:43:52",1070
"2019-02-21 18:43:52",1073
"2019-02-21 19:43:53",1077
"2019-02-21 20:43:57",1079
"2019-02-21 21:43:51",1079
"2019-02-21 22:43:53",1080
"2019-02-21 23:43:53",1080
"2019-02-22 00:43:53",1080
"2019-02-22 01:43:56",1080
"2019-02-22 02:43:54",1080
"2019-02-22 03:43:55",1080
"2019-02-22 04:43:54",1080
"2019-02-22 05:43:52",1080
"2019-02-22 06:43:52",1080
"2019-02-22 07:43:56",1080
"2019-02-22 08:43:56",1080
"2019-02-22 09:43:54",1080
"2019-02-22 10:43:53",1080
"2019-02-22 11:43:54",1080
"2019-02-22 12:43:53",1080
"2019-02-22 13:43:51",1080
"2019-02-22 14:43:55",1079
"2019-02-22 15:43:55",1055
"2019-02-22 16:43:53",1049
"2019-02-22 17:43:53",1043
"2019-02-22 18:43:55",1038
"2019-02-22 19:43:52",1037
"2019-02-22 20:43:52",1039
"2019-02-22 21:43:56",1041
"2019-02-22 22:43:53",1041
"2019-02-22 23:43:56",1041
"2019-02-23 00:43:51",1041
"2019-02-23 01:43:56",1041
"2019-02-23 02:43:57",1041
"2019-02-23 03:43:58",1041
"2019-02-23 04:43:55",1041
"2019-02-23 05:43:55",1041
"2019-02-23 06:43:52",1041
"2019-02-23 07:43:53",1041
"2019-02-23 08:43:53",1041
"2019-02-23 09:43:52",1041
"2019-02-23 10:43:53",1041
"2019-02-23 11:43:54",1041
"2019-02-23 12:43:52",1041
"2019-02-23 13:43:52",1041
"2019-02-23 14:43:53",1041
"2019-02-23 15:43:54",1041
"2019-02-23 16:43:52",1041
"2019-02-23 17:43:53",1041
"2019-02-23 18:43:54",1041
"2019-02-23 19:43:53",1041
"2019-02-23 20:43:53",1041
"2019-02-23 21:43:55",1041
"2019-02-23 22:43:52",1041
"2019-02-23 23:43:53",1041
"2019-02-24 00:43:54",1041
"2019-02-24 01:43:53",1041
"2019-02-24 02:43:54",1041
"2019-02-24 03:43:54",1041
"2019-02-24 04:43:54",1041
"2019-02-24 05:43:54",1041
"2019-02-24 06:43:53",1041
"2019-02-24 07:43:54",1041
"2019-02-24 08:43:53",1041
"2019-02-24 09:43:53",1041
"2019-02-24 10:43:51",1041
"2019-02-24 11:43:52",1041
"2019-02-24 12:43:51",1041
"2019-02-24 13:43:52",1041
"2019-02-24 14:43:52",1041
"2019-02-24 15:43:54",1041
"2019-02-24 16:43:53",1041
"2019-02-24 17:43:55",1041
"2019-02-24 18:43:55",1041
"2019-02-24 19:43:55",1041
"2019-02-24 20:43:52",1041
"2019-02-24 21:43:52",1041
"2019-02-24 22:43:54",1041
"2019-02-24 23:43:53",1041
"2019-02-25 00:43:54",1041
"2019-02-25 01:43:53",1041
"2019-02-25 02:43:53",1041
"2019-02-25 03:43:55",1041
"2019-02-25 04:43:53",1041
"2019-02-25 05:43:51",1041
"2019-02-25 06:43:50",1039
"2019-02-25 07:43:52",1039
"2019-02-25 08:43:51",1039
"2019-02-25 09:43:52",1039
"2019-02-25 10:43:51",1039
"2019-02-25 11:43:53",1039
"2019-02-25 12:43:51",1039
"2019-02-25 14:08:57",1039
"2019-02-25 14:43:54",1039
"2019-02-25 15:43:55",1045
"2019-02-25 16:43:54",1046
"2019-02-25 17:43:55",1043
"2019-02-25 18:43:56",1043
"2019-02-25 19:43:52",1046
"2019-02-25 20:43:54",1049
"2019-02-25 21:43:54",1046
"2019-02-25 22:43:53",1046
"2019-02-25 23:43:55",1046
"2019-02-26 00:43:55",1046
"2019-02-26 01:43:54",1046
"2019-02-26 02:43:57",1046
"2019-02-26 03:43:57",1046
"2019-02-26 04:43:57",1046
"2019-02-26 05:43:53",1046
"2019-02-26 06:43:57",1046
"2019-02-26 07:43:56",1046
"2019-02-26 08:43:54",1046
"2019-02-26 09:43:54",1046
"2019-02-26 10:43:51",1046
"2019-02-26 11:43:54",1046
"2019-02-26 12:43:52",1046
"2019-02-26 13:43:53",1046
"2019-02-26 14:43:55",1045
"2019-02-26 15:43:58",1045
"2019-02-26 16:43:54",1047
"2019-02-26 17:43:55",1048
"2019-02-26 18:43:52",1048
"2019-02-26 19:43:59",1050
"2019-02-26 20:43:56",1051
"2019-02-26 21:43:54",1051
"2019-02-26 22:43:57",1051
"2019-02-26 23:43:56",1051
"2019-02-27 00:43:58",1051
"2019-02-27 01:43:59",1051
"2019-02-27 03:44:18",1051
"2019-02-27 04:43:58",1051
"2019-02-27 05:43:55",1051
"2019-02-27 06:43:57",1051
"2019-02-27 07:43:55",1051
"2019-02-27 08:43:54",1051
"2019-02-27 09:43:51",1051
"2019-02-27 10:43:52",1051
"2019-02-27 11:43:57",1051
"2019-02-27 12:43:59",1051
"2019-02-27 13:43:54",1051
"2019-02-27 14:43:56",1052
"2019-02-27 15:44:00",1043
"2019-02-27 16:43:53",1050
"2019-02-27 17:43:53",1050
"2019-02-27 18:43:58",1052
"2019-02-27 19:43:57",1053
"2019-02-27 20:43:54",1053
"2019-02-27 21:43:55",1054
"2019-02-27 22:43:57",1055
"2019-02-27 23:43:53",1056
"2019-02-28 00:44:42",1056
"2019-02-28 01:43:53",1056
"2019-02-28 02:43:55",1056
"2019-02-28 04:43:54",1056
"2019-02-28 05:43:54",1056
"2019-02-28 06:43:51",1056
"2019-02-28 07:43:53",1056
"2019-02-28 08:43:54",1056
"2019-02-28 09:43:52",1056
"2019-02-28 10:43:54",1056
"2019-02-28 11:43:54",1056
"2019-02-28 12:43:54",1056
"2019-02-28 13:43:55",1056
"2019-02-28 15:08:00",1052
"2019-02-28 15:43:50",1052
"2019-02-28 16:43:56",1048
"2019-02-28 17:43:55",1047
"2019-02-28 18:43:58",1049
"2019-02-28 19:43:57",1048
"2019-02-28 20:43:53",1049
"2019-02-28 21:43:53",1050
"2019-02-28 22:43:55",1050
"2019-02-28 23:43:53",1050
"2019-03-01 00:43:54",1050
"2019-03-01 01:43:55",1050
"2019-03-01 02:43:57",1050
"2019-03-01 03:43:58",1050
"2019-03-01 04:43:56",1050
"2019-03-01 05:43:56",1050
"2019-03-01 06:43:55",1050
"2019-03-01 07:43:56",1050
"2019-03-01 08:43:54",1050
"2019-03-01 09:43:51",1050
"2019-03-01 10:43:54",1050
"2019-03-01 11:43:53",1050
"2019-03-01 12:43:52",1050
"2019-03-01 13:44:00",1050
"2019-03-01 14:43:58",1050
"2019-03-01 15:43:56",1046
"2019-03-01 16:43:55",1043
"2019-03-01 17:43:54",1043
"2019-03-01 18:43:57",1042
"2019-03-01 19:43:57",1042
"2019-03-01 20:43:59",1042
"2019-03-01 21:43:59",1042
"2019-03-01 22:43:58",1042
"2019-03-01 23:43:58",1042
"2019-03-02 07:43:55",1042
"2019-03-02 08:43:55",1042
"2019-03-02 09:43:52",1042
"2019-03-02 10:43:53",1042
"2019-03-02 11:43:56",1042
"2019-03-02 15:43:59",1042
"2019-03-02 16:43:55",1042
"2019-03-02 17:43:55",1042
"2019-03-04 02:43:57",1042
"2019-03-04 07:43:57",1043
"2019-03-04 10:43:54",1043
"2019-03-04 11:43:53",1043
"2019-03-04 12:43:50",1043
"2019-03-04 13:43:49",1043
"2019-03-04 14:43:56",1043
"2019-03-04 15:43:52",1046
"2019-03-04 16:43:55",1046
"2019-03-04 17:43:56",1043
"2019-03-04 18:43:53",1042
"2019-03-04 19:43:57",1041
"2019-03-04 20:43:55",1041
"2019-03-04 21:43:54",1043
"2019-03-04 22:43:56",1043
"2019-03-04 23:43:54",1043
"2019-03-05 00:43:57",1043
"2019-03-05 01:43:55",1043
"2019-03-05 02:43:58",1043
"2019-03-05 03:43:58",1043
"2019-03-05 04:43:55",1043
"2019-03-05 05:43:55",1043
"2019-03-05 06:43:53",1043
"2019-03-05 07:43:53",1043
"2019-03-05 08:43:53",1043
"2019-03-05 09:43:55",1043
"2019-03-05 10:43:52",1043
"2019-03-05 11:43:50",1043
"2019-03-05 12:43:53",1043
"2019-03-05 14:09:03",1043
"2019-03-05 14:43:54",1043
"2019-03-05 15:43:58",1043
"2019-03-05 16:43:57",1044
"2019-03-05 17:43:57",1045
"2019-03-05 18:43:56",1042
"2019-03-05 19:43:56",1042
"2019-03-05 20:43:57",1043
"2019-03-05 21:43:55",1043
"2019-03-05 22:43:59",1043
"2019-03-05 23:43:58",1043
"2019-03-06 00:43:58",1043
"2019-03-06 01:43:57",1043
"2019-03-06 02:43:56",1043
"2019-03-06 03:43:58",1043
"2019-03-06 04:43:59",1043
"2019-03-06 05:43:58",1043
"2019-03-06 06:44:00",1043
"2019-03-06 07:43:55",1043
"2019-03-06 08:43:53",1043
"2019-03-06 09:43:54",1043
"2019-03-06 10:43:56",1043
"2019-03-06 11:44:49",1043
"2019-03-06 12:44:12",1043
"2019-03-06 14:08:48",1043
"2019-03-06 14:44:29",1043
"2019-03-06 15:44:22",1040
"2019-03-06 16:43:53",1037
"2019-03-06 17:44:01",1041
"2019-03-06 18:43:59",1043
"2019-03-06 19:43:57",1044
"2019-03-06 20:43:57",1043
"2019-03-06 21:43:57",1041
"2019-03-06 22:43:56",1041
"2019-03-06 23:43:57",1042
"2019-03-07 00:43:56",1042
"2019-03-07 01:43:58",1042
"2019-03-07 02:43:59",1042
"2019-03-07 04:44:03",1042
"2019-03-07 05:43:58",1042
"2019-03-07 06:43:56",1042
"2019-03-07 07:43:56",1042
"2019-03-07 08:43:57",1042
"2019-03-07 09:43:56",1042
"2019-03-07 10:43:55",1042
"2019-03-07 11:43:56",1042
"2019-03-07 12:43:55",1042
"2019-03-07 13:43:57",1042
"2019-03-07 14:44:00",1043
"2019-03-07 15:43:54",1040
"2019-03-07 16:43:57",1039
"2019-03-07 17:44:00",1038
"2019-03-07 18:43:58",1037
"2019-03-07 20:08:30",1039
"2019-03-07 20:43:56",1039
"2019-03-07 21:43:58",1039
"2019-03-07 22:44:02",1040
"2019-03-07 23:43:54",1040
"2019-03-08 00:43:56",1040
"2019-03-08 01:43:57",1040
"2019-03-08 02:43:56",1040
"2019-03-08 04:43:55",1040
"2019-03-08 05:43:55",1040
"2019-03-08 06:43:55",1040
"2019-03-08 07:43:56",1040
"2019-03-08 08:43:55",1040
"2019-03-08 09:43:55",1040
"2019-03-08 10:43:54",1040
"2019-03-08 11:43:55",1040
"2019-03-08 12:43:55",1040
"2019-03-08 14:09:00",1041
"2019-03-08 14:43:54",1041
"2019-03-08 15:43:59",1042
"2019-03-08 16:43:54",1041
"2019-03-08 17:43:54",1040
"2019-03-08 18:43:57",1041
"2019-03-08 19:43:58",1041
"2019-03-08 20:43:52",1040
"2019-03-08 21:44:01",1040
"2019-03-08 22:43:53",1040
"2019-03-08 23:43:59",1040
"2019-03-09 00:44:02",1040
"2019-03-09 01:43:58",1040
"2019-03-09 02:43:56",1040
"2019-03-09 03:43:58",1040
"2019-03-09 04:43:57",1040
"2019-03-09 05:43:56",1040
"2019-03-09 06:43:54",1040
"2019-03-09 07:43:54",1040
"2019-03-09 08:43:52",1040
"2019-03-09 09:43:51",1040
"2019-03-09 10:43:54",1040
"2019-03-09 11:43:53",1040
"2019-03-09 12:43:53",1040
"2019-03-09 13:43:52",1040
"2019-03-09 14:43:55",1040
"2019-03-09 15:43:57",1040
"2019-03-09 16:43:55",1040
"2019-03-09 17:43:55",1040
"2019-03-09 18:43:55",1040
"2019-03-09 19:43:54",1040
"2019-03-09 20:43:54",1040
"2019-03-09 21:43:53",1040
"2019-03-09 22:43:55",1040
"2019-03-09 23:43:54",1040
"2019-03-10 00:43:54",1040
"2019-03-10 01:43:55",1040
"2019-03-10 02:43:57",1040
"2019-03-10 03:43:55",1040
"2019-03-10 04:43:54",1040
"2019-03-10 05:43:54",1040
"2019-03-10 06:43:55",1040
"2019-03-10 07:43:52",1040
"2019-03-10 08:43:51",1040
"2019-03-10 09:43:53",1040
"2019-03-10 10:43:52",1040
"2019-03-10 11:43:53",1040
"2019-03-10 12:43:54",1040
"2019-03-10 13:43:52",1040
"2019-03-10 14:43:52",1040
"2019-03-10 15:43:57",1040
"2019-03-10 16:43:54",1040
"2019-03-10 17:43:58",1040
"2019-03-10 18:44:00",1040
"2019-03-10 19:43:55",1040
"2019-03-10 20:43:54",1040
"2019-03-10 21:43:53",1040
"2019-03-10 22:43:53",1040
"2019-03-10 23:43:55",1040
"2019-03-11 00:43:55",1040
"2019-03-11 01:43:57",1040
"2019-03-11 02:43:54",1040
"2019-03-11 03:43:53",1040
"2019-03-11 04:43:55",1040
"2019-03-11 05:43:55",1040
"2019-03-11 06:43:53",1040
"2019-03-11 07:43:53",1040
"2019-03-11 08:43:51",1040
"2019-03-11 09:43:54",1040
"2019-03-11 10:43:55",1040
"2019-03-11 11:43:52",1040
"2019-03-11 12:43:57",1040
"2019-03-11 13:43:56",1039
"2019-03-11 14:43:56",1077
"2019-03-11 15:43:54",1154
"2019-03-11 16:43:54",1192
"2019-03-11 17:43:54",1209
"2019-03-11 18:43:55",1257
"2019-03-11 19:43:54",1269
"2019-03-11 20:43:54",1268
"2019-03-11 21:43:57",1266
"2019-03-11 22:43:54",1268
"2019-03-11 23:43:56",1268
"2019-03-12 00:43:59",1268
"2019-03-12 01:43:54",1268
"2019-03-12 02:43:55",1268
"2019-03-12 03:43:57",1268
"2019-03-12 04:43:55",1268
"2019-03-12 05:43:55",1268
"2019-03-12 06:43:56",1268
"2019-03-12 07:43:52",1268
"2019-03-12 08:43:53",1268
"2019-03-12 09:43:53",1268
"2019-03-12 10:43:57",1268
"2019-03-12 11:43:54",1268
"2019-03-12 12:43:55",1268
"2019-03-12 13:43:55",1268
"2019-03-12 14:43:53",1265
"2019-03-12 15:43:54",1247
"2019-03-12 16:43:55",1236
"2019-03-12 17:43:53",1230
"2019-03-12 18:43:55",1225
"2019-03-12 19:43:53",1222
"2019-03-12 20:43:55",1221
"2019-03-12 21:43:54",1222
"2019-03-12 22:43:56",1221
"2019-03-12 23:43:57",1221
"2019-03-13 00:43:56",1221
"2019-03-13 01:43:56",1221
"2019-03-13 02:43:55",1221
"2019-03-13 03:43:56",1221
"2019-03-13 04:43:56",1221
"2019-03-13 05:43:55",1221
"2019-03-13 06:43:54",1221
"2019-03-13 07:43:57",1221
"2019-03-13 08:43:53",1221
"2019-03-13 09:43:54",1221
"2019-03-13 10:43:52",1221
"2019-03-13 11:43:52",1221
"2019-03-13 13:07:56",1221
"2019-03-13 13:43:54",1221
"2019-03-13 14:43:54",1205
"2019-03-13 15:43:54",1198
"2019-03-13 16:43:55",1197
"2019-03-13 17:43:57",1196
"2019-03-13 18:43:52",1194
"2019-03-13 19:43:55",1192
"2019-03-13 20:43:54",1189
"2019-03-13 21:43:55",1190
"2019-03-13 22:43:53",1190
"2019-03-13 23:43:55",1190
"2019-03-14 00:43:53",1190
"2019-03-14 01:43:56",1190
"2019-03-14 02:43:56",1190
"2019-03-14 03:43:53",1190
"2019-03-14 04:43:55",1190
"2019-03-14 05:43:53",1190
"2019-03-14 06:43:54",1190
"2019-03-14 07:43:54",1190
"2019-03-14 08:43:52",1190
"2019-03-14 09:43:51",1190
"2019-03-14 10:43:56",1190
"2019-03-14 11:43:54",1190
"2019-03-14 13:08:28",1190
"2019-03-14 13:43:53",1190
"2019-03-14 14:43:55",1179
"2019-03-14 15:43:55",1179
"2019-03-14 16:43:54",1174
"2019-03-14 17:43:56",1171
"2019-03-14 18:43:53",1169
"2019-03-14 19:43:59",1172
"2019-03-14 20:43:54",1173
"2019-03-14 21:43:55",1173
"2019-03-14 22:43:59",1173
"2019-03-14 23:43:58",1173
"2019-03-15 00:43:56",1173
"2019-03-15 01:43:55",1173
"2019-03-15 02:43:57",1173
"2019-03-15 03:43:56",1173
"2019-03-15 04:43:55",1173
"2019-03-15 05:43:53",1173
"2019-03-15 06:43:51",1173
"2019-03-15 07:43:54",1173
"2019-03-15 08:43:56",1173
"2019-03-15 09:43:56",1173
"2019-03-15 10:43:58",1173
"2019-03-15 11:43:56",1173
"2019-03-15 12:43:55",1173
"2019-03-15 13:43:57",1173
"2019-03-15 14:43:56",1171
"2019-03-15 15:44:00",1171
"2019-03-15 16:43:58",1171
"2019-03-15 17:43:59",1170
"2019-03-15 18:43:56",1167
"2019-03-15 19:43:56",1168
"2019-03-15 20:43:57",1168
"2019-03-15 21:43:54",1169
"2019-03-15 22:43:54",1169
"2019-03-15 23:43:59",1169
"2019-03-16 00:43:56",1169
"2019-03-16 01:43:54",1169
"2019-03-16 02:43:57",1169
"2019-03-16 03:43:58",1169
"2019-03-16 04:43:58",1169
"2019-03-16 05:43:58",1169
"2019-03-16 06:43:56",1169
"2019-03-16 07:43:56",1169
"2019-03-16 08:43:59",1169
"2019-03-16 09:43:55",1169
"2019-03-16 10:43:55",1169
"2019-03-16 11:43:56",1169
"2019-03-16 12:43:55",1169
"2019-03-16 13:43:56",1169
"2019-03-16 14:43:55",1169
"2019-03-16 15:43:56",1169
"2019-03-16 16:43:55",1169
"2019-03-16 17:43:55",1169
"2019-03-16 18:43:54",1169
"2019-03-16 19:43:54",1169
"2019-03-16 20:43:57",1169
"2019-03-16 21:43:58",1169
"2019-03-16 22:43:57",1169
"2019-03-16 23:43:55",1169
"2019-03-17 00:43:58",1169
"2019-03-17 01:43:56",1169
"2019-03-17 02:44:00",1169
"2019-03-17 03:43:57",1169
"2019-03-17 04:43:57",1169
"2019-03-17 05:43:58",1169
"2019-03-17 06:43:56",1169
"2019-03-17 07:43:55",1169
"2019-03-17 08:43:53",1169
"2019-03-17 09:43:57",1169
"2019-03-17 10:43:53",1169
"2019-03-17 11:43:54",1169
"2019-03-17 12:43:54",1169
"2019-03-17 13:43:54",1169
"2019-03-17 14:43:54",1169
"2019-03-17 15:43:53",1169
"2019-03-17 16:43:52",1169
"2019-03-17 17:43:53",1169
"2019-03-17 18:43:54",1169
"2019-03-17 19:43:54",1169
"2019-03-17 20:43:53",1169
"2019-03-17 21:43:52",1169
"2019-03-17 22:43:53",1169
"2019-03-17 23:43:54",1169
"2019-03-18 00:43:55",1169
"2019-03-18 01:43:53",1169
"2019-03-18 02:43:55",1169
"2019-03-18 03:43:55",1169
"2019-03-18 04:43:55",1169
"2019-03-18 05:43:53",1169
"2019-03-18 06:43:54",1169
"2019-03-18 07:43:55",1169
"2019-03-18 08:43:53",1169
"2019-03-18 09:43:55",1169
"2019-03-18 10:43:54",1169
"2019-03-18 11:43:52",1169
"2019-03-18 12:43:56",1169
"2019-03-18 13:43:58",1169
"2019-03-18 14:43:57",1166
"2019-03-18 15:44:02",1163
"2019-03-18 16:43:54",1158
"2019-03-18 17:44:00",1158
"2019-03-18 18:43:59",1154
"2019-03-18 19:43:59",1154
"2019-03-18 20:43:57",1154
"2019-03-18 21:43:57",1154
"2019-03-18 22:44:00",1154
"2019-03-18 23:43:59",1154
"2019-03-19 00:44:02",1154
"2019-03-19 01:43:58",1154
"2019-03-19 02:44:00",1154
"2019-03-19 03:43:56",1154
"2019-03-19 04:43:56",1154
"2019-03-19 05:43:54",1154
"2019-03-19 06:44:01",1154
"2019-03-19 07:43:57",1154
"2019-03-19 08:43:55",1154
"2019-03-19 09:43:56",1154
"2019-03-19 10:43:57",1154
"2019-03-19 11:43:56",1154
"2019-03-19 12:43:58",1154
"2019-03-19 13:43:56",1154
"2019-03-19 14:43:57",1150
"2019-03-19 15:43:59",1148
"2019-03-19 16:43:57",1146
"2019-03-19 17:44:03",1147
"2019-03-19 18:43:59",1148
"2019-03-19 19:44:01",1145
"2019-03-19 20:44:00",1146
"2019-03-19 21:44:05",1146
"2019-03-19 22:44:03",1145
"2019-03-19 23:43:59",1145
"2019-03-20 00:44:02",1145
"2019-03-20 01:44:01",1145
"2019-03-20 02:44:02",1145
"2019-03-20 03:44:03",1145
"2019-03-20 04:44:01",1145
"2019-03-20 05:43:59",1145
"2019-03-20 06:44:05",1145
"2019-03-20 07:44:04",1145
"2019-03-20 08:44:02",1145
"2019-03-20 09:43:59",1145
"2019-03-20 10:44:01",1145
"2019-03-20 11:44:00",1145
"2019-03-20 13:08:08",1146
"2019-03-20 13:44:00",1146
"2019-03-20 14:44:01",1144
"2019-03-20 15:44:04",1144
"2019-03-20 16:43:58",1143
"2019-03-20 17:44:00",1146
"2019-03-20 18:43:58",1147
"2019-03-20 19:43:57",1147
"2019-03-20 20:43:56",1147
"2019-03-20 21:43:55",1147
"2019-03-20 22:43:56",1147
"2019-03-20 23:43:55",1147
"2019-03-21 00:43:55",1147
"2019-03-21 01:43:54",1147
"2019-03-21 02:43:58",1147
"2019-03-21 03:43:59",1147
"2019-03-21 04:43:56",1147
"2019-03-21 05:43:59",1147
"2019-03-21 06:43:54",1147
"2019-03-21 07:43:54",1147
"2019-03-21 08:43:52",1147
"2019-03-21 09:43:54",1147
"2019-03-21 10:43:56",1147
"2019-03-21 11:43:55",1147
"2019-03-21 13:08:57",1148
"2019-03-21 13:43:54",1148
"2019-03-21 14:43:55",1144
"2019-03-21 15:43:56",1144
"2019-03-21 16:43:54",1142
"2019-03-21 17:43:55",1139
"2019-03-21 18:43:57",1138
"2019-03-21 19:43:55",1137
"2019-03-21 20:43:50",1137
"2019-03-21 21:43:52",1136
"2019-03-21 22:43:52",1136
"2019-03-21 23:43:53",1136
"2019-03-22 00:43:53",1136
"2019-03-22 01:43:53",1136
"2019-03-22 02:44:00",1136
"2019-03-22 03:43:54",1136
"2019-03-22 04:43:52",1136
"2019-03-22 05:43:53",1136
"2019-03-22 06:43:50",1136
"2019-03-22 07:43:51",1136
"2019-03-22 08:44:03",1136
"2019-03-22 09:43:54",1136
"2019-03-22 10:43:52",1136
"2019-03-22 11:43:51",1136
"2019-03-22 12:44:00",1136
"2019-03-22 13:43:52",1136
"2019-03-22 14:43:51",1135
"2019-03-22 15:43:53",1137
"2019-03-22 16:43:54",1134
"2019-03-22 17:43:56",1133
"2019-03-22 18:43:54",1132
"2019-03-22 19:43:52",1134
"2019-03-22 20:43:53",1137
"2019-03-22 21:43:52",1137
"2019-03-22 22:43:52",1137
"2019-03-22 23:43:51",1137
"2019-03-23 00:43:54",1137
"2019-03-23 01:44:00",1137
"2019-03-23 02:43:53",1137
"2019-03-23 03:43:52",1137
"2019-03-23 04:43:51",1137
"2019-03-23 05:43:52",1137
"2019-03-23 06:43:51",1137
"2019-03-23 07:43:57",1137
"2019-03-23 08:43:51",1137
"2019-03-23 09:43:52",1137
"2019-03-23 10:43:51",1137
"2019-03-23 11:43:52",1137
"2019-03-23 12:43:52",1137
"2019-03-23 13:43:56",1137
"2019-03-23 14:43:52",1137
"2019-03-23 15:43:53",1137
"2019-03-23 16:43:51",1137
"2019-03-23 17:43:51",1137
"2019-03-23 18:43:53",1137
"2019-03-23 19:43:57",1137
"2019-03-23 20:43:53",1137
"2019-03-23 21:43:53",1137
"2019-03-23 22:43:52",1137
"2019-03-23 23:43:52",1137
"2019-03-24 00:43:52",1137
"2019-03-24 01:43:53",1137
"2019-03-24 02:43:53",1137
"2019-03-24 03:43:55",1137
"2019-03-24 04:44:00",1137
"2019-03-24 05:43:54",1137
"2019-03-24 06:43:54",1137
"2019-03-24 07:43:54",1137
"2019-03-24 08:43:52",1137
"2019-03-24 09:43:59",1137
"2019-03-24 10:43:56",1137
"2019-03-24 11:43:50",1137
"2019-03-24 12:43:51",1137
"2019-03-24 13:43:56",1137
"2019-03-24 14:43:52",1137
"2019-03-24 15:43:53",1137
"2019-03-24 16:43:52",1137
"2019-03-24 17:43:52",1137
"2019-03-24 18:43:53",1137
"2019-03-24 19:43:53",1137
"2019-03-24 20:43:54",1137
"2019-03-24 21:44:00",1137
"2019-03-24 22:43:54",1137
"2019-03-24 23:43:54",1137
"2019-03-25 00:43:53",1137
"2019-03-25 01:43:53",1137
"2019-03-25 02:43:55",1137
"2019-03-25 03:44:03",1137
"2019-03-25 04:43:54",1137
"2019-03-25 05:43:55",1137
"2019-03-25 06:43:53",1137
"2019-03-25 07:43:53",1137
"2019-03-25 08:43:55",1137
"2019-03-25 09:43:53",1137
"2019-03-25 10:43:54",1137
"2019-03-25 11:44:03",1137
"2019-03-25 13:07:59",1137
"2019-03-25 13:44:00",1137
"2019-03-25 14:43:54",1136
"2019-03-25 15:43:55",1134
"2019-03-25 16:43:54",1134
"2019-03-25 17:43:55",1135
"2019-03-25 18:43:56",1133
"2019-03-25 19:43:59",1131
"2019-03-25 20:43:54",1129
"2019-03-25 21:43:53",1128
"2019-03-25 22:44:04",1128
"2019-03-25 23:44:03",1128
"2019-03-26 00:43:57",1128
"2019-03-26 01:43:56",1128
"2019-03-26 02:43:56",1128
"2019-03-26 03:43:56",1128
"2019-03-26 04:43:54",1128
"2019-03-26 05:43:55",1128
"2019-03-26 06:43:53",1128
"2019-03-26 07:43:53",1128
"2019-03-26 08:43:52",1128
"2019-03-26 09:43:53",1128
"2019-03-26 10:43:57",1128
"2019-03-26 11:43:53",1128
"2019-03-26 12:43:56",1128
"2019-03-26 13:44:03",1128
"2019-03-26 14:43:52",1127
"2019-03-26 15:44:03",1128
"2019-03-26 16:43:59",1128
"2019-03-26 17:43:55",1128
"2019-03-26 18:43:59",1128
"2019-03-26 19:44:03",1125
"2019-03-26 20:43:56",1123
"2019-03-26 21:43:55",1123
"2019-03-26 22:43:55",1123
"2019-03-26 23:43:54",1123
"2019-03-27 00:43:59",1123
"2019-03-27 01:43:54",1123
"2019-03-27 02:43:53",1123
"2019-03-27 03:44:00",1123
"2019-03-27 04:43:57",1123
"2019-03-27 05:43:56",1123
"2019-03-27 06:44:02",1123
"2019-03-27 07:43:53",1123
"2019-03-27 08:43:53",1123
"2019-03-27 09:43:54",1123
"2019-03-27 10:43:59",1123
"2019-03-27 11:43:53",1123
"2019-03-27 13:08:37",1123
"2019-03-27 13:43:56",1123
"2019-03-27 14:44:02",1121
"2019-03-27 15:43:54",1118
"2019-03-27 16:43:56",1116
"2019-03-27 17:44:06",1115
"2019-03-27 18:43:54",1112
"2019-03-27 19:43:52",1112
"2019-03-27 20:43:59",1115
"2019-03-27 21:43:54",1115
"2019-03-27 22:44:06",1115
"2019-03-27 23:43:59",1115
"2019-03-28 00:43:57",1115
"2019-03-28 01:43:55",1115
"2019-03-28 02:44:06",1115
"2019-03-28 03:43:56",1115
"2019-03-28 04:44:00",1115
"2019-03-28 05:43:55",1115
"2019-03-28 06:43:52",1115
"2019-03-28 07:43:54",1115
"2019-03-28 08:43:52",1115
"2019-03-28 09:43:53",1115
"2019-03-28 10:43:53",1115
"2019-03-28 11:43:52",1115
"2019-03-28 13:08:26",1115
"2019-03-28 13:43:59",1115
"2019-03-28 14:43:54",1114
"2019-03-28 15:43:56",1107
"2019-03-28 16:43:58",1108
"2019-03-28 17:43:55",1108
"2019-03-28 18:43:55",1107
"2019-03-28 19:43:54",1106
"2019-03-28 20:43:58",1106
"2019-03-28 21:43:56",1106
"2019-03-28 22:43:54",1106
"2019-03-28 23:43:55",1106
"2019-03-29 00:43:54",1106
"2019-03-29 01:44:11",1106
"2019-03-29 02:44:00",1106
"2019-03-29 03:44:03",1106
"2019-03-29 04:43:59",1106
"2019-03-29 05:43:53",1106
"2019-03-29 06:43:52",1106
"2019-03-29 07:43:53",1106
"2019-03-29 08:44:00",1106
"2019-03-29 09:43:54",1106
"2019-03-29 10:43:55",1106
"2019-03-29 11:43:58",1106
"2019-03-29 13:08:57",1106
"2019-03-29 13:43:55",1106
"2019-03-29 14:43:57",1108
"2019-03-29 15:43:57",1108
"2019-03-29 16:43:51",1109
"2019-03-29 17:43:59",1110
"2019-03-29 18:44:12",1108
"2019-03-29 19:43:59",1108
"2019-03-29 20:43:58",1109
"2019-03-29 21:43:57",1109
"2019-03-29 22:44:03",1109
"2019-03-29 23:44:10",1109
"2019-03-30 00:44:02",1109
"2019-03-30 01:44:00",1109
"2019-03-30 02:44:03",1109
"2019-03-30 03:44:02",1109
"2019-03-30 04:44:03",1109
"2019-03-30 05:43:57",1109
"2019-03-30 06:43:57",1109
"2019-03-30 07:43:58",1109
"2019-03-30 08:44:19",1109
"2019-03-30 09:43:59",1109
"2019-03-30 10:44:00",1109
"2019-03-30 11:43:58",1109
"2019-03-30 12:44:05",1109
"2019-03-30 13:43:53",1109
"2019-03-30 14:43:53",1109
"2019-03-30 15:43:53",1109
"2019-03-30 16:43:52",1109
"2019-03-30 17:44:00",1109
"2019-03-30 18:43:52",1109
"2019-03-30 19:43:53",1109
"2019-03-30 20:43:52",1109
"2019-03-30 21:43:53",1109
"2019-03-30 22:44:00",1109
"2019-03-30 23:43:53",1109
"2019-03-31 00:43:54",1109
"2019-03-31 01:43:56",1109
"2019-03-31 02:44:02",1109
"2019-03-31 03:43:55",1109
"2019-03-31 04:43:53",1109
"2019-03-31 05:43:52",1109
"2019-03-31 06:44:01",1109
"2019-03-31 07:43:54",1109
"2019-03-31 08:43:52",1109
"2019-03-31 09:43:52",1109
"2019-03-31 10:43:57",1109
"2019-03-31 11:43:53",1109
"2019-03-31 12:43:53",1109
"2019-03-31 13:43:57",1109
"2019-03-31 14:43:52",1109
"2019-03-31 15:43:53",1109
"2019-03-31 16:43:55",1109
"2019-03-31 17:44:04",1109
"2019-03-31 18:43:53",1109
"2019-03-31 19:43:54",1109
"2019-03-31 20:43:53",1109
"2019-03-31 21:43:54",1109
"2019-03-31 22:43:53",1109
"2019-03-31 23:43:57",1109
"2019-04-01 00:44:00",1109
"2019-04-01 01:43:57",1109
"2019-04-01 02:44:00",1109
"2019-04-01 03:44:10",1109
"2019-04-01 04:43:56",1109
"2019-04-01 05:43:55",1109
"2019-04-01 06:43:55",1109
"2019-04-01 07:44:01",1109
"2019-04-01 08:43:55",1109
"2019-04-01 09:43:56",1109
"2019-04-01 10:44:02",1109
"2019-04-01 11:44:00",1109
"2019-04-01 13:44:04",1107
"2019-04-01 14:44:01",1102
"2019-04-01 15:44:13",1104
"2019-04-01 16:44:07",1103
"2019-04-01 17:43:59",1104
"2019-04-01 18:43:56",1103
"2019-04-01 19:44:10",1104
"2019-04-01 20:43:57",1101
"2019-04-01 21:43:54",1101
"2019-04-01 22:43:59",1101
"2019-04-01 23:43:58",1101
"2019-04-02 00:44:04",1101
"2019-04-02 01:43:55",1101
"2019-04-02 02:43:58",1101
"2019-04-02 03:44:06",1101
"2019-04-02 04:43:58",1101
"2019-04-02 05:43:55",1101
"2019-04-02 06:43:55",1101
"2019-04-02 07:44:00",1101
"2019-04-02 08:43:56",1101
"2019-04-02 09:44:01",1101
"2019-04-02 10:43:55",1101
"2019-04-02 11:43:54",1101
"2019-04-02 13:08:35",1100
"2019-04-02 13:43:57",1100
"2019-04-02 14:43:53",1096
"2019-04-02 15:44:06",1098
"2019-04-02 16:43:55",1096
"2019-04-02 17:44:04",1093
"2019-04-02 18:43:58",1096
"2019-04-02 19:43:59",1093
"2019-04-02 20:44:05",1093
"2019-04-02 21:43:58",1093
"2019-04-02 22:43:57",1093
"2019-04-02 23:43:58",1093
"2019-04-03 00:44:12",1093
"2019-04-03 01:43:59",1093
"2019-04-03 02:43:56",1093
"2019-04-03 03:44:00",1093
"2019-04-03 04:44:00",1093
"2019-04-03 05:44:01",1093
"2019-04-03 06:44:02",1093
"2019-04-03 07:43:57",1093
"2019-04-03 08:43:56",1093
"2019-04-03 09:44:13",1093
"2019-04-03 10:44:02",1093
"2019-04-03 11:43:59",1093
"2019-04-03 13:08:38",1094
"2019-04-03 13:43:58",1094
"2019-04-03 14:44:06",1089
"2019-04-03 15:44:07",1090
"2019-04-03 16:43:57",1089
"2019-04-03 17:43:55",1089
"2019-04-03 18:43:56",1091
"2019-04-03 19:43:58",1092
"2019-04-03 20:44:00",1091
"2019-04-03 21:43:56",1091
"2019-04-03 22:43:55",1091
"2019-04-03 23:44:03",1091
"2019-04-04 00:43:54",1091
"2019-04-04 01:43:57",1091
"2019-04-04 02:43:57",1091
"2019-04-04 03:44:02",1091
"2019-04-04 04:43:54",1091
"2019-04-04 05:43:53",1091
"2019-04-04 06:43:53",1091
"2019-04-04 07:43:56",1091
"2019-04-04 08:44:01",1091
"2019-04-04 09:43:54",1091
"2019-04-04 10:43:55",1091
"2019-04-04 11:44:01",1091
"2019-04-04 12:43:56",1091
"2019-04-04 13:43:55",1091
"2019-04-04 14:44:05",1089
"2019-04-04 15:43:57",1088
"2019-04-04 16:44:06",1091
"2019-04-04 17:43:54",1092
"2019-04-04 18:44:02",1094
"2019-04-04 19:43:56",1094
"2019-04-04 20:43:55",1093
"2019-04-04 21:44:00",1093
"2019-04-04 22:44:08",1093
"2019-04-04 23:43:56",1093
"2019-04-05 00:43:57",1093
"2019-04-05 01:43:55",1093
"2019-04-05 02:43:55",1093
"2019-04-05 03:44:10",1093
"2019-04-05 04:43:57",1093
"2019-04-05 05:43:55",1093
"2019-04-05 06:43:54",1093
"2019-04-05 07:43:55",1093
"2019-04-05 08:44:07",1093
"2019-04-05 09:43:56",1093
"2019-04-05 10:44:04",1093
"2019-04-05 11:43:55",1093
"2019-04-05 13:08:04",1093
"2019-04-05 13:44:00",1093
"2019-04-05 14:44:00",1088
"2019-04-05 15:44:04",1088
"2019-04-05 16:43:55",1088
"2019-04-05 17:43:56",1088
"2019-04-05 18:43:59",1088
"2019-04-05 19:43:56",1087
"2019-04-05 20:43:56",1084
"2019-04-05 21:44:01",1084
"2019-04-05 22:43:57",1084
"2019-04-05 23:44:01",1084
"2019-04-06 00:43:59",1084
"2019-04-06 01:44:12",1084
"2019-04-06 02:44:02",1084
"2019-04-06 03:44:01",1084
"2019-04-06 04:44:06",1084
"2019-04-06 05:43:58",1084
"2019-04-06 06:43:57",1084
"2019-04-06 07:43:59",1084
"2019-04-06 08:44:09",1084
"2019-04-06 09:43:57",1084
"2019-04-06 10:43:57",1084
"2019-04-06 11:43:59",1084
"2019-04-06 12:43:58",1084
"2019-04-06 13:43:55",1084
"2019-04-06 14:43:55",1084
"2019-04-06 15:44:03",1084
"2019-04-06 16:43:56",1084
"2019-04-06 17:43:56",1084
"2019-04-06 18:43:57",1084
"2019-04-06 19:43:56",1084
"2019-04-06 20:43:54",1084
"2019-04-06 21:44:06",1084
"2019-04-06 22:43:56",1084
"2019-04-06 23:43:55",1084
"2019-04-07 00:43:56",1084
"2019-04-07 01:43:53",1084
"2019-04-07 02:43:58",1084
"2019-04-07 03:44:04",1084
"2019-04-07 04:43:58",1084
"2019-04-07 05:43:57",1084
"2019-04-07 06:43:59",1084
"2019-04-07 07:44:07",1084
"2019-04-07 08:43:59",1084
"2019-04-07 09:44:03",1084
"2019-04-07 10:43:55",1084
"2019-04-07 11:44:03",1084
"2019-04-07 12:43:59",1084
"2019-04-07 13:44:05",1084
"2019-04-07 14:43:57",1084
"2019-04-07 15:44:00",1084
"2019-04-07 16:44:03",1084
"2019-04-07 17:43:57",1084
"2019-04-07 18:43:57",1084
"2019-04-07 19:43:57",1084
"2019-04-07 20:44:04",1084
"2019-04-07 21:43:56",1084
"2019-04-07 22:43:56",1084
"2019-04-07 23:43:54",1084
"2019-04-08 00:44:08",1084
"2019-04-08 01:43:59",1084
"2019-04-08 02:43:57",1084
"2019-04-08 03:43:57",1084
"2019-04-08 04:43:53",1084
"2019-04-08 05:44:07",1084
"2019-04-08 06:43:54",1084
"2019-04-08 07:43:54",1084
"2019-04-08 08:43:55",1084
"2019-04-08 09:43:56",1084
"2019-04-08 10:43:56",1084
"2019-04-08 11:44:09",1084
"2019-04-08 12:43:55",1084
"2019-04-08 13:44:04",1084
"2019-04-08 14:43:54",1081
"2019-04-08 15:44:01",1079
"2019-04-08 16:44:10",1078
"2019-04-08 17:43:58",1075
"2019-04-08 18:43:57",1076
"2019-04-08 19:43:57",1076
"2019-04-08 20:43:57",1074
"2019-04-08 21:44:00",1074
"2019-04-08 22:43:59",1074
"2019-04-08 23:43:57",1074
"2019-04-09 00:44:04",1074
"2019-04-09 01:43:58",1074
"2019-04-09 02:44:01",1074
"2019-04-09 03:43:59",1074
"2019-04-09 04:43:57",1074
"2019-04-09 05:44:03",1074
"2019-04-09 06:43:58",1074
"2019-04-09 07:43:57",1074
"2019-04-09 08:44:00",1074
"2019-04-09 09:44:11",1074
"2019-04-09 10:43:56",1074
"2019-04-09 11:43:59",1074
"2019-04-09 13:09:15",1074
"2019-04-09 13:43:57",1074
"2019-04-09 14:43:57",1075
"2019-04-09 15:44:12",1073
"2019-04-09 16:43:59",1072
"2019-04-09 17:43:57",1072
"2019-04-09 18:43:58",1072
"2019-04-09 19:43:58",1072
"2019-04-09 20:43:58",1070
"2019-04-09 21:43:58",1070
"2019-04-09 22:43:57",1070
"2019-04-09 23:44:06",1070
"2019-04-10 00:43:59",1070
"2019-04-10 01:43:59",1070
"2019-04-10 02:44:00",1070
"2019-04-10 03:44:04",1070
"2019-04-10 04:44:06",1070
"2019-04-10 05:43:57",1070
"2019-04-10 06:43:57",1070
"2019-04-10 07:43:56",1070
"2019-04-10 08:44:05",1070
"2019-04-10 09:43:58",1070
"2019-04-10 10:43:58",1070
"2019-04-10 11:44:01",1070
"2019-04-10 12:44:09",1070
"2019-04-10 13:44:11",1070
"2019-04-10 14:43:58",1070
"2019-04-10 15:44:01",1071
"2019-04-10 16:43:59",1070
"2019-04-10 17:44:00",1071
"2019-04-10 18:44:04",1070
"2019-04-10 19:44:01",1070
"2019-04-10 20:43:57",1068
"2019-04-10 21:43:55",1068
"2019-04-10 22:43:55",1068
"2019-04-10 23:44:07",1068
"2019-04-11 00:43:57",1068
"2019-04-11 01:43:54",1068
"2019-04-11 02:43:58",1068
"2019-04-11 03:44:01",1068
"2019-04-11 04:44:01",1068
"2019-04-11 05:44:00",1068
"2019-04-11 06:43:55",1068
"2019-04-11 18:44:05",1062
"2019-04-11 19:44:15",1062
"2019-04-11 20:43:59",1060
"2019-04-11 21:43:59",1060
"2019-04-11 22:43:58",1060
"2019-04-11 23:43:59",1060
"2019-04-12 00:43:58",1060
"2019-04-12 01:44:01",1060
"2019-04-12 02:44:07",1060
"2019-04-12 03:44:01",1060
"2019-04-12 04:44:00",1060
"2019-04-12 05:44:00",1060
"2019-04-12 06:43:57",1060
"2019-04-12 07:43:57",1060
"2019-04-12 08:43:58",1060
"2019-04-12 09:44:04",1060
"2019-04-12 10:43:57",1060
"2019-04-12 11:43:57",1060
"2019-04-12 13:07:43",1060
"2019-04-12 13:44:00",1060
"2019-04-12 14:43:56",1058
"2019-04-12 15:44:04",1058
"2019-04-12 16:44:02",1058
"2019-04-12 17:43:58",1056
"2019-04-12 18:43:58",1057
"2019-04-12 19:43:58",1057
"2019-04-12 20:43:58",1054
"2019-04-12 21:43:57",1055
"2019-04-12 22:44:09",1055
"2019-04-12 23:43:57",1055
"2019-04-13 00:44:01",1055
"2019-04-13 01:43:59",1055
"2019-04-13 02:44:00",1055
"2019-04-13 03:44:13",1055
"2019-04-13 04:44:01",1055
"2019-04-13 05:43:59",1055
"2019-04-13 06:44:00",1055
"2019-04-13 07:43:55",1055
"2019-04-13 08:43:59",1055
"2019-04-13 09:44:03",1055
"2019-04-13 10:43:56",1055
"2019-04-13 11:43:59",1055
"2019-04-13 12:43:58",1055
"2019-04-13 13:43:58",1055
"2019-04-13 14:44:03",1055
"2019-04-13 15:44:01",1055
"2019-04-13 16:44:00",1055
"2019-04-13 17:43:56",1055
"2019-04-13 18:43:59",1055
"2019-04-13 19:43:59",1055
"2019-04-13 20:43:58",1055
"2019-04-13 21:44:04",1055
"2019-04-13 22:43:58",1055
"2019-04-13 23:43:57",1055
"2019-04-14 00:44:00",1055
"2019-04-14 01:44:03",1055
"2019-04-14 02:43:58",1055
"2019-04-14 03:43:58",1055
"2019-04-14 04:44:08",1055
"2019-04-14 05:43:58",1055
"2019-04-14 06:43:59",1055
"2019-04-14 07:44:02",1055
"2019-04-14 08:43:58",1055
"2019-04-14 09:44:01",1055
"2019-04-14 10:43:55",1055
"2019-04-14 11:44:02",1055
"2019-04-14 12:43:56",1055
"2019-04-14 13:44:00",1055
"2019-04-14 14:44:07",1055
"2019-04-14 15:44:03",1055
"2019-04-14 16:44:03",1055
"2019-04-14 17:44:00",1055
"2019-04-14 18:44:30",1055
"2019-04-14 19:44:01",1055
"2019-04-14 20:44:03",1055
"2019-04-14 21:44:10",1055
"2019-04-14 22:43:59",1055
"2019-04-14 23:44:01",1055
"2019-04-15 00:43:59",1055
"2019-04-15 01:43:58",1055
"2019-04-15 02:44:00",1055
"2019-04-15 03:44:12",1055
"2019-04-15 04:44:00",1055
"2019-04-15 05:44:00",1055
"2019-04-15 06:43:56",1055
"2019-04-15 07:43:58",1055
"2019-04-15 08:44:04",1055
"2019-04-15 09:43:56",1055
"2019-04-15 10:43:57",1055
"2019-04-15 11:43:58",1055
"2019-04-15 13:09:40",1055
"2019-04-15 13:43:57",1055
"2019-04-15 14:44:00",1052
"2019-04-15 15:44:07",1055
"2019-04-15 16:43:58",1053
"2019-04-15 17:44:04",1053
"2019-04-15 18:44:04",1051
"2019-04-15 19:44:19",1050
"2019-04-15 20:43:59",1049
"2019-04-15 21:44:00",1050
"2019-04-15 22:44:01",1050
"2019-04-15 23:44:06",1050
"2019-04-16 00:44:01",1050
"2019-04-16 01:43:59",1050
"2019-04-16 02:44:01",1050
"2019-04-16 03:44:05",1050
"2019-04-16 04:44:00",1050
"2019-04-16 05:43:58",1050
"2019-04-16 06:43:58",1050
"2019-04-16 07:43:56",1050
"2019-04-16 08:44:12",1050
"2019-04-16 09:43:58",1050
"2019-04-16 10:44:06",1050
"2019-04-16 11:43:57",1050
"2019-04-16 13:08:01",1050
"2019-04-16 13:43:59",1050
"2019-04-16 14:44:04",1048
"2019-04-16 15:43:57",1051
"2019-04-16 16:43:57",1049
"2019-04-16 17:43:55",1050
"2019-04-16 18:44:05",1049
"2019-04-16 19:43:59",1050
"2019-04-16 20:43:59",1051
"2019-04-16 21:43:55",1051
"2019-04-16 22:43:56",1050
"2019-04-16 23:43:57",1050
"2019-04-17 00:43:57",1050
"2019-04-17 01:44:00",1050
"2019-04-17 02:44:06",1050
"2019-04-17 03:43:58",1050
"2019-04-17 04:43:58",1050
"2019-04-17 05:43:58",1050
"2019-04-17 06:44:14",1050
"2019-04-17 07:43:59",1050
"2019-04-17 08:43:56",1050
"2019-04-17 09:44:04",1050
"2019-04-17 10:43:56",1050
"2019-04-17 11:43:58",1050
"2019-04-17 13:09:04",1050
"2019-04-17 13:44:00",1050
"2019-04-17 14:43:58",1043
"2019-04-17 15:44:24",1041
"2019-04-17 16:43:59",1041
"2019-04-17 17:44:05",1040
"2019-04-17 18:43:58",1040
"2019-04-17 19:43:57",1039
"2019-04-17 20:43:59",1037
"2019-04-17 21:43:57",1037
"2019-04-17 22:43:59",1036
"2019-04-18 00:43:57",1036
"2019-04-18 01:44:00",1036
"2019-04-18 02:43:57",1036
"2019-04-18 03:44:09",1036
"2019-04-18 04:44:00",1036
"2019-04-18 05:44:05",1036
"2019-04-18 06:43:58",1036
"2019-04-18 07:43:57",1036
"2019-04-18 08:44:04",1036
"2019-04-18 09:43:57",1036
"2019-04-18 10:43:59",1036
"2019-04-18 11:44:02",1036
"2019-04-18 13:09:01",1036
"2019-04-18 13:44:00",1036
"2019-04-18 14:44:06",1034
"2019-04-18 15:44:00",1035
"2019-04-18 16:44:02",1035
"2019-04-18 17:44:07",1038
"2019-04-18 18:43:59",1038
"2019-04-18 19:43:58",1037
"2019-04-18 20:43:59",1037
"2019-04-18 21:44:01",1037
"2019-04-18 22:43:59",1037
"2019-04-18 23:44:05",1037
"2019-04-19 00:45:32",1037
"2019-04-19 02:43:58",1037
"2019-04-19 03:44:09",1037
"2019-04-19 04:43:58",1037
"2019-04-19 05:43:57",1037
"2019-04-19 06:44:00",1037
"2019-04-19 07:44:05",1037
"2019-04-19 08:44:02",1037
"2019-04-19 09:43:58",1037
"2019-04-19 10:44:01",1037
"2019-04-19 11:43:56",1037
"2019-04-19 12:43:58",1037
"2019-04-19 13:44:02",1037
"2019-04-19 14:44:04",1037
"2019-04-19 15:43:57",1037
"2019-04-19 16:44:00",1037
"2019-04-19 17:44:07",1037
"2019-04-19 18:43:59",1037
"2019-04-19 19:43:58",1037
"2019-04-19 20:43:58",1037
"2019-04-19 21:43:58",1037
"2019-04-19 22:43:58",1037
"2019-04-19 23:44:00",1037
"2019-04-20 00:44:06",1037
"2019-04-20 01:44:01",1037
"2019-04-20 02:44:00",1037
"2019-04-20 03:43:58",1037
"2019-04-20 04:44:06",1037
"2019-04-20 05:43:59",1037
"2019-04-20 06:43:58",1037
"2019-04-20 07:44:02",1037
"2019-04-20 08:43:59",1037
"2019-04-20 09:44:05",1037
"2019-04-20 10:43:59",1037
"2019-04-20 11:43:55",1037
"2019-04-20 12:44:10",1037
"2019-04-20 13:45:07",1037
"2019-04-20 14:43:58",1037
"2019-04-20 15:43:56",1037
"2019-04-20 16:44:03",1037
"2019-04-20 17:44:02",1037
"2019-04-20 18:43:57",1037
"2019-04-20 19:43:58",1037
"2019-04-20 20:43:58",1037
"2019-04-20 21:43:57",1037
"2019-04-20 22:43:58",1037
"2019-04-20 23:44:07",1037
"2019-04-21 00:43:57",1037
"2019-04-21 01:43:58",1037
"2019-04-21 02:44:00",1037
"2019-04-21 03:43:59",1037
"2019-04-21 04:44:02",1037
"2019-04-21 05:43:58",1037
"2019-04-21 06:43:56",1037
"2019-04-21 07:44:04",1037
"2019-04-21 08:43:56",1037
"2019-04-21 09:43:57",1037
"2019-04-21 10:43:59",1037
"2019-04-21 11:44:00",1037
"2019-04-21 12:43:58",1037
"2019-04-21 13:43:57",1037
"2019-04-21 14:44:06",1037
"2019-04-21 15:43:58",1037
"2019-04-21 16:43:59",1037
"2019-04-21 17:43:59",1037
"2019-04-21 18:43:57",1037
"2019-04-21 19:44:06",1037
"2019-04-21 20:43:56",1037
"2019-04-21 21:43:58",1037
"2019-04-21 22:43:56",1037
"2019-04-21 23:43:57",1037
"2019-04-22 00:43:57",1037
"2019-04-22 01:44:01",1037
"2019-04-22 02:44:09",1037
"2019-04-22 03:43:59",1037
"2019-04-22 04:43:55",1037
"2019-04-22 05:43:57",1037
"2019-04-22 06:44:01",1037
"2019-04-22 07:44:00",1037
"2019-04-22 08:43:57",1037
"2019-04-22 09:43:56",1037
"2019-04-22 10:44:03",1037
"2019-04-22 11:44:02",1037
"2019-04-22 13:09:33",1037
"2019-04-22 13:44:02",1037
"2019-04-22 14:44:03",1036
"2019-04-22 15:43:59",1033
"2019-04-22 16:43:58",1033
"2019-04-22 17:44:01",1034
"2019-04-22 18:44:04",1034
"2019-04-22 19:44:02",1034
"2019-04-22 20:43:58",1032
"2019-04-22 21:43:59",1032
"2019-04-22 22:43:59",1032
"2019-04-22 23:44:03",1032
"2019-04-23 00:44:02",1032
"2019-04-23 01:43:57",1032
"2019-04-23 02:43:58",1032
"2019-04-23 03:44:02",1032
"2019-04-23 04:44:04",1032
"2019-04-23 05:43:59",1032
"2019-04-23 06:44:35",1032
"2019-04-23 07:43:58",1032
"2019-04-23 08:43:55",1032
"2019-04-23 09:43:58",1032
"2019-04-23 10:44:02",1032
"2019-04-23 11:44:02",1032
"2019-04-23 13:10:04",1032
"2019-04-23 13:43:58",1032
"2019-04-23 14:43:57",1034
"2019-04-23 15:44:03",1034
"2019-04-23 16:43:59",1034
"2019-04-23 17:43:59",1034
"2019-04-23 18:43:57",1032
"2019-04-23 19:44:00",1032
"2019-04-23 20:44:09",1033
"2019-04-23 21:44:01",1033
"2019-04-23 22:43:58",1033
"2019-04-23 23:44:00",1033
"2019-04-24 00:43:57",1033
"2019-04-24 01:44:00",1033
"2019-04-24 02:44:05",1033
"2019-04-24 03:44:00",1033
"2019-04-24 04:43:59",1033
"2019-04-24 05:43:56",1033
"2019-04-24 06:44:01",1033
"2019-04-24 07:44:05",1033
"2019-04-24 08:43:58",1033
"2019-04-24 09:43:59",1033
"2019-04-24 10:44:04",1033
"2019-04-24 11:44:05",1033
"2019-04-24 12:43:58",1033
"2019-04-24 13:44:16",1033
"2019-04-24 14:44:03",1033
"2019-04-24 15:44:02",1034
"2019-04-24 16:44:01",1034
"2019-04-24 17:44:03",1034
"2019-04-24 18:44:14",1035
"2019-04-24 19:44:01",1035
"2019-04-24 20:44:02",1035
"2019-04-24 21:44:00",1035
"2019-04-24 22:43:58",1035
"2019-04-24 23:44:10",1035
"2019-04-25 00:44:01",1035
"2019-04-25 01:44:01",1035
"2019-04-25 02:44:00",1035
"2019-04-25 03:44:09",1035
"2019-04-25 04:43:59",1035
"2019-04-25 05:43:59",1035
"2019-04-25 06:44:04",1035
"2019-04-25 07:43:58",1035
"2019-04-25 08:44:04",1035
"2019-04-25 09:43:58",1035
"2019-04-25 10:44:03",1035
"2019-04-25 11:44:03",1035
"2019-04-25 13:08:35",1035
"2019-04-25 13:44:00",1035
"2019-04-25 14:44:06",1032
"2019-04-25 15:43:59",1031
"2019-04-25 16:44:05",1033
"2019-04-25 17:43:57",1033
"2019-04-25 18:43:57",1032
"2019-04-25 19:44:03",1034
"2019-04-25 20:43:57",1033
"2019-04-25 21:44:05",1033
"2019-04-25 22:43:58",1033
"2019-04-25 23:43:56",1033
"2019-04-26 00:44:00",1033
"2019-04-26 01:44:06",1033
"2019-04-26 02:43:59",1033
"2019-04-26 03:44:00",1033
"2019-04-26 04:44:01",1033
"2019-04-26 05:44:03",1033
"2019-04-26 06:44:01",1033
"2019-04-26 07:43:57",1033
"2019-04-26 08:44:05",1033
"2019-04-26 09:43:56",1033
"2019-04-26 10:44:08",1033
"2019-04-26 11:43:57",1033
"2019-04-26 12:43:58",1033
"2019-04-26 13:44:04",1033
"2019-04-26 14:43:57",1031
"2019-04-26 15:44:04",1032
"2019-04-26 16:43:56",1032
"2019-04-26 17:43:58",1032
"2019-04-26 18:43:58",1033
"2019-04-26 19:43:56",1033
"2019-04-26 20:44:03",1034
"2019-04-26 21:43:57",1034
"2019-04-26 22:43:56",1034
"2019-04-26 23:43:58",1034
"2019-04-27 00:43:58",1034
"2019-04-27 01:44:02",1034
"2019-04-27 02:43:57",1034
"2019-04-27 03:43:57",1034
"2019-04-27 04:43:55",1034
"2019-04-27 05:43:59",1034
"2019-04-27 06:44:02",1034
"2019-04-27 07:43:55",1034
"2019-04-27 08:43:55",1034
"2019-04-27 09:44:01",1034
"2019-04-27 10:43:58",1034
"2019-04-27 11:43:54",1034
"2019-04-27 12:43:56",1034
"2019-04-27 13:44:00",1034
"2019-04-27 14:43:56",1034
"2019-04-27 15:43:54",1034
"2019-04-27 16:43:57",1034
"2019-04-27 17:44:05",1034
"2019-04-27 18:43:57",1034
"2019-04-27 19:43:54",1034
"2019-04-27 20:43:58",1034
"2019-04-27 21:43:59",1034
"2019-04-27 22:43:55",1034
"2019-04-27 23:43:55",1034
"2019-04-28 00:43:55",1034
"2019-04-28 01:43:57",1034
"2019-04-28 02:43:56",1034
"2019-04-28 03:43:55",1034
"2019-04-28 04:44:04",1034
"2019-04-28 05:43:56",1034
"2019-04-28 06:43:55",1034
"2019-04-28 07:43:55",1034
"2019-04-28 08:44:00",1034
"2019-04-28 09:43:55",1034
"2019-04-28 10:44:00",1034
"2019-04-28 11:43:58",1034
"2019-04-28 12:43:55",1034
"2019-04-28 13:43:55",1034
"2019-04-28 14:44:00",1034
"2019-04-28 15:43:57",1034
"2019-04-28 16:43:54",1034
"2019-04-28 17:43:56",1034
"2019-04-28 18:43:57",1034
"2019-04-28 19:47:09",1034
"2019-04-28 20:43:55",1034
"2019-04-28 21:43:58",1034
"2019-04-28 22:43:56",1034
"2019-04-28 23:43:58",1034
"2019-04-29 00:44:02",1034
"2019-04-29 01:43:54",1034
"2019-04-29 02:43:54",1034
"2019-04-29 03:43:58",1034
"2019-04-29 04:44:01",1034
"2019-04-29 05:43:56",1034
"2019-04-29 06:43:56",1034
"2019-04-29 07:43:57",1034
"2019-04-29 08:44:01",1034
"2019-04-29 09:44:00",1034
"2019-04-29 10:43:55",1034
"2019-04-29 11:43:56",1034
"2019-04-29 12:44:02",1034
"2019-04-29 13:43:55",1034
"2019-04-29 14:44:01",1035
"2019-04-29 15:43:55",1036
"2019-04-29 16:43:59",1040
"2019-04-29 17:43:58",1041
"2019-04-29 18:43:58",1042
"2019-04-29 19:44:00",1043
"2019-04-29 20:44:07",1043
"2019-04-29 21:43:56",1043
"2019-04-29 22:43:55",1043
"2019-04-29 23:43:58",1043
"2019-04-30 00:43:56",1043
"2019-04-30 01:43:58",1043
"2019-04-30 02:44:02",1043
"2019-04-30 03:44:04",1043
"2019-04-30 04:43:59",1043
"2019-04-30 05:44:00",1043
"2019-04-30 06:43:58",1043
"2019-04-30 07:43:58",1043
"2019-04-30 08:43:59",1043
"2019-04-30 09:44:05",1043
"2019-04-30 10:44:00",1043
"2019-04-30 11:43:58",1043
"2019-04-30 13:08:02",1043
"2019-04-30 13:44:01",1043
"2019-04-30 14:44:01",1043
"2019-04-30 15:44:01",1045
"2019-04-30 16:44:02",1048
"2019-04-30 17:44:07",1046
"2019-04-30 18:43:59",1047
"2019-04-30 19:44:03",1047
"2019-04-30 20:43:59",1046
"2019-04-30 21:43:59",1046
"2019-04-30 22:43:55",1045
"2019-04-30 23:44:03",1045
"2019-05-01 00:43:55",1045
"2019-05-01 01:44:06",1045
"2019-05-01 02:44:00",1045
"2019-05-01 03:44:07",1045
"2019-05-01 04:44:05",1045
"2019-05-01 05:44:02",1045
"2019-05-01 06:43:57",1045
"2019-05-01 07:44:01",1045
"2019-05-01 08:44:01",1045
"2019-05-01 09:44:01",1045
"2019-05-01 10:43:57",1045
"2019-05-01 11:44:00",1045
"2019-05-01 13:08:03",1045
"2019-05-01 13:44:03",1045
"2019-05-01 14:43:55",1045
"2019-05-01 15:44:04",1041
"2019-05-01 16:44:00",1041
"2019-05-01 17:43:57",1041
"2019-05-01 18:44:03",1041
"2019-05-01 19:44:08",1044
"2019-05-01 20:44:06",1045
"2019-05-01 21:44:01",1045
"2019-05-01 22:44:05",1045
"2019-05-01 23:44:05",1045
"2019-05-02 00:44:07",1045
"2019-05-02 01:44:01",1045
"2019-05-02 02:44:08",1045
"2019-05-02 03:44:02",1045
"2019-05-02 04:44:08",1045
"2019-05-02 05:44:10",1045
"2019-05-02 06:44:08",1045
"2019-05-02 07:44:04",1045
"2019-05-02 08:44:04",1045
"2019-05-02 09:44:01",1045
"2019-05-02 10:44:05",1045
"2019-05-02 11:44:00",1045
"2019-05-02 13:44:11",1045
"2019-05-02 14:44:00",1047
"2019-05-02 15:44:01",1048
"2019-05-02 16:44:07",1044
"2019-05-02 17:44:01",1044
"2019-05-02 18:44:01",1044
"2019-05-02 19:44:09",1045
"2019-05-02 20:44:02",1045
"2019-05-02 21:44:05",1045
"2019-05-02 22:44:11",1045
"2019-05-02 23:44:00",1045
"2019-05-03 00:44:02",1045
"2019-05-03 01:44:12",1045
"2019-05-03 02:44:03",1045
"2019-05-03 03:44:10",1045
"2019-05-03 04:44:02",1045
"2019-05-03 05:44:19",1045
"2019-05-03 06:44:06",1045
"2019-05-03 07:44:06",1045
"2019-05-03 08:44:06",1045
"2019-05-03 09:44:05",1045
"2019-05-03 10:44:10",1045
"2019-05-03 11:44:04",1045
"2019-05-03 13:07:15",1045
"2019-05-03 13:44:17",1045
"2019-05-03 14:44:09",1047
"2019-05-03 15:44:07",1046
"2019-05-03 16:44:06",1045
"2019-05-03 17:44:09",1045
"2019-05-03 18:44:16",1044
"2019-05-03 19:44:12",1045
"2019-05-03 20:44:02",1044
"2019-05-03 21:44:14",1045
"2019-05-03 22:44:02",1045
"2019-05-03 23:44:10",1045
"2019-05-04 00:44:06",1045
"2019-05-04 01:44:08",1045
"2019-05-04 02:44:11",1045
"2019-05-04 03:44:16",1045
"2019-05-04 04:44:08",1045
"2019-05-04 05:44:06",1045
"2019-05-04 06:44:09",1045
"2019-05-04 07:44:08",1045
"2019-05-04 08:44:01",1045
"2019-05-04 09:44:05",1045
"2019-05-04 10:44:00",1045
"2019-05-04 11:44:06",1045
"2019-05-04 12:44:09",1045
"2019-05-04 13:44:09",1045
"2019-05-04 14:44:02",1045
"2019-05-04 15:44:03",1045
"2019-05-04 16:44:06",1045
"2019-05-04 17:44:02",1045
"2019-05-04 18:44:01",1045
"2019-05-04 19:44:06",1045
"2019-05-04 20:44:00",1045
"2019-05-04 21:44:02",1045
"2019-05-04 22:44:04",1045
"2019-05-04 23:44:08",1045
"2019-05-05 00:44:04",1045
"2019-05-05 01:44:09",1045
"2019-05-05 02:44:02",1045
"2019-05-05 03:44:06",1045
"2019-05-05 04:44:08",1045
"2019-05-05 05:44:09",1045
"2019-05-05 06:44:10",1045
"2019-05-05 07:44:04",1045
"2019-05-05 08:44:00",1045
"2019-05-05 09:44:00",1045
"2019-05-05 10:44:03",1045
"2019-05-05 11:44:05",1045
"2019-05-05 12:44:03",1045
"2019-05-05 13:44:04",1045
"2019-05-05 14:44:05",1045
"2019-05-05 15:44:02",1045
"2019-05-05 16:44:01",1045
"2019-05-05 17:44:09",1045
"2019-05-05 18:44:02",1045
"2019-05-05 19:44:00",1045
"2019-05-05 20:44:03",1045
"2019-05-05 21:44:03",1045
"2019-05-05 22:44:05",1045
"2019-05-05 23:44:06",1045
"2019-05-06 00:44:01",1045
"2019-05-06 01:44:01",1045
"2019-05-06 02:44:01",1045
"2019-05-06 03:44:07",1045
"2019-05-06 04:43:59",1045
"2019-05-06 05:43:59",1045
"2019-05-06 06:44:00",1045
"2019-05-06 07:44:05",1045
"2019-05-06 08:44:01",1045
"2019-05-06 09:43:58",1045
"2019-05-06 10:44:04",1045
"2019-05-06 11:44:05",1045
"2019-05-06 13:09:15",1045
"2019-05-06 13:44:16",1045
"2019-05-06 14:44:16",1047
"2019-05-06 15:44:00",1048
"2019-05-06 16:44:04",1048
"2019-05-06 17:35:55",1051
"2019-05-06 17:44:00",1051
"2019-05-06 18:44:03",1053
"2019-05-06 19:44:05",1053
"2019-05-06 20:43:57",1051
"2019-05-06 21:43:58",1051
"2019-05-06 22:44:02",1051
"2019-05-06 23:43:57",1051
"2019-05-07 00:43:59",1051
"2019-05-07 01:44:09",1051
"2019-05-07 02:43:59",1051
"2019-05-07 03:44:03",1051
"2019-05-07 04:44:01",1051
"2019-05-07 05:43:59",1051
"2019-05-07 06:43:57",1051
"2019-05-07 07:43:59",1051
"2019-05-07 08:43:56",1051
"2019-05-07 09:44:02",1051
"2019-05-07 10:43:59",1051
"2019-05-07 11:43:56",1051
"2019-05-07 12:44:05",1051
"2019-05-07 13:44:02",1051
"2019-05-07 14:43:57",1052
"2019-05-07 15:43:56",1052
"2019-05-07 16:44:03",1049
"2019-05-07 17:44:02",1049
"2019-05-07 18:43:59",1048
"2019-05-07 19:44:04",1049
"2019-05-07 20:44:00",1052
"2019-05-07 21:43:58",1051
"2019-05-07 22:43:58",1052
"2019-05-07 23:44:03",1052
"2019-05-08 00:43:58",1052
"2019-05-08 01:43:59",1052
"2019-05-08 02:44:00",1052
"2019-05-08 03:44:05",1052
"2019-05-08 04:44:00",1052
"2019-05-08 05:44:01",1052
"2019-05-08 06:44:01",1052
"2019-05-08 07:43:59",1052
"2019-05-08 08:43:57",1052
"2019-05-08 09:44:06",1052
"2019-05-08 10:43:58",1052
"2019-05-08 11:44:02",1052
"2019-05-08 13:08:06",1052
"2019-05-08 13:44:02",1052
"2019-05-08 14:44:06",1053
"2019-05-08 15:44:05",1056
"2019-05-08 16:44:03",1057
"2019-05-08 17:44:04",1058
"2019-05-08 18:44:09",1058
"2019-05-08 19:44:01",1064
"2019-05-08 20:43:59",1068
"2019-05-08 21:44:02",1081
"2019-05-08 22:43:59",1085
"2019-05-08 23:44:11",1085
"2019-05-09 00:44:01",1085
"2019-05-09 01:44:03",1085
"2019-05-09 02:44:04",1085
"2019-05-09 03:44:10",1085
"2019-05-09 04:44:10",1085
"2019-05-09 05:44:02",1085
"2019-05-09 06:44:07",1085
"2019-05-09 07:44:05",1085
"2019-05-09 08:44:04",1085
"2019-05-09 09:44:09",1085
"2019-05-09 10:44:01",1085
"2019-05-09 11:44:06",1085
"2019-05-09 13:07:36",1087
"2019-05-09 13:44:02",1087
"2019-05-09 14:44:03",1102
"2019-05-09 15:44:06",1134
"2019-05-09 16:44:02",1150
"2019-05-09 17:44:09",1170
"2019-05-09 18:44:02",1189
"2019-05-09 19:44:03",1197
"2019-05-09 20:44:02",1221
"2019-05-09 21:44:00",1230
"2019-05-09 22:44:09",1232
"2019-05-09 23:44:00",1232
"2019-05-10 00:44:01",1232
"2019-05-10 01:44:05",1232
"2019-05-10 02:44:12",1232
"2019-05-10 03:44:01",1232
"2019-05-10 04:44:11",1232
"2019-05-10 05:44:01",1235
"2019-05-10 06:44:33",1235
"2019-05-10 07:43:59",1235
"2019-05-10 08:44:06",1235
"2019-05-10 09:44:01",1235
"2019-05-10 10:44:03",1235
"2019-05-10 11:44:01",1235
"2019-05-10 12:44:09",1235
"2019-05-10 13:44:01",1236
"2019-05-10 14:44:06",1265
"2019-05-10 15:44:01",1261
"2019-05-10 16:44:01",1264
"2019-05-10 17:44:01",1256
"2019-05-10 18:44:08",1257
"2019-05-10 19:44:01",1256
"2019-05-10 20:44:00",1254
"2019-05-10 21:44:00",1254
"2019-05-10 22:44:05",1253
"2019-05-10 23:44:03",1253
"2019-05-11 00:44:11",1253
"2019-05-11 01:44:00",1253
"2019-05-11 02:44:09",1253
"2019-05-11 03:44:00",1253
"2019-05-11 04:44:01",1253
"2019-05-11 05:44:13",1253
"2019-05-11 06:43:59",1253
"2019-05-11 07:43:59",1253
"2019-05-11 08:44:06",1253
"2019-05-11 09:43:59",1253
"2019-05-11 10:44:09",1253
"2019-05-11 11:44:00",1253
"2019-05-11 12:44:00",1253
"2019-05-11 13:44:05",1253
"2019-05-11 14:44:00",1253
"2019-05-11 15:44:03",1253
"2019-05-11 16:44:12",1253
"2019-05-11 17:44:01",1253
"2019-05-11 18:44:03",1253
"2019-05-11 19:44:02",1253
"2019-05-11 20:44:00",1253
"2019-05-11 21:44:04",1253
"2019-05-11 22:44:05",1253
"2019-05-11 23:44:02",1253
"2019-05-12 00:44:00",1253
"2019-05-12 01:44:01",1253
"2019-05-12 02:44:02",1253
"2019-05-12 03:44:08",1253
"2019-05-12 04:44:00",1253
"2019-05-12 05:44:03",1253
"2019-05-12 06:44:00",1253
"2019-05-12 07:44:06",1253
"2019-05-12 08:43:59",1253
"2019-05-12 09:44:04",1253
"2019-05-12 10:44:00",1253
"2019-05-12 11:43:58",1253
"2019-05-12 12:43:59",1253
"2019-05-12 13:44:05",1253
"2019-05-12 14:44:00",1253
"2019-05-12 15:44:00",1253
"2019-05-12 16:44:03",1253
"2019-05-12 17:44:07",1253
"2019-05-12 18:43:59",1253
"2019-05-12 19:44:00",1253
"2019-05-12 20:43:59",1253
"2019-05-12 21:43:58",1253
"2019-05-12 22:44:08",1253
"2019-05-12 23:43:59",1253
"2019-05-13 00:44:02",1253
"2019-05-13 01:43:58",1253
"2019-05-13 02:43:58",1253
"2019-05-13 03:44:04",1253
"2019-05-13 04:43:58",1253
"2019-05-13 05:43:57",1253
"2019-05-13 06:44:04",1253
"2019-05-13 07:43:56",1253
"2019-05-13 08:43:58",1253
"2019-05-13 09:44:00",1253
"2019-05-13 10:44:04",1253
"2019-05-13 11:44:00",1253
"2019-05-13 13:07:34",1253
"2019-05-13 13:44:00",1253
"2019-05-13 14:43:59",1247
"2019-05-13 15:44:06",1243
"2019-05-13 16:44:00",1238
"2019-05-13 17:44:00",1234
"2019-05-13 18:44:02",1233
"2019-05-13 19:44:03",1233
"2019-05-13 20:43:59",1232
"2019-05-13 21:44:01",1232
"2019-05-13 22:43:59",1232
"2019-05-13 23:43:59",1232
"2019-05-14 00:44:18",1232
"2019-05-14 01:43:59",1232
"2019-05-14 02:44:02",1232
"2019-05-14 03:44:07",1232
"2019-05-14 04:44:01",1232
"2019-05-14 05:43:59",1232
"2019-05-14 06:44:08",1232
"2019-05-14 07:44:02",1232
"2019-05-14 08:44:02",1232
"2019-05-14 09:44:07",1232
"2019-05-14 10:43:59",1232
"2019-05-14 11:44:00",1232
"2019-05-14 13:07:07",1232
"2019-05-14 13:44:04",1232
"2019-05-14 14:44:00",1235
"2019-05-14 15:44:05",1234
"2019-05-14 16:44:03",1233
"2019-05-14 17:44:05",1233
"2019-05-14 18:44:03",1231
"2019-05-14 19:43:59",1232
"2019-05-14 20:44:00",1234
"2019-05-14 21:43:59",1234
"2019-05-14 22:44:06",1233
"2019-05-14 23:44:02",1233
"2019-05-15 00:44:01",1233
"2019-05-15 01:44:02",1233
"2019-05-15 02:44:00",1233
"2019-05-15 03:44:06",1233
"2019-05-15 04:44:03",1233
"2019-05-15 05:44:03",1233
"2019-05-15 06:44:05",1233
"2019-05-15 07:44:03",1233
"2019-05-15 08:44:04",1233
"2019-05-15 09:44:08",1233
"2019-05-15 10:44:10",1233
"2019-05-15 11:44:00",1233
"2019-05-15 13:08:07",1233
"2019-05-15 13:44:02",1233
"2019-05-15 14:44:03",1230
"2019-05-15 15:44:00",1228
"2019-05-15 16:44:08",1222
"2019-05-15 17:44:03",1221
"2019-05-15 18:44:06",1218
"2019-05-15 19:44:03",1219
"2019-05-15 20:44:02",1219
"2019-05-15 21:44:05",1218
"2019-05-15 22:44:01",1218
"2019-05-15 23:44:02",1218
"2019-05-16 00:44:01",1218
"2019-05-16 01:44:10",1218
"2019-05-16 02:44:06",1218
"2019-05-16 03:44:00",1218
"2019-05-16 04:44:02",1218
"2019-05-16 05:44:07",1218
"2019-05-16 06:44:04",1218
"2019-05-16 07:44:08",1218
"2019-05-16 08:44:07",1218
"2019-05-16 09:44:08",1218
"2019-05-16 10:44:21",1218
"2019-05-16 11:44:04",1218
"2019-05-16 13:07:07",1220
"2019-05-16 13:44:19",1220
"2019-05-16 14:44:04",1228
"2019-05-16 15:44:03",1229
"2019-05-16 16:44:09",1231
"2019-05-16 17:44:04",1230
"2019-05-16 18:44:07",1225
"2019-05-16 19:44:08",1222
"2019-05-16 20:44:02",1223
"2019-05-16 21:44:06",1221
"2019-05-16 22:44:08",1222
"2019-05-16 23:44:05",1222
"2019-05-17 00:44:15",1222
"2019-05-17 01:44:08",1222
"2019-05-17 02:44:04",1222
"2019-05-17 03:44:03",1222
"2019-05-17 04:44:03",1222
"2019-05-17 05:44:05",1222
"2019-05-17 06:44:11",1222
"2019-05-17 07:44:05",1222
"2019-05-17 08:44:12",1222
"2019-05-17 09:44:11",1222
"2019-05-17 10:44:03",1222
"2019-05-17 11:44:09",1222
"2019-05-17 13:08:39",1222
"2019-05-17 13:44:15",1222
"2019-05-17 14:44:05",1223
"2019-05-17 15:44:03",1222
"2019-05-17 16:44:07",1221
"2019-05-17 17:44:04",1222
"2019-05-17 18:44:05",1222
"2019-05-17 19:44:08",1227
"2019-05-17 20:44:02",1228
"2019-05-17 21:44:03",1227
"2019-05-17 22:44:03",1227
"2019-05-17 23:44:04",1227
"2019-05-18 00:44:03",1227
"2019-05-18 01:44:07",1227
"2019-05-18 02:44:06",1227
"2019-05-18 04:44:00",1227
"2019-05-18 05:43:56",1227
"2019-05-18 06:43:59",1227
"2019-05-18 07:43:56",1227
"2019-05-18 08:43:56",1227
"2019-05-18 09:43:56",1227
"2019-05-18 10:43:55",1227
"2019-05-18 11:43:59",1227
"2019-05-18 12:43:56",1227
"2019-05-18 13:43:58",1227
"2019-05-18 14:43:56",1227
"2019-05-18 15:44:00",1227
"2019-05-18 16:43:56",1227
"2019-05-18 17:43:58",1227
"2019-05-18 18:43:55",1227
"2019-05-18 19:43:56",1227
"2019-05-18 20:43:56",1227
"2019-05-18 21:43:56",1227
"2019-05-18 22:43:56",1227
"2019-05-18 23:43:55",1227
"2019-05-19 00:43:54",1227
"2019-05-19 01:43:55",1227
"2019-05-19 02:43:55",1227
"2019-05-19 03:43:55",1227
"2019-05-19 04:43:58",1227
"2019-05-19 05:43:55",1227
"2019-05-19 06:43:55",1227
"2019-05-19 07:43:55",1227
"2019-05-19 08:43:54",1227
"2019-05-19 09:43:55",1227
"2019-05-19 10:43:55",1227
"2019-05-19 11:43:56",1227
"2019-05-19 12:43:58",1227
"2019-05-19 13:43:57",1227
"2019-05-19 14:43:55",1227
"2019-05-19 15:43:55",1227
"2019-05-19 16:43:58",1227
"2019-05-19 17:43:57",1227
"2019-05-19 18:43:55",1227
"2019-05-19 19:43:56",1227
"2019-05-19 20:43:57",1227
"2019-05-19 21:43:57",1227
"2019-05-19 22:43:55",1227
"2019-05-19 23:43:57",1227
"2019-05-20 00:43:57",1227
"2019-05-20 01:43:56",1227
"2019-05-20 02:43:58",1227
"2019-05-20 03:43:57",1227
"2019-05-20 04:43:58",1227
"2019-05-20 05:43:57",1228
"2019-05-20 06:43:57",1228
"2019-05-20 07:43:57",1228
"2019-05-20 08:43:57",1228
"2019-05-20 09:43:57",1228
"2019-05-20 10:43:57",1228
"2019-05-20 11:43:58",1228
"2019-05-20 12:44:00",1228
"2019-05-20 13:43:58",1229
"2019-05-20 14:43:57",1234
"2019-05-20 15:43:55",1232
"2019-05-20 16:43:58",1231
"2019-05-20 17:43:57",1227
"2019-05-20 18:43:55",1225
"2019-05-20 19:43:56",1224
"2019-05-20 20:43:55",1222
"2019-05-20 21:43:56",1222
"2019-05-20 22:43:56",1222
"2019-05-20 23:44:01",1222
"2019-05-21 00:43:56",1222
"2019-05-21 01:43:58",1222
"2019-05-21 02:43:56",1222
"2019-05-21 03:43:56",1222
"2019-05-21 04:43:58",1222
"2019-05-21 05:43:56",1222
"2019-05-21 06:43:54",1222
"2019-05-21 07:43:57",1222
"2019-05-21 08:43:56",1222
"2019-05-21 09:43:54",1222
"2019-05-21 10:43:57",1222
"2019-05-21 11:43:55",1222
"2019-05-21 13:07:59",1222
"2019-05-21 13:43:56",1222
"2019-05-21 14:43:57",1235
"2019-05-21 15:43:55",1240
"2019-05-21 16:43:54",1250
"2019-05-21 17:43:55",1259
"2019-05-21 18:43:56",1265
"2019-05-21 19:43:56",1265
"2019-05-21 20:43:56",1268
"2019-05-21 21:43:55",1268
"2019-05-21 22:43:59",1267
"2019-05-21 23:43:57",1267
"2019-05-22 00:43:55",1267
"2019-05-22 01:43:56",1267
"2019-05-22 02:43:55",1267
"2019-05-22 03:43:55",1267
"2019-05-22 04:43:58",1267
"2019-05-22 05:43:56",1267
"2019-05-22 06:43:55",1267
"2019-05-22 07:43:56",1267
"2019-05-22 08:44:02",1267
"2019-05-22 09:44:02",1267
"2019-05-22 10:43:55",1267
"2019-05-22 11:43:56",1267
"2019-05-22 12:43:56",1267
"2019-05-22 13:43:57",1267
"2019-05-22 14:43:56",1259
"2019-05-22 15:43:59",1251
"2019-05-22 16:43:56",1251
"2019-05-22 17:43:55",1249
"2019-05-22 18:43:56",1248
"2019-05-22 19:43:54",1245
"2019-05-22 20:43:54",1246
"2019-05-22 21:43:56",1246
"2019-05-22 22:43:55",1246
"2019-05-22 23:43:55",1246
"2019-05-23 00:43:56",1246
"2019-05-23 01:43:55",1246
"2019-05-23 02:43:57",1246
"2019-05-23 03:43:56",1246
"2019-05-23 04:43:59",1246
"2019-05-23 05:43:56",1246
"2019-05-23 06:43:56",1246
"2019-05-23 07:43:58",1246
"2019-05-23 08:43:56",1246
"2019-05-23 09:43:56",1246
"2019-05-23 10:43:57",1246
"2019-05-23 11:43:55",1246
"2019-05-23 12:43:59",1246
"2019-05-23 13:43:57",1246
"2019-05-23 14:43:58",1244
"2019-05-23 15:43:56",1244
"2019-05-23 16:43:56",1243
"2019-05-23 17:43:57",1241
"2019-05-23 18:43:56",1242
"2019-05-23 19:43:59",1242
"2019-05-23 20:43:58",1242
"2019-05-23 21:43:57",1242
"2019-05-23 22:43:57",1242
"2019-05-23 23:43:58",1242
"2019-05-24 00:43:58",1242
"2019-05-24 01:43:57",1242
"2019-05-24 02:43:56",1242
"2019-05-24 03:43:56",1242
"2019-05-24 04:43:57",1242
"2019-05-24 05:44:00",1242
"2019-05-24 06:43:56",1242
"2019-05-24 07:43:55",1242
"2019-05-24 08:43:57",1242
"2019-05-24 09:43:58",1242
"2019-05-24 10:43:59",1242
"2019-05-24 11:43:57",1242
"2019-05-24 13:08:01",1242
"2019-05-24 13:43:57",1242
"2019-05-24 14:43:57",1240
"2019-05-24 15:43:57",1240
"2019-05-24 16:43:56",1240
"2019-05-24 17:43:58",1240
"2019-05-24 18:43:59",1240
"2019-05-24 19:43:58",1240
"2019-05-24 20:43:59",1239
"2019-05-24 21:44:00",1239
"2019-05-24 22:43:58",1238
"2019-05-24 23:44:01",1238
"2019-05-25 00:43:58",1238
"2019-05-25 01:43:57",1238
"2019-05-25 04:43:59",1238
"2019-05-26 04:44:01",1238
"2019-05-26 05:43:58",1238
"2019-05-26 06:43:58",1238
"2019-05-26 07:43:59",1238
"2019-05-26 08:43:56",1238
"2019-05-26 09:43:56",1238
"2019-05-26 10:43:58",1238
"2019-05-26 11:43:58",1238
"2019-05-26 12:43:56",1238
"2019-05-26 13:43:56",1238
"2019-05-26 14:43:58",1238
"2019-05-26 15:43:56",1238
"2019-05-26 16:43:56",1238
"2019-05-26 17:44:00",1238
"2019-05-26 18:43:58",1238
"2019-05-26 19:43:56",1238
"2019-05-26 20:43:56",1238
"2019-05-26 21:43:58",1238
"2019-05-26 22:43:58",1238
"2019-05-26 23:43:56",1238
"2019-05-27 00:43:56",1238
"2019-05-27 01:43:57",1238
"2019-05-27 02:43:57",1238
"2019-05-27 03:43:59",1238
"2019-05-27 04:43:59",1238
"2019-05-27 05:43:57",1238
"2019-05-27 06:43:58",1238
"2019-05-27 07:44:03",1238
"2019-05-27 08:44:02",1238
"2019-05-27 09:44:01",1238
"2019-05-27 10:43:59",1238
"2019-05-27 11:43:56",1238
"2019-05-27 12:43:56",1238
"2019-05-27 13:43:57",1238
"2019-05-27 14:43:57",1238
"2019-05-27 15:43:57",1238
"2019-05-27 16:43:57",1238
"2019-05-27 17:44:01",1238
"2019-05-27 18:43:57",1238
"2019-05-27 19:43:56",1238
"2019-05-27 20:43:56",1238
"2019-05-27 21:43:57",1238
"2019-05-27 22:43:55",1238
"2019-05-27 23:43:56",1238
"2019-05-28 00:43:56",1238
"2019-05-28 01:43:57",1238
"2019-05-28 02:43:59",1238
"2019-05-28 03:43:57",1238
"2019-05-28 04:43:57",1238
"2019-05-28 05:43:57",1238
"2019-05-28 06:44:02",1238
"2019-05-28 07:43:59",1238
"2019-05-28 08:43:57",1238
"2019-05-28 09:43:59",1238
"2019-05-28 10:43:57",1238
"2019-05-28 11:43:56",1238
"2019-05-28 12:43:57",1238
"2019-05-28 13:43:58",1238
"2019-05-28 14:43:58",1239
"2019-05-28 15:43:57",1238
"2019-05-28 16:43:58",1236
"2019-05-28 17:44:02",1236
"2019-05-28 18:43:58",1234
"2019-05-28 19:43:57",1233
"2019-05-28 20:43:58",1231
"2019-05-28 21:43:57",1231
"2019-05-28 22:43:58",1232
"2019-05-28 23:43:59",1232
"2019-05-29 00:43:59",1232
"2019-05-29 01:43:57",1232
"2019-05-29 02:43:58",1232
"2019-05-29 03:43:57",1232
"2019-05-29 04:43:57",1232
"2019-05-29 05:44:00",1232
"2019-05-29 06:43:58",1232
"2019-05-29 07:44:01",1232
"2019-05-29 08:43:58",1232
"2019-05-29 09:44:04",1232
"2019-05-29 10:43:58",1232
"2019-05-29 11:43:57",1232
"2019-05-29 13:07:02",1232
"2019-05-29 13:44:00",1232
"2019-05-29 14:44:00",1231
"2019-05-29 15:43:59",1231
"2019-05-29 16:43:58",1230
"2019-05-29 17:43:59",1229
"2019-05-29 18:43:59",1229
"2019-05-29 19:44:01",1229
"2019-05-29 20:43:57",1228
"2019-05-29 21:43:58",1228
"2019-05-29 22:43:58",1228
"2019-05-29 23:43:59",1228
"2019-05-30 00:43:57",1228
"2019-05-30 01:43:59",1228
"2019-05-30 02:44:00",1228
"2019-05-30 03:43:59",1228
"2019-05-30 04:43:59",1228
"2019-05-30 05:44:01",1228
"2019-05-30 06:43:58",1228
"2019-05-30 07:43:58",1228
"2019-05-30 08:44:04",1228
"2019-05-30 09:43:58",1228
"2019-05-30 10:43:57",1228
"2019-05-30 11:43:58",1228
"2019-05-30 12:44:01",1228
"2019-05-30 13:43:57",1228
"2019-05-30 14:44:01",1233
"2019-05-30 15:43:59",1232
"2019-05-30 16:43:57",1233
"2019-05-30 17:43:59",1233
"2019-05-30 18:43:58",1233
"2019-05-30 19:43:58",1233
"2019-05-30 20:43:57",1232
"2019-05-30 21:43:57",1232
"2019-05-30 22:44:00",1232
"2019-05-30 23:43:57",1232
"2019-05-31 00:43:56",1232
"2019-05-31 01:43:58",1232
"2019-05-31 02:43:57",1232
"2019-05-31 03:43:57",1232
"2019-05-31 04:43:57",1232
"2019-05-31 05:43:57",1232
"2019-05-31 06:43:59",1232
"2019-05-31 07:43:56",1232
"2019-05-31 08:43:57",1232
"2019-05-31 09:43:59",1232
"2019-05-31 10:43:57",1232
"2019-05-31 11:43:57",1232
"2019-05-31 12:44:43",1232
"2019-05-31 13:43:59",1232
"2019-05-31 14:43:58",1230
"2019-05-31 15:43:59",1230
"2019-05-31 16:43:57",1231
"2019-05-31 17:44:01",1232
"2019-05-31 18:43:57",1232
"2019-05-31 19:43:56",1234
"2019-05-31 20:43:58",1234
"2019-05-31 21:43:58",1234
"2019-05-31 22:43:55",1234
"2019-05-31 23:43:57",1234
"2019-06-01 00:43:57",1234
"2019-06-01 01:43:57",1234
"2019-06-01 02:43:57",1234
"2019-06-01 03:43:57",1234
"2019-06-01 04:43:57",1234
"2019-06-01 05:43:57",1234
"2019-06-01 06:44:01",1234
"2019-06-01 07:43:56",1234
"2019-06-01 08:43:58",1234
"2019-06-01 09:43:57",1234
"2019-06-01 10:43:59",1234
"2019-06-01 11:43:57",1234
"2019-06-01 12:43:57",1234
"2019-06-01 13:43:57",1234
"2019-06-01 14:44:02",1234
"2019-06-01 15:43:59",1234
"2019-06-01 16:43:57",1234
"2019-06-01 17:43:58",1234
"2019-06-01 18:43:57",1234
"2019-06-01 19:43:59",1234
"2019-06-01 20:43:56",1234
"2019-06-01 21:43:59",1234
"2019-06-01 22:43:58",1234
"2019-06-01 23:43:58",1234
"2019-06-02 00:43:59",1234
"2019-06-02 01:44:02",1234
"2019-06-02 02:43:59",1234
"2019-06-02 03:43:58",1234
"2019-06-02 04:43:57",1234
"2019-06-02 05:44:02",1234
"2019-06-02 06:43:58",1234
"2019-06-02 07:43:57",1234
"2019-06-02 08:43:57",1234
"2019-06-02 09:43:57",1234
"2019-06-02 10:43:57",1234
"2019-06-02 11:43:57",1234
"2019-06-02 12:44:01",1234
"2019-06-02 13:43:58",1234
"2019-06-02 14:43:59",1234
"2019-06-02 15:43:55",1234
"2019-06-02 16:43:56",1234
"2019-06-02 17:43:58",1234
"2019-06-02 18:43:58",1234
"2019-06-02 19:43:58",1234
"2019-06-02 20:43:57",1234
"2019-06-02 21:43:58",1234
"2019-06-02 22:43:58",1234
"2019-06-02 23:43:56",1234
"2019-06-03 00:43:57",1234
"2019-06-03 01:44:01",1234
"2019-06-03 02:43:58",1234
"2019-06-03 03:43:57",1234
"2019-06-03 04:43:56",1234
"2019-06-03 05:43:56",1234
"2019-06-03 06:43:57",1234
"2019-06-03 07:43:56",1234
"2019-06-03 08:43:58",1234
"2019-06-03 09:43:56",1234
"2019-06-03 10:43:59",1234
"2019-06-03 11:43:59",1234
"2019-06-03 12:43:57",1234
"2019-06-03 13:44:00",1234
"2019-06-03 14:44:00",1239
"2019-06-03 15:43:58",1238
"2019-06-03 16:43:57",1239
"2019-06-03 17:43:57",1239
"2019-06-03 18:43:59",1237
"2019-06-03 19:43:59",1237
"2019-06-03 20:43:57",1237
"2019-06-03 21:43:59",1237
"2019-06-03 22:43:58",1237
"2019-06-03 23:44:01",1237
"2019-06-04 00:43:57",1237
"2019-06-04 01:43:58",1237
"2019-06-04 02:43:58",1237
"2019-06-04 03:44:02",1237
"2019-06-04 04:43:59",1237
"2019-06-04 05:43:57",1237
"2019-06-04 06:43:57",1237
"2019-06-04 07:43:56",1237
"2019-06-04 08:44:01",1237
"2019-06-04 09:43:57",1237
"2019-06-04 10:43:59",1237
"2019-06-04 11:43:57",1237
"2019-06-04 13:06:31",1237
"2019-06-04 13:43:58",1237
"2019-06-04 14:44:02",1234
"2019-06-04 15:43:58",1233
"2019-06-04 16:43:59",1231
"2019-06-04 17:44:00",1231
"2019-06-04 18:43:58",1232
"2019-06-04 19:43:58",1227
"2019-06-04 20:43:58",1228
"2019-06-04 21:43:56",1228
"2019-06-04 22:43:58",1228
"2019-06-04 23:44:01",1228
"2019-06-05 00:43:57",1228
"2019-06-05 01:43:58",1228
"2019-06-05 02:44:00",1228
"2019-06-05 03:44:00",1228
"2019-06-05 04:44:02",1228
"2019-06-05 05:43:58",1228
"2019-06-05 06:43:57",1228
"2019-06-05 07:43:58",1228
"2019-06-05 08:44:02",1228
"2019-06-05 09:43:57",1228
"2019-06-05 10:43:57",1228
"2019-06-05 11:44:02",1228
"2019-06-05 13:08:01",1228
"2019-06-05 13:43:57",1228
"2019-06-05 14:43:57",1229
"2019-06-05 15:43:58",1228
"2019-06-05 16:43:58",1227
"2019-06-05 17:43:58",1226
"2019-06-05 18:43:57",1225
"2019-06-05 19:44:02",1225
"2019-06-05 20:43:58",1225
"2019-06-05 21:43:57",1225
"2019-06-05 22:43:58",1225
"2019-06-05 23:43:57",1225
"2019-06-06 00:43:57",1225
"2019-06-06 01:43:56",1225
"2019-06-06 02:43:58",1225
"2019-06-06 03:43:58",1225
"2019-06-06 04:44:03",1225
"2019-06-06 05:43:58",1225
"2019-06-06 06:44:00",1225
"2019-06-06 07:43:58",1225
"2019-06-06 08:44:02",1225
"2019-06-06 09:44:00",1225
"2019-06-06 10:44:04",1225
"2019-06-06 11:43:57",1225
"2019-06-06 13:08:01",1225
"2019-06-06 13:43:58",1225
"2019-06-06 14:43:58",1225
"2019-06-06 15:44:01",1225
"2019-06-06 16:43:58",1229
"2019-06-06 17:44:00",1231
"2019-06-06 18:44:01",1232
"2019-06-06 19:44:00",1234
"2019-06-06 20:43:57",1233
"2019-06-06 21:43:58",1233
"2019-06-06 22:43:57",1233
"2019-06-06 23:43:56",1233
"2019-06-07 00:44:00",1233
"2019-06-07 01:43:59",1233
"2019-06-07 02:44:00",1233
"2019-06-07 03:43:59",1233
"2019-06-07 04:44:02",1233
"2019-06-07 05:43:57",1233
"2019-06-07 06:44:00",1233
"2019-06-07 07:43:59",1233
"2019-06-07 08:43:59",1233
"2019-06-07 09:44:01",1233
"2019-06-07 10:43:58",1233
"2019-06-07 11:43:59",1233
"2019-06-07 13:08:04",1233
"2019-06-07 13:44:01",1233
"2019-06-07 14:44:00",1231
"2019-06-07 15:43:59",1227
"2019-06-07 16:43:59",1228
"2019-06-07 17:43:58",1228
"2019-06-07 18:43:59",1228
"2019-06-07 19:43:57",1228
"2019-06-07 20:43:58",1225
"2019-06-07 21:43:59",1225
"2019-06-07 22:43:57",1225
"2019-06-07 23:44:02",1225
"2019-06-08 00:43:59",1225
"2019-06-08 01:44:03",1225
"2019-06-08 02:44:00",1225
"2019-06-08 03:44:02",1225
"2019-06-08 04:43:59",1225
"2019-06-08 05:44:06",1225
"2019-06-08 06:44:02",1225
"2019-06-08 07:44:02",1225
"2019-06-08 08:43:58",1225
"2019-06-08 09:44:00",1225
"2019-06-08 10:43:59",1225
"2019-06-08 11:44:00",1225
"2019-06-08 12:43:59",1225
"2019-06-08 13:43:57",1225
"2019-06-08 14:43:56",1225
"2019-06-08 15:44:00",1225
"2019-06-08 16:43:59",1225
"2019-06-08 17:43:59",1225
"2019-06-08 18:43:59",1225
"2019-06-08 19:43:57",1225
"2019-06-08 20:43:58",1225
"2019-06-08 21:43:57",1225
"2019-06-08 22:43:58",1225
"2019-06-08 23:44:01",1225
"2019-06-09 00:43:57",1225
"2019-06-09 01:43:58",1225
"2019-06-09 02:44:04",1225
"2019-06-09 03:44:04",1225
"2019-06-09 04:43:58",1225
"2019-06-09 05:44:02",1225
"2019-06-09 06:43:57",1225
"2019-06-09 07:44:01",1225
"2019-06-09 08:43:58",1225
"2019-06-09 09:44:00",1225
"2019-06-09 10:43:58",1225
"2019-06-09 11:43:59",1225
"2019-06-09 12:44:01",1225
"2019-06-09 13:43:59",1225
"2019-06-09 14:43:57",1225
"2019-06-09 15:44:00",1225
"2019-06-09 16:43:58",1225
"2019-06-09 17:44:00",1225
"2019-06-09 18:43:58",1225
"2019-06-09 19:43:58",1225
"2019-06-09 20:43:58",1225
"2019-06-09 21:43:59",1225
"2019-06-09 22:44:03",1225
"2019-06-09 23:43:59",1225
"2019-06-10 00:43:59",1225
"2019-06-10 01:44:02",1225
"2019-06-10 02:43:58",1225
"2019-06-10 03:44:02",1225
"2019-06-10 04:43:59",1225
"2019-06-10 05:44:01",1225
"2019-06-10 06:43:57",1225
"2019-06-10 07:44:03",1225
"2019-06-10 08:43:58",1225
"2019-06-10 09:43:58",1225
"2019-06-10 10:44:03",1225
"2019-06-10 11:44:00",1225
"2019-06-10 12:44:06",1225
"2019-06-10 13:44:04",1225
"2019-06-10 14:43:59",1225
"2019-06-10 15:44:01",1224
"2019-06-10 16:44:03",1222
"2019-06-10 17:44:01",1223
"2019-06-10 18:44:02",1223
"2019-06-10 19:44:02",1222
"2019-06-10 20:44:00",1222
"2019-06-10 21:44:00",1222
"2019-06-10 22:44:01",1222
"2019-06-10 23:44:01",1222
"2019-06-11 00:44:02",1222
"2019-06-11 01:44:05",1222
"2019-06-11 02:44:03",1222
"2019-06-11 03:44:02",1222
"2019-06-11 04:44:00",1222
"2019-06-11 05:44:02",1222
"2019-06-11 06:44:01",1222
"2019-06-11 07:44:00",1222
"2019-06-11 08:44:00",1222
"2019-06-11 09:44:03",1222
"2019-06-11 10:44:01",1222
"2019-06-11 11:44:02",1222
"2019-06-11 13:07:37",1222
"2019-06-11 13:44:06",1222
"2019-06-11 14:44:02",1223
"2019-06-11 15:44:02",1223
"2019-06-11 16:44:06",1223
"2019-06-11 17:44:02",1221
"2019-06-11 18:44:05",1221
"2019-06-11 19:44:02",1221
"2019-06-11 20:44:04",1222
"2019-06-11 21:44:02",1222
"2019-06-11 22:44:02",1222
"2019-06-11 23:44:01",1222
"2019-06-12 00:44:05",1222
"2019-06-12 01:44:04",1222
"2019-06-12 02:44:04",1222
"2019-06-12 03:44:09",1222
"2019-06-12 04:44:04",1222
"2019-06-12 05:44:04",1222
"2019-06-12 06:44:04",1222
"2019-06-12 07:44:06",1222
"2019-06-12 08:44:04",1222
"2019-06-12 09:44:08",1222
"2019-06-12 10:44:05",1222
"2019-06-12 11:44:06",1222
"2019-06-12 13:07:08",1222
"2019-06-12 13:44:03",1222
"2019-06-12 14:44:02",1223
"2019-06-12 15:44:04",1221
"2019-06-12 16:44:03",1222
"2019-06-12 17:44:02",1222
"2019-06-12 18:44:03",1223
"2019-06-12 19:44:05",1222
"2019-06-12 20:44:04",1222
"2019-06-12 21:44:04",1222
"2019-06-12 22:44:02",1222
"2019-06-12 23:44:02",1222
"2019-06-13 00:44:03",1222
"2019-06-13 01:44:05",1222
"2019-06-13 02:44:20",1222
"2019-06-13 03:44:02",1222
"2019-06-13 04:44:04",1222
"2019-06-13 05:44:06",1222
"2019-06-13 06:44:03",1222
"2019-06-13 07:44:01",1222
"2019-06-13 08:44:02",1222
"2019-06-13 09:44:02",1222
"2019-06-13 10:44:08",1222
"2019-06-13 11:44:01",1222
"2019-06-13 13:08:04",1222
"2019-06-13 13:44:05",1222
"2019-06-13 14:44:03",1224
"2019-06-13 15:44:05",1219
"2019-06-13 16:44:04",1219
"2019-06-13 17:44:01",1219
"2019-06-13 18:44:02",1216
"2019-06-13 19:44:03",1217
"2019-06-13 20:43:59",1215
"2019-06-13 21:44:01",1215
"2019-06-13 22:44:01",1215
"2019-06-13 23:44:02",1215
"2019-06-14 00:44:03",1215
"2019-06-14 01:44:03",1215
"2019-06-14 02:44:04",1215
"2019-06-14 03:44:02",1215
"2019-06-14 04:44:03",1215
"2019-06-14 05:44:03",1215
"2019-06-14 06:44:09",1215
"2019-06-14 07:44:05",1215
"2019-06-14 08:44:04",1215
"2019-06-14 09:44:03",1215
"2019-06-14 10:44:05",1215
"2019-06-14 11:44:05",1215
"2019-06-14 12:44:05",1215
"2019-06-14 13:44:03",1215
"2019-06-14 14:44:05",1217
"2019-06-14 15:44:06",1216
"2019-06-14 16:44:05",1216
"2019-06-14 17:44:02",1216
"2019-06-14 18:44:03",1217
"2019-06-14 19:44:03",1218
"2019-06-14 20:44:02",1219
"2019-06-14 21:44:04",1219
"2019-06-14 22:44:02",1219
"2019-06-14 23:44:04",1219
"2019-06-15 00:44:04",1219
"2019-06-15 01:44:06",1219
"2019-06-15 02:44:03",1219
"2019-06-15 03:44:03",1219
"2019-06-15 04:44:04",1219
"2019-06-15 05:44:05",1219
"2019-06-15 06:44:03",1219
"2019-06-15 07:44:03",1219
"2019-06-15 08:44:04",1219
"2019-06-15 09:44:04",1219
"2019-06-15 10:44:04",1219
"2019-06-15 11:44:03",1219
"2019-06-15 12:44:06",1219
"2019-06-15 13:44:09",1219
"2019-06-15 14:44:03",1219
"2019-06-15 15:44:02",1219
"2019-06-15 16:44:04",1219
"2019-06-15 17:44:03",1219
"2019-06-15 18:44:05",1219
"2019-06-15 19:44:03",1219
"2019-06-15 20:44:04",1219
"2019-06-15 21:44:09",1219
"2019-06-15 22:44:09",1219
"2019-06-15 23:44:03",1219
"2019-06-16 00:44:03",1219
"2019-06-16 01:44:08",1219
"2019-06-16 02:44:05",1219
"2019-06-16 03:44:04",1219
"2019-06-16 04:44:07",1219
"2019-06-16 05:44:04",1219
"2019-06-16 06:44:06",1219
"2019-06-16 07:44:08",1219
"2019-06-16 08:44:04",1219
"2019-06-16 09:44:02",1219
"2019-06-16 10:44:01",1219
"2019-06-16 11:44:02",1219
"2019-06-16 12:44:03",1219
"2019-06-16 13:44:01",1219
"2019-06-16 14:44:04",1219
"2019-06-16 15:44:04",1219
"2019-06-16 16:44:06",1219
"2019-06-16 17:44:06",1219
"2019-06-16 18:44:06",1219
"2019-06-16 19:44:03",1219
"2019-06-16 20:44:03",1219
"2019-06-16 21:44:05",1219
"2019-06-16 22:44:03",1219
"2019-06-16 23:44:04",1219
"2019-06-17 00:44:03",1219
"2019-06-17 01:44:03",1219
"2019-06-17 02:44:07",1219
"2019-06-17 03:44:08",1219
"2019-06-17 04:44:06",1219
"2019-06-17 05:44:04",1219
"2019-06-17 06:44:03",1219
"2019-06-17 07:44:02",1219
"2019-06-17 08:44:04",1219
"2019-06-17 09:44:02",1219
"2019-06-17 10:44:05",1219
"2019-06-17 11:44:05",1219
"2019-06-17 13:08:37",1219
"2019-06-17 13:44:02",1219
"2019-06-17 14:44:03",1217
"2019-06-17 15:44:04",1215
"2019-06-17 16:44:15",1213
"2019-06-17 17:44:06",1213
"2019-06-17 18:44:09",1214
"2019-06-17 19:44:04",1214
"2019-06-17 20:44:07",1214
"2019-06-17 21:44:03",1214
"2019-06-17 22:44:05",1214
"2019-06-17 23:44:02",1214
"2019-06-18 00:44:02",1214
"2019-06-18 01:44:02",1214
"2019-06-18 02:44:14",1214
"2019-06-18 03:44:06",1214
"2019-06-18 04:44:05",1214
"2019-06-18 05:44:05",1214
"2019-06-18 06:44:04",1214
"2019-06-18 07:44:05",1214
"2019-06-18 08:44:11",1214
"2019-06-18 09:44:02",1214
"2019-06-18 10:44:02",1214
"2019-06-18 11:44:03",1214
"2019-06-18 13:06:37",1214
"2019-06-18 13:44:04",1214
"2019-06-18 14:44:03",1210
"2019-06-18 15:44:03",1209
"2019-06-18 16:44:03",1209
"2019-06-18 17:44:02",1209
"2019-06-18 18:44:06",1209
"2019-06-18 19:44:06",1208
"2019-06-18 20:44:02",1207
"2019-06-18 21:44:02",1207
"2019-06-18 22:44:03",1207
"2019-06-18 23:44:04",1207
"2019-06-19 00:44:03",1207
"2019-06-19 01:44:06",1207
"2019-06-19 02:44:06",1207
"2019-06-19 03:44:05",1207
"2019-06-19 04:44:03",1207
"2019-06-19 05:44:18",1207
"2019-06-19 06:44:19",1207
"2019-06-19 07:44:07",1207
"2019-06-19 08:44:08",1207
"2019-06-19 09:44:03",1207
"2019-06-19 10:44:07",1207
"2019-06-19 11:44:05",1207
"2019-06-19 13:06:39",1207
"2019-06-19 13:44:04",1207
"2019-06-19 14:44:05",1206
"2019-06-19 15:44:04",1207
"2019-06-19 16:44:14",1205
"2019-06-19 17:44:05",1209
"2019-06-19 18:44:03",1209
"2019-06-19 19:44:06",1210
"2019-06-19 20:44:04",1211
"2019-06-19 21:44:04",1212
"2019-06-19 22:44:03",1212
"2019-06-19 23:44:03",1212
"2019-06-20 00:44:04",1212
"2019-06-20 01:44:02",1212
"2019-06-20 02:44:02",1212
"2019-06-20 03:44:02",1212
"2019-06-20 04:44:05",1212
"2019-06-20 05:44:02",1212
"2019-06-20 06:44:02",1212
"2019-06-20 07:44:03",1212
"2019-06-20 08:44:03",1212
"2019-06-20 09:44:05",1212
"2019-06-20 10:44:04",1212
"2019-06-20 11:44:02",1212
"2019-06-20 13:08:17",1212
"2019-06-20 13:44:06",1212
"2019-06-20 14:44:04",1210
"2019-06-20 15:44:04",1210
"2019-06-20 16:44:05",1212
"2019-06-20 17:44:05",1214
"2019-06-20 18:44:02",1214
"2019-06-20 19:44:03",1215
"2019-06-20 20:44:16",1215
"2019-06-20 21:44:04",1215
"2019-06-20 22:44:03",1215
"2019-06-20 23:44:05",1215
"2019-06-21 00:44:04",1215
"2019-06-21 01:44:05",1215
"2019-06-21 02:44:04",1215
"2019-06-21 03:44:04",1215
"2019-06-21 04:44:05",1215
"2019-06-21 05:44:05",1215
"2019-06-21 06:44:05",1215
"2019-06-21 07:44:06",1215
"2019-06-21 08:44:04",1215
"2019-06-21 09:44:04",1215
"2019-06-21 10:44:03",1215
"2019-06-21 11:44:02",1215
"2019-06-21 12:44:03",1215
"2019-06-21 13:44:05",1215
"2019-06-21 14:44:03",1216
"2019-06-21 15:44:03",1219
"2019-06-21 16:44:04",1219
"2019-06-21 17:44:04",1218
"2019-06-21 18:44:04",1219
"2019-06-21 19:44:02",1218
"2019-06-21 20:44:03",1220
"2019-06-21 21:44:05",1220
"2019-06-21 22:44:04",1220
"2019-06-21 23:44:33",1220
"2019-06-22 00:44:04",1220
"2019-06-22 01:44:09",1220
"2019-06-22 02:44:08",1220
"2019-06-22 03:44:03",1220
"2019-06-22 04:44:05",1220
"2019-06-22 05:44:07",1220
"2019-06-22 06:44:06",1220
"2019-06-22 07:44:05",1220
"2019-06-22 08:44:06",1220
"2019-06-22 09:44:07",1220
"2019-06-22 10:44:09",1220
"2019-06-22 11:44:03",1220
"2019-06-22 12:44:10",1220
"2019-06-22 13:44:05",1220
"2019-06-22 14:44:09",1220
"2019-06-22 15:44:22",1220
"2019-06-22 16:44:13",1220
"2019-06-22 17:44:05",1220
"2019-06-22 18:44:10",1220
"2019-06-22 19:44:06",1220
"2019-06-22 20:44:06",1220
"2019-06-22 21:44:05",1220
"2019-06-22 22:44:11",1220
"2019-06-22 23:44:07",1220
"2019-06-23 00:44:17",1220
"2019-06-23 01:44:09",1220
"2019-06-23 02:44:10",1220
"2019-06-23 03:44:07",1220
"2019-06-23 04:44:04",1220
"2019-06-23 05:44:10",1220
"2019-06-23 06:44:05",1220
"2019-06-23 07:44:03",1220
"2019-06-23 08:44:05",1220
"2019-06-23 09:44:06",1220
"2019-06-23 10:44:04",1220
"2019-06-23 11:44:06",1220
"2019-06-23 12:44:03",1220
"2019-06-23 13:44:05",1220
"2019-06-23 14:44:04",1220
"2019-06-23 15:44:04",1220
"2019-06-23 16:44:06",1220
"2019-06-23 17:44:07",1220
"2019-06-23 18:44:02",1220
"2019-06-23 19:44:02",1220
"2019-06-23 20:44:06",1220
"2019-06-23 21:44:04",1220
"2019-06-23 22:44:04",1220
"2019-06-23 23:44:04",1220
"2019-06-24 00:44:06",1220
"2019-06-24 01:44:04",1220
"2019-06-24 02:44:05",1220
"2019-06-24 03:44:09",1220
"2019-06-24 04:44:06",1220
"2019-06-24 05:44:06",1220
"2019-06-24 06:44:09",1220
"2019-06-24 07:44:03",1220
"2019-06-24 08:44:03",1220
"2019-06-24 09:44:07",1220
"2019-06-24 10:44:02",1220
"2019-06-24 11:44:09",1220
"2019-06-24 12:44:09",1220
"2019-06-24 13:44:04",1220
"2019-06-24 14:44:07",1221
"2019-06-24 15:44:06",1221
"2019-06-24 16:44:11",1220
"2019-06-24 17:44:08",1219
"2019-06-24 18:44:10",1217
"2019-06-24 19:44:08",1216
"2019-06-24 20:44:08",1217
"2019-06-24 21:44:08",1217
"2019-06-24 22:44:05",1217
"2019-06-24 23:44:06",1217
"2019-06-25 00:44:06",1217
"2019-06-25 01:44:08",1217
"2019-06-25 02:44:07",1217
"2019-06-25 03:44:07",1217
"2019-06-25 04:44:04",1217
"2019-06-25 05:44:05",1217
"2019-06-25 06:44:09",1217
"2019-06-25 07:44:06",1217
"2019-06-25 08:44:04",1217
"2019-06-25 09:44:07",1217
"2019-06-25 10:44:05",1217
"2019-06-25 11:44:02",1217
"2019-06-25 13:07:38",1217
"2019-06-25 13:44:05",1217
"2019-06-25 14:44:07",1216
"2019-06-25 15:44:05",1215
"2019-06-25 16:44:06",1214
"2019-06-25 17:44:08",1216
"2019-06-25 18:44:07",1215
"2019-06-25 19:44:04",1216
"2019-06-25 20:44:06",1220
"2019-06-25 21:44:03",1220
"2019-06-25 22:44:02",1220
"2019-06-25 23:44:08",1220
"2019-06-26 00:44:07",1220
"2019-06-26 01:44:05",1220
"2019-06-26 02:44:05",1220
"2019-06-26 03:44:19",1220
"2019-06-26 04:44:06",1220
"2019-06-26 05:44:05",1220
"2019-06-26 06:44:05",1220
"2019-06-26 07:44:07",1220
"2019-06-26 08:44:03",1220
"2019-06-26 09:44:02",1220
"2019-06-26 10:44:04",1220
"2019-06-26 11:44:03",1220
"2019-06-26 13:06:36",1220
"2019-06-26 13:44:05",1220
"2019-06-26 14:44:05",1220
"2019-06-26 15:44:04",1219
"2019-06-26 16:44:07",1221
"2019-06-26 17:44:03",1221
"2019-06-26 18:44:05",1222
"2019-06-26 19:44:05",1223
"2019-06-26 20:44:03",1225
"2019-06-26 21:44:04",1225
"2019-06-26 22:44:06",1225
"2019-06-26 23:44:04",1225
"2019-06-27 00:44:07",1225
"2019-06-27 01:44:04",1225
"2019-06-27 02:44:07",1225
"2019-06-27 03:44:02",1225
"2019-06-27 04:44:07",1225
"2019-06-27 05:44:05",1225
"2019-06-27 06:44:07",1225
"2019-06-27 07:44:01",1225
"2019-06-27 08:44:03",1225
"2019-06-27 09:44:03",1225
"2019-06-27 10:44:04",1225
"2019-06-27 11:44:02",1225
"2019-06-27 13:06:38",1225
"2019-06-27 13:44:02",1225
"2019-06-27 14:44:03",1224
"2019-06-27 15:44:06",1223
"2019-06-27 16:44:03",1225
"2019-06-27 17:44:02",1224
"2019-06-27 18:44:03",1224
"2019-06-27 19:44:01",1224
"2019-06-27 20:44:06",1225
"2019-06-27 21:44:07",1225
"2019-06-27 22:44:01",1225
"2019-06-27 23:44:23",1225
"2019-06-28 00:44:04",1225
"2019-06-28 01:44:03",1225
"2019-06-28 02:44:03",1225
"2019-06-28 03:44:06",1225
"2019-06-28 04:44:07",1225
"2019-06-28 05:44:04",1225
"2019-06-28 06:44:03",1225
"2019-06-28 07:44:02",1225
"2019-06-28 08:44:02",1225
"2019-06-28 09:44:03",1225
"2019-06-28 10:44:01",1225
"2019-06-28 11:44:03",1225
"2019-06-28 13:07:42",1225
"2019-06-28 13:44:02",1225
"2019-06-28 14:44:03",1223
"2019-06-28 15:44:05",1221
"2019-06-28 16:44:04",1219
"2019-06-28 17:44:03",1220
"2019-06-28 18:44:02",1223
"2019-06-28 19:44:04",1225
"2019-06-28 20:44:04",1225
"2019-06-28 21:44:04",1225
"2019-06-28 22:44:04",1225
"2019-06-28 23:44:03",1225
"2019-06-29 00:44:05",1225
"2019-06-29 01:44:09",1225
"2019-06-29 02:44:05",1225
"2019-06-29 03:44:03",1225
"2019-06-29 04:44:03",1225
"2019-06-29 05:44:04",1225
"2019-06-29 06:44:03",1225
"2019-06-29 07:44:04",1225
"2019-06-29 08:44:04",1225
"2019-06-29 09:44:04",1225
"2019-06-29 10:44:04",1225
"2019-06-29 11:44:08",1225
"2019-06-29 12:44:07",1225
"2019-06-29 13:44:05",1225
"2019-06-29 14:44:05",1225
"2019-06-29 15:44:06",1225
"2019-06-29 16:44:09",1225
"2019-06-29 17:44:04",1225
"2019-06-29 18:44:05",1225
"2019-06-29 19:44:06",1225
"2019-06-29 20:44:05",1225
"2019-06-29 21:44:08",1225
"2019-06-29 22:44:03",1225
"2019-06-29 23:44:07",1225
"2019-06-30 00:44:05",1225
"2019-06-30 01:44:09",1225
"2019-06-30 02:44:07",1225
"2019-06-30 03:44:05",1225
"2019-06-30 04:44:07",1225
"2019-06-30 05:44:05",1225
"2019-06-30 06:44:06",1225
"2019-06-30 07:44:07",1225
"2019-06-30 08:44:06",1225
"2019-06-30 09:44:05",1225
"2019-06-30 10:44:05",1225
"2019-06-30 11:44:05",1225
"2019-06-30 12:44:04",1225
"2019-06-30 13:44:06",1225
"2019-06-30 14:44:04",1225
"2019-06-30 15:44:05",1225
"2019-06-30 16:44:06",1225
"2019-06-30 17:44:04",1225
"2019-06-30 18:44:05",1225
"2019-06-30 19:44:06",1225
"2019-06-30 20:44:06",1225
"2019-06-30 21:44:05",1225
"2019-06-30 22:44:04",1225
"2019-06-30 23:44:05",1225
"2019-07-01 00:44:07",1225
"2019-07-01 01:44:06",1225
"2019-07-01 02:44:07",1225
"2019-07-01 03:44:06",1225
"2019-07-01 04:44:03",1225
"2019-07-01 05:44:09",1224
"2019-07-01 06:44:04",1224
"2019-07-01 07:44:11",1224
"2019-07-01 08:44:16",1224
"2019-07-01 09:44:04",1224
"2019-07-01 10:44:03",1224
"2019-07-01 11:44:06",1224
"2019-07-01 13:07:37",1224
"2019-07-01 13:44:09",1224
"2019-07-01 14:44:28",1220
"2019-07-01 15:44:08",1223
"2019-07-01 16:44:07",1222
"2019-07-01 17:44:06",1223
"2019-07-01 18:44:06",1224
"2019-07-01 19:44:08",1223
"2019-07-01 20:44:07",1226
"2019-07-01 21:44:06",1226
"2019-07-01 22:44:07",1226
"2019-07-01 23:44:06",1226
"2019-07-02 00:44:09",1226
"2019-07-02 01:44:05",1226
"2019-07-02 02:44:18",1226
"2019-07-02 03:44:16",1226
"2019-07-02 04:44:07",1226
"2019-07-02 05:44:23",1226
"2019-07-02 06:44:07",1226
"2019-07-02 07:44:08",1226
"2019-07-02 08:44:06",1226
"2019-07-02 09:44:04",1226
"2019-07-02 10:44:05",1226
"2019-07-02 11:44:06",1226
"2019-07-02 12:44:09",1226
"2019-07-02 13:44:06",1226
"2019-07-02 14:44:08",1225
"2019-07-02 15:44:05",1223
"2019-07-02 16:44:05",1224
"2019-07-02 17:44:06",1222
"2019-07-02 18:44:05",1222
"2019-07-02 19:44:07",1223
"2019-07-02 20:44:04",1223
"2019-07-02 21:44:07",1223
"2019-07-02 22:44:11",1223
"2019-07-03 00:44:06",1223
"2019-07-03 01:44:04",1223
"2019-07-03 02:44:09",1223
"2019-07-03 03:44:09",1223
"2019-07-03 04:44:08",1223
"2019-07-03 05:44:08",1223
"2019-07-03 06:44:07",1223
"2019-07-03 07:44:06",1223
"2019-07-03 08:44:19",1223
"2019-07-03 09:44:06",1223
"2019-07-03 10:44:11",1223
"2019-07-03 11:44:06",1223
"2019-07-03 13:08:40",1223
"2019-07-03 13:44:06",1223
"2019-07-03 14:44:14",1224
"2019-07-03 15:44:06",1223
"2019-07-03 16:44:25",1221
"2019-07-03 17:44:07",1221
"2019-07-03 18:44:08",1221
"2019-07-03 19:44:05",1221
"2019-07-03 20:44:04",1221
"2019-07-03 21:44:06",1221
"2019-07-03 22:44:04",1221
"2019-07-03 23:44:07",1221
"2019-07-04 00:44:07",1221
"2019-07-04 01:44:05",1221
"2019-07-04 02:44:10",1221
"2019-07-04 03:44:05",1221
"2019-07-04 04:44:05",1221
"2019-07-04 05:44:08",1221
"2019-07-04 06:44:07",1221
"2019-07-04 07:44:04",1221
"2019-07-04 08:44:04",1221
"2019-07-04 09:44:04",1221
"2019-07-04 10:44:06",1221
"2019-07-04 11:44:05",1221
"2019-07-04 12:44:08",1221
"2019-07-04 13:44:10",1221
"2019-07-04 14:44:07",1221
"2019-07-04 15:44:05",1221
"2019-07-04 16:44:05",1221
"2019-07-04 17:44:04",1221
"2019-07-04 18:44:05",1221
"2019-07-04 19:44:04",1221
"2019-07-04 20:44:06",1221
"2019-07-04 21:44:06",1221
"2019-07-04 22:44:07",1221
"2019-07-04 23:44:04",1221
"2019-07-05 00:44:06",1221
"2019-07-05 01:44:04",1221
"2019-07-05 02:44:05",1221
"2019-07-05 03:44:05",1221
"2019-07-05 04:44:04",1221
"2019-07-05 05:44:10",1221
"2019-07-05 06:44:09",1221
"2019-07-05 07:44:05",1221
"2019-07-05 08:44:04",1221
"2019-07-05 09:44:04",1221
"2019-07-05 10:44:14",1221
"2019-07-05 11:44:13",1221
"2019-07-05 12:44:05",1221
"2019-07-05 13:44:13",1221
"2019-07-05 14:44:08",1223
"2019-07-05 15:44:05",1225
"2019-07-05 16:44:17",1226
"2019-07-05 17:44:06",1227
"2019-07-05 18:44:06",1229
"2019-07-05 19:44:05",1229
"2019-07-05 20:44:06",1229
"2019-07-05 21:44:07",1229
"2019-07-05 22:44:09",1229
"2019-07-05 23:44:06",1229
"2019-07-06 00:44:10",1229
"2019-07-06 01:44:10",1229
"2019-07-06 02:44:13",1229
"2019-07-06 03:44:06",1229
"2019-07-06 04:44:04",1229
"2019-07-06 05:44:06",1229
"2019-07-06 06:44:08",1229
"2019-07-06 07:44:03",1229
"2019-07-06 08:44:05",1229
"2019-07-06 09:44:05",1229
"2019-07-06 10:44:05",1229
"2019-07-06 11:44:24",1229
"2019-07-06 12:44:08",1229
"2019-07-06 13:44:06",1229
"2019-07-06 14:44:04",1229
"2019-07-06 15:44:04",1229
"2019-07-06 16:44:08",1229
"2019-07-06 17:44:06",1229
"2019-07-06 18:44:05",1229
"2019-07-06 19:44:09",1229
"2019-07-06 20:44:03",1229
"2019-07-06 21:44:05",1229
"2019-07-06 22:44:05",1229
"2019-07-06 23:44:06",1229
"2019-07-07 00:44:04",1229
"2019-07-07 01:44:05",1229
"2019-07-07 02:44:07",1229
"2019-07-07 03:44:04",1229
"2019-07-07 04:44:05",1229
"2019-07-07 05:44:09",1229
"2019-07-07 06:44:05",1229
"2019-07-07 07:44:05",1229
"2019-07-07 08:44:06",1229
"2019-07-07 09:44:05",1229
"2019-07-07 10:44:06",1229
"2019-07-07 11:44:02",1229
"2019-07-07 12:44:02",1229
"2019-07-07 13:44:02",1229
"2019-07-07 14:44:04",1229
"2019-07-07 15:44:05",1229
"2019-07-07 16:44:06",1229
"2019-07-07 17:44:04",1229
"2019-07-07 18:44:05",1229
"2019-07-07 19:44:02",1229
"2019-07-07 20:44:04",1229
"2019-07-07 21:44:05",1229
"2019-07-07 22:44:05",1229
"2019-07-07 23:44:04",1229
"2019-07-08 00:44:04",1229
"2019-07-08 01:44:07",1229
"2019-07-08 02:44:04",1229
"2019-07-08 03:44:09",1229
"2019-07-08 04:44:04",1229
"2019-07-08 05:44:02",1229
"2019-07-08 06:44:10",1229
"2019-07-08 07:44:12",1229
"2019-07-08 08:44:09",1229
"2019-07-08 09:44:12",1229
"2019-07-08 10:44:14",1229
"2019-07-08 11:44:22",1229
"2019-07-08 12:44:05",1229
"2019-07-08 13:44:04",1229
"2019-07-08 14:44:05",1231
"2019-07-08 15:44:04",1236
"2019-07-08 16:44:06",1238
"2019-07-08 17:44:04",1248
"2019-07-08 18:44:06",1250
"2019-07-08 19:44:04",1255
"2019-07-08 20:44:04",1253
"2019-07-08 21:44:05",1253
"2019-07-08 22:44:05",1254
"2019-07-08 23:44:03",1254
"2019-07-09 00:44:04",1254
"2019-07-09 01:44:03",1254
"2019-07-09 02:44:13",1254
"2019-07-09 03:44:08",1254
"2019-07-09 04:44:07",1254
"2019-07-09 05:44:13",1254
"2019-07-09 06:44:07",1254
"2019-07-09 07:44:08",1254
"2019-07-09 08:44:05",1254
"2019-07-09 09:44:04",1254
"2019-07-09 10:44:02",1254
"2019-07-09 11:44:05",1254
"2019-07-09 13:07:08",1254
"2019-07-09 13:44:03",1254
"2019-07-09 14:44:04",1251
"2019-07-09 15:44:05",1251
"2019-07-09 16:44:03",1252
"2019-07-09 17:44:07",1249
"2019-07-09 18:44:04",1249
"2019-07-09 19:44:04",1249
"2019-07-09 20:44:04",1250
"2019-07-09 21:44:04",1250
"2019-07-09 22:44:02",1250
"2019-07-09 23:44:04",1250
"2019-07-10 00:44:03",1250
"2019-07-10 01:44:05",1250
"2019-07-10 02:44:04",1250
"2019-07-10 03:44:03",1250
"2019-07-10 04:44:03",1250
"2019-07-10 05:44:08",1250
"2019-07-10 06:44:06",1250
"2019-07-10 07:44:01",1250
"2019-07-10 08:44:03",1250
"2019-07-10 09:44:01",1250
"2019-07-10 10:44:03",1250
"2019-07-10 11:44:05",1250
"2019-07-10 12:44:07",1249
"2019-07-10 13:44:05",1248
"2019-07-10 14:44:04",1247
"2019-07-10 15:44:06",1244
"2019-07-10 16:44:18",1243
"2019-07-10 17:44:04",1244
"2019-07-10 18:44:03",1242
"2019-07-10 19:44:03",1242
"2019-07-10 20:44:04",1243
"2019-07-10 21:44:03",1242
"2019-07-10 22:44:09",1242
"2019-07-10 23:44:04",1242
"2019-07-11 00:44:03",1242
"2019-07-11 01:44:04",1242
"2019-07-11 02:44:10",1242
"2019-07-11 03:44:07",1242
"2019-07-11 04:44:10",1242
"2019-07-11 05:44:07",1242
"2019-07-11 06:44:06",1242
"2019-07-11 07:44:04",1242
"2019-07-11 08:44:10",1242
"2019-07-11 09:44:04",1242
"2019-07-11 10:44:06",1242
"2019-07-11 11:44:03",1242
"2019-07-11 12:44:03",1242
"2019-07-11 13:44:04",1242
"2019-07-11 14:44:04",1244
"2019-07-11 15:44:04",1244
"2019-07-11 16:44:04",1244
"2019-07-11 17:44:04",1244
"2019-07-11 18:44:05",1244
"2019-07-11 19:44:04",1245
"2019-07-11 20:44:03",1243
"2019-07-11 21:44:08",1243
"2019-07-11 22:44:02",1243
"2019-07-11 23:44:04",1243
"2019-07-12 00:44:03",1243
"2019-07-12 01:44:05",1243
"2019-07-12 02:44:03",1243
"2019-07-12 03:44:03",1243
"2019-07-12 04:44:03",1243
"2019-07-12 05:44:08",1243
"2019-07-12 06:44:11",1243
"2019-07-12 07:44:04",1243
"2019-07-12 08:44:04",1243
"2019-07-12 09:44:10",1243
"2019-07-12 10:44:06",1243
"2019-07-12 11:44:04",1243
"2019-07-12 13:07:38",1243
"2019-07-12 13:44:06",1243
"2019-07-12 14:44:04",1242
"2019-07-12 15:44:23",1240
"2019-07-12 16:44:08",1240
"2019-07-12 17:44:08",1240
"2019-07-12 18:44:04",1239
"2019-07-12 19:44:02",1238
"2019-07-12 20:44:02",1237
"2019-07-12 21:44:04",1237
"2019-07-12 22:44:11",1237
"2019-07-12 23:44:04",1237
"2019-07-13 00:44:04",1237
"2019-07-13 01:44:05",1237
"2019-07-13 02:44:08",1237
"2019-07-13 03:44:02",1237
"2019-07-13 04:44:04",1237
"2019-07-13 05:44:04",1237
"2019-07-13 06:44:04",1237
"2019-07-13 07:44:05",1237
"2019-07-13 08:44:02",1237
"2019-07-13 09:44:04",1237
"2019-07-13 10:44:04",1237
"2019-07-13 11:44:06",1237
"2019-07-13 12:44:07",1237
"2019-07-13 13:44:04",1237
"2019-07-13 14:44:03",1237
"2019-07-13 15:44:05",1237
"2019-07-13 16:44:33",1237
"2019-07-13 17:44:08",1237
"2019-07-13 18:44:09",1237
"2019-07-13 19:44:07",1237
"2019-07-13 20:44:09",1237
"2019-07-13 21:44:07",1237
"2019-07-13 22:44:04",1237
"2019-07-13 23:44:04",1237
"2019-07-14 00:44:04",1237
"2019-07-14 01:44:13",1237
"2019-07-14 02:44:05",1237
"2019-07-14 03:44:06",1237
"2019-07-14 04:44:04",1237
"2019-07-14 05:44:07",1237
"2019-07-14 06:44:07",1237
"2019-07-14 07:44:03",1237
"2019-07-14 08:44:04",1237
"2019-07-14 09:44:01",1237
"2019-07-14 10:44:03",1237
"2019-07-14 11:44:06",1237
"2019-07-14 12:44:04",1237
"2019-07-14 13:44:06",1237
"2019-07-14 14:44:04",1237
"2019-07-14 15:44:05",1237
"2019-07-14 16:44:09",1237
"2019-07-14 17:44:05",1237
"2019-07-14 18:44:03",1237
"2019-07-14 19:44:03",1237
"2019-07-14 20:44:13",1237
"2019-07-14 21:44:03",1237
"2019-07-14 22:44:03",1237
"2019-07-14 23:44:03",1237
"2019-07-15 00:44:05",1237
"2019-07-15 01:44:03",1237
"2019-07-15 02:44:04",1237
"2019-07-15 03:44:03",1237
"2019-07-15 04:44:02",1237
"2019-07-15 05:44:09",1237
"2019-07-15 06:44:14",1237
"2019-07-15 07:44:04",1237
"2019-07-15 08:44:02",1237
"2019-07-15 09:44:03",1237
"2019-07-15 10:44:04",1237
"2019-07-15 11:44:02",1237
"2019-07-15 13:08:09",1237
"2019-07-15 13:44:06",1237
"2019-07-15 14:44:04",1236
"2019-07-15 15:44:03",1235
"2019-07-15 16:44:19",1235
"2019-07-15 17:44:04",1235
"2019-07-15 18:44:03",1236
"2019-07-15 19:44:04",1234
"2019-07-15 20:44:04",1234
"2019-07-15 21:44:04",1234
"2019-07-15 22:44:08",1235
"2019-07-15 23:44:04",1235
"2019-07-16 00:44:03",1235
"2019-07-16 01:44:04",1235
"2019-07-16 02:44:10",1235
"2019-07-16 03:44:04",1235
"2019-07-16 04:44:03",1235
"2019-07-16 05:44:09",1235
"2019-07-16 06:44:15",1235
"2019-07-16 07:44:03",1235
"2019-07-16 08:44:04",1235
"2019-07-16 09:44:04",1235
"2019-07-16 10:44:06",1235
"2019-07-16 11:44:02",1235
"2019-07-16 13:08:07",1235
"2019-07-16 13:44:05",1235
"2019-07-16 14:44:03",1234
"2019-07-16 15:44:13",1234
"2019-07-16 16:44:06",1234
"2019-07-16 17:44:06",1233
"2019-07-16 18:44:05",1230
"2019-07-16 19:44:03",1231
"2019-07-16 20:44:30",1231
"2019-07-16 21:44:04",1231
"2019-07-16 22:44:05",1231
"2019-07-16 23:44:04",1231
"2019-07-17 00:44:04",1231
"2019-07-17 01:44:04",1231
"2019-07-17 02:44:06",1231
"2019-07-17 03:44:06",1231
"2019-07-17 04:44:05",1231
"2019-07-17 05:44:19",1231
"2019-07-17 06:44:07",1231
"2019-07-17 07:44:08",1231
"2019-07-17 08:44:05",1231
"2019-07-17 09:44:05",1231
"2019-07-17 10:44:04",1231
"2019-07-17 11:44:03",1231
"2019-07-17 13:07:39",1231
"2019-07-17 13:44:04",1231
"2019-07-17 14:44:06",1229
"2019-07-17 15:44:12",1225
"2019-07-17 16:44:10",1226
"2019-07-17 17:44:03",1220
"2019-07-17 18:44:05",1231
"2019-07-17 19:44:03",1235
"2019-07-17 20:44:04",1245
"2019-07-17 21:44:04",1248
"2019-07-17 22:44:05",1250
"2019-07-17 23:44:04",1250
"2019-07-18 00:44:03",1250
"2019-07-18 01:44:13",1250
"2019-07-18 02:44:07",1250
"2019-07-18 03:44:06",1250
"2019-07-18 04:44:03",1250
"2019-07-18 05:44:08",1251
"2019-07-18 06:44:07",1251
"2019-07-18 07:44:02",1251
"2019-07-18 08:44:08",1251
"2019-07-18 09:44:03",1251
"2019-07-18 10:44:04",1251
"2019-07-18 11:44:02",1251
"2019-07-18 13:08:13",1251
"2019-07-18 13:44:04",1251
"2019-07-18 14:44:04",1294
"2019-07-18 15:44:04",1296
"2019-07-18 16:44:14",1301
"2019-07-18 17:44:06",1312
"2019-07-18 18:44:06",1310
"2019-07-18 19:44:07",1304
"2019-07-18 20:44:06",1304
"2019-07-18 21:44:05",1304
"2019-07-18 22:44:06",1304
"2019-07-18 23:44:09",1304
"2019-07-19 00:44:06",1304
"2019-07-19 01:44:06",1304
"2019-07-19 02:44:08",1304
"2019-07-19 03:44:06",1304
"2019-07-19 04:44:07",1304
"2019-07-19 05:44:22",1304
"2019-07-19 06:44:07",1304
"2019-07-19 07:44:10",1304
"2019-07-19 08:44:05",1304
"2019-07-19 09:44:05",1304
"2019-07-19 10:44:04",1304
"2019-07-19 11:44:05",1304
"2019-07-19 13:07:38",1306
"2019-07-19 13:44:04",1306
"2019-07-19 14:44:04",1295
"2019-07-19 15:44:05",1280
"2019-07-19 16:44:05",1280
"2019-07-19 17:44:08",1274
"2019-07-19 18:44:06",1275
"2019-07-19 19:44:05",1272
"2019-07-19 20:44:05",1271
"2019-07-19 21:44:03",1271
"2019-07-19 22:44:05",1271
"2019-07-19 23:44:04",1271
"2019-07-20 00:44:05",1271
"2019-07-20 01:44:13",1271
"2019-07-20 02:44:14",1271
"2019-07-20 03:44:07",1271
"2019-07-20 04:44:13",1271
"2019-07-20 05:44:10",1271
"2019-07-20 06:44:04",1271
"2019-07-20 07:44:04",1271
"2019-07-20 08:44:05",1271
"2019-07-20 09:44:02",1271
"2019-07-20 10:44:03",1271
"2019-07-20 11:44:04",1271
"2019-07-20 12:44:05",1271
"2019-07-20 13:44:04",1271
"2019-07-20 14:44:04",1271
"2019-07-20 15:44:04",1271
"2019-07-20 16:44:06",1271
"2019-07-20 17:44:05",1271
"2019-07-20 18:44:04",1271
"2019-07-20 19:44:05",1271
"2019-07-20 20:44:03",1271
"2019-07-20 21:44:06",1271
"2019-07-20 22:44:02",1271
"2019-07-20 23:44:03",1271
"2019-07-21 00:44:05",1271
"2019-07-21 01:44:04",1271
"2019-07-21 02:44:06",1271
"2019-07-21 03:44:03",1271
"2019-07-21 04:44:04",1271
"2019-07-21 05:44:12",1271
"2019-07-21 06:44:15",1271
"2019-07-21 07:44:02",1271
"2019-07-21 08:44:04",1271
"2019-07-21 09:44:06",1271
"2019-07-21 10:44:13",1271
"2019-07-21 11:44:04",1271
"2019-07-21 12:44:03",1271
"2019-07-21 13:44:05",1271
"2019-07-21 14:44:04",1271
"2019-07-21 15:44:04",1271
"2019-07-21 16:44:04",1271
"2019-07-21 17:44:04",1271
"2019-07-21 18:44:05",1271
"2019-07-21 19:44:05",1271
"2019-07-21 20:44:05",1271
"2019-07-21 21:44:06",1271
"2019-07-21 22:44:03",1271
"2019-07-21 23:44:04",1271
"2019-07-22 00:44:03",1271
"2019-07-22 01:44:05",1271
"2019-07-22 02:44:04",1271
"2019-07-22 03:44:04",1271
"2019-07-22 04:44:04",1271
"2019-07-22 05:44:08",1270
"2019-07-22 06:44:13",1270
"2019-07-22 07:44:04",1270
"2019-07-22 08:44:04",1270
"2019-07-22 09:44:03",1270
"2019-07-22 10:44:04",1270
"2019-07-22 11:44:17",1270
"2019-07-22 12:44:09",1270
"2019-07-22 13:44:04",1270
"2019-07-22 14:44:06",1266
"2019-07-22 15:44:04",1264
"2019-07-22 16:44:07",1259
"2019-07-22 17:44:05",1256
"2019-07-22 18:44:12",1252
"2019-07-22 19:44:09",1250
"2019-07-22 20:44:07",1248
"2019-07-22 21:44:09",1248
"2019-07-22 22:44:04",1248
"2019-07-22 23:44:04",1248
"2019-07-23 00:44:04",1248
"2019-07-23 01:44:03",1248
"2019-07-23 02:44:09",1248
"2019-07-23 03:44:06",1248
"2019-07-23 04:44:07",1248
"2019-07-23 05:44:08",1248
"2019-07-23 06:44:12",1248
"2019-07-23 07:44:08",1248
"2019-07-23 08:44:04",1248
"2019-07-23 09:44:07",1248
"2019-07-23 10:44:06",1248
"2019-07-23 11:44:05",1248
"2019-07-23 13:07:11",1246
"2019-07-23 13:44:05",1246
"2019-07-23 14:44:06",1260
"2019-07-23 15:44:10",1263
"2019-07-23 16:44:07",1264
"2019-07-23 17:44:04",1266
"2019-07-23 18:44:05",1269
"2019-07-23 19:44:05",1275
"2019-07-23 20:44:05",1286
"2019-07-23 21:44:06",1289
"2019-07-23 22:44:09",1298
"2019-07-23 23:44:06",1298
"2019-07-24 00:44:05",1298
"2019-07-24 01:44:05",1298
"2019-07-24 02:44:11",1298
"2019-07-24 03:44:05",1298
"2019-07-24 04:44:05",1298
"2019-07-24 05:44:07",1298
"2019-07-24 06:44:04",1298
"2019-07-24 07:44:03",1298
"2019-07-24 08:44:09",1298
"2019-07-24 09:44:07",1298
"2019-07-24 10:44:06",1298
"2019-07-24 11:44:03",1298
"2019-07-24 13:06:39",1300
"2019-07-24 13:44:07",1300
"2019-07-24 14:44:05",1342
"2019-07-24 15:44:08",1341
"2019-07-24 16:44:07",1336
"2019-07-24 17:44:05",1333
"2019-07-24 18:44:10",1330
"2019-07-24 19:44:06",1329
"2019-07-24 20:44:07",1325
"2019-07-24 21:44:06",1325
"2019-07-24 22:44:05",1325
"2019-07-24 23:44:06",1325
"2019-07-25 00:44:05",1325
"2019-07-25 01:44:12",1325
"2019-07-25 02:44:20",1325
"2019-07-25 03:44:06",1325
"2019-07-25 04:44:06",1325
"2019-07-25 05:44:12",1325
"2019-07-25 06:44:10",1325
"2019-07-25 07:44:06",1325
"2019-07-25 08:44:09",1325
"2019-07-25 09:44:06",1325
"2019-07-25 10:44:16",1325
"2019-07-25 11:44:05",1325
"2019-07-25 13:07:11",1325
"2019-07-25 13:44:10",1325
"2019-07-25 14:44:08",1313
"2019-07-25 15:44:06",1309
"2019-07-25 16:44:09",1309
"2019-07-25 17:44:08",1311
"2019-07-25 18:44:14",1307
"2019-07-25 19:44:42",1305
"2019-07-25 20:44:12",1302
"2019-07-25 21:44:11",1302
"2019-07-25 22:44:07",1302
"2019-07-25 23:44:07",1302
"2019-07-26 00:44:22",1302
"2019-07-26 01:44:07",1302
"2019-07-26 02:44:09",1302
"2019-07-26 03:44:10",1302
"2019-07-26 04:44:12",1302
"2019-07-26 05:44:16",1302
"2019-07-26 06:44:26",1302
"2019-07-26 07:44:16",1302
"2019-07-26 08:44:04",1302
"2019-07-26 09:44:06",1302
"2019-07-26 10:44:08",1302
"2019-07-26 11:44:11",1302
"2019-07-26 13:09:11",1302
"2019-07-26 13:44:08",1302
"2019-07-26 14:44:07",1298
"2019-07-26 15:44:06",1295
"2019-07-26 16:44:09",1296
"2019-07-26 17:44:09",1296
"2019-07-26 18:44:09",1294
"2019-07-26 19:44:06",1294
"2019-07-26 20:44:06",1294
"2019-07-26 22:44:05",1293
"2019-07-26 23:44:04",1293
"2019-07-27 00:44:05",1293
"2019-07-27 01:44:06",1293
"2019-07-27 02:44:09",1293
"2019-07-27 03:44:06",1293
"2019-07-27 04:44:06",1293
"2019-07-27 05:44:06",1293
"2019-07-27 06:44:06",1293
"2019-07-27 07:44:05",1293
"2019-07-27 08:44:05",1293
"2019-07-27 09:44:04",1293
"2019-07-27 10:44:07",1293
"2019-07-27 11:44:04",1293
"2019-07-27 12:44:06",1293
"2019-07-27 13:44:04",1293
"2019-07-27 14:44:06",1293
"2019-07-27 15:44:09",1293
"2019-07-27 16:44:14",1293
"2019-07-27 17:44:10",1293
"2019-07-27 18:44:08",1293
"2019-07-27 19:44:07",1293
"2019-07-27 20:44:08",1293
"2019-07-27 21:44:06",1293
"2019-07-27 22:44:07",1293
"2019-07-27 23:44:05",1293
"2019-07-28 00:44:05",1293
"2019-07-28 01:44:05",1293
"2019-07-28 02:44:05",1293
"2019-07-28 03:44:04",1293
"2019-07-28 04:44:05",1293
"2019-07-28 05:44:04",1293
"2019-07-28 06:44:04",1293
"2019-07-28 07:44:05",1293
"2019-07-28 08:44:04",1293
"2019-07-28 09:44:03",1293
"2019-07-28 10:44:02",1293
"2019-07-28 11:44:03",1293
"2019-07-28 12:44:05",1293
"2019-07-28 13:44:04",1293
"2019-07-28 14:44:05",1293
"2019-07-28 15:44:04",1293
"2019-07-28 16:44:06",1293
"2019-07-28 17:44:06",1293
"2019-07-28 18:44:05",1293
"2019-07-28 19:44:05",1293
"2019-07-28 20:44:04",1293
"2019-07-28 21:44:05",1293
"2019-07-28 22:44:07",1293
"2019-07-28 23:44:07",1293
"2019-07-29 00:44:05",1293
"2019-07-29 01:44:05",1293
"2019-07-29 02:44:05",1293
"2019-07-29 03:44:06",1293
"2019-07-29 04:44:07",1293
"2019-07-29 05:44:11",1294
"2019-07-29 06:44:18",1294
"2019-07-29 07:44:06",1294
"2019-07-29 08:44:04",1294
"2019-07-29 09:44:05",1294
"2019-07-29 10:44:06",1294
"2019-07-29 11:44:05",1294
"2019-07-29 13:08:09",1294
"2019-07-29 13:44:09",1294
"2019-07-29 14:44:06",1294
"2019-07-29 15:44:06",1288
"2019-07-29 16:44:06",1287
"2019-07-29 17:44:05",1287
"2019-07-29 18:44:06",1287
"2019-07-29 19:44:05",1287
"2019-07-29 20:44:05",1288
"2019-07-29 21:44:04",1288
"2019-07-29 22:44:06",1288
"2019-07-29 23:44:05",1288
"2019-07-30 00:44:05",1288
"2019-07-30 01:44:06",1288
"2019-07-30 02:44:07",1288
"2019-07-30 03:44:05",1288
"2019-07-30 04:44:04",1288
"2019-07-30 05:44:06",1288
"2019-07-30 06:44:06",1288
"2019-07-30 07:44:14",1288
"2019-07-30 08:44:06",1288
"2019-07-30 09:44:05",1288
"2019-07-30 10:44:04",1288
"2019-07-30 11:44:07",1288
"2019-07-30 12:44:06",1288
"2019-07-30 13:44:06",1287
"2019-07-30 14:44:07",1283
"2019-07-30 15:44:07",1283
"2019-07-30 16:44:08",1282
"2019-07-30 17:44:12",1280
"2019-07-30 18:44:09",1281
"2019-07-30 19:44:10",1282
"2019-07-30 20:44:08",1279
"2019-07-30 21:44:07",1279
"2019-07-30 22:44:09",1279
"2019-07-30 23:44:06",1279
"2019-07-31 00:44:09",1279
"2019-07-31 01:44:06",1279
"2019-07-31 02:44:06",1279
"2019-07-31 03:44:08",1279
"2019-07-31 04:44:08",1279
"2019-07-31 05:44:17",1279
"2019-07-31 06:44:07",1279
"2019-07-31 07:44:07",1279
"2019-07-31 08:44:07",1279
"2019-07-31 09:44:08",1279
"2019-07-31 10:44:05",1279
"2019-07-31 11:44:05",1279
"2019-07-31 13:08:13",1279
"2019-07-31 13:44:06",1279
"2019-07-31 14:44:08",1276
"2019-07-31 15:44:08",1274
"2019-07-31 16:44:12",1273
"2019-07-31 17:44:06",1273
"2019-07-31 18:44:05",1272
"2019-07-31 19:44:06",1270
"2019-07-31 20:44:09",1268
"2019-07-31 21:44:08",1269
"2019-07-31 22:44:06",1269
"2019-07-31 23:44:07",1269
"2019-08-01 00:44:07",1269
"2019-08-01 01:44:20",1269
"2019-08-01 02:44:09",1269
"2019-08-01 03:44:07",1269
"2019-08-01 04:44:06",1269
"2019-08-01 05:44:10",1269
"2019-08-01 06:44:08",1269
"2019-08-01 07:44:13",1269
"2019-08-01 08:44:06",1269
"2019-08-01 09:44:08",1269
"2019-08-01 10:44:07",1269
"2019-08-01 11:44:05",1269
"2019-08-01 13:06:39",1269
"2019-08-01 13:44:08",1269
"2019-08-01 14:44:07",1269
"2019-08-01 15:44:14",1267
"2019-08-01 16:44:11",1272
"2019-08-01 17:44:09",1271
"2019-08-01 18:44:06",1271
"2019-08-01 19:44:06",1270
"2019-08-01 20:44:06",1270
"2019-08-01 21:44:06",1270
"2019-08-01 22:44:05",1270
"2019-08-01 23:44:07",1270
"2019-08-02 00:44:06",1270
"2019-08-02 01:44:06",1270
"2019-08-02 02:44:05",1270
"2019-08-02 03:44:06",1270
"2019-08-02 04:44:06",1270
"2019-08-02 05:44:09",1270
"2019-08-02 06:44:06",1270
"2019-08-02 07:44:04",1270
"2019-08-02 08:44:07",1270
"2019-08-02 09:44:07",1270
"2019-08-02 10:44:17",1270
"2019-08-02 11:44:06",1270
"2019-08-02 13:08:13",1269
"2019-08-02 13:44:09",1269
"2019-08-02 14:44:08",1264
"2019-08-02 15:44:09",1263
"2019-08-02 16:44:11",1262
"2019-08-02 17:44:07",1261
"2019-08-02 18:44:08",1260
"2019-08-02 19:44:09",1261
"2019-08-02 20:44:08",1261
"2019-08-02 21:44:08",1260
"2019-08-02 22:44:06",1260
"2019-08-02 23:44:07",1260
"2019-08-03 00:44:07",1260
"2019-08-03 01:44:06",1260
"2019-08-03 02:44:15",1260
"2019-08-03 03:44:07",1260
"2019-08-03 04:44:06",1260
"2019-08-03 05:44:14",1260
"2019-08-03 06:44:08",1260
"2019-08-03 07:44:05",1260
"2019-08-03 08:44:08",1260
"2019-08-03 09:44:07",1260
"2019-08-03 10:44:07",1260
"2019-08-03 11:44:06",1260
"2019-08-03 12:44:08",1260
"2019-08-03 13:44:08",1260
"2019-08-03 14:44:07",1260
"2019-08-03 15:44:06",1260
"2019-08-03 16:44:07",1260
"2019-08-03 17:44:08",1260
"2019-08-03 18:44:07",1260
"2019-08-03 19:44:06",1260
"2019-08-03 20:44:05",1260
"2019-08-03 21:44:05",1260
"2019-08-03 22:44:06",1260
"2019-08-03 23:44:06",1260
"2019-08-04 00:44:07",1260
"2019-08-04 01:44:06",1260
"2019-08-04 02:44:12",1260
"2019-08-04 03:44:08",1260
"2019-08-04 04:44:06",1260
"2019-08-04 05:44:12",1260
"2019-08-04 06:44:06",1260
"2019-08-04 07:44:07",1260
"2019-08-04 08:44:08",1260
"2019-08-04 09:44:06",1260
"2019-08-04 10:44:06",1260
"2019-08-04 11:44:03",1260
"2019-08-04 12:44:06",1260
"2019-08-04 13:44:07",1260
"2019-08-04 14:44:05",1260
"2019-08-04 15:44:06",1260
"2019-08-04 16:44:07",1260
"2019-08-04 17:44:07",1260
"2019-08-04 18:44:07",1260
"2019-08-04 19:44:06",1260
"2019-08-04 20:44:07",1260
"2019-08-04 21:44:07",1260
"2019-08-04 22:44:07",1260
"2019-08-04 23:44:06",1260
"2019-08-05 00:44:06",1260
"2019-08-05 01:44:08",1260
"2019-08-05 02:44:09",1260
"2019-08-05 03:44:07",1260
"2019-08-05 04:44:07",1260
"2019-08-05 05:44:10",1260
"2019-08-05 06:44:06",1260
"2019-08-05 07:44:11",1260
"2019-08-05 08:44:08",1260
"2019-08-05 09:44:09",1260
"2019-08-05 10:44:07",1260
"2019-08-05 11:44:06",1260
"2019-08-05 13:08:43",1260
"2019-08-05 13:44:10",1260
"2019-08-05 14:44:09",1256
"2019-08-05 15:44:07",1252
"2019-08-05 16:44:08",1252
"2019-08-05 17:44:09",1251
"2019-08-05 18:44:11",1249
"2019-08-05 19:44:08",1249
"2019-08-05 20:44:06",1252
"2019-08-05 21:44:07",1251
"2019-08-05 22:44:09",1251
"2019-08-05 23:44:09",1251
"2019-08-06 00:44:20",1251
"2019-08-06 01:44:13",1251
"2019-08-06 02:44:08",1251
"2019-08-06 03:44:07",1251
"2019-08-06 04:44:09",1251
"2019-08-06 05:44:10",1251
"2019-08-06 06:44:07",1251
"2019-08-06 07:44:07",1251
"2019-08-06 08:44:06",1251
"2019-08-06 09:44:13",1251
"2019-08-06 10:44:06",1251
"2019-08-06 11:44:05",1251
"2019-08-06 12:44:07",1251
"2019-08-06 13:44:10",1251
"2019-08-06 14:44:06",1253
"2019-08-06 15:44:08",1254
"2019-08-06 16:44:10",1253
"2019-08-06 17:44:07",1253
"2019-08-06 18:44:06",1255
"2019-08-06 19:44:08",1256
"2019-08-06 20:44:08",1257
"2019-08-06 21:44:07",1257
"2019-08-06 23:44:07",1257
"2019-08-07 00:44:08",1257
"2019-08-07 01:44:09",1257
"2019-08-07 02:44:10",1257
"2019-08-07 03:44:07",1257
"2019-08-07 04:44:07",1257
"2019-08-07 05:44:10",1257
"2019-08-07 06:44:13",1257
"2019-08-07 07:44:05",1257
"2019-08-07 08:44:08",1257
"2019-08-07 09:44:06",1257
"2019-08-07 10:44:15",1257
"2019-08-07 11:44:07",1257
"2019-08-07 12:44:09",1257
"2019-08-07 13:44:10",1257
"2019-08-07 14:44:09",1258
"2019-08-07 15:44:08",1266
"2019-08-07 16:44:08",1271
"2019-08-07 17:44:08",1267
"2019-08-07 18:44:07",1267
"2019-08-07 19:44:07",1268
"2019-08-07 20:44:07",1268
"2019-08-07 21:44:07",1265
"2019-08-07 22:44:06",1265
"2019-08-07 23:44:08",1265
"2019-08-08 00:44:08",1265
"2019-08-08 01:44:07",1265
"2019-08-08 02:44:14",1265
"2019-08-08 03:44:07",1265
"2019-08-08 04:44:06",1265
"2019-08-08 05:44:08",1265
"2019-08-08 06:44:11",1265
"2019-08-08 07:44:07",1265
"2019-08-08 08:44:07",1265
"2019-08-08 09:44:06",1265
"2019-08-08 10:44:11",1265
"2019-08-08 11:44:05",1265
"2019-08-08 12:44:08",1265
"2019-08-08 13:44:08",1265
"2019-08-08 14:44:07",1266
"2019-08-08 15:44:09",1285
"2019-08-08 16:44:10",1271
"2019-08-08 17:44:08",1273
"2019-08-08 18:44:08",1275
"2019-08-08 19:44:08",1275
"2019-08-08 20:44:10",1270
"2019-08-08 21:44:11",1272
"2019-08-08 22:44:10",1273
"2019-08-08 23:44:10",1273
"2019-08-09 00:44:11",1273
"2019-08-09 01:44:12",1273
"2019-08-09 02:44:13",1273
"2019-08-09 03:44:11",1273
"2019-08-09 04:44:12",1273
"2019-08-09 05:44:16",1273
"2019-08-09 06:44:12",1273
"2019-08-09 07:44:21",1273
"2019-08-09 08:44:12",1273
"2019-08-09 09:44:18",1273
"2019-08-09 10:44:12",1273
"2019-08-09 11:44:12",1273
"2019-08-09 13:08:17",1273
"2019-08-09 13:44:11",1273
"2019-08-09 14:44:19",1273
"2019-08-09 15:44:11",1266
"2019-08-09 16:44:19",1270
"2019-08-09 17:44:10",1269
"2019-08-09 18:44:11",1266
"2019-08-09 19:44:11",1265
"2019-08-09 20:44:10",1263
"2019-08-09 21:44:12",1262
"2019-08-09 22:44:12",1262
"2019-08-09 23:44:13",1262
"2019-08-10 00:44:12",1262
"2019-08-10 01:44:11",1262
"2019-08-10 02:44:28",1262
"2019-08-10 03:44:10",1262
"2019-08-10 04:44:11",1262
"2019-08-10 05:44:15",1262
"2019-08-10 06:44:11",1262
"2019-08-10 07:44:10",1262
"2019-08-10 08:44:10",1262
"2019-08-10 09:44:11",1262
"2019-08-10 10:44:13",1262
"2019-08-10 11:44:10",1262
"2019-08-10 12:44:13",1262
"2019-08-10 13:44:13",1262
"2019-08-10 14:44:10",1262
"2019-08-10 15:44:09",1262
"2019-08-10 16:44:18",1262
"2019-08-10 17:44:11",1262
"2019-08-10 18:44:10",1262
"2019-08-10 19:44:11",1262
"2019-08-10 20:44:11",1262
"2019-08-10 21:44:08",1262
"2019-08-10 22:44:10",1262
"2019-08-10 23:44:10",1262
"2019-08-11 00:44:08",1262
"2019-08-11 01:44:10",1262
"2019-08-11 02:44:19",1262
"2019-08-11 03:44:12",1262
"2019-08-11 04:44:10",1262
"2019-08-11 05:44:19",1262
"2019-08-11 06:44:10",1262
"2019-08-11 07:44:11",1262
"2019-08-11 08:44:09",1262
"2019-08-11 09:44:09",1262
"2019-08-11 10:44:09",1262
"2019-08-11 11:44:10",1262
"2019-08-11 12:44:11",1262
"2019-08-11 13:44:13",1262
"2019-08-11 14:44:10",1262
"2019-08-11 15:44:11",1262
"2019-08-11 16:44:11",1262
"2019-08-11 17:44:10",1262
"2019-08-11 18:44:11",1262
"2019-08-11 19:44:12",1262
"2019-08-11 20:44:13",1262
"2019-08-11 21:44:13",1262
"2019-08-11 22:44:12",1262
"2019-08-11 23:44:13",1262
"2019-08-12 00:44:14",1262
"2019-08-12 01:44:12",1262
"2019-08-12 02:44:20",1262
"2019-08-12 03:44:13",1262
"2019-08-12 04:44:12",1262
"2019-08-12 05:44:18",1262
"2019-08-12 06:44:20",1262
"2019-08-12 07:44:10",1262
"2019-08-12 08:44:13",1262
"2019-08-12 09:44:11",1262
"2019-08-12 10:44:15",1262
"2019-08-12 11:44:11",1262
"2019-08-12 12:44:16",1262
"2019-08-12 13:44:23",1262
"2019-08-12 14:44:11",1254
"2019-08-12 15:44:13",1253
"2019-08-12 16:44:22",1256
"2019-08-12 17:44:10",1255
"2019-08-12 18:44:09",1254
"2019-08-12 19:44:09",1254
"2019-08-12 20:44:11",1255
"2019-08-12 21:44:09",1255
"2019-08-12 22:44:09",1254
"2019-08-12 23:44:11",1254
"2019-08-13 00:44:08",1254
"2019-08-13 01:44:11",1254
"2019-08-13 02:44:15",1254
"2019-08-13 03:44:11",1254
"2019-08-13 04:44:07",1254
"2019-08-13 05:44:13",1254
"2019-08-13 06:44:09",1254
"2019-08-13 07:44:10",1254
"2019-08-13 08:44:08",1254
"2019-08-13 09:44:11",1254
"2019-08-13 10:44:15",1254
"2019-08-13 11:44:13",1254
"2019-08-13 12:44:13",1254
"2019-08-13 13:44:13",1255
"2019-08-13 14:44:11",1252
"2019-08-13 15:44:15",1252
"2019-08-13 16:44:13",1251
"2019-08-13 17:44:11",1251
"2019-08-13 18:44:11",1250
"2019-08-13 19:44:11",1252
"2019-08-13 20:44:10",1254
"2019-08-13 21:44:12",1253
"2019-08-13 22:44:18",1253
"2019-08-13 23:44:12",1253
"2019-08-14 00:44:13",1253
"2019-08-14 01:44:12",1253
"2019-08-14 02:44:13",1253
"2019-08-14 03:44:10",1253
"2019-08-14 04:44:10",1253
"2019-08-14 05:44:28",1253
"2019-08-14 06:44:10",1253
"2019-08-14 07:44:09",1253
"2019-08-14 08:44:08",1253
"2019-08-14 09:44:13",1253
"2019-08-14 10:44:07",1253
"2019-08-14 11:44:08",1253
"2019-08-14 13:07:17",1253
"2019-08-14 13:44:12",1253
"2019-08-14 14:44:12",1253
"2019-08-14 15:44:13",1249
"2019-08-14 16:44:11",1244
"2019-08-14 17:44:08",1243
"2019-08-14 18:44:12",1242
"2019-08-14 19:44:13",1240
"2019-08-14 20:44:10",1240
"2019-08-14 21:44:21",1240
"2019-08-14 22:44:10",1240
"2019-08-14 23:44:09",1240
"2019-08-15 00:44:39",1240
"2019-08-15 01:44:12",1240
"2019-08-15 02:44:13",1240
"2019-08-15 03:44:11",1240
"2019-08-15 04:44:12",1240
"2019-08-15 05:44:17",1240
"2019-08-15 06:44:09",1240
"2019-08-15 07:44:08",1240
"2019-08-15 08:44:23",1240
"2019-08-15 09:44:09",1240
"2019-08-15 10:44:09",1240
"2019-08-15 11:44:09",1240
"2019-08-15 13:07:15",1240
"2019-08-15 13:44:17",1240
"2019-08-15 14:44:12",1235
"2019-08-15 15:44:07",1233
"2019-08-15 16:44:27",1229
"2019-08-15 17:44:06",1229
"2019-08-15 18:44:10",1228
"2019-08-15 19:44:08",1226
"2019-08-15 20:44:10",1225
"2019-08-15 21:44:07",1225
"2019-08-15 22:44:06",1225
"2019-08-15 23:44:17",1225
"2019-08-16 00:44:13",1225
"2019-08-16 01:44:24",1225
"2019-08-16 02:44:10",1225
"2019-08-16 03:44:11",1225
"2019-08-16 04:44:06",1225
"2019-08-16 05:44:25",1225
"2019-08-16 06:44:07",1225
"2019-08-16 07:44:09",1225
"2019-08-16 08:44:08",1225
"2019-08-16 09:44:11",1225
"2019-08-16 10:44:07",1225
"2019-08-16 11:44:06",1225
"2019-08-16 12:44:08",1225
"2019-08-16 13:44:12",1225
"2019-08-16 14:44:08",1223
"2019-08-16 15:44:10",1226
"2019-08-16 16:44:23",1224
"2019-08-16 18:44:54",1224
"2019-08-16 19:44:13",1223
"2019-08-16 20:44:16",1221
"2019-08-16 21:44:13",1221
"2019-08-16 22:44:14",1221
"2019-08-16 23:44:13",1221
"2019-08-17 00:44:14",1221
"2019-08-17 01:44:18",1221
"2019-08-17 02:44:28",1221
"2019-08-17 03:44:14",1221
"2019-08-17 04:44:14",1221
"2019-08-17 05:44:15",1221
"2019-08-17 06:44:12",1221
"2019-08-17 07:44:12",1221
"2019-08-17 08:44:14",1221
"2019-08-17 09:44:13",1221
"2019-08-17 10:44:11",1221
"2019-08-17 11:44:12",1221
"2019-08-17 12:44:11",1221
"2019-08-17 13:44:13",1221
"2019-08-17 14:44:43",1221
"2019-08-17 15:44:12",1221
"2019-08-17 16:44:12",1221
"2019-08-17 17:44:10",1221
"2019-08-17 18:44:10",1221
"2019-08-17 19:44:11",1221
"2019-08-17 20:44:13",1221
"2019-08-17 21:44:10",1221
"2019-08-17 22:44:10",1221
"2019-08-17 23:44:10",1221
"2019-08-18 00:44:11",1221
"2019-08-18 01:44:10",1221
"2019-08-18 02:44:13",1221
"2019-08-18 03:44:11",1221
"2019-08-18 04:44:10",1221
"2019-08-18 05:44:32",1221
"2019-08-18 06:44:31",1221
"2019-08-18 07:44:14",1221
"2019-08-18 08:44:15",1221
"2019-08-18 09:44:14",1221
"2019-08-18 10:44:11",1221
"2019-08-18 11:44:12",1221
"2019-08-18 12:44:13",1221
"2019-08-18 13:44:13",1221
"2019-08-18 14:44:13",1221
"2019-08-18 15:44:14",1221
"2019-08-18 16:44:17",1221
"2019-08-18 17:44:12",1221
"2019-08-18 18:44:12",1221
"2019-08-18 19:44:13",1221
"2019-08-18 20:44:14",1221
"2019-08-18 21:44:20",1221
"2019-08-18 22:44:14",1221
"2019-08-18 23:44:13",1221
"2019-08-19 00:44:13",1221
"2019-08-19 01:44:17",1221
"2019-08-19 02:44:15",1221
"2019-08-19 03:44:11",1221
"2019-08-19 04:44:12",1221
"2019-08-19 05:44:17",1221
"2019-08-19 06:44:15",1221
"2019-08-19 07:44:25",1221
"2019-08-19 08:44:13",1221
"2019-08-19 09:44:19",1221
"2019-08-19 10:44:13",1221
"2019-08-19 11:44:12",1221
"2019-08-19 12:44:18",1221
"2019-08-19 13:44:15",1221
"2019-08-19 14:44:08",1234
"2019-08-19 15:44:10",1240
"2019-08-19 16:44:09",1244
"2019-08-19 17:44:08",1249
"2019-08-19 18:44:11",1252
"2019-08-19 19:44:09",1254
"2019-08-19 20:44:09",1255
"2019-08-19 21:44:10",1255
"2019-08-19 22:44:08",1256
"2019-08-19 23:44:09",1256
"2019-08-20 00:44:12",1256
"2019-08-20 01:44:09",1256
"2019-08-20 02:44:12",1256
"2019-08-20 03:44:09",1256
"2019-08-20 04:44:08",1256
"2019-08-20 05:44:24",1256
"2019-08-20 06:44:14",1256
"2019-08-20 07:44:08",1256
"2019-08-20 08:44:08",1256
"2019-08-20 09:44:08",1256
"2019-08-20 10:44:30",1256
"2019-08-20 11:44:07",1256
"2019-08-20 13:06:15",1256
"2019-08-20 13:44:18",1256
"2019-08-20 14:44:10",1266
"2019-08-20 15:44:09",1268
"2019-08-20 16:44:10",1269
"2019-08-20 17:44:10",1270
"2019-08-20 18:44:10",1267
"2019-08-20 19:44:10",1269
"2019-08-20 20:44:11",1274
"2019-08-20 21:44:13",1276
"2019-08-20 22:44:11",1277
"2019-08-20 23:44:09",1277
"2019-08-21 00:44:12",1277
"2019-08-21 01:44:14",1277
"2019-08-21 02:44:16",1277
"2019-08-21 03:44:15",1277
"2019-08-21 04:44:11",1277
"2019-08-21 05:44:13",1277
"2019-08-21 06:44:18",1277
"2019-08-21 07:44:11",1277
"2019-08-21 08:44:12",1277
"2019-08-21 09:44:10",1277
"2019-08-21 10:44:09",1277
"2019-08-21 11:44:09",1277
"2019-08-21 12:44:10",1277
"2019-08-21 13:44:13",1277
"2019-08-21 14:44:12",1283
"2019-08-21 15:44:14",1280
"2019-08-21 16:44:26",1283
"2019-08-21 17:44:10",1282
"2019-08-21 18:44:12",1285
"2019-08-21 19:44:12",1283
"2019-08-21 20:44:12",1285
"2019-08-21 21:44:13",1287
"2019-08-21 22:44:14",1287
"2019-08-21 23:44:11",1287
"2019-08-22 00:44:13",1287
"2019-08-22 01:44:10",1287
"2019-08-22 02:44:17",1287
"2019-08-22 03:44:11",1287
"2019-08-22 04:44:10",1287
"2019-08-22 05:44:14",1287
"2019-08-22 06:44:11",1287
"2019-08-22 07:44:12",1287
"2019-08-22 08:44:11",1287
"2019-08-22 09:44:11",1287
"2019-08-22 10:44:13",1287
"2019-08-22 11:44:13",1287
"2019-08-22 12:44:13",1287
"2019-08-22 13:44:14",1283
"2019-08-22 14:44:16",1280
"2019-08-22 15:44:15",1281
"2019-08-22 16:44:20",1285
"2019-08-22 17:44:16",1287
"2019-08-22 18:44:16",1290
"2019-08-22 19:44:14",1293
"2019-08-22 20:44:16",1287
"2019-08-22 21:44:18",1287
"2019-08-22 22:44:14",1288
"2019-08-22 23:44:15",1288
"2019-08-23 00:44:17",1288
"2019-08-23 01:44:19",1288
"2019-08-23 02:44:20",1288
"2019-08-23 03:44:13",1288
"2019-08-23 04:44:13",1288
"2019-08-23 05:44:14",1288
"2019-08-23 06:44:14",1288
"2019-08-23 07:44:13",1288
"2019-08-23 08:44:14",1288
"2019-08-23 09:44:11",1288
"2019-08-23 10:44:17",1288
"2019-08-23 11:44:11",1288
"2019-08-23 12:44:16",1288
"2019-08-23 13:44:17",1287
"2019-08-23 14:44:14",1282
"2019-08-23 15:44:15",1285
"2019-08-23 16:44:17",1283
"2019-08-23 17:44:11",1282
"2019-08-23 18:44:16",1280
"2019-08-23 19:44:14",1278
"2019-08-23 20:44:11",1282
"2019-08-23 21:44:13",1282
"2019-08-23 22:44:53",1282
"2019-08-23 23:44:12",1282
"2019-08-24 00:44:13",1282
"2019-08-24 01:44:11",1282
"2019-08-24 02:44:33",1282
"2019-08-24 03:44:11",1282
"2019-08-24 04:44:09",1282
"2019-08-24 05:44:14",1282
"2019-08-24 06:44:14",1282
"2019-08-24 07:44:16",1282
"2019-08-24 08:44:14",1282
"2019-08-24 09:44:13",1282
"2019-08-24 10:44:12",1282
"2019-08-24 11:44:10",1282
"2019-08-24 12:44:14",1282
"2019-08-24 13:44:11",1282
"2019-08-24 14:44:12",1282
"2019-08-24 15:44:13",1282
"2019-08-24 16:44:26",1282
"2019-08-24 17:44:12",1282
"2019-08-24 18:44:16",1282
"2019-08-24 19:44:13",1282
"2019-08-24 20:44:12",1282
"2019-08-24 21:44:12",1282
"2019-08-24 22:44:13",1282
"2019-08-24 23:44:11",1282
"2019-08-25 00:44:09",1282
"2019-08-25 01:44:15",1282
"2019-08-25 02:44:25",1282
"2019-08-25 03:44:11",1282
"2019-08-25 04:44:11",1282
"2019-08-25 05:44:11",1282
"2019-08-25 06:44:11",1282
"2019-08-25 07:44:11",1282
"2019-08-25 08:44:13",1282
"2019-08-25 09:44:10",1282
"2019-08-25 10:44:11",1282
"2019-08-25 11:44:15",1282
"2019-08-25 12:44:11",1282
"2019-08-25 13:44:13",1282
"2019-08-25 14:44:11",1282
"2019-08-25 15:44:13",1282
"2019-08-25 16:44:16",1282
"2019-08-25 17:44:10",1282
"2019-08-25 18:44:10",1282
"2019-08-25 19:44:12",1282
"2019-08-25 20:44:12",1282
"2019-08-25 21:44:13",1282
"2019-08-25 22:44:11",1282
"2019-08-25 23:44:12",1282
"2019-08-26 00:44:10",1282
"2019-08-26 01:44:09",1282
"2019-08-26 02:44:16",1282
"2019-08-26 03:44:10",1282
"2019-08-26 04:44:12",1282
"2019-08-26 05:44:15",1282
"2019-08-26 06:44:11",1282
"2019-08-26 07:44:13",1282
"2019-08-26 08:44:11",1282
"2019-08-26 09:44:10",1282
"2019-08-26 10:44:13",1282
"2019-08-26 11:44:10",1282
"2019-08-26 12:44:14",1282
"2019-08-26 13:44:12",1282
"2019-08-26 14:44:11",1283
"2019-08-26 15:44:14",1284
"2019-08-26 16:44:22",1285
"2019-08-26 17:44:11",1285
"2019-08-26 18:44:11",1285
"2019-08-26 19:44:15",1285
"2019-08-26 20:44:14",1285
"2019-08-26 21:44:13",1286
"2019-08-26 22:44:11",1286
"2019-08-26 23:44:11",1286
"2019-08-27 00:44:14",1286
"2019-08-27 01:44:13",1286
"2019-08-27 02:44:18",1286
"2019-08-27 03:44:12",1286
"2019-08-27 04:44:11",1286
"2019-08-27 05:44:17",1286
"2019-08-27 06:44:19",1286
"2019-08-27 07:44:11",1286
"2019-08-27 08:44:15",1286
"2019-08-27 09:44:11",1286
"2019-08-27 10:44:10",1286
"2019-08-27 11:44:16",1286
"2019-08-27 12:44:16",1285
"2019-08-27 13:44:29",1284
"2019-08-27 14:44:12",1278
"2019-08-27 15:44:15",1276
"2019-08-27 16:44:17",1277
"2019-08-27 17:44:11",1273
"2019-08-27 18:44:12",1272
"2019-08-27 19:44:14",1271
"2019-08-27 20:44:12",1273
"2019-08-27 21:44:13",1273
"2019-08-27 22:44:13",1273
"2019-08-27 23:44:17",1273
"2019-08-28 00:44:18",1273
"2019-08-28 01:44:15",1273
"2019-08-28 02:44:20",1273
"2019-08-28 03:44:22",1273
"2019-08-28 04:44:15",1273
"2019-08-28 05:44:18",1273
"2019-08-28 06:44:17",1273
"2019-08-28 07:44:17",1273
"2019-08-28 08:44:12",1273
"2019-08-28 09:44:15",1273
"2019-08-28 10:44:14",1273
"2019-08-28 11:44:18",1273
"2019-08-28 12:44:13",1273
"2019-08-28 13:44:12",1273
"2019-08-28 14:44:10",1271
"2019-08-28 15:44:12",1273
"2019-08-28 16:44:28",1272
"2019-08-28 17:44:10",1272
"2019-08-28 18:44:12",1272
"2019-08-28 19:44:12",1271
"2019-08-28 20:44:14",1272
"2019-08-28 21:44:13",1271
"2019-08-28 22:44:12",1271
"2019-08-28 23:44:16",1271
"2019-08-29 00:44:10",1271
"2019-08-29 01:44:13",1271
"2019-08-29 02:44:14",1271
"2019-08-29 03:44:11",1271
"2019-08-29 04:44:12",1271
"2019-08-29 05:44:25",1271
"2019-08-29 06:44:09",1271
"2019-08-29 07:44:13",1271
"2019-08-29 08:44:12",1271
"2019-08-29 09:44:12",1271
"2019-08-29 10:44:08",1271
"2019-08-29 11:44:09",1271
"2019-08-29 12:44:13",1271
"2019-08-29 13:44:12",1270
"2019-08-29 14:44:10",1264
"2019-08-29 15:44:10",1260
"2019-08-29 16:44:17",1257
"2019-08-29 17:44:10",1259
"2019-08-29 18:44:10",1259
"2019-08-29 19:44:07",1261
"2019-08-29 20:44:10",1263
"2019-08-29 21:44:10",1265
"2019-08-29 22:44:08",1265
"2019-08-29 23:44:10",1265
"2019-08-30 00:44:13",1265
"2019-08-30 01:44:16",1265
"2019-08-30 02:44:11",1265
"2019-08-30 03:44:12",1265
"2019-08-30 04:44:11",1265
"2019-08-30 05:44:20",1265
"2019-08-30 06:44:08",1265
"2019-08-30 07:44:08",1265
"2019-08-30 08:44:07",1265
"2019-08-30 09:44:09",1265
"2019-08-30 10:44:07",1265
"2019-08-30 11:44:06",1265
"2019-08-30 12:44:09",1265
"2019-08-30 13:44:09",1264
"2019-08-30 14:44:09",1264
"2019-08-30 15:44:09",1265
"2019-08-30 16:44:10",1265
"2019-08-30 17:44:10",1267
"2019-08-30 18:44:07",1269
"2019-08-30 20:44:25",1273
"2019-08-30 21:44:20",1273
"2019-08-30 22:44:22",1273
"2019-08-30 23:44:21",1273
"2019-08-31 00:44:21",1273
"2019-08-31 01:44:24",1273
"2019-08-31 02:44:21",1273
"2019-08-31 03:44:22",1273
"2019-08-31 04:44:21",1273
"2019-08-31 23:44:41",1273
"2019-09-01 00:44:25",1273
"2019-09-01 01:44:21",1273
"2019-09-01 02:44:22",1273
"2019-09-01 03:44:22",1273
"2019-09-01 04:44:21",1273
"2019-09-01 05:44:21",1273
"2019-09-01 06:44:21",1273
"2019-09-01 07:44:19",1273
"2019-09-01 08:44:21",1273
"2019-09-01 09:44:20",1273
"2019-09-01 10:44:20",1273
"2019-09-01 11:44:19",1273
"2019-09-01 12:44:23",1273
"2019-09-01 13:44:21",1273
"2019-09-01 14:44:21",1273
"2019-09-01 15:44:20",1273
"2019-09-01 16:44:27",1273
"2019-09-01 17:44:24",1273
"2019-09-01 18:44:21",1273
"2019-09-01 19:44:19",1273
"2019-09-01 20:44:21",1273
"2019-09-01 21:44:21",1273
"2019-09-01 22:44:22",1273
"2019-09-01 23:44:22",1273
"2019-09-02 00:44:20",1273
"2019-09-02 01:44:18",1273
"2019-09-02 02:44:19",1273
"2019-09-02 03:44:22",1273
"2019-09-02 04:44:23",1273
"2019-09-02 05:44:33",1273
"2019-09-02 06:44:23",1273
"2019-09-02 07:44:23",1273
"2019-09-02 08:44:21",1273
"2019-09-02 09:44:27",1273
"2019-09-02 10:44:28",1273
"2019-09-02 11:44:22",1273
"2019-09-02 12:44:19",1273
"2019-09-02 13:44:22",1273
"2019-09-02 14:44:21",1273
"2019-09-02 15:44:21",1273
"2019-09-02 16:44:32",1273
"2019-09-02 17:44:20",1273
"2019-09-02 18:44:23",1273
"2019-09-02 19:44:22",1273
"2019-09-02 20:44:21",1273
"2019-09-02 21:44:22",1273
"2019-09-02 22:44:23",1273
"2019-09-02 23:44:23",1273
"2019-09-03 00:44:22",1273
"2019-09-03 01:44:24",1273
"2019-09-03 02:44:25",1273
"2019-09-03 03:44:21",1273
"2019-09-03 04:44:20",1273
"2019-09-03 05:44:32",1273
"2019-09-03 06:44:25",1273
"2019-09-03 07:44:20",1273
"2019-09-03 08:44:28",1273
"2019-09-03 09:44:21",1273
"2019-09-03 10:44:25",1273
"2019-09-03 11:44:20",1273
"2019-09-03 13:08:32",1274
"2019-09-03 13:44:29",1274
"2019-09-03 14:44:23",1273
"2019-09-03 15:44:22",1268
"2019-09-03 16:44:26",1270
"2019-09-03 17:44:23",1269
"2019-09-03 18:44:20",1269
"2019-09-03 19:44:20",1269
"2019-09-03 20:44:22",1268
"2019-09-03 21:44:20",1268
"2019-09-03 22:44:28",1267
"2019-09-03 23:44:21",1267
"2019-09-04 00:44:25",1267
"2019-09-04 01:44:23",1267
"2019-09-04 02:44:22",1267
"2019-09-04 03:44:21",1267
"2019-09-04 04:44:20",1267
"2019-09-04 05:44:32",1267
"2019-09-04 06:44:23",1267
"2019-09-04 07:44:21",1267
"2019-09-04 08:44:21",1267
"2019-09-04 09:44:23",1267
"2019-09-04 10:44:21",1267
"2019-09-04 11:44:21",1267
"2019-09-04 13:07:29",1267
"2019-09-04 13:44:22",1267
"2019-09-04 14:44:21",1270
"2019-09-04 15:44:22",1268
"2019-09-04 16:44:32",1266
"2019-09-04 17:44:20",1264
"2019-09-04 18:44:23",1264
"2019-09-04 19:44:22",1262
"2019-09-04 20:44:22",1262
"2019-09-04 21:44:20",1262
"2019-09-04 22:44:21",1262
"2019-09-04 23:44:25",1262
"2019-09-05 01:44:21",1262
"2019-09-05 02:44:28",1262
"2019-09-05 03:44:20",1262
"2019-09-05 04:44:21",1262
"2019-09-05 05:44:32",1262
"2019-09-05 06:44:19",1262
"2019-09-05 07:44:25",1262
"2019-09-05 08:44:22",1262
"2019-09-05 09:44:19",1262
"2019-09-05 10:44:27",1262
"2019-09-05 11:44:21",1262
"2019-09-05 13:08:25",1262
"2019-09-05 13:44:22",1262
"2019-09-05 14:44:25",1259
"2019-09-05 15:44:22",1261
"2019-09-05 16:44:34",1259
"2019-09-05 17:44:23",1256
"2019-09-05 18:44:20",1257
"2019-09-05 19:44:20",1257
"2019-09-05 20:44:23",1260
"2019-09-05 21:44:21",1260
"2019-09-05 22:44:22",1260
"2019-09-05 23:44:23",1260
"2019-09-06 00:44:23",1260
"2019-09-06 01:44:23",1260
"2019-09-06 02:44:21",1260
"2019-09-06 03:44:19",1260
"2019-09-06 04:44:20",1260
"2019-09-06 05:44:34",1260
"2019-09-06 06:44:22",1260
"2019-09-06 07:44:24",1260
"2019-09-06 08:44:20",1260
"2019-09-06 09:44:22",1260
"2019-09-06 10:44:22",1260
"2019-09-06 11:44:36",1260
"2019-09-06 13:07:26",1260
"2019-09-06 13:44:23",1260
"2019-09-06 14:44:19",1260
"2019-09-06 15:44:20",1260
"2019-09-06 16:44:32",1262
"2019-09-06 17:44:22",1262
"2019-09-06 18:44:24",1262
"2019-09-06 19:44:20",1262
"2019-09-06 20:44:21",1262
"2019-09-06 21:44:22",1262
"2019-09-06 22:44:21",1262
"2019-09-06 23:44:20",1262
"2019-09-07 00:44:20",1262
"2019-09-07 01:44:22",1262
"2019-09-07 02:44:23",1262
"2019-09-07 03:44:24",1262
"2019-09-07 04:44:22",1262
"2019-09-07 05:44:46",1262
"2019-09-07 06:44:22",1262
"2019-09-07 07:44:19",1262
"2019-09-07 08:44:20",1262
"2019-09-07 09:44:21",1262
"2019-09-07 10:44:23",1262
"2019-09-07 11:44:20",1262
"2019-09-07 12:44:20",1262
"2019-09-07 13:44:23",1262
"2019-09-07 14:44:23",1262
"2019-09-07 15:44:22",1262
"2019-09-07 16:44:22",1262
"2019-09-07 17:44:21",1262
"2019-09-07 18:44:20",1262
"2019-09-07 19:44:20",1262
"2019-09-07 20:44:21",1262
"2019-09-07 22:44:19",1262
"2019-09-07 23:44:22",1262
"2019-09-08 00:44:22",1262
"2019-09-08 01:44:25",1262
"2019-09-08 02:44:27",1262
"2019-09-08 03:44:23",1262
"2019-09-08 04:44:21",1262
"2019-09-08 05:44:27",1262
"2019-09-08 06:44:21",1262
"2019-09-08 07:44:20",1262
"2019-09-08 08:44:21",1262
"2019-09-08 09:44:20",1262
"2019-09-08 10:44:23",1262
"2019-09-08 11:44:20",1262
"2019-09-08 12:44:21",1262
"2019-09-08 13:44:22",1262
"2019-09-08 14:44:22",1262
"2019-09-08 15:44:20",1262
"2019-09-08 16:44:29",1262
"2019-09-08 17:44:21",1262
"2019-09-08 18:44:21",1262
"2019-09-08 19:44:26",1262
"2019-09-08 20:44:24",1262
"2019-09-08 21:44:22",1262
"2019-09-08 22:44:19",1262
"2019-09-08 23:44:21",1262
"2019-09-09 00:44:20",1262
"2019-09-09 01:44:22",1262
"2019-09-09 02:44:22",1262
"2019-09-09 03:44:22",1262
"2019-09-09 04:44:20",1262
"2019-09-09 05:44:36",1262
"2019-09-09 06:44:20",1262
"2019-09-09 07:44:21",1262
"2019-09-09 08:44:21",1262
"2019-09-09 09:44:18",1262
"2019-09-09 10:44:20",1262
"2019-09-09 11:44:21",1262
"2019-09-09 13:07:27",1262
"2019-09-09 13:44:25",1262
"2019-09-09 14:44:28",1262
"2019-09-09 15:44:22",1259
"2019-09-09 16:44:38",1259
"2019-09-09 17:44:21",1257
"2019-09-09 18:44:22",1257
"2019-09-09 19:44:21",1252
"2019-09-09 20:44:20",1251
"2019-09-09 21:44:21",1251
"2019-09-09 22:44:20",1250
"2019-09-09 23:44:21",1250
"2019-09-10 00:44:22",1250
"2019-09-10 01:44:21",1250
"2019-09-10 02:44:27",1250
"2019-09-10 03:44:23",1250
"2019-09-10 04:44:23",1250
"2019-09-10 05:44:27",1250
"2019-09-10 06:44:21",1250
"2019-09-10 07:44:19",1250
"2019-09-10 08:44:22",1250
"2019-09-10 09:44:32",1250
"2019-09-10 10:44:21",1250
"2019-09-10 11:44:20",1250
"2019-09-10 12:44:23",1250
"2019-09-10 13:44:22",1250
"2019-09-10 14:44:20",1250
"2019-09-10 15:44:20",1242
"2019-09-10 16:44:29",1239
"2019-09-10 17:44:21",1241
"2019-09-10 18:44:21",1241
"2019-09-10 19:44:27",1237
"2019-09-10 20:44:19",1239
"2019-09-10 21:44:22",1239
"2019-09-10 22:44:20",1240
"2019-09-10 23:44:21",1240
"2019-09-11 00:44:20",1240
"2019-09-11 01:44:21",1240
"2019-09-11 02:44:20",1240
"2019-09-11 03:44:19",1240
"2019-09-11 04:44:20",1240
"2019-09-11 05:44:30",1240
"2019-09-11 06:44:23",1240
"2019-09-11 07:44:18",1240
"2019-09-11 08:44:20",1240
"2019-09-11 09:44:25",1240
"2019-09-11 10:44:34",1240
"2019-09-11 11:44:28",1240
"2019-09-11 12:44:21",1240
"2019-09-11 13:44:25",1239
"2019-09-11 14:44:21",1240
"2019-09-11 15:44:20",1239
"2019-09-11 16:44:24",1239
"2019-09-11 17:44:19",1260
"2019-09-11 18:44:21",1258
"2019-09-11 19:44:21",1256
"2019-09-11 20:44:20",1253
"2019-09-11 21:44:26",1254
"2019-09-11 22:44:20",1253
"2019-09-11 23:44:20",1253
"2019-09-12 00:44:22",1253
"2019-09-12 01:44:21",1253
"2019-09-12 02:44:28",1253
"2019-09-12 03:44:21",1253
"2019-09-12 04:44:19",1253
"2019-09-12 05:44:32",1253
"2019-09-12 06:44:21",1253
"2019-09-12 07:44:20",1253
"2019-09-12 08:44:19",1253
"2019-09-12 09:44:20",1253
"2019-09-12 10:44:35",1253
"2019-09-12 11:44:23",1253
"2019-09-12 13:08:28",1251
"2019-09-12 13:44:23",1251
"2019-09-12 14:44:26",1241
"2019-09-12 15:44:23",1241
"2019-09-12 16:44:22",1246
"2019-09-12 17:44:20",1246
"2019-09-12 18:44:20",1248
"2019-09-12 19:44:20",1249
"2019-09-12 20:44:19",1248
"2019-09-12 21:44:18",1248
"2019-09-12 22:44:21",1247
"2019-09-12 23:44:20",1247
"2019-09-13 00:44:20",1247
"2019-09-13 01:44:23",1247
"2019-09-13 02:44:21",1247
"2019-09-13 03:44:21",1247
"2019-09-13 04:44:19",1247
"2019-09-13 05:44:20",1247
"2019-09-13 06:44:21",1247
"2019-09-13 07:44:19",1247
"2019-09-13 08:44:21",1247
"2019-09-13 09:44:19",1247
"2019-09-13 10:44:20",1247
"2019-09-13 11:44:19",1247
"2019-09-13 13:08:23",1247
"2019-09-13 14:09:25",1243
"2019-09-13 14:44:21",1243
"2019-09-13 15:44:20",1242
"2019-09-13 16:44:20",1241
"2019-09-13 17:44:19",1242
"2019-09-13 18:44:19",1242
"2019-09-13 19:44:20",1241
"2019-09-13 20:44:16",1240
"2019-09-13 21:44:23",1240
"2019-09-13 22:44:17",1240
"2019-09-13 23:44:20",1240
"2019-09-14 00:44:22",1240
"2019-09-14 01:44:16",1240
"2019-09-14 02:44:19",1240
"2019-09-14 03:44:20",1240
"2019-09-14 04:44:17",1240
"2019-09-14 05:44:19",1240
"2019-09-14 06:44:19",1240
"2019-09-14 07:44:18",1240
"2019-09-14 08:44:19",1240
"2019-09-14 09:44:17",1240
"2019-09-14 10:44:19",1240
"2019-09-14 11:44:15",1240
"2019-09-14 12:44:19",1240
"2019-09-14 13:44:16",1240
"2019-09-14 14:44:19",1240
"2019-09-14 15:44:16",1240
"2019-09-14 16:44:21",1240
"2019-09-14 17:44:19",1240
"2019-09-14 18:44:16",1240
"2019-09-14 19:44:17",1240
"2019-09-14 20:44:16",1240
"2019-09-14 21:44:21",1240
"2019-09-14 22:44:18",1240
"2019-09-14 23:44:20",1240
"2019-09-15 00:44:20",1240
"2019-09-15 01:44:16",1240
"2019-09-15 02:44:21",1240
"2019-09-15 03:44:21",1240
"2019-09-15 04:44:19",1240
"2019-09-15 05:44:17",1240
"2019-09-15 06:44:22",1240
"2019-09-15 07:44:21",1240
"2019-09-15 08:44:21",1240
"2019-09-15 09:44:18",1240
"2019-09-15 10:44:18",1240
"2019-09-15 11:44:19",1240
"2019-09-15 12:44:21",1240
"2019-09-15 13:44:20",1240
"2019-09-15 14:44:19",1240
"2019-09-15 15:44:17",1240
"2019-09-15 16:44:21",1240
"2019-09-15 17:44:15",1240
"2019-09-15 18:44:18",1240
"2019-09-15 19:44:18",1240
"2019-09-15 20:44:17",1240
"2019-09-15 21:44:21",1240
"2019-09-15 22:44:18",1240
"2019-09-15 23:44:17",1240
"2019-09-16 00:44:20",1240
"2019-09-16 01:44:18",1240
"2019-09-16 02:44:21",1240
"2019-09-16 03:44:21",1240
"2019-09-16 04:44:17",1240
"2019-09-16 05:44:20",1241
"2019-09-16 06:44:21",1241
"2019-09-16 07:44:18",1241
"2019-09-16 08:44:20",1241
"2019-09-16 09:44:19",1241
"2019-09-16 10:44:18",1241
"2019-09-16 11:44:15",1241
"2019-09-16 13:07:54",1241
"2019-09-16 13:44:20",1241
"2019-09-16 14:44:24",1234
"2019-09-16 15:44:21",1233
"2019-09-16 16:44:23",1233
"2019-09-16 17:44:19",1231
"2019-09-16 18:44:22",1232
"2019-09-16 19:44:28",1231
"2019-09-16 20:44:26",1231
"2019-09-16 21:44:22",1231
"2019-09-16 22:44:24",1231
"2019-09-16 23:44:23",1231
"2019-09-17 00:44:22",1231
"2019-09-17 01:44:20",1231
"2019-09-17 02:44:22",1231
"2019-09-17 03:44:23",1231
"2019-09-17 04:44:20",1231
"2019-09-17 05:44:20",1231
"2019-09-17 06:44:18",1231
"2019-09-17 07:44:21",1231
"2019-09-17 08:44:19",1231
"2019-09-17 09:44:24",1231
"2019-09-17 10:44:23",1231
"2019-09-17 11:44:21",1231
"2019-09-17 12:44:21",1231
"2019-09-17 13:44:24",1231
"2019-09-17 14:44:21",1235
"2019-09-17 15:44:22",1237
"2019-09-17 16:44:23",1236
"2019-09-17 17:44:19",1234
"2019-09-17 18:44:21",1234
"2019-09-17 19:44:20",1236
"2019-09-17 20:44:20",1236
"2019-09-17 21:44:21",1237
"2019-09-17 22:44:23",1237
"2019-09-17 23:44:21",1237
"2019-09-18 00:44:21",1237
"2019-09-18 01:44:20",1237
"2019-09-18 02:44:19",1237
"2019-09-18 03:44:20",1237
"2019-09-18 04:44:27",1237
"2019-09-18 05:44:20",1237
"2019-09-18 06:44:22",1237
"2019-09-18 07:44:20",1237
"2019-09-18 08:44:22",1237
"2019-09-18 09:44:21",1237
"2019-09-18 10:44:20",1237
"2019-09-18 11:44:19",1237
"2019-09-18 13:39:30",1235
"2019-09-18 13:46:44",1235
"2019-09-18 14:44:22",1234
"2019-09-18 15:44:24",1230
"2019-09-18 16:44:25",1229
"2019-09-18 17:44:19",1229
"2019-09-18 18:44:18",1227
"2019-09-18 19:44:23",1226
"2019-09-18 20:44:20",1222
"2019-09-18 21:44:20",1222
"2019-09-18 22:44:22",1222
"2019-09-18 23:44:24",1222
"2019-09-19 00:44:17",1222
"2019-09-19 01:44:20",1222
"2019-09-19 02:44:24",1222
"2019-09-19 03:44:22",1222
"2019-09-19 04:44:19",1222
"2019-09-19 05:44:22",1222
"2019-09-19 06:44:23",1222
"2019-09-19 07:44:18",1222
"2019-09-19 08:44:21",1222
"2019-09-19 09:44:20",1222
"2019-09-19 10:44:20",1222
"2019-09-19 11:44:17",1222
"2019-09-19 13:07:57",1222
"2019-09-19 13:44:25",1222
"2019-09-19 14:44:20",1220
"2019-09-19 15:44:22",1222
"2019-09-19 16:44:28",1220
"2019-09-19 17:44:23",1221
"2019-09-19 18:44:22",1221
"2019-09-19 19:44:18",1221
"2019-09-19 20:44:24",1220
"2019-09-19 21:44:19",1220
"2019-09-19 22:44:24",1220
"2019-09-19 23:44:20",1220
"2019-09-20 00:44:25",1220
"2019-09-20 01:44:28",1220
"2019-09-20 02:44:19",1220
"2019-09-20 03:44:23",1220
"2019-09-20 04:44:22",1220
"2019-09-20 05:44:24",1220
"2019-09-20 06:44:21",1220
"2019-09-20 07:44:21",1220
"2019-09-20 08:44:24",1220
"2019-09-20 09:44:20",1220
"2019-09-20 10:44:19",1220
"2019-09-20 11:44:23",1220
"2019-09-20 12:44:24",1220
"2019-09-20 13:44:18",1220
"2019-09-20 14:44:21",1219
"2019-09-20 15:44:22",1216
"2019-09-20 16:44:22",1218
"2019-09-20 17:44:25",1218
"2019-09-20 18:44:19",1220
"2019-09-20 19:44:23",1223
"2019-09-20 20:44:17",1224
"2019-09-20 21:44:20",1224
"2019-09-20 22:44:23",1224
"2019-09-20 23:44:17",1224
"2019-09-21 00:44:17",1224
"2019-09-21 01:44:18",1224
"2019-09-21 02:44:21",1224
"2019-09-21 03:44:23",1224
"2019-09-21 04:44:16",1224
"2019-09-21 05:44:21",1224
"2019-09-21 06:44:21",1224
"2019-09-21 07:44:17",1224
"2019-09-21 08:44:17",1224
"2019-09-21 09:44:20",1224
"2019-09-21 10:44:17",1224
"2019-09-21 11:44:19",1224
"2019-09-21 12:44:22",1224
"2019-09-21 13:44:22",1224
"2019-09-21 14:44:19",1224
"2019-09-21 15:44:17",1224
"2019-09-21 16:44:22",1224
"2019-09-21 17:44:19",1224
"2019-09-21 18:44:18",1224
"2019-09-21 19:44:19",1224
"2019-09-21 20:44:18",1224
"2019-09-21 21:44:18",1224
"2019-09-21 22:44:18",1224
"2019-09-21 23:44:21",1224
"2019-09-22 00:44:17",1224
"2019-09-22 01:44:19",1224
"2019-09-22 02:44:20",1224
"2019-09-22 03:44:18",1224
"2019-09-22 04:44:21",1224
"2019-09-22 05:44:18",1224
"2019-09-22 06:44:21",1224
"2019-09-22 07:44:21",1224
"2019-09-22 08:44:18",1224
"2019-09-22 09:44:21",1224
"2019-09-22 10:44:18",1224
"2019-09-22 11:44:17",1224
"2019-09-22 12:44:20",1224
"2019-09-22 13:44:18",1224
"2019-09-22 14:44:22",1224
"2019-09-22 15:44:17",1224
"2019-09-22 16:44:22",1224
"2019-09-22 17:44:18",1224
"2019-09-22 18:44:18",1224
"2019-09-22 19:44:22",1224
"2019-09-22 20:44:18",1224
"2019-09-22 21:44:19",1224
"2019-09-22 22:44:17",1224
"2019-09-22 23:44:18",1224
"2019-09-23 00:44:21",1224
"2019-09-23 01:44:18",1224
"2019-09-23 02:44:17",1224
"2019-09-23 03:44:21",1224
"2019-09-23 04:44:19",1224
"2019-09-23 05:44:18",1223
"2019-09-23 06:44:21",1223
"2019-09-23 07:44:18",1223
"2019-09-23 08:44:21",1223
"2019-09-23 09:44:19",1223
"2019-09-23 10:44:20",1223
"2019-09-23 11:44:23",1223
"2019-09-23 12:44:21",1223
"2019-09-23 13:44:18",1223
"2019-09-23 14:44:22",1221
"2019-09-23 15:44:18",1220
"2019-09-23 16:44:22",1219
"2019-09-23 17:44:18",1220
"2019-09-23 18:44:23",1219
"2019-09-23 19:44:18",1219
"2019-09-23 20:44:19",1218
"2019-09-23 21:44:19",1218
"2019-09-23 22:44:21",1218
"2019-09-23 23:44:17",1218
"2019-09-24 00:44:20",1218
"2019-09-24 01:44:18",1218
"2019-09-24 03:44:22",1218
"2019-09-24 04:44:19",1218
"2019-09-24 05:44:25",1218
"2019-09-24 06:44:19",1218
"2019-09-24 07:44:19",1218
"2019-09-24 08:44:21",1218
"2019-09-24 09:44:17",1218
"2019-09-24 10:44:20",1218
"2019-09-24 11:44:21",1218
"2019-09-24 12:44:22",1218
"2019-09-24 13:44:19",1218
"2019-09-24 14:44:21",1216
"2019-09-24 15:44:23",1213
"2019-09-24 16:44:21",1215
"2019-09-24 17:44:21",1213
"2019-09-24 18:44:22",1213
"2019-09-24 19:44:18",1212
"2019-09-24 20:44:20",1211
"2019-09-24 21:44:22",1212
"2019-09-24 22:44:18",1212
"2019-09-24 23:44:17",1212
"2019-09-25 00:44:20",1212
"2019-09-25 01:44:23",1212
"2019-09-25 02:44:17",1212
"2019-09-25 03:44:24",1212
"2019-09-25 04:44:22",1212
"2019-09-25 05:44:18",1212
"2019-09-25 06:44:21",1212
"2019-09-25 07:44:24",1212
"2019-09-25 08:44:21",1212
"2019-09-25 09:44:21",1212
"2019-09-25 10:44:22",1212
"2019-09-25 11:44:19",1212
"2019-09-25 12:44:23",1212
"2019-09-25 13:44:24",1212
"2019-09-25 14:44:23",1209
"2019-09-25 15:44:23",1206
"2019-09-25 16:44:21",1204
"2019-09-25 17:44:21",1203
"2019-09-25 18:44:21",1204
"2019-09-25 19:44:25",1203
"2019-09-25 20:44:18",1202
"2019-09-25 21:44:21",1203
"2019-09-25 22:44:19",1203
"2019-09-25 23:44:22",1203
"2019-09-26 00:44:20",1203
"2019-09-26 01:44:19",1203
"2019-09-26 02:44:23",1203
"2019-09-26 03:44:20",1203
"2019-09-26 04:44:24",1203
"2019-09-26 05:44:22",1203
"2019-09-26 06:44:21",1203
"2019-09-26 07:44:18",1203
"2019-09-26 08:44:21",1203
"2019-09-26 09:44:21",1203
"2019-09-26 10:44:19",1203
"2019-09-26 11:44:18",1203
"2019-09-26 13:07:26",1203
"2019-09-26 13:44:27",1203
"2019-09-26 14:44:22",1203
"2019-09-26 15:44:24",1203
"2019-09-26 16:44:24",1201
"2019-09-26 17:44:24",1199
"2019-09-26 18:44:27",1197
"2019-09-26 19:44:21",1197
"2019-09-26 20:44:20",1197
"2019-09-26 21:44:24",1197
"2019-09-26 22:44:23",1197
"2019-09-26 23:44:22",1197
"2019-09-27 00:44:22",1197
"2019-09-27 01:44:18",1197
"2019-09-27 02:44:31",1197
"2019-09-27 03:44:22",1197
"2019-09-27 04:44:19",1197
"2019-09-27 05:44:22",1197
"2019-09-27 06:44:22",1197
"2019-09-27 07:44:27",1197
"2019-09-27 08:44:20",1197
"2019-09-27 09:44:20",1197
"2019-09-27 10:44:22",1197
"2019-09-27 11:44:20",1197
"2019-09-27 13:08:26",1197
"2019-09-27 13:44:25",1197
"2019-09-27 14:44:23",1197
"2019-09-27 15:44:22",1197
"2019-09-27 16:44:23",1197
"2019-09-27 17:44:22",1199
"2019-09-27 18:44:18",1199
"2019-09-27 19:44:22",1199
"2019-09-27 20:44:16",1197
"2019-09-27 21:44:19",1196
"2019-09-27 22:44:24",1196
"2019-09-27 23:44:20",1196
"2019-09-28 00:44:19",1196
"2019-09-28 01:44:23",1196
"2019-09-28 02:44:21",1196
"2019-09-28 03:44:21",1196
"2019-09-28 04:44:20",1196
"2019-09-28 05:44:23",1196
"2019-09-28 06:44:17",1196
"2019-09-28 07:44:23",1196
"2019-09-28 08:44:19",1196
"2019-09-28 09:44:21",1196
"2019-09-28 10:44:17",1196
"2019-09-28 11:44:20",1196
"2019-09-28 12:44:22",1196
"2019-09-28 13:44:23",1196
"2019-09-28 14:44:18",1196
"2019-09-28 15:44:17",1196
"2019-09-28 16:44:23",1196
"2019-09-28 17:44:22",1196
"2019-09-28 18:44:17",1196
"2019-09-28 19:44:18",1196
"2019-09-28 20:44:21",1196
"2019-09-28 21:44:19",1196
"2019-09-28 22:44:21",1196
"2019-09-28 23:44:18",1196
"2019-09-29 00:44:18",1196
"2019-09-29 01:44:21",1196
"2019-09-29 02:44:21",1196
"2019-09-29 03:44:22",1196
"2019-09-29 04:44:19",1196
"2019-09-29 05:44:21",1196
"2019-09-29 06:44:17",1196
"2019-09-29 07:44:20",1196
"2019-09-29 08:44:18",1196
"2019-09-29 09:44:20",1196
"2019-09-29 10:44:17",1196
"2019-09-29 11:44:20",1196
"2019-09-29 12:44:19",1196
"2019-09-29 13:44:18",1196
"2019-09-29 14:44:20",1196
"2019-09-29 15:44:17",1196
"2019-09-29 16:44:21",1196
"2019-09-29 17:44:24",1196
"2019-09-29 18:44:18",1196
"2019-09-29 19:44:25",1196
"2019-09-29 20:44:22",1196
"2019-09-29 21:44:19",1196
"2019-09-29 22:44:21",1196
"2019-09-29 23:44:22",1196
"2019-09-30 00:44:16",1196
"2019-09-30 01:44:21",1196
"2019-09-30 02:44:18",1196
"2019-09-30 03:44:22",1196
"2019-09-30 04:44:20",1196
"2019-09-30 05:44:21",1196
"2019-09-30 06:44:19",1196
"2019-09-30 07:44:23",1196
"2019-09-30 08:44:20",1196
"2019-09-30 09:44:22",1196
"2019-09-30 10:44:17",1196
"2019-09-30 11:44:18",1196
"2019-09-30 12:44:22",1196
"2019-09-30 13:44:19",1196
"2019-09-30 14:44:25",1200
"2019-09-30 15:44:21",1201
"2019-09-30 16:44:28",1197
"2019-09-30 17:44:21",1198
"2019-09-30 18:44:25",1198
"2019-09-30 19:44:20",1197
"2019-09-30 20:44:18",1195
"2019-09-30 21:44:21",1195
"2019-09-30 22:44:18",1195
"2019-09-30 23:44:22",1195
"2019-10-01 00:44:20",1195
"2019-10-01 01:44:18",1195
"2019-10-01 02:44:21",1195
"2019-10-01 03:44:22",1195
"2019-10-01 04:44:17",1195
"2019-10-01 05:44:18",1195
"2019-10-01 06:44:20",1195
"2019-10-01 07:44:23",1195
"2019-10-01 08:44:18",1195
"2019-10-01 09:44:24",1195
"2019-10-01 10:44:20",1195
"2019-10-01 11:44:19",1195
"2019-10-01 13:07:24",1195
"2019-10-01 13:44:22",1195
"2019-10-01 14:44:19",1197
"2019-10-01 15:44:19",1197
"2019-10-01 16:44:22",1198
"2019-10-01 17:44:17",1199
"2019-10-01 18:44:20",1197
"2019-10-01 19:44:21",1201
"2019-10-01 20:44:17",1201
"2019-10-01 21:44:18",1201
"2019-10-01 22:44:20",1201
"2019-10-01 23:44:19",1201
"2019-10-02 00:44:34",1201
"2019-10-02 01:44:18",1201
"2019-10-02 02:44:17",1201
"2019-10-02 03:44:19",1201
"2019-10-02 04:44:22",1201
"2019-10-02 05:44:21",1201
"2019-10-02 06:44:17",1201
"2019-10-02 07:44:17",1201
"2019-10-02 08:44:17",1201
"2019-10-02 09:44:20",1201
"2019-10-02 10:44:16",1201
"2019-10-02 11:44:16",1201
"2019-10-02 13:07:53",1201
"2019-10-02 13:44:19",1201
"2019-10-02 14:44:19",1202
"2019-10-02 15:44:20",1202
"2019-10-02 16:44:16",1202
"2019-10-02 17:44:17",1203
"2019-10-02 18:44:18",1203
"2019-10-02 19:44:18",1201
"2019-10-02 20:44:18",1201
"2019-10-02 21:44:18",1201
"2019-10-02 22:44:21",1201
"2019-10-02 23:44:16",1201
"2019-10-03 00:44:16",1201
"2019-10-03 01:44:17",1201
"2019-10-03 02:44:17",1201
"2019-10-03 03:44:19",1201
"2019-10-03 04:44:18",1201
"2019-10-03 06:44:17",1201
"2019-10-03 07:44:19",1201
"2019-10-03 08:44:19",1201
"2019-10-03 09:44:17",1201
"2019-10-03 10:44:21",1201
"2019-10-03 11:44:16",1201
"2019-10-03 13:07:50",1201
"2019-10-03 13:45:22",1201
"2019-10-03 14:44:22",1201
"2019-10-03 15:44:17",1198
"2019-10-03 16:44:18",1195
"2019-10-03 17:44:20",1193
"2019-10-03 18:44:20",1193
"2019-10-03 19:44:19",1193
"2019-10-03 20:44:18",1193
"2019-10-03 21:44:18",1193
"2019-10-03 22:44:19",1193
"2019-10-03 23:44:22",1193
"2019-10-04 00:44:18",1193
"2019-10-04 01:44:18",1193
"2019-10-04 02:44:17",1193
"2019-10-04 03:44:19",1193
"2019-10-04 04:44:17",1193
"2019-10-04 05:44:22",1193
"2019-10-04 06:44:21",1193
"2019-10-04 07:44:17",1193
"2019-10-04 08:44:19",1193
"2019-10-04 09:44:17",1193
"2019-10-04 10:44:19",1193
"2019-10-04 11:44:17",1193
"2019-10-04 12:44:19",1193
"2019-10-04 13:44:22",1193
"2019-10-04 14:44:17",1199
"2019-10-04 15:44:19",1198
"2019-10-04 16:44:22",1198
"2019-10-04 17:44:18",1201
"2019-10-04 18:44:20",1202
"2019-10-04 19:44:19",1204
"2019-10-04 20:44:19",1204
"2019-10-04 21:44:20",1205
"2019-10-04 22:44:17",1205
"2019-10-04 23:44:17",1205
"2019-10-05 00:44:21",1205
"2019-10-05 01:44:18",1205
"2019-10-05 02:44:18",1205
"2019-10-05 03:44:17",1205
"2019-10-05 04:44:17",1205
"2019-10-05 05:44:23",1205
"2019-10-05 06:44:17",1205
"2019-10-05 07:44:18",1205
"2019-10-05 08:44:21",1205
"2019-10-05 09:44:17",1205
"2019-10-05 10:44:18",1205
"2019-10-05 11:44:19",1205
"2019-10-05 12:44:19",1205
"2019-10-05 13:44:20",1205
"2019-10-05 14:44:18",1205
"2019-10-05 15:44:17",1205
"2019-10-05 16:44:19",1205
"2019-10-05 17:44:23",1205
"2019-10-05 18:44:19",1205
"2019-10-05 19:44:18",1205
"2019-10-05 20:44:20",1205
"2019-10-05 21:44:18",1205
"2019-10-05 22:44:18",1205
"2019-10-05 23:44:19",1205
"2019-10-06 00:44:18",1205
"2019-10-06 01:44:19",1205
"2019-10-06 02:44:25",1205
"2019-10-06 03:44:21",1205
"2019-10-06 04:44:18",1205
"2019-10-06 05:44:18",1205
"2019-10-06 06:44:23",1205
"2019-10-06 07:44:19",1205
"2019-10-06 08:44:22",1205
"2019-10-06 09:44:19",1205
"2019-10-06 10:44:19",1205
"2019-10-06 11:44:19",1205
"2019-10-06 12:44:20",1205
"2019-10-06 13:44:17",1205
"2019-10-06 14:44:20",1205
"2019-10-06 15:44:17",1205
"2019-10-06 16:44:18",1205
"2019-10-06 17:44:18",1205
"2019-10-06 18:44:22",1205
"2019-10-06 19:44:21",1205
"2019-10-06 20:44:17",1205
"2019-10-06 21:44:17",1205
"2019-10-06 22:44:17",1205
"2019-10-06 23:44:17",1205
"2019-10-07 00:44:18",1205
"2019-10-07 01:44:19",1205
"2019-10-07 02:44:20",1205
"2019-10-07 03:44:19",1205
"2019-10-07 04:44:19",1205
"2019-10-07 05:44:18",1205
"2019-10-07 06:44:19",1205
"2019-10-07 07:44:18",1205
"2019-10-07 08:44:18",1205
"2019-10-07 09:44:24",1205
"2019-10-07 10:44:18",1205
"2019-10-07 11:44:18",1205
"2019-10-07 12:44:27",1205
"2019-10-07 13:44:21",1206
"2019-10-07 14:44:18",1209
"2019-10-07 15:44:19",1209
"2019-10-07 16:44:21",1207
"2019-10-07 17:44:18",1206
"2019-10-07 18:44:19",1206
"2019-10-07 19:44:21",1206
"2019-10-07 20:44:17",1206
"2019-10-07 21:44:17",1205
"2019-10-07 22:44:17",1205
"2019-10-07 23:44:22",1205
"2019-10-08 00:44:18",1205
"2019-10-08 01:44:18",1205
"2019-10-08 02:44:17",1205
"2019-10-08 03:44:21",1205
"2019-10-08 04:44:18",1205
"2019-10-08 05:44:18",1205
"2019-10-08 06:44:20",1205
"2019-10-08 07:44:18",1205
"2019-10-08 08:44:18",1205
"2019-10-08 09:44:19",1205
"2019-10-08 10:44:20",1205
"2019-10-08 11:44:18",1205
"2019-10-08 12:44:19",1205
"2019-10-08 13:44:20",1205
"2019-10-08 14:44:17",1208
"2019-10-08 15:44:19",1207
"2019-10-08 16:44:22",1207
"2019-10-08 17:44:21",1206
"2019-10-08 18:44:20",1206
"2019-10-08 19:44:21",1206
"2019-10-08 20:44:18",1204
"2019-10-08 21:44:18",1204
"2019-10-08 22:44:20",1204
"2019-10-08 23:44:19",1204
"2019-10-09 00:44:19",1204
"2019-10-09 01:44:19",1204
"2019-10-09 02:44:19",1204
"2019-10-09 03:44:17",1204
"2019-10-09 04:44:21",1204
"2019-10-09 05:44:18",1204
"2019-10-09 06:44:19",1204
"2019-10-09 07:44:24",1204
"2019-10-09 08:44:19",1204
"2019-10-09 09:44:17",1204
"2019-10-09 10:44:20",1204
"2019-10-09 11:44:17",1204
"2019-10-09 12:44:24",1204
"2019-10-09 13:44:19",1204
"2019-10-09 14:44:20",1203
"2019-10-09 15:44:25",1203
"2019-10-09 16:44:20",1200
"2019-10-09 17:44:27",1200
"2019-10-09 18:44:22",1199
"2019-10-09 19:44:24",1198
"2019-10-09 20:44:19",1198
"2019-10-09 21:44:17",1198
"2019-10-09 22:44:19",1199
"2019-10-09 23:44:19",1199
"2019-10-10 00:44:22",1199
"2019-10-10 01:44:18",1199
"2019-10-10 02:44:21",1199
"2019-10-10 03:44:19",1199
"2019-10-10 04:44:18",1199
"2019-10-10 05:44:24",1199
"2019-10-10 06:44:20",1199
"2019-10-10 07:44:22",1199
"2019-10-10 08:44:19",1199
"2019-10-10 09:44:18",1199
"2019-10-10 10:44:18",1199
"2019-10-10 11:44:21",1199
"2019-10-10 13:07:27",1198
"2019-10-10 13:44:22",1198
"2019-10-10 14:44:19",1196
"2019-10-10 15:44:21",1196
"2019-10-10 16:44:19",1196
"2019-10-10 17:44:19",1196
"2019-10-10 18:44:18",1193
"2019-10-10 19:44:20",1192
"2019-10-10 20:44:20",1193
"2019-10-10 21:44:20",1193
"2019-10-10 22:44:20",1193
"2019-10-10 23:44:32",1193
"2019-10-11 00:44:20",1193
"2019-10-11 01:44:20",1193
"2019-10-11 02:44:20",1193
"2019-10-11 03:44:25",1193
"2019-10-11 04:44:20",1193
"2019-10-11 05:44:19",1193
"2019-10-11 06:44:22",1193
"2019-10-11 07:44:20",1193
"2019-10-11 08:44:19",1193
"2019-10-11 09:44:24",1193
"2019-10-11 10:44:19",1193
"2019-10-11 11:44:20",1193
"2019-10-11 13:07:56",1193
"2019-10-11 13:44:22",1193
"2019-10-11 14:44:19",1190
"2019-10-11 15:44:28",1189
"2019-10-11 16:44:22",1187
"2019-10-11 17:44:20",1186
"2019-10-11 18:44:22",1185
"2019-10-11 19:44:21",1184
"2019-10-11 20:44:19",1183
"2019-10-11 21:44:19",1183
"2019-10-11 22:44:19",1183
"2019-10-11 23:44:19",1183
"2019-10-12 00:44:23",1183
"2019-10-12 01:44:18",1183
"2019-10-12 02:44:20",1183
"2019-10-12 03:44:22",1183
"2019-10-12 04:44:19",1183
"2019-10-12 05:44:23",1183
"2019-10-12 06:44:25",1183
"2019-10-12 07:44:18",1183
"2019-10-12 08:44:19",1183
"2019-10-12 09:44:23",1183
"2019-10-12 10:44:19",1183
"2019-10-12 11:44:18",1183
"2019-10-12 12:44:25",1183
"2019-10-12 13:44:19",1183
"2019-10-12 14:44:20",1183
"2019-10-12 15:44:19",1183
"2019-10-12 16:44:23",1183
"2019-10-12 17:44:23",1183
"2019-10-12 18:44:19",1183
"2019-10-12 19:44:20",1183
"2019-10-12 20:44:21",1183
"2019-10-12 21:44:18",1183
"2019-10-12 22:44:20",1183
"2019-10-12 23:44:19",1183
"2019-10-13 00:44:23",1183
"2019-10-13 01:44:19",1183
"2019-10-13 02:44:19",1183
"2019-10-13 03:44:22",1183
"2019-10-13 04:44:18",1183
"2019-10-13 05:44:18",1183
"2019-10-13 06:44:21",1183
"2019-10-13 07:44:19",1183
"2019-10-13 08:44:23",1183
"2019-10-13 09:44:22",1183
"2019-10-13 10:44:17",1183
"2019-10-13 11:44:23",1183
"2019-10-13 12:44:18",1183
"2019-10-13 13:44:23",1183
"2019-10-13 14:44:22",1183
"2019-10-13 15:44:19",1183
"2019-10-13 16:44:26",1183
"2019-10-13 17:44:19",1183
"2019-10-13 18:44:21",1183
"2019-10-13 19:44:21",1183
"2019-10-13 20:44:24",1183
"2019-10-13 21:44:23",1183
"2019-10-13 22:44:22",1183
"2019-10-13 23:44:26",1183
"2019-10-14 00:44:20",1183
"2019-10-14 01:44:22",1183
"2019-10-14 02:44:20",1183
"2019-10-14 03:44:21",1183
"2019-10-14 04:44:21",1183
"2019-10-14 05:44:20",1183
"2019-10-14 06:44:23",1183
"2019-10-14 07:44:19",1183
"2019-10-14 08:44:20",1183
"2019-10-14 09:44:23",1183
"2019-10-14 10:44:21",1183
"2019-10-14 11:44:22",1183
"2019-10-14 12:44:23",1183
"2019-10-14 13:44:21",1183
"2019-10-14 14:44:21",1180
"2019-10-14 15:44:21",1180
"2019-10-14 16:44:25",1180
"2019-10-14 17:44:19",1179
"2019-10-14 18:44:24",1178
"2019-10-14 19:44:19",1177
"2019-10-14 20:44:21",1177
"2019-10-14 21:44:21",1177
"2019-10-14 22:44:23",1177
"2019-10-14 23:44:29",1177
"2019-10-15 00:44:20",1177
"2019-10-15 02:44:25",1177
"2019-10-15 03:44:19",1177
"2019-10-15 04:44:20",1177
"2019-10-15 05:44:23",1177
"2019-10-15 06:44:22",1177
"2019-10-15 07:44:27",1177
"2019-10-15 08:44:22",1177
"2019-10-15 09:44:20",1177
"2019-10-15 10:44:20",1177
"2019-10-15 11:44:24",1177
"2019-10-15 12:44:21",1177
"2019-10-15 13:44:26",1177
"2019-10-15 14:44:19",1175
"2019-10-15 15:44:19",1172
"2019-10-15 16:44:21",1172
"2019-10-15 17:44:23",1173
"2019-10-15 18:44:25",1173
"2019-10-15 19:44:24",1173
"2019-10-15 20:44:28",1173
"2019-10-15 21:44:21",1173
"2019-10-15 22:44:19",1173
"2019-10-15 23:44:19",1173
"2019-10-16 00:44:20",1173
"2019-10-16 01:44:19",1173
"2019-10-16 02:44:21",1173
"2019-10-16 03:44:26",1173
"2019-10-16 04:44:21",1173
"2019-10-16 05:44:20",1173
"2019-10-16 06:44:20",1173
"2019-10-16 07:44:27",1173
"2019-10-16 08:44:29",1173
"2019-10-16 09:44:20",1173
"2019-10-16 10:44:23",1173
"2019-10-16 11:44:19",1173
"2019-10-16 12:44:21",1173
"2019-10-16 13:44:26",1173
"2019-10-16 14:44:20",1170
"2019-10-16 15:44:28",1171
"2019-10-16 16:44:20",1171
"2019-10-16 17:44:19",1173
"2019-10-16 18:44:22",1172
"2019-10-16 19:44:19",1170
"2019-10-16 20:44:20",1169
"2019-10-16 21:44:22",1169
"2019-10-16 22:44:18",1169
"2019-10-16 23:44:20",1169
"2019-10-17 00:44:19",1169
"2019-10-17 01:44:21",1169
"2019-10-17 02:44:20",1169
"2019-10-17 04:44:23",1169
"2019-10-17 05:44:19",1169
"2019-10-17 06:44:19",1169
"2019-10-17 07:44:23",1169
"2019-10-17 08:44:20",1169
"2019-10-17 09:44:18",1169
"2019-10-17 10:44:18",1169
"2019-10-17 11:44:23",1169
"2019-10-17 12:44:21",1169
"2019-10-17 13:44:22",1169
"2019-10-17 14:44:24",1171
"2019-10-17 15:44:19",1171
"2019-10-17 16:44:19",1169
"2019-10-17 17:44:21",1168
"2019-10-17 18:44:20",1168
"2019-10-17 19:44:23",1167
"2019-10-17 20:44:20",1168
"2019-10-17 21:44:20",1168
"2019-10-17 22:44:20",1168
"2019-10-17 23:44:20",1168
"2019-10-18 00:44:19",1168
"2019-10-18 01:44:20",1168
"2019-10-18 02:44:19",1168
"2019-10-18 03:44:24",1168
"2019-10-18 04:44:19",1168
"2019-10-18 05:44:20",1168
"2019-10-18 06:44:25",1168
"2019-10-18 07:44:20",1168
"2019-10-18 08:44:21",1168
"2019-10-18 09:44:21",1168
"2019-10-18 10:44:24",1168
"2019-10-18 11:44:20",1168
"2019-10-18 13:06:55",1168
"2019-10-18 13:44:18",1168
"2019-10-18 14:44:19",1168
"2019-10-18 15:44:24",1169
"2019-10-18 16:44:18",1169
"2019-10-18 17:44:21",1168
"2019-10-18 18:44:19",1167
"2019-10-18 19:44:20",1167
"2019-10-18 20:44:23",1168
"2019-10-18 21:44:19",1168
"2019-10-18 22:44:19",1168
"2019-10-18 23:44:20",1168
"2019-10-19 00:44:19",1168
"2019-10-19 01:44:23",1168
"2019-10-19 02:44:19",1168
"2019-10-19 03:44:19",1168
"2019-10-19 04:44:22",1168
"2019-10-19 05:44:18",1168
"2019-10-19 06:44:23",1168
"2019-10-19 07:44:21",1168
"2019-10-19 08:44:20",1168
"2019-10-19 09:44:21",1168
"2019-10-19 10:44:22",1168
"2019-10-19 11:44:18",1168
"2019-10-19 12:44:24",1168
"2019-10-19 13:44:18",1168
"2019-10-19 14:44:20",1168
"2019-10-19 15:44:20",1168
"2019-10-19 16:44:24",1168
"2019-10-19 17:44:19",1168
"2019-10-19 18:44:19",1168
"2019-10-19 19:44:23",1168
"2019-10-19 20:44:20",1168
"2019-10-19 21:44:18",1168
"2019-10-19 22:44:19",1168
"2019-10-19 23:44:19",1168
"2019-10-20 00:44:19",1168
"2019-10-20 01:44:19",1168
"2019-10-20 02:44:22",1168
"2019-10-20 03:44:19",1168
"2019-10-20 04:44:20",1168
"2019-10-20 05:44:22",1168
"2019-10-20 06:44:21",1168
"2019-10-20 07:44:23",1168
"2019-10-20 08:44:20",1168
"2019-10-20 09:44:19",1168
"2019-10-20 10:44:22",1168
"2019-10-20 11:44:19",1168
"2019-10-20 12:44:23",1168
"2019-10-20 13:44:19",1168
"2019-10-20 14:44:18",1168
"2019-10-20 16:44:23",1168
"2019-10-20 17:44:19",1168
"2019-10-20 18:44:20",1168
"2019-10-20 19:44:18",1168
"2019-10-20 20:44:18",1168
"2019-10-20 21:44:18",1168
"2019-10-20 22:44:19",1168
"2019-10-20 23:44:19",1168
"2019-10-21 00:44:20",1168
"2019-10-21 01:44:22",1168
"2019-10-21 02:44:20",1168
"2019-10-21 03:44:19",1168
"2019-10-21 04:44:19",1168
"2019-10-21 05:44:24",1166
"2019-10-21 06:44:19",1166
"2019-10-21 07:44:21",1166
"2019-10-21 08:44:22",1166
"2019-10-21 09:44:20",1166
"2019-10-21 10:44:20",1166
"2019-10-21 11:44:23",1166
"2019-10-21 13:07:52",1166
"2019-10-21 13:44:26",1166
"2019-10-21 14:44:20",1165
"2019-10-21 15:44:22",1164
"2019-10-21 16:44:23",1165
"2019-10-21 17:44:20",1165
"2019-10-21 18:44:21",1166
"2019-10-21 19:44:21",1167
"2019-10-21 20:44:20",1164
"2019-10-21 22:44:26",1164
"2019-10-21 23:44:20",1164
"2019-10-22 00:44:20",1164
"2019-10-22 01:44:21",1164
"2019-10-22 02:44:24",1164
"2019-10-22 03:44:26",1164
"2019-10-22 04:44:23",1164
"2019-10-22 05:44:20",1164
"2019-10-22 06:44:19",1164
"2019-10-22 07:44:25",1164
"2019-10-22 08:44:20",1164
"2019-10-22 09:44:22",1164
"2019-10-22 10:44:19",1164
"2019-10-22 11:44:18",1164
"2019-10-22 12:44:30",1164
"2019-10-22 13:44:21",1164
"2019-10-22 14:44:21",1163
"2019-10-22 15:44:26",1164
"2019-10-22 16:44:23",1166
"2019-10-22 17:44:25",1166
"2019-10-22 18:44:23",1165
"2019-10-22 19:44:20",1163
"2019-10-22 20:44:23",1163
"2019-10-22 21:44:22",1163
"2019-10-22 22:44:23",1163
"2019-10-22 23:44:23",1163
"2019-10-23 00:44:30",1163
"2019-10-23 01:44:25",1163
"2019-10-23 02:44:21",1163
"2019-10-23 03:44:20",1163
"2019-10-23 04:44:25",1163
"2019-10-23 05:44:22",1163
"2019-10-23 06:44:30",1163
"2019-10-23 07:44:23",1163
"2019-10-23 08:44:21",1163
"2019-10-23 09:44:25",1163
"2019-10-23 10:44:22",1163
"2019-10-23 11:44:19",1163
"2019-10-23 12:44:26",1163
"2019-10-23 13:44:26",1163
"2019-10-23 14:44:20",1162
"2019-10-23 15:44:19",1161
"2019-10-23 16:44:23",1159
"2019-10-23 17:44:20",1159
"2019-10-23 18:44:19",1159
"2019-10-23 19:44:20",1158
"2019-10-23 20:44:23",1157
"2019-10-23 21:44:19",1157
"2019-10-23 22:44:20",1157
"2019-10-23 23:44:20",1157
"2019-10-24 00:56:16",1157
"2019-10-24 01:44:22",1157
"2019-10-24 02:44:22",1157
"2019-10-24 03:44:25",1157
"2019-10-24 04:44:20",1156
"2019-10-24 05:44:24",1156
"2019-10-24 06:44:28",1156
"2019-10-24 07:44:21",1156
"2019-10-24 08:44:20",1156
"2019-10-24 09:44:25",1156
"2019-10-24 10:44:19",1156
"2019-10-24 11:44:19",1156
"2019-10-24 13:07:57",1156
"2019-10-24 13:44:22",1156
"2019-10-24 14:44:21",1159
"2019-10-24 15:44:25",1160
"2019-10-24 16:44:21",1162
"2019-10-24 17:44:23",1163
"2019-10-24 18:44:21",1164
"2019-10-24 19:44:25",1163
"2019-10-24 20:44:20",1163
"2019-10-24 21:44:21",1163
"2019-10-24 22:44:21",1163
"2019-10-24 23:44:23",1163
"2019-10-25 00:44:22",1163
"2019-10-25 01:44:22",1163
"2019-10-25 02:44:26",1163
"2019-10-25 03:44:22",1163
"2019-10-25 04:44:19",1163
"2019-10-25 05:44:24",1163
"2019-10-25 06:44:22",1163
"2019-10-25 07:44:24",1163
"2019-10-25 08:44:24",1163
"2019-10-25 09:44:20",1163
"2019-10-25 10:44:20",1163
"2019-10-25 11:44:29",1163
"2019-10-25 13:07:54",1163
"2019-10-25 13:44:25",1163
"2019-10-25 14:44:28",1159
"2019-10-25 15:44:21",1160
"2019-10-25 16:44:27",1158
"2019-10-25 17:44:21",1157
"2019-10-25 18:44:21",1158
"2019-10-25 19:44:20",1157
"2019-10-25 20:44:21",1156
"2019-10-25 21:44:20",1156
"2019-10-25 22:44:21",1156
"2019-10-25 23:44:21",1156
"2019-10-26 00:44:24",1156
"2019-10-26 01:44:26",1156
"2019-10-26 02:44:22",1156
"2019-10-26 03:44:22",1156
"2019-10-26 04:44:26",1156
"2019-10-26 05:44:21",1156
"2019-10-26 06:44:19",1156
"2019-10-26 07:44:26",1156
"2019-10-26 08:44:21",1156
"2019-10-26 09:44:20",1156
"2019-10-26 10:44:20",1156
"2019-10-26 11:44:24",1156
"2019-10-26 12:44:21",1156
"2019-10-26 13:44:23",1156
"2019-10-26 14:44:24",1156
"2019-10-26 15:44:25",1156
"2019-10-26 16:44:23",1156
"2019-10-26 17:44:24",1156
"2019-10-26 18:44:25",1156
"2019-10-26 19:44:24",1156
"2019-10-26 20:44:23",1156
"2019-10-26 21:44:24",1156
"2019-10-26 22:44:23",1156
"2019-10-26 23:44:23",1156
"2019-10-27 00:44:24",1156
"2019-10-27 01:44:21",1156
"2019-10-27 02:44:24",1156
"2019-10-27 03:44:24",1156
"2019-10-27 04:44:21",1156
"2019-10-27 05:44:26",1156
"2019-10-27 06:44:23",1156
"2019-10-27 07:44:20",1156
"2019-10-27 08:44:22",1156
"2019-10-27 09:44:20",1156
"2019-10-27 10:44:19",1156
"2019-10-27 11:44:20",1156
"2019-10-27 12:44:24",1156
"2019-10-27 13:44:21",1156
"2019-10-27 14:44:20",1156
"2019-10-27 15:44:28",1156
"2019-10-27 16:44:20",1156
"2019-10-27 17:44:21",1156
"2019-10-27 18:44:24",1156
"2019-10-27 19:44:23",1156
"2019-10-27 20:44:25",1156
"2019-10-27 21:44:21",1156
"2019-10-27 22:44:20",1156
"2019-10-27 23:44:20",1156
"2019-10-28 00:44:20",1156
"2019-10-28 01:44:22",1156
"2019-10-28 02:44:21",1156
"2019-10-28 03:44:25",1156
"2019-10-28 04:44:20",1156
"2019-10-28 05:44:20",1156
"2019-10-28 06:44:23",1156
"2019-10-28 07:44:23",1156
"2019-10-28 08:44:21",1156
"2019-10-28 09:44:20",1156
"2019-10-28 10:44:26",1156
"2019-10-28 11:44:19",1156
"2019-10-28 12:44:26",1156
"2019-10-28 14:44:24",1154
"2019-10-28 15:44:30",1154
"2019-10-28 16:44:29",1154
"2019-10-28 17:44:24",1153
"2019-10-28 18:44:24",1152
"2019-10-28 19:44:24",1153
"2019-10-28 23:44:22",1152
"2019-10-29 00:44:21",1152
"2019-10-29 01:44:26",1152
"2019-10-29 02:44:24",1152
"2019-10-29 03:44:27",1152
"2019-10-29 04:44:21",1152
"2019-10-29 05:44:24",1152
"2019-10-29 06:44:24",1152
"2019-10-29 07:44:23",1152
"2019-10-29 08:44:23",1152
"2019-10-29 09:44:20",1152
"2019-10-29 10:44:25",1152
"2019-10-29 11:44:21",1152
"2019-10-29 12:44:23",1152
"2019-10-29 13:44:30",1152
"2019-10-29 14:44:23",1154
"2019-10-29 15:44:24",1151
"2019-10-29 16:44:26",1151
"2019-10-29 17:44:21",1151
"2019-10-29 18:44:25",1150
"2019-10-29 19:44:25",1151
"2019-10-29 20:44:22",1152
"2019-10-29 21:44:26",1151
"2019-10-29 22:44:23",1151
"2019-10-29 23:44:23",1151
"2019-10-30 00:44:29",1151
"2019-10-30 01:44:24",1151
"2019-10-30 02:44:22",1151
"2019-10-30 03:44:23",1151
"2019-10-30 04:44:26",1151
"2019-10-30 05:44:27",1151
"2019-10-30 06:44:22",1151
"2019-10-30 07:44:31",1151
"2019-10-30 08:44:22",1151
"2019-10-30 09:44:23",1151
"2019-10-30 10:44:25",1151
"2019-10-30 11:44:19",1151
"2019-10-30 13:44:25",1151
"2019-10-30 14:44:21",1149
"2019-10-30 15:44:21",1149
"2019-10-30 16:44:23",1149
"2019-10-30 17:44:23",1148
"2019-10-30 18:44:22",1149
"2019-10-30 19:44:21",1149
"2019-10-30 20:44:24",1149
"2019-10-30 21:44:22",1149
"2019-10-30 22:44:22",1149
"2019-10-30 23:44:22",1149
"2019-10-31 00:44:22",1149
"2019-10-31 01:44:23",1149
"2019-10-31 02:44:21",1149
"2019-10-31 03:44:25",1149
"2019-10-31 04:44:21",1149
"2019-10-31 05:44:21",1149
"2019-10-31 06:44:24",1149
"2019-10-31 07:44:22",1149
"2019-10-31 08:44:22",1149
"2019-10-31 09:44:25",1149
"2019-10-31 10:44:21",1149
"2019-10-31 11:44:23",1149
"2019-10-31 13:09:28",1149
"2019-10-31 13:44:25",1149
"2019-10-31 14:44:23",1146
"2019-10-31 15:44:25",1147
"2019-10-31 16:44:24",1146
"2019-10-31 17:44:23",1145
"2019-10-31 18:44:22",1144
"2019-10-31 19:44:22",1142
"2019-10-31 20:44:24",1141
"2019-10-31 22:07:27",1141
"2019-10-31 22:44:28",1141
"2019-10-31 23:44:22",1141
"2019-11-01 00:44:22",1141
"2019-11-01 01:44:22",1141
"2019-11-01 02:44:22",1141
"2019-11-01 03:44:26",1141
"2019-11-01 04:44:22",1141
"2019-11-01 05:44:25",1141
"2019-11-01 06:44:20",1141
"2019-11-01 07:44:27",1141
"2019-11-01 08:44:22",1141
"2019-11-01 09:44:24",1141
"2019-11-01 10:44:24",1141
"2019-11-01 11:44:27",1141
"2019-11-01 13:40:34",1142
"2019-11-01 13:49:50",1142
"2019-11-01 14:44:23",1142
"2019-11-01 15:44:21",1141
"2019-11-01 16:44:26",1141
"2019-11-01 17:44:24",1137
"2019-11-01 18:44:28",1136
"2019-11-01 19:44:22",1135
"2019-11-01 20:44:22",1135
"2019-11-01 21:44:21",1135
"2019-11-01 22:44:21",1135
"2019-11-01 23:44:21",1135
"2019-11-02 00:44:25",1135
"2019-11-02 01:44:22",1135
"2019-11-02 02:44:22",1135
"2019-11-02 03:44:27",1135
"2019-11-02 04:44:22",1135
"2019-11-02 05:44:22",1135
"2019-11-02 06:44:25",1135
"2019-11-02 07:44:21",1135
"2019-11-02 08:44:22",1135
"2019-11-02 09:44:20",1135
"2019-11-02 10:44:25",1135
"2019-11-02 11:44:21",1135
"2019-11-02 12:44:27",1135
"2019-11-02 13:44:23",1135
"2019-11-02 14:44:23",1135
"2019-11-02 15:44:26",1135
"2019-11-02 16:44:21",1135
"2019-11-02 17:44:22",1135
"2019-11-02 18:44:23",1135
"2019-11-02 19:44:22",1135
"2019-11-02 20:44:22",1135
"2019-11-02 23:44:24",1135
"2019-11-03 00:44:21",1135
"2019-11-03 01:44:22",1135
"2019-11-03 03:44:23",1135
"2019-11-03 05:44:25",1135
"2019-11-03 06:44:21",1135
"2019-11-03 07:44:23",1135
"2019-11-03 21:44:25",1135
"2019-11-03 22:44:21",1135
"2019-11-03 23:44:26",1135
"2019-11-04 00:44:21",1135
"2019-11-04 01:44:22",1135
"2019-11-04 02:44:21",1135
"2019-11-04 03:44:21",1135
"2019-11-04 04:44:21",1135
"2019-11-04 05:44:25",1135
"2019-11-04 06:44:22",1135
"2019-11-04 07:44:20",1135
"2019-11-04 08:44:21",1135
"2019-11-04 09:44:23",1135
"2019-11-04 10:44:21",1135
"2019-11-04 11:44:20",1135
"2019-11-04 12:44:21",1135
"2019-11-04 14:09:55",1135
"2019-11-04 15:44:21",1139
"2019-11-04 16:44:22",1141
"2019-11-04 17:44:22",1144
"2019-11-04 18:44:22",1143
"2019-11-04 19:44:25",1142
"2019-11-04 20:44:22",1142
"2019-11-04 21:44:22",1144
"2019-11-04 22:44:22",1144
"2019-11-04 23:44:21",1144
"2019-11-05 00:44:23",1144
"2019-11-05 01:44:22",1144
"2019-11-05 02:44:25",1144
"2019-11-05 03:44:23",1144
"2019-11-05 04:44:21",1144
"2019-11-05 05:44:25",1144
"2019-11-05 06:44:23",1144
"2019-11-05 07:44:22",1144
"2019-11-05 08:44:23",1144
"2019-11-05 09:44:25",1144
"2019-11-05 10:44:22",1144
"2019-11-05 11:44:22",1144
"2019-11-05 12:44:22",1144
"2019-11-05 14:09:55",1145
"2019-11-05 14:44:27",1145
"2019-11-05 15:44:22",1147
"2019-11-05 16:44:23",1149
"2019-11-05 17:44:22",1149
"2019-11-05 18:44:21",1152
"2019-11-05 19:44:24",1153
"2019-11-05 20:44:25",1155
"2019-11-05 21:44:22",1157
"2019-11-05 22:44:23",1157
"2019-11-05 23:44:21",1157
"2019-11-06 00:44:22",1157
"2019-11-06 01:44:23",1157
"2019-11-06 02:44:23",1157
"2019-11-06 03:44:23",1157
"2019-11-06 04:44:26",1157
"2019-11-06 05:44:22",1157
"2019-11-06 06:44:27",1157
"2019-11-06 07:44:21",1157
"2019-11-06 08:44:22",1157
"2019-11-06 09:44:24",1157
"2019-11-06 10:44:24",1157
"2019-11-06 11:44:21",1157
"2019-11-06 12:44:21",1157
"2019-11-06 13:44:22",1157
"2019-11-06 14:44:27",1157
"2019-11-06 15:44:24",1158
"2019-11-06 16:44:24",1159
"2019-11-06 17:44:24",1165
"2019-11-06 18:44:25",1165
"2019-11-06 19:44:24",1162
"2019-11-06 20:44:27",1160
"2019-11-06 21:44:25",1161
"2019-11-06 22:44:23",1161
"2019-11-06 23:44:24",1162
"2019-11-07 00:44:23",1162
"2019-11-07 01:44:23",1162
"2019-11-07 02:44:24",1162
"2019-11-07 03:44:23",1162
"2019-11-07 04:44:26",1162
"2019-11-07 05:44:24",1162
"2019-11-07 06:44:22",1162
"2019-11-07 07:44:24",1162
"2019-11-07 08:44:24",1162
"2019-11-07 09:44:24",1162
"2019-11-07 10:44:21",1162
"2019-11-07 11:44:21",1162
"2019-11-07 12:44:22",1162
"2019-11-07 14:08:25",1163
"2019-11-07 14:44:55",1163
"2019-11-07 15:44:26",1163
"2019-11-07 16:44:25",1169
"2019-11-07 17:44:25",1167
"2019-11-07 18:44:25",1165
"2019-11-07 19:44:26",1166
"2019-11-07 21:09:00",1168
"2019-11-07 21:44:27",1168
"2019-11-07 22:44:29",1168
"2019-11-07 23:44:30",1168
"2019-11-08 00:44:31",1168
"2019-11-08 01:44:28",1168
"2019-11-08 02:44:33",1168
"2019-11-08 03:44:30",1168
"2019-11-08 04:44:29",1168
"2019-11-08 05:44:32",1168
"2019-11-08 06:44:27",1168
"2019-11-08 07:44:28",1168
"2019-11-08 08:44:32",1168
"2019-11-08 09:44:29",1168
"2019-11-08 10:44:29",1168
"2019-11-08 11:44:26",1168
"2019-11-08 12:44:27",1168
"2019-11-08 14:10:04",1168
"2019-11-08 14:45:04",1168
"2019-11-08 15:44:29",1170
"2019-11-08 16:44:29",1168
"2019-11-08 17:44:31",1165
"2019-11-08 18:44:30",1164
"2019-11-08 19:44:33",1164
"2019-11-08 20:44:29",1163
"2019-11-08 21:44:31",1163
"2019-11-08 22:44:30",1164
"2019-11-08 23:44:31",1164
"2019-11-09 00:44:31",1164
"2019-11-09 01:44:31",1164
"2019-11-09 02:44:30",1164
"2019-11-09 03:44:30",1164
"2019-11-09 04:44:32",1164
"2019-11-09 05:44:28",1164
"2019-11-09 06:44:30",1164
"2019-11-09 07:44:31",1164
"2019-11-09 08:44:32",1164
"2019-11-09 09:44:30",1164
"2019-11-09 10:44:28",1164
"2019-11-09 11:44:33",1164
"2019-11-09 12:44:29",1164
"2019-11-09 13:44:28",1164
"2019-11-09 14:44:31",1164
"2019-11-09 15:44:33",1164
"2019-11-09 16:44:30",1164
"2019-11-09 17:44:31",1164
"2019-11-09 18:44:28",1164
"2019-11-09 19:44:30",1164
"2019-11-09 20:44:33",1164
"2019-11-09 21:44:29",1164
"2019-11-09 22:44:33",1164
"2019-11-09 23:44:29",1164
"2019-11-10 00:44:29",1164
"2019-11-10 01:44:30",1164
"2019-11-10 02:44:32",1164
"2019-11-10 03:44:28",1164
"2019-11-10 04:44:30",1164
"2019-11-10 05:44:29",1164
"2019-11-10 06:44:29",1164
"2019-11-10 07:44:27",1164
"2019-11-10 08:44:32",1164
"2019-11-10 09:44:31",1164
"2019-11-10 10:44:28",1164
"2019-11-10 11:44:28",1164
"2019-11-10 12:44:30",1164
"2019-11-10 13:44:28",1164
"2019-11-10 14:44:27",1164
"2019-11-10 15:44:32",1164
"2019-11-10 16:44:29",1164
"2019-11-10 17:44:29",1164
"2019-11-10 18:44:31",1164
"2019-11-10 19:44:28",1164
"2019-11-10 20:44:29",1164
"2019-11-10 21:44:27",1164
"2019-11-10 22:44:31",1164
"2019-11-10 23:44:31",1164
"2019-11-11 00:44:30",1164
"2019-11-11 01:44:32",1164
"2019-11-11 02:44:31",1164
"2019-11-11 03:44:31",1164
"2019-11-11 04:44:30",1164
"2019-11-11 05:44:32",1164
"2019-11-11 06:44:29",1164
"2019-11-11 07:44:30",1164
"2019-11-11 08:44:34",1164
"2019-11-11 09:44:32",1164
"2019-11-11 10:44:32",1164
"2019-11-11 11:44:29",1164
"2019-11-11 12:44:32",1164
"2019-11-11 13:44:31",1164
"2019-11-11 14:44:34",1163
"2019-11-11 15:44:35",1163
"2019-11-11 16:44:32",1166
"2019-11-11 17:44:34",1161
"2019-11-11 18:44:35",1161
"2019-11-11 19:44:31",1161
"2019-11-11 21:44:31",1170
"2019-11-11 22:44:29",1169
"2019-11-11 23:44:30",1169
"2019-11-12 00:44:27",1169
"2019-11-12 01:44:28",1169
"2019-11-12 02:44:34",1169
"2019-11-12 03:44:30",1169
"2019-11-12 04:44:28",1169
"2019-11-12 05:44:32",1169
"2019-11-12 06:44:29",1169
"2019-11-12 07:44:32",1169
"2019-11-12 08:44:29",1169
"2019-11-12 09:44:28",1169
"2019-11-12 10:44:27",1169
"2019-11-12 11:44:32",1169
"2019-11-12 12:44:33",1169
"2019-11-12 14:08:32",1168
"2019-11-12 14:44:34",1168
"2019-11-12 15:44:29",1170
"2019-11-12 16:44:31",1174
"2019-11-12 17:44:31",1172
"2019-11-12 18:44:34",1170
"2019-11-12 19:44:28",1169
"2019-11-12 20:44:28",1169
"2019-11-12 21:44:29",1169
"2019-11-12 22:44:33",1169
"2019-11-12 23:44:29",1169
"2019-11-13 00:44:35",1169
"2019-11-13 01:44:29",1169
"2019-11-13 02:44:30",1169
"2019-11-13 03:44:33",1169
"2019-11-13 04:44:30",1169
"2019-11-13 05:44:37",1169
"2019-11-13 06:44:30",1169
"2019-11-13 07:44:36",1169
"2019-11-13 08:44:32",1169
"2019-11-13 09:44:31",1169
"2019-11-13 10:44:29",1169
"2019-11-13 11:44:35",1169
"2019-11-13 12:44:28",1169
"2019-11-13 13:44:29",1169
"2019-11-13 15:44:35",1171
"2019-11-13 16:44:30",1165
"2019-11-13 17:44:31",1165
"2019-11-13 18:44:34",1162
"2019-11-13 19:44:30",1159
"2019-11-13 20:44:29",1157
"2019-11-13 21:44:28",1157
"2019-11-13 22:44:31",1157
"2019-11-13 23:44:31",1158
"2019-11-14 00:44:30",1158
"2019-11-14 01:44:28",1158
"2019-11-14 02:44:35",1158
"2019-11-14 03:44:28",1158
"2019-11-14 04:44:29",1158
"2019-11-14 05:44:34",1158
"2019-11-14 06:44:28",1158
"2019-11-14 07:44:35",1158
"2019-11-14 08:44:32",1158
"2019-11-14 09:44:33",1158
"2019-11-14 10:44:31",1158
"2019-11-14 11:44:35",1158
"2019-11-14 12:44:28",1158
"2019-11-14 14:08:08",1158
"2019-11-14 14:44:32",1158
"2019-11-14 15:44:30",1164
"2019-11-14 17:44:31",1163
"2019-11-14 18:44:29",1163
"2019-11-14 19:44:29",1163
"2019-11-14 20:44:30",1166
"2019-11-14 21:44:35",1162
"2019-11-14 22:44:28",1163
"2019-11-14 23:44:31",1163
"2019-11-15 00:44:30",1163
"2019-11-15 01:44:30",1163
"2019-11-15 02:44:29",1163
"2019-11-15 03:44:30",1163
"2019-11-15 04:44:31",1163
"2019-11-15 05:44:31",1163
"2019-11-15 06:44:32",1163
"2019-11-15 07:44:29",1163
"2019-11-15 08:44:38",1163
"2019-11-15 09:44:29",1163
"2019-11-15 10:44:29",1163
"2019-11-15 11:44:28",1163
"2019-11-15 12:44:33",1163
"2019-11-15 14:11:02",1164
"2019-11-15 15:44:36",1157
"2019-11-15 16:44:28",1153
"2019-11-15 17:44:30",1153
"2019-11-15 18:44:36",1156
"2019-11-15 19:44:32",1156
"2019-11-15 20:44:33",1161
"2019-11-15 21:44:27",1158
"2019-11-15 22:44:31",1158
"2019-11-15 23:44:30",1158
"2019-11-16 00:44:32",1158
"2019-11-16 01:44:29",1158
"2019-11-16 02:44:31",1158
"2019-11-16 03:44:28",1158
"2019-11-16 04:44:31",1158
"2019-11-16 05:44:30",1158
"2019-11-16 06:44:31",1158
"2019-11-16 07:44:29",1158
"2019-11-16 08:44:31",1158
"2019-11-16 09:44:34",1158
"2019-11-16 10:44:27",1158
"2019-11-16 11:44:28",1158
"2019-11-16 12:44:33",1158
"2019-11-16 13:44:31",1158
"2019-11-16 14:44:31",1158
"2019-11-16 15:44:30",1158
"2019-11-16 16:44:29",1158
"2019-11-16 17:44:31",1158
"2019-11-16 18:44:28",1158
"2019-11-16 19:44:28",1158
"2019-11-16 20:44:27",1158
"2019-11-16 21:44:28",1158
"2019-11-16 22:44:28",1158
"2019-11-16 23:44:27",1158
"2019-11-17 00:44:28",1158
"2019-11-17 01:44:26",1158
"2019-11-17 02:44:31",1158
"2019-11-17 03:44:27",1158
"2019-11-17 04:44:29",1158
"2019-11-17 05:44:29",1158
"2019-11-17 06:44:30",1158
"2019-11-17 07:44:31",1158
"2019-11-17 08:44:28",1158
"2019-11-17 10:44:34",1158
"2019-11-17 11:44:32",1158
"2019-11-17 12:44:29",1158
"2019-11-17 13:44:29",1158
"2019-11-17 14:44:27",1158
"2019-11-17 15:44:27",1158
"2019-11-17 16:44:30",1158
"2019-11-17 17:44:26",1158
"2019-11-17 18:44:27",1158
"2019-11-17 19:44:28",1158
"2019-11-17 20:44:30",1158
"2019-11-17 21:44:32",1158
"2019-11-17 22:44:29",1158
"2019-11-17 23:44:32",1158
"2019-11-18 00:44:27",1158
"2019-11-18 01:44:27",1158
"2019-11-18 02:44:29",1158
"2019-11-18 03:44:28",1158
"2019-11-18 04:44:26",1158
"2019-11-18 05:44:30",1158
"2019-11-18 06:44:26",1156
"2019-11-18 07:44:28",1157
"2019-11-18 08:44:33",1157
"2019-11-18 09:44:34",1157
"2019-11-18 10:44:30",1157
"2019-11-18 11:44:27",1157
"2019-11-18 12:44:30",1157
"2019-11-18 14:09:35",1157
"2019-11-18 14:44:28",1157
"2019-11-18 15:44:33",1179
"2019-11-18 16:44:31",1176
"2019-11-18 17:44:33",1178
"2019-11-18 18:44:33",1181
"2019-11-18 19:44:29",1182
"2019-11-18 20:44:32",1183
"2019-11-18 21:44:31",1179
"2019-11-18 22:44:27",1179
"2019-11-18 23:44:30",1179
"2019-11-19 00:44:29",1179
"2019-11-19 01:44:29",1179
"2019-11-19 02:44:28",1179
"2019-11-19 03:44:28",1179
"2019-11-19 04:44:30",1179
"2019-11-19 05:44:27",1179
"2019-11-19 06:44:30",1179
"2019-11-19 07:44:28",1179
"2019-11-19 08:44:29",1179
"2019-11-19 09:44:34",1179
"2019-11-19 10:44:28",1179
"2019-11-19 11:44:27",1179
"2019-11-19 12:44:29",1179
"2019-11-19 14:09:34",1180
"2019-11-19 14:44:31",1180
"2019-11-19 15:44:31",1177
"2019-11-19 16:44:29",1166
"2019-11-19 17:44:36",1166
"2019-11-19 18:44:28",1166
"2019-11-19 19:44:31",1166
"2019-11-19 20:44:30",1165
"2019-11-19 21:44:33",1164
"2019-11-19 22:44:30",1164
"2019-11-19 23:44:30",1164
"2019-11-20 00:44:31",1164
"2019-11-20 01:44:30",1164
"2019-11-20 02:44:31",1164
"2019-11-20 03:44:31",1164
"2019-11-20 04:44:29",1164
"2019-11-20 05:44:31",1164
"2019-11-20 06:44:31",1164
"2019-11-20 07:44:31",1164
"2019-11-20 08:44:34",1164
"2019-11-20 09:44:38",1164
"2019-11-20 10:44:38",1164
"2019-11-20 11:44:36",1164
"2019-11-20 12:44:35",1164
"2019-11-20 14:09:08",1164
"2019-11-20 14:44:37",1164
"2019-11-20 15:44:34",1160
"2019-11-20 16:44:35",1162
"2019-11-20 22:44:33",1155
"2019-11-20 23:44:28",1155
"2019-11-21 00:44:28",1155
"2019-11-21 01:44:28",1155
"2019-11-21 02:44:32",1155
"2019-11-21 03:44:29",1155
"2019-11-21 04:44:28",1155
"2019-11-21 05:44:30",1155
"2019-11-21 06:44:32",1155
"2019-11-21 07:44:27",1155
"2019-11-21 08:44:27",1155
"2019-11-21 09:44:29",1155
"2019-11-21 10:44:29",1155
"2019-11-21 11:44:29",1155
"2019-11-21 12:44:28",1155
"2019-11-21 14:08:32",1155
"2019-11-21 14:44:33",1155
"2019-11-21 15:44:28",1155
"2019-11-21 16:44:29",1155
"2019-11-21 17:44:31",1152
"2019-11-21 18:44:27",1150
"2019-11-21 19:44:27",1149
"2019-11-21 20:44:28",1150
"2019-11-21 21:44:28",1147
"2019-11-21 22:44:28",1147
"2019-11-21 23:44:28",1147
"2019-11-22 00:44:28",1147
"2019-11-22 01:44:31",1147
"2019-11-22 02:44:28",1147
"2019-11-22 03:44:27",1147
"2019-11-22 04:44:26",1147
"2019-11-22 05:44:32",1147
"2019-11-22 06:44:29",1147
"2019-11-22 07:44:32",1147
"2019-11-22 08:44:34",1147
"2019-11-22 09:44:33",1147
"2019-11-22 10:44:33",1147
"2019-11-22 11:44:29",1147
"2019-11-22 12:45:29",1147
"2019-11-22 13:44:27",1147
"2019-11-22 14:44:30",1147
"2019-11-22 15:44:26",1147
"2019-11-22 16:44:27",1144
"2019-11-22 17:44:32",1144
"2019-11-22 18:44:31",1144
"2019-11-22 19:44:27",1144
"2019-11-22 20:44:28",1140
"2019-11-22 21:44:27",1141
"2019-11-22 22:44:27",1141
"2019-11-22 23:44:29",1141
"2019-11-23 00:44:34",1141
"2019-11-23 01:44:27",1141
"2019-11-23 02:44:27",1141
"2019-11-23 03:44:27",1141
"2019-11-23 04:44:32",1141
"2019-11-23 05:44:28",1141
"2019-11-23 06:44:29",1141
"2019-11-23 07:44:29",1141
"2019-11-23 08:44:29",1141
"2019-11-23 09:44:30",1141
"2019-11-23 10:44:30",1141
"2019-11-23 11:44:26",1141
"2019-11-23 12:44:26",1141
"2019-11-23 13:44:27",1141
"2019-11-23 14:44:27",1141
"2019-11-23 15:44:27",1141
"2019-11-23 16:44:27",1141
"2019-11-23 17:44:28",1141
"2019-11-23 18:44:28",1141
"2019-11-23 19:44:29",1141
"2019-11-23 20:44:25",1141
"2019-11-23 21:44:28",1141
"2019-11-23 22:44:25",1141
"2019-11-23 23:44:25",1141
"2019-11-24 00:44:29",1141
"2019-11-24 01:44:26",1141
"2019-11-24 02:44:26",1141
"2019-11-24 03:44:26",1141
"2019-11-24 04:44:25",1141
"2019-11-24 05:44:26",1141
"2019-11-24 06:44:26",1141
"2019-11-24 07:44:24",1141
"2019-11-24 08:44:28",1141
"2019-11-24 09:44:30",1141
"2019-11-24 10:44:29",1141
"2019-11-24 11:44:27",1141
"2019-11-24 12:44:25",1141
"2019-11-24 13:44:25",1141
"2019-11-24 14:44:26",1141
"2019-11-24 15:44:28",1141
"2019-11-24 16:44:27",1141
"2019-11-24 17:44:26",1141
"2019-11-24 18:44:28",1141
"2019-11-24 19:44:26",1141
"2019-11-24 20:44:29",1141
"2019-11-24 21:44:26",1141
"2019-11-24 22:44:30",1141
"2019-11-24 23:44:27",1141
"2019-11-25 00:44:27",1141
"2019-11-25 01:44:30",1141
"2019-11-25 02:44:28",1141
"2019-11-25 04:44:25",1141
"2019-11-25 05:44:27",1141
"2019-11-25 06:44:27",1141
"2019-11-25 07:44:27",1141
"2019-11-25 08:44:33",1141
"2019-11-25 09:44:33",1141
"2019-11-25 10:44:32",1141
"2019-11-25 11:44:30",1141
"2019-11-25 12:44:31",1141
"2019-11-25 13:44:26",1141
"2019-11-25 14:44:28",1141
"2019-11-25 15:44:31",1140
"2019-11-25 16:44:27",1139
"2019-11-25 17:44:28",1137
"2019-11-25 18:44:26",1137
"2019-11-25 19:44:29",1136
"2019-11-25 20:44:29",1135
"2019-11-25 21:44:26",1134
"2019-11-25 22:44:33",1134
"2019-11-25 23:44:28",1134
"2019-11-26 00:44:29",1134
"2019-11-26 01:44:28",1134
"2019-11-26 02:44:30",1134
"2019-11-26 03:44:29",1134
"2019-11-26 04:44:27",1134
"2019-11-26 05:44:33",1134
"2019-11-26 06:44:36",1134
"2019-11-26 07:44:29",1134
"2019-11-26 08:44:31",1134
"2019-11-26 09:44:36",1134
"2019-11-26 20:44:33",1132
"2019-11-26 21:44:30",1132
"2019-11-26 22:44:33",1132
"2019-11-26 23:44:29",1132
"2019-11-27 00:44:32",1132
"2019-11-27 01:44:29",1132
"2019-11-27 02:44:28",1132
"2019-11-27 03:44:30",1132
"2019-11-27 04:44:28",1132
"2019-11-27 05:44:30",1132
"2019-11-27 06:44:29",1132
"2019-11-27 07:44:29",1132
"2019-11-27 08:44:35",1132
"2019-11-27 09:44:35",1132
"2019-11-27 10:44:28",1132
"2019-11-27 11:44:26",1132
"2019-11-27 12:44:35",1132
"2019-11-27 13:44:28",1132
"2019-11-27 14:44:30",1132
"2019-11-27 15:44:35",1128
"2019-11-27 16:44:30",1125
"2019-11-27 17:44:29",1125
"2019-11-27 18:44:30",1125
"2019-11-27 19:44:31",1125
"2019-11-27 20:44:28",1125
"2019-11-27 21:44:28",1125
"2019-11-27 22:44:30",1125
"2019-11-27 23:44:29",1125
"2019-11-28 00:44:29",1125
"2019-11-28 01:44:30",1125
"2019-11-28 02:44:34",1125
"2019-11-28 03:44:32",1125
"2019-11-28 04:44:31",1125
"2019-11-28 05:44:28",1125
"2019-11-28 06:44:29",1125
"2019-11-28 07:44:32",1125
"2019-11-28 08:44:30",1125
"2019-11-28 09:44:36",1125
"2019-11-28 10:44:32",1125
"2019-11-28 11:44:29",1125
"2019-11-28 12:44:28",1125
"2019-11-28 13:44:27",1125
"2019-11-28 14:44:28",1125
"2019-11-28 15:44:29",1125
"2019-11-28 16:44:28",1125
"2019-11-28 17:44:30",1125
"2019-11-28 18:44:29",1125
"2019-11-28 19:44:28",1125
"2019-11-28 20:44:27",1125
"2019-11-28 21:44:28",1125
"2019-11-28 22:44:27",1125
"2019-11-28 23:44:29",1125
"2019-11-29 00:44:28",1125
"2019-11-29 01:44:28",1125
"2019-11-29 02:44:28",1125
"2019-11-29 03:44:28",1125
"2019-11-29 04:44:31",1125
"2019-11-29 05:44:31",1125
"2019-11-29 06:44:28",1125
"2019-11-29 07:44:31",1125
"2019-11-29 08:44:39",1125
"2019-11-29 09:44:41",1125
"2019-11-29 10:44:49",1125
"2019-11-29 11:44:34",1125
"2019-11-29 12:44:33",1125
"2019-11-29 13:44:37",1125
"2019-11-29 14:44:38",1126
"2019-11-29 15:44:35",1132
"2019-11-29 16:44:39",1132
"2019-11-29 17:44:40",1132
"2019-11-29 18:44:35",1131
"2019-11-29 20:44:35",1130
"2019-11-29 21:44:28",1130
"2019-11-29 22:44:37",1130
"2019-11-29 23:44:34",1130
"2019-11-30 00:44:30",1130
"2019-11-30 01:44:29",1130
"2019-11-30 02:44:31",1130
"2019-11-30 03:44:32",1130
"2019-11-30 04:44:31",1130
"2019-11-30 05:44:36",1130
"2019-11-30 06:44:32",1130
"2019-11-30 07:44:33",1130
"2019-11-30 08:44:31",1130
"2019-11-30 21:44:52",1130
"2019-11-30 22:44:37",1130
"2019-11-30 23:44:32",1130
"2019-12-01 00:44:33",1130
"2019-12-01 01:44:29",1130
"2019-12-01 02:44:36",1130
"2019-12-01 22:44:40",1130
"2019-12-01 23:44:29",1130
"2019-12-02 00:44:27",1130
"2019-12-02 01:44:33",1130
"2019-12-02 02:44:32",1130
"2019-12-02 06:17:53",1130
"2019-12-02 06:46:29",1130
"2019-12-02 07:46:37",1130
"2019-12-02 08:46:27",1130
"2019-12-02 09:46:27",1130
"2019-12-02 10:46:28",1130
"2019-12-02 11:46:29",1130
"2019-12-02 12:46:25",1130
"2019-12-02 14:09:12",1130
"2019-12-02 14:46:32",1130
"2019-12-02 15:46:35",1130
"2019-12-02 16:46:29",1123
"2019-12-02 17:46:48",1124
"2019-12-02 18:46:47",1124
"2019-12-02 19:46:49",1121
"2019-12-02 20:46:43",1123
"2019-12-02 21:46:46",1123
"2019-12-02 22:47:01",1123
"2019-12-02 23:46:49",1123
"2019-12-03 00:46:36",1123
"2019-12-03 01:46:47",1123
"2019-12-03 02:46:47",1123
"2019-12-03 03:46:46",1123
"2019-12-03 04:46:47",1123
"2019-12-03 05:46:49",1123
"2019-12-03 06:46:29",1123
"2019-12-03 07:46:28",1123
"2019-12-03 08:46:28",1123
"2019-12-03 09:46:42",1123
"2019-12-03 10:46:47",1123
"2019-12-03 11:46:38",1123
"2019-12-03 12:46:25",1123
"2019-12-03 13:46:23",1123
"2019-12-03 14:46:47",1123
"2019-12-03 15:46:28",1120
"2019-12-03 16:46:48",1121
"2019-12-03 17:46:45",1121
"2019-12-03 18:46:45",1122
"2019-12-03 19:46:44",1122
"2019-12-03 20:46:45",1122
"2019-12-03 21:47:09",1122
"2019-12-03 22:46:47",1122
"2019-12-03 23:46:58",1122
"2019-12-04 00:47:15",1122
"2019-12-04 01:47:22",1122
"2019-12-04 02:47:08",1122
"2019-12-04 03:46:54",1122
"2019-12-04 04:46:52",1122
"2019-12-04 06:46:52",1122
"2019-12-04 07:46:51",1122
"2019-12-04 08:46:35",1122
"2019-12-04 09:46:35",1122
"2019-12-04 10:46:32",1122
"2019-12-04 11:46:36",1122
"2019-12-04 12:46:33",1122
"2019-12-04 14:08:44",1122
"2019-12-04 14:47:00",1122
"2019-12-04 15:46:58",1123
"2019-12-04 16:46:51",1123
"2019-12-04 17:46:52",1122
"2019-12-04 18:46:52",1122
"2019-12-04 19:46:53",1122
"2019-12-04 20:46:49",1121
"2019-12-04 21:46:47",1122
"2019-12-04 22:46:46",1122
"2019-12-04 23:46:47",1122
"2019-12-05 00:46:50",1122
"2019-12-05 01:46:51",1122
"2019-12-05 02:46:50",1122
"2019-12-05 03:46:50",1122
"2019-12-05 04:46:49",1122
"2019-12-05 06:46:50",1122
"2019-12-05 07:46:31",1122
"2019-12-05 08:46:48",1122
"2019-12-05 09:46:27",1122
"2019-12-05 10:46:27",1122
"2019-12-05 11:46:28",1122
"2019-12-05 12:46:27",1122
"2019-12-05 13:46:47",1122
"2019-12-05 14:46:53",1122
"2019-12-05 15:46:48",1120
"2019-12-05 16:46:47",1120
"2019-12-05 17:46:47",1122
"2019-12-05 18:46:48",1122
"2019-12-05 20:09:14",1121
"2019-12-05 20:46:59",1121
"2019-12-05 21:46:47",1121
"2019-12-05 22:46:48",1121
"2019-12-05 23:46:33",1121
"2019-12-06 00:46:47",1121
"2019-12-06 01:46:46",1121
"2019-12-06 02:46:52",1121
"2019-12-06 03:46:49",1121
"2019-12-06 04:46:46",1121
"2019-12-06 05:46:58",1121
"2019-12-06 06:46:52",1121
"2019-12-06 07:46:52",1121
"2019-12-06 08:46:50",1121
"2019-12-06 09:46:47",1121
"2019-12-06 10:46:49",1121
"2019-12-06 11:46:48",1121
"2019-12-06 12:46:30",1121
"2019-12-06 13:47:28",1121
"2019-12-06 14:46:55",1121
"2019-12-06 15:47:14",1125
"2019-12-06 16:46:51",1126
"2019-12-06 17:46:46",1126
"2019-12-06 18:46:49",1126
"2019-12-06 19:46:50",1127
"2019-12-06 20:46:47",1126
"2019-12-06 21:46:27",1127
"2019-12-06 22:46:29",1127
"2019-12-06 23:46:32",1127
"2019-12-07 00:46:36",1127
"2019-12-07 01:47:08",1127
"2019-12-07 02:46:50",1127
"2019-12-07 03:46:48",1127
"2019-12-07 04:46:38",1127
"2019-12-07 05:47:14",1127
"2019-12-07 06:46:31",1127
"2019-12-07 07:46:33",1127
"2019-12-07 08:46:30",1127
"2019-12-07 09:46:29",1127
"2019-12-07 10:46:29",1127
"2019-12-07 11:46:28",1127
"2019-12-07 12:46:45",1127
"2019-12-07 13:46:59",1127
"2019-12-07 14:46:51",1127
"2019-12-07 15:46:52",1127
"2019-12-07 16:46:48",1127
"2019-12-07 17:46:52",1127
"2019-12-07 18:46:49",1127
"2019-12-07 19:46:30",1127
"2019-12-07 20:46:49",1127
"2019-12-07 21:46:55",1127
"2019-12-07 22:46:33",1127
"2019-12-07 23:46:30",1127
"2019-12-08 00:46:42",1127
"2019-12-08 01:46:30",1127
"2019-12-08 02:46:51",1127
"2019-12-08 03:46:50",1127
"2019-12-08 04:46:46",1127
"2019-12-08 05:46:53",1127
"2019-12-08 06:46:50",1127
"2019-12-08 07:46:48",1127
"2019-12-08 08:46:48",1127
"2019-12-08 09:46:47",1127
"2019-12-08 10:46:48",1127
"2019-12-08 11:46:28",1127
"2019-12-08 12:46:31",1127
"2019-12-08 13:46:45",1127
"2019-12-08 14:46:42",1127
"2019-12-08 15:46:32",1127
"2019-12-08 16:46:48",1127
"2019-12-08 17:46:51",1127
"2019-12-08 18:46:29",1127
"2019-12-08 19:46:44",1127
"2019-12-08 20:46:45",1127
"2019-12-08 21:46:52",1127
"2019-12-08 22:46:51",1127
"2019-12-08 23:46:49",1127
"2019-12-09 00:46:48",1127
"2019-12-09 01:46:29",1127
"2019-12-09 02:46:35",1127
"2019-12-09 03:46:50",1127
"2019-12-09 04:46:32",1127
"2019-12-09 05:46:37",1127
"2019-12-09 06:46:53",1127
"2019-12-09 07:46:32",1127
"2019-12-09 08:46:32",1127
"2019-12-09 09:46:28",1127
"2019-12-09 10:46:30",1127
"2019-12-09 11:46:26",1127
"2019-12-09 12:46:27",1127
"2019-12-09 14:09:44",1127
"2019-12-09 14:46:39",1127
"2019-12-09 15:46:40",1128
"2019-12-09 16:46:59",1128
"2019-12-09 17:47:09",1128
"2019-12-09 18:46:40",1127
"2019-12-09 19:46:29",1127
"2019-12-09 20:46:54",1127
"2019-12-09 21:46:52",1127
"2019-12-09 22:46:30",1127
"2019-12-09 23:46:46",1127
"2019-12-10 00:46:54",1127
"2019-12-10 01:46:47",1127
"2019-12-10 02:46:51",1127
"2019-12-10 03:46:57",1127
"2019-12-10 04:46:48",1127
"2019-12-10 05:46:58",1127
"2019-12-10 06:46:54",1127
"2019-12-10 07:46:49",1127
"2019-12-10 08:46:53",1127
"2019-12-10 09:46:31",1127
"2019-12-10 10:46:32",1127
"2019-12-10 11:46:30",1127
"2019-12-10 12:46:54",1127
"2019-12-10 13:46:29",1127
"2019-12-10 14:46:35",1127
"2019-12-10 15:46:33",1127
"2019-12-10 16:46:56",1127
"2019-12-10 17:46:49",1127
"2019-12-10 18:46:46",1128
"2019-12-10 19:46:33",1131
"2019-12-10 20:46:48",1132
"2019-12-10 21:46:47",1132
"2019-12-10 22:46:53",1132
"2019-12-10 23:46:59",1132
"2019-12-11 00:46:56",1132
"2019-12-11 01:47:01",1132
"2019-12-11 02:47:08",1132
"2019-12-11 03:46:50",1132
"2019-12-11 04:46:58",1132
"2019-12-11 05:46:59",1132
"2019-12-11 06:46:41",1132
"2019-12-11 07:46:38",1132
"2019-12-11 08:46:49",1132
"2019-12-11 09:46:36",1132
"2019-12-11 10:46:41",1132
"2019-12-11 11:46:41",1132
"2019-12-11 12:46:57",1132
"2019-12-11 13:46:46",1132
"2019-12-11 14:47:15",1132
"2019-12-11 15:46:46",1133
"2019-12-11 16:47:02",1132
"2019-12-11 17:47:06",1133
"2019-12-11 18:46:54",1134
"2019-12-11 19:47:03",1133
"2019-12-11 20:46:52",1134
"2019-12-11 21:46:51",1133
"2019-12-11 22:46:55",1133
"2019-12-11 23:46:56",1133
"2019-12-12 00:46:42",1133
"2019-12-12 01:47:08",1133
"2019-12-12 02:46:58",1133
"2019-12-12 03:46:42",1133
"2019-12-12 04:46:56",1133
"2019-12-12 05:46:56",1133
"2019-12-12 06:46:59",1133
"2019-12-12 07:46:56",1133
"2019-12-12 08:46:40",1133
"2019-12-12 09:46:49",1133
"2019-12-12 10:46:54",1133
"2019-12-12 11:46:41",1133
"2019-12-12 12:46:33",1133
"2019-12-12 14:08:14",1134
"2019-12-12 14:47:20",1134
"2019-12-12 15:46:44",1130
"2019-12-12 16:47:02",1131
"2019-12-12 17:46:43",1131
"2019-12-12 18:46:43",1131
"2019-12-12 19:46:44",1132
"2019-12-12 20:46:44",1133
"2019-12-12 21:46:43",1132
"2019-12-12 22:46:37",1132
"2019-12-12 23:46:41",1132
"2019-12-13 00:47:32",1132
"2019-12-13 01:47:40",1132
"2019-12-13 02:47:36",1132
"2019-12-13 03:47:44",1132
"2019-12-13 04:47:37",1132
"2019-12-13 05:47:53",1132
"2019-12-13 06:48:00",1132
"2019-12-13 07:47:33",1132
"2019-12-13 08:47:26",1132
"2019-12-13 09:47:36",1132
"2019-12-13 10:47:17",1132
"2019-12-13 11:47:17",1132
"2019-12-13 12:47:25",1132
"2019-12-13 14:40:21",1131
"2019-12-13 14:48:09",1131
"2019-12-13 15:47:44",1128
"2019-12-13 16:47:30",1125
"2019-12-13 17:47:39",1125
"2019-12-13 18:47:35",1124
"2019-12-13 19:47:32",1128
"2019-12-13 20:48:09",1128
"2019-12-13 21:47:28",1130
"2019-12-13 22:47:29",1130
"2019-12-13 23:47:16",1130
"2019-12-14 00:47:29",1130
"2019-12-14 01:47:19",1130
"2019-12-14 02:47:37",1130
"2019-12-14 03:47:26",1130
"2019-12-14 04:47:29",1130
"2019-12-14 05:47:31",1130
"2019-12-14 06:47:34",1130
"2019-12-14 07:47:13",1130
"2019-12-14 08:47:23",1130
"2019-12-14 09:47:24",1130
"2019-12-14 10:47:11",1130
"2019-12-14 11:47:12",1130
"2019-12-14 12:47:11",1130
"2019-12-14 13:47:40",1130
"2019-12-14 14:47:23",1130
"2019-12-14 15:47:44",1130
"2019-12-14 16:47:44",1130
"2019-12-14 17:47:19",1130
"2019-12-14 18:47:46",1130
"2019-12-14 19:47:19",1130
"2019-12-14 20:47:28",1130
"2019-12-14 22:47:43",1130
"2019-12-14 23:47:27",1130
"2019-12-15 00:47:34",1130
"2019-12-15 01:47:47",1130
"2019-12-15 02:47:41",1130
"2019-12-15 03:47:25",1130
"2019-12-15 04:47:35",1130
"2019-12-15 05:47:15",1130
"2019-12-15 06:47:31",1130
"2019-12-15 07:47:13",1130
"2019-12-15 08:47:19",1130
"2019-12-15 09:47:03",1130
"2019-12-15 10:47:05",1130
"2019-12-15 11:47:26",1130
"2019-12-15 13:47:19",1130
"2019-12-15 14:47:07",1130
"2019-12-15 15:47:32",1130
"2019-12-15 16:47:33",1130
"2019-12-15 17:47:31",1130
"2019-12-15 19:47:23",1130
"2019-12-15 20:47:27",1130
"2019-12-15 21:47:23",1130
"2019-12-15 22:47:20",1130
"2019-12-15 23:47:30",1130
"2019-12-16 00:47:26",1130
"2019-12-16 01:47:50",1130
"2019-12-16 02:47:20",1130
"2019-12-16 04:48:10",1130
"2019-12-16 05:47:39",1130
"2019-12-16 06:47:37",1130
"2019-12-16 07:47:15",1130
"2019-12-16 08:47:18",1130
"2019-12-16 09:47:15",1130
"2019-12-16 10:47:07",1130
"2019-12-16 11:47:29",1130
"2019-12-16 12:47:25",1130
"2019-12-16 13:47:37",1130
"2019-12-16 14:49:08",1127
"2019-12-16 16:07:44",1146
"2019-12-16 16:48:00",1146
"2019-12-16 17:47:48",1148
"2019-12-16 18:47:43",1148
"2019-12-16 19:47:37",1150
"2019-12-16 20:47:41",1150
"2019-12-16 21:47:30",1152
"2019-12-16 22:47:32",1152
"2019-12-16 23:47:24",1152
"2019-12-17 00:47:13",1152
"2019-12-17 01:47:23",1152
"2019-12-17 02:47:47",1152
"2019-12-17 03:47:36",1152
"2019-12-17 04:47:44",1152
"2019-12-17 05:47:36",1152
"2019-12-17 06:47:49",1152
"2019-12-17 07:47:25",1152
"2019-12-17 08:47:43",1152
"2019-12-17 09:47:06",1152
"2019-12-17 10:47:20",1152
"2019-12-17 11:47:07",1152
"2019-12-17 12:47:05",1152
"2019-12-17 14:09:14",1151
"2019-12-17 14:48:20",1151
"2019-12-17 15:47:57",1147
"2019-12-17 16:47:40",1151
"2019-12-17 17:47:42",1149
"2019-12-17 18:47:32",1150
"2019-12-17 19:47:58",1149
"2019-12-17 20:47:43",1147
"2019-12-17 21:47:17",1152
"2019-12-17 22:47:30",1151
"2019-12-17 23:47:38",1151
"2019-12-18 01:47:57",1151
"2019-12-18 02:47:46",1151
"2019-12-18 03:47:31",1151
"2019-12-18 04:47:09",1151
"2019-12-18 05:47:29",1151
"2019-12-18 06:47:24",1151
"2019-12-18 07:47:12",1151
"2019-12-18 08:47:36",1151
"2019-12-18 09:47:21",1151
"2019-12-18 10:47:14",1151
"2019-12-18 11:47:16",1151
"2019-12-18 12:47:21",1151
"2019-12-18 14:08:13",1150
"2019-12-18 14:48:19",1150
"2019-12-18 15:47:36",1152
"2019-12-18 16:47:46",1153
"2019-12-18 17:47:42",1151
"2019-12-18 18:47:35",1151
"2019-12-18 19:47:30",1151
"2019-12-18 20:47:44",1152
"2019-12-18 21:47:27",1153
"2019-12-18 22:47:26",1153
"2019-12-18 23:47:26",1153
"2019-12-19 00:47:32",1153
"2019-12-19 01:47:35",1153
"2019-12-19 02:47:48",1153
"2019-12-19 03:47:32",1153
"2019-12-19 04:47:34",1153
"2019-12-19 05:47:16",1153
"2019-12-19 06:47:35",1153
"2019-12-19 07:47:28",1153
"2019-12-19 08:47:09",1153
"2019-12-19 09:47:16",1153
"2019-12-19 10:47:08",1153
"2019-12-19 11:47:02",1153
"2019-12-19 12:47:20",1153
"2019-12-19 14:09:45",1154
"2019-12-19 14:48:05",1154
"2019-12-19 15:48:27",1151
"2019-12-19 16:48:03",1149
"2019-12-19 17:47:55",1148
"2019-12-19 18:47:40",1152
"2019-12-19 19:47:52",1151
"2019-12-19 21:09:48",1138
"2019-12-19 21:47:42",1138
"2019-12-19 22:47:50",1138
"2019-12-19 23:47:49",1138
"2019-12-20 00:47:49",1138
"2019-12-20 01:47:38",1138
"2019-12-20 02:47:48",1138
"2019-12-20 03:47:39",1138
"2019-12-20 04:47:56",1138
"2019-12-20 05:47:46",1138
"2019-12-20 06:48:01",1138
"2019-12-20 07:47:44",1138
"2019-12-20 08:47:51",1138
"2019-12-20 09:47:40",1138
"2019-12-20 10:47:04",1138
"2019-12-20 11:47:33",1138
"2019-12-20 12:47:42",1138
"2019-12-20 14:08:46",1138
"2019-12-20 14:48:46",1138
"2019-12-20 15:48:36",1135
"2019-12-20 16:48:16",1138
"2019-12-20 17:48:17",1134
"2019-12-20 18:48:02",1133
"2019-12-20 19:48:17",1131
"2019-12-20 20:48:15",1133
"2019-12-20 21:47:48",1131
"2019-12-20 22:47:46",1131
"2019-12-20 23:47:59",1131
"2019-12-21 00:47:57",1131
"2019-12-21 01:47:48",1131
"2019-12-21 02:48:05",1131
"2019-12-21 03:47:42",1131
"2019-12-21 04:47:56",1131
"2019-12-21 05:47:31",1131
"2019-12-21 06:47:27",1131
"2019-12-21 07:47:43",1131
"2019-12-21 08:47:39",1131
"2019-12-21 09:47:15",1131
"2019-12-21 10:47:15",1131
"2019-12-21 11:47:05",1131
"2019-12-21 12:47:23",1131
"2019-12-21 13:47:21",1131
"2019-12-21 14:47:35",1131
"2019-12-21 15:47:30",1131
"2019-12-21 16:47:53",1131
"2019-12-21 17:47:24",1131
"2019-12-21 18:47:26",1131
"2019-12-21 19:47:24",1131
"2019-12-21 20:47:28",1131
"2019-12-21 22:47:55",1131
"2019-12-21 23:47:15",1131
"2019-12-22 00:47:25",1131
"2019-12-22 01:47:28",1131
"2019-12-22 02:47:22",1131
"2019-12-22 04:47:36",1131
"2019-12-22 05:47:14",1131
"2019-12-22 06:47:19",1131
"2019-12-22 07:47:21",1131
"2019-12-22 08:47:19",1131
"2019-12-22 09:47:13",1131
"2019-12-22 10:47:18",1131
"2019-12-22 11:47:05",1131
"2019-12-22 12:47:23",1131
"2019-12-22 13:47:18",1131
"2019-12-22 14:47:29",1131
"2019-12-22 15:47:51",1131
"2019-12-22 16:47:27",1131
"2019-12-22 17:47:28",1131
"2019-12-22 18:47:25",1131
"2019-12-22 19:47:43",1131
"2019-12-22 20:47:56",1131
"2019-12-22 22:47:26",1131
"2019-12-22 23:47:39",1131
"2019-12-23 00:47:46",1131
"2019-12-23 01:47:49",1131
"2019-12-23 02:47:35",1131
"2019-12-23 03:47:38",1131
"2019-12-23 04:47:50",1131
"2019-12-23 05:47:43",1131
"2019-12-23 06:47:40",1130
"2019-12-23 07:47:16",1130
"2019-12-23 08:47:17",1130
"2019-12-23 09:47:07",1130
"2019-12-23 10:47:09",1130
"2019-12-23 11:47:17",1130
"2019-12-23 12:47:18",1130
"2019-12-23 14:09:49",1130
"2019-12-23 14:48:46",1130
"2019-12-23 15:47:49",1132
"2019-12-23 16:47:38",1130
"2019-12-23 17:48:00",1130
"2019-12-23 18:47:59",1127
"2019-12-23 19:48:00",1129
"2019-12-23 20:48:03",1129
"2019-12-23 21:47:46",1129
"2019-12-23 22:47:27",1129
"2019-12-23 23:47:49",1129
"2019-12-24 00:47:29",1129
"2019-12-24 01:47:31",1129
"2019-12-24 02:47:52",1129
"2019-12-24 03:48:02",1129
"2019-12-24 04:48:00",1129
"2019-12-24 05:47:31",1129
"2019-12-24 06:47:58",1129
"2019-12-24 07:47:23",1129
"2019-12-24 08:47:26",1129
"2019-12-24 09:47:22",1129
"2019-12-24 10:47:02",1129
"2019-12-24 11:47:23",1129
"2019-12-24 12:47:11",1129
"2019-12-24 13:47:12",1129
"2019-12-24 14:48:22",1129
"2019-12-24 15:47:42",1131
"2019-12-24 16:47:32",1129
"2019-12-24 17:47:39",1128
"2019-12-24 18:47:24",1129
"2019-12-24 19:47:46",1129
"2019-12-24 20:47:15",1129
"2019-12-24 21:47:16",1129
"2019-12-24 22:47:50",1129
"2019-12-24 23:47:36",1129
"2019-12-25 00:47:42",1129
"2019-12-25 01:47:14",1129
"2019-12-25 02:47:10",1129
"2019-12-25 03:47:33",1129
"2019-12-25 04:47:35",1129
"2019-12-25 05:47:42",1129
"2019-12-25 06:47:23",1129
"2019-12-25 07:47:21",1129
"2019-12-25 08:47:50",1129
"2019-12-25 09:47:23",1129
"2019-12-25 10:47:14",1129
"2019-12-25 11:47:07",1129
"2019-12-25 12:47:12",1129
"2019-12-25 13:47:12",1129
"2019-12-25 14:47:32",1129
"2019-12-25 15:47:45",1129
"2019-12-25 16:47:27",1129
"2019-12-25 17:47:41",1129
"2019-12-25 18:47:16",1129
"2019-12-25 19:47:21",1129
"2019-12-25 20:47:22",1129
"2019-12-25 21:47:27",1129
"2019-12-25 22:47:25",1129
"2019-12-25 23:47:27",1129
"2019-12-26 00:47:39",1129
"2019-12-26 01:47:43",1129
"2019-12-26 02:47:48",1129
"2019-12-26 03:47:55",1129
"2019-12-26 04:47:58",1129
"2019-12-26 05:47:30",1129
"2019-12-26 06:47:40",1129
"2019-12-26 07:47:32",1129
"2019-12-26 08:47:08",1129
"2019-12-26 09:47:12",1129
"2019-12-26 10:47:14",1129
"2019-12-26 11:47:06",1129
"2019-12-26 12:47:08",1129
"2019-12-26 13:47:28",1129
"2019-12-26 14:48:10",1129
"2019-12-26 15:48:00",1133
"2019-12-26 16:47:47",1139
"2019-12-26 17:48:10",1141
"2019-12-26 18:47:40",1146
"2019-12-26 19:47:31",1153
"2019-12-26 20:48:15",1157
"2019-12-26 21:47:53",1162
"2019-12-26 22:48:20",1164
"2019-12-26 23:47:45",1164
"2019-12-27 00:47:26",1164
"2019-12-27 01:47:53",1164
"2019-12-27 02:48:02",1164
"2019-12-27 03:47:36",1164
"2019-12-27 04:47:59",1164
"2019-12-27 05:47:53",1164
"2019-12-27 06:48:02",1164
"2019-12-27 07:47:21",1164
"2019-12-27 08:47:44",1164
"2019-12-27 09:47:20",1164
"2019-12-27 10:47:03",1164
"2019-12-27 11:47:16",1164
"2019-12-27 12:47:25",1164
"2019-12-27 14:09:46",1164
"2019-12-27 14:48:10",1164
"2019-12-27 15:47:51",1183
"2019-12-27 16:47:42",1184
"2019-12-27 17:47:40",1183
"2019-12-27 18:47:49",1185
"2019-12-27 19:48:24",1186
"2019-12-27 20:47:52",1192
"2019-12-27 21:48:10",1194
"2019-12-27 22:47:50",1195
"2019-12-27 23:47:22",1195
"2019-12-28 00:47:52",1195
"2019-12-28 01:47:37",1195
"2019-12-28 02:47:37",1195
"2019-12-28 03:47:30",1195
"2019-12-28 04:47:48",1195
"2019-12-28 05:47:52",1195
"2019-12-28 06:47:50",1195
"2019-12-28 07:47:28",1195
"2019-12-28 08:47:46",1195
"2019-12-28 09:47:25",1195
"2019-12-28 10:47:30",1195
"2019-12-28 11:47:12",1195
"2019-12-28 12:47:04",1195
"2019-12-28 13:47:27",1195
"2019-12-28 14:47:42",1195
"2019-12-28 15:47:59",1195
"2019-12-28 16:47:35",1195
"2019-12-28 17:47:50",1195
"2019-12-28 18:47:38",1195
"2019-12-28 19:47:30",1195
"2019-12-28 20:47:52",1195
"2019-12-28 21:47:26",1195
"2019-12-28 22:47:38",1195
"2019-12-28 23:47:46",1195
"2019-12-29 00:47:33",1195
"2019-12-29 01:48:06",1195
"2019-12-29 02:47:43",1195
"2019-12-29 03:48:00",1195
"2019-12-29 04:47:39",1195
"2019-12-29 05:47:58",1195
"2019-12-29 06:47:59",1195
"2019-12-29 07:47:27",1195
"2019-12-29 08:47:54",1195
"2019-12-29 09:47:26",1195
"2019-12-29 10:47:31",1195
"2019-12-29 11:47:17",1195
"2019-12-29 12:47:24",1195
"2019-12-29 13:47:23",1195
"2019-12-29 14:47:35",1195
"2019-12-29 15:47:32",1195
"2019-12-29 16:47:40",1195
"2019-12-29 17:47:26",1195
"2019-12-29 18:47:42",1195
"2019-12-29 19:47:49",1195
"2019-12-29 20:47:24",1195
"2019-12-29 21:48:16",1195
"2019-12-29 22:47:41",1195
"2019-12-29 23:47:20",1195
"2019-12-30 00:47:30",1195
"2019-12-30 01:47:54",1195
"2019-12-30 02:48:16",1195
"2019-12-30 03:47:28",1195
"2019-12-30 04:48:13",1195
"2019-12-30 05:47:42",1195
"2019-12-30 06:47:21",1194
"2019-12-30 07:47:12",1194
"2019-12-30 08:47:28",1194
"2019-12-30 09:47:36",1194
"2019-12-30 10:47:04",1194
"2019-12-30 11:47:37",1194
"2019-12-30 12:47:22",1194
"2019-12-30 14:09:44",1195
"2019-12-30 14:48:44",1195
"2019-12-30 15:47:46",1195
"2019-12-30 16:47:44",1215
"2019-12-30 17:47:49",1217
"2019-12-30 18:47:58",1218
"2019-12-30 19:47:50",1219
"2019-12-30 20:47:34",1217
"2019-12-30 21:47:31",1217
"2019-12-30 22:47:21",1217
"2019-12-30 23:47:33",1217
"2019-12-31 00:47:34",1217
"2019-12-31 01:47:21",1217
"2019-12-31 02:47:42",1217
"2019-12-31 03:47:44",1217
"2019-12-31 04:47:30",1217
"2019-12-31 05:47:24",1217
"2019-12-31 06:47:32",1217
"2019-12-31 07:47:28",1217
"2019-12-31 08:47:45",1217
"2019-12-31 09:47:40",1217
"2019-12-31 10:47:51",1217
"2019-12-31 11:47:44",1217
"2019-12-31 12:47:29",1217
"2019-12-31 14:10:47",1217
"2019-12-31 14:48:31",1217
"2019-12-31 15:48:04",1218
"2019-12-31 16:47:47",1215
"2019-12-31 17:47:31",1216
"2019-12-31 18:47:44",1215
"2019-12-31 19:47:46",1213
"2019-12-31 20:47:51",1213
"2019-12-31 21:47:32",1210
"2019-12-31 22:47:31",1210
"2019-12-31 23:47:31",1210
"2020-01-01 00:47:28",1210
"2020-01-01 01:47:25",1210
"2020-01-01 02:47:24",1210
"2020-01-01 03:47:34",1210
"2020-01-01 04:47:10",1210
"2020-01-01 05:47:54",1210
"2020-01-01 06:47:53",1210
"2020-01-01 07:47:29",1210
"2020-01-01 08:47:28",1210
"2020-01-01 09:47:18",1210
"2020-01-01 10:47:08",1210
"2020-01-01 11:47:13",1210
"2020-01-01 12:47:20",1210
"2020-01-01 13:47:17",1210
"2020-01-01 14:47:24",1210
"2020-01-01 15:47:25",1210
"2020-01-01 16:47:34",1210
"2020-01-01 17:47:28",1210
"2020-01-01 18:47:33",1210
"2020-01-01 19:47:16",1210
"2020-01-01 20:47:41",1210
"2020-01-01 21:47:28",1210
"2020-01-01 22:47:40",1210
"2020-01-01 23:48:13",1210
"2020-01-02 00:47:56",1210
"2020-01-02 01:47:47",1210
"2020-01-02 02:48:26",1210
"2020-01-02 03:47:42",1210
"2020-01-02 04:47:44",1210
"2020-01-02 05:47:39",1210
"2020-01-02 06:47:28",1210
"2020-01-02 07:47:23",1210
"2020-01-02 08:47:28",1210
"2020-01-02 09:47:22",1210
"2020-01-02 10:47:19",1210
"2020-01-02 11:47:20",1210
"2020-01-02 12:47:26",1210
"2020-01-02 14:11:16",1208
"2020-01-02 14:49:18",1208
"2020-01-02 15:48:06",1217
"2020-01-02 16:47:50",1221
"2020-01-02 17:47:56",1225
"2020-01-02 18:48:00",1227
"2020-01-02 19:47:47",1229
"2020-01-02 20:47:59",1229
"2020-01-02 21:47:33",1230
"2020-01-02 22:48:28",1231
"2020-01-02 23:47:28",1231
"2020-01-03 00:47:48",1231
"2020-01-03 01:47:48",1231
"2020-01-03 02:48:00",1231
"2020-01-03 03:47:40",1231
"2020-01-03 04:47:39",1231
"2020-01-03 05:47:46",1231
"2020-01-03 06:47:46",1231
"2020-01-03 07:47:30",1231
"2020-01-03 08:47:43",1231
"2020-01-03 09:47:26",1231
"2020-01-03 10:47:26",1231
"2020-01-03 11:47:24",1231
"2020-01-03 12:47:19",1231
"2020-01-03 14:11:15",1233
"2020-01-03 14:52:04",1233
"2020-01-03 15:47:40",1232
"2020-01-03 16:47:51",1235
"2020-01-03 17:48:36",1235
"2020-01-03 18:47:50",1238
"2020-01-03 19:47:46",1239
"2020-01-03 20:48:01",1239
"2020-01-03 21:47:28",1237
"2020-01-03 22:47:39",1239
"2020-01-03 23:47:29",1239
"2020-01-04 00:47:38",1239
"2020-01-04 01:47:36",1239
"2020-01-04 02:47:31",1239
"2020-01-04 03:47:54",1239
"2020-01-04 04:47:42",1239
"2020-01-04 05:47:31",1239
"2020-01-04 06:47:31",1239
"2020-01-04 07:47:16",1239
"2020-01-04 08:47:22",1239
"2020-01-04 09:47:17",1239
"2020-01-04 10:47:18",1239
"2020-01-04 11:47:16",1239
"2020-01-04 12:47:25",1239
"2020-01-04 13:47:25",1239
"2020-01-04 14:47:27",1239
"2020-01-04 15:47:35",1239
"2020-01-04 16:47:37",1239
"2020-01-04 17:47:44",1239
"2020-01-04 18:47:35",1239
"2020-01-04 19:47:36",1239
"2020-01-04 20:47:48",1239
"2020-01-04 21:48:19",1239
"2020-01-04 22:47:48",1239
"2020-01-04 23:47:51",1239
"2020-01-05 00:47:30",1239
"2020-01-05 01:48:19",1239
"2020-01-05 02:47:59",1239
"2020-01-05 03:47:42",1239
"2020-01-05 04:47:27",1239
"2020-01-05 05:47:27",1239
"2020-01-05 06:47:25",1239
"2020-01-05 07:47:13",1239
"2020-01-05 08:47:11",1239
"2020-01-05 09:47:03",1239
"2020-01-05 10:47:03",1239
"2020-01-05 11:47:32",1239
"2020-01-05 12:47:07",1239
"2020-01-05 13:47:28",1239
"2020-01-05 14:47:13",1239
"2020-01-05 15:47:13",1239
"2020-01-05 16:47:35",1239
"2020-01-05 17:48:35",1239
"2020-01-05 18:47:45",1239
"2020-01-05 20:47:40",1239
"2020-01-05 21:47:49",1239
"2020-01-05 22:47:30",1239
"2020-01-05 23:47:36",1239
"2020-01-06 00:47:44",1239
"2020-01-06 01:47:47",1239
"2020-01-06 02:48:05",1239
"2020-01-06 03:48:10",1239
"2020-01-06 04:48:03",1239
"2020-01-06 05:47:54",1239
"2020-01-06 06:47:42",1239
"2020-01-06 07:47:29",1239
"2020-01-06 08:47:37",1239
"2020-01-16 06:47:17",1198
"2020-01-16 07:47:16",1198
"2020-01-16 08:47:19",1198
"2020-01-16 09:47:02",1198
"2020-01-16 10:47:06",1198
"2020-01-16 11:47:08",1198
"2020-01-16 12:47:12",1198
"2020-01-16 14:11:17",1198
"2020-01-16 15:47:21",1196
"2020-01-16 16:47:30",1191
"2020-01-16 17:47:30",1189
"2020-01-16 18:47:17",1187
"2020-01-16 19:47:23",1187
"2020-01-16 20:47:25",1188
"2020-01-16 21:47:15",1186
"2020-01-16 22:47:26",1184
"2020-01-16 23:47:17",1184
"2020-01-17 00:47:48",1184
"2020-01-17 01:47:52",1184
"2020-01-17 02:47:13",1184
"2020-01-17 03:47:06",1184
"2020-01-17 04:47:05",1184
"2020-01-17 05:47:08",1184
"2020-01-17 06:47:09",1184
"2020-01-17 07:46:52",1184
"2020-01-17 08:46:48",1184
"2020-01-17 09:47:48",1184
"2020-01-17 10:46:45",1184
"2020-01-17 11:46:43",1184
"2020-01-17 12:47:03",1184
"2020-01-17 14:09:19",1184
"2020-01-17 14:47:28",1184
"2020-01-17 15:47:15",1186
"2020-01-17 16:47:18",1188
"2020-01-17 17:47:07",1187
"2020-01-17 18:47:16",1186
"2020-01-17 19:47:12",1188
"2020-01-17 20:47:07",1186
"2020-01-17 21:46:55",1189
"2020-01-17 22:47:07",1189
"2020-01-17 23:47:02",1189
"2020-01-18 00:47:44",1189
"2020-01-18 01:47:03",1189
"2020-01-18 02:46:57",1189
"2020-01-18 03:47:10",1189
"2020-01-18 04:47:09",1189
"2020-01-18 05:47:12",1189
"2020-01-18 06:46:50",1189
"2020-01-18 07:47:04",1189
"2020-01-18 08:47:03",1189
"2020-01-18 09:46:55",1189
"2020-01-18 10:46:57",1189
"2020-01-18 11:46:46",1189
"2020-01-18 12:47:00",1189
"2020-01-18 13:46:59",1189
"2020-01-18 14:47:04",1189
"2020-01-18 15:47:04",1189
"2020-01-18 16:46:46",1189
"2020-01-18 17:47:19",1189
"2020-01-18 18:47:05",1189
"2020-01-18 19:47:38",1189
"2020-01-18 20:47:07",1189
"2020-01-18 21:47:14",1189
"2020-01-18 23:47:12",1189
"2020-01-19 00:46:50",1189
"2020-01-19 01:47:10",1189
"2020-01-19 02:47:14",1189
"2020-01-19 03:47:14",1189
"2020-01-19 04:47:08",1189
"2020-01-19 05:47:04",1189
"2020-01-19 06:47:00",1189
"2020-01-19 07:46:55",1189
"2020-01-19 08:47:24",1189
"2020-01-19 09:46:57",1189
"2020-01-19 10:46:45",1189
"2020-01-19 11:46:47",1189
"2020-01-19 12:47:04",1189
"2020-01-19 13:46:51",1189
"2020-01-19 14:47:28",1189
"2020-01-19 15:47:36",1189
"2020-01-19 16:46:55",1189
"2020-01-19 17:47:02",1189
"2020-01-19 18:46:53",1189
"2020-01-19 19:47:51",1189
"2020-01-19 20:47:05",1189
"2020-01-19 21:47:02",1189
"2020-01-19 22:47:02",1189
"2020-01-19 23:48:08",1189
"2020-01-20 00:47:49",1189
"2020-01-20 01:47:43",1189
"2020-01-20 02:47:15",1189
"2020-01-20 03:47:46",1189
"2020-01-20 04:47:40",1189
"2020-01-20 05:47:00",1189
"2020-01-20 06:47:49",1189
"2020-01-20 07:46:53",1189
"2020-01-20 08:47:46",1189
"2020-01-20 09:54:10",1189
"2020-01-20 10:47:24",1189
"2020-01-20 11:46:47",1189
"2020-01-20 12:46:58",1189
"2020-01-20 13:47:34",1189
"2020-01-20 14:47:25",1189
"2020-01-20 15:47:41",1189
"2020-01-20 16:46:58",1189
"2020-01-20 17:47:39",1189
"2020-01-20 18:47:04",1189
"2020-01-20 19:47:39",1189
"2020-01-20 21:48:00",1189
"2020-01-20 22:47:48",1189
"2020-01-20 23:47:45",1189
"2020-01-21 00:47:50",1189
"2020-01-21 01:47:34",1189
"2020-01-21 02:47:46",1189
"2020-01-21 03:47:02",1189
"2020-01-21 04:47:06",1189
"2020-01-21 05:47:01",1189
"2020-01-21 06:46:55",1189
"2020-01-21 07:46:52",1189
"2020-01-21 08:47:07",1189
"2020-01-21 10:02:42",1189
"2020-01-21 10:47:44",1189
"2020-01-21 11:46:57",1189
"2020-01-21 12:46:59",1189
"2020-01-21 13:47:02",1189
"2020-01-21 15:48:06",1197
"2020-01-21 16:47:25",1198
"2020-01-21 17:47:53",1196
"2020-01-21 18:47:21",1195
"2020-01-21 19:47:50",1195
"2020-01-21 20:47:18",1195
"2020-01-21 21:47:58",1196
"2020-01-21 22:47:40",1196
"2020-01-21 23:47:15",1196
"2020-01-22 00:47:12",1196
"2020-01-22 01:47:22",1196
"2020-01-22 02:47:46",1196
"2020-01-22 03:47:12",1196
"2020-01-22 04:47:21",1196
"2020-01-22 05:47:12",1196
"2020-01-22 06:47:04",1196
"2020-01-22 07:47:01",1196
"2020-01-22 08:47:10",1196
"2020-01-22 09:58:52",1196
"2020-01-22 10:46:49",1196
"2020-01-22 11:46:48",1196
"2020-01-22 12:47:27",1196
"2020-01-22 13:47:32",1196
"2020-01-22 14:47:49",1196
"2020-01-22 15:47:21",1197
"2020-01-22 16:47:55",1198
"2020-01-22 17:47:47",1198
"2020-01-22 18:47:30",1197
"2020-01-22 19:47:58",1196
"2020-01-22 20:47:49",1195
"2020-01-22 21:47:57",1196
"2020-01-22 22:47:31",1196
"2020-01-22 23:47:49",1196
"2020-01-23 00:47:48",1196
"2020-01-23 01:47:56",1196
"2020-01-23 02:47:23",1196
"2020-01-23 03:47:19",1196
"2020-01-23 04:47:15",1196
"2020-01-23 05:46:52",1196
"2020-01-23 06:47:07",1196
"2020-01-23 07:47:05",1196
"2020-01-23 08:47:01",1196
"2020-01-23 10:46:55",1196
"2020-01-23 11:47:00",1196
"2020-01-23 12:46:59",1196
"2020-01-23 14:10:49",1196
"2020-01-23 14:47:43",1196
"2020-01-23 15:47:22",1196
"2020-01-23 16:47:14",1199
"2020-01-23 17:47:04",1197
"2020-01-23 18:47:26",1200
"2020-01-23 19:47:10",1199
"2020-01-23 20:47:22",1201
"2020-01-23 21:47:22",1202
"2020-01-23 22:47:03",1202
"2020-01-23 23:47:09",1202
"2020-01-24 00:47:03",1202
"2020-01-24 01:47:12",1202
"2020-01-24 02:47:47",1202
"2020-01-24 03:46:59",1202
"2020-01-24 04:47:06",1202
"2020-01-24 05:47:18",1202
"2020-01-24 06:46:47",1202
"2020-01-24 07:47:17",1202
"2020-01-24 08:46:50",1202
"2020-01-24 09:56:57",1202
"2020-01-24 10:46:56",1202
"2020-01-24 11:46:52",1202
"2020-01-24 12:47:02",1202
"2020-01-24 14:09:48",1202
"2020-01-24 14:47:22",1202
"2020-01-24 15:47:25",1200
"2020-01-24 16:47:17",1200
"2020-01-24 17:47:09",1200
"2020-01-24 18:47:13",1201
"2020-01-24 19:47:24",1200
"2020-01-24 20:47:19",1199
"2020-01-24 21:47:04",1200
"2020-01-24 22:46:58",1200
"2020-01-24 23:47:10",1200
"2020-01-25 00:46:58",1200
"2020-01-25 01:47:11",1200
"2020-01-25 02:47:20",1200
"2020-01-25 03:47:17",1200
"2020-01-25 04:47:06",1200
"2020-01-25 05:47:13",1200
"2020-01-25 06:47:03",1200
"2020-01-25 07:47:08",1200
"2020-01-25 08:47:06",1200
"2020-01-25 09:57:22",1199
"2020-01-25 10:46:46",1199
"2020-01-25 11:46:59",1199
"2020-01-25 12:47:09",1199
"2020-01-25 14:46:59",1199
"2020-01-25 15:46:55",1199
"2020-01-25 16:47:08",1199
"2020-01-25 17:47:07",1199
"2020-01-25 18:47:09",1199
"2020-01-25 19:47:08",1199
"2020-01-25 20:47:03",1199
"2020-01-25 21:47:00",1199
"2020-01-25 22:47:03",1199
"2020-01-25 23:47:00",1199
"2020-01-26 00:47:12",1199
"2020-01-26 01:47:07",1199
"2020-01-26 02:47:12",1199
"2020-01-26 03:47:06",1199
"2020-01-26 04:46:59",1199
"2020-01-26 06:47:17",1199
"2020-01-26 07:46:52",1199
"2020-01-27 02:47:07",1199
"2020-01-27 03:47:07",1199
"2020-01-27 04:47:10",1199
"2020-01-27 05:47:08",1199
"2020-01-27 06:47:16",1199
"2020-01-27 07:46:55",1199
"2020-01-27 08:47:03",1199
"2020-01-27 09:47:19",1199
"2020-01-27 10:47:04",1199
"2020-01-27 11:47:08",1199
"2020-01-27 12:46:41",1199
"2020-01-27 13:47:11",1199
"2020-01-27 14:48:21",1200
"2020-01-27 15:47:44",1198
"2020-01-27 16:47:24",1199
"2020-01-27 17:47:29",1195
"2020-01-27 18:47:25",1197
"2020-01-27 19:47:36",1197
"2020-01-27 20:47:25",1197
"2020-01-27 21:47:28",1198
"2020-01-27 22:48:03",1198
"2020-01-27 23:47:35",1198
"2020-01-28 00:47:01",1198
"2020-01-28 01:47:34",1198
"2020-01-28 02:47:30",1198
"2020-01-28 03:47:20",1198
"2020-01-28 04:47:21",1198
"2020-01-28 05:47:11",1198
"2020-01-28 06:46:54",1198
"2020-01-28 07:46:57",1198
"2020-01-28 08:47:15",1198
"2020-01-28 09:47:39",1198
"2020-01-28 10:46:59",1198
"2020-01-28 11:47:00",1198
"2020-01-28 12:47:02",1198
"2020-01-28 14:10:21",1198
"2020-01-28 14:47:59",1198
"2020-01-28 15:47:27",1198
"2020-01-28 16:47:35",1198
"2020-01-28 17:47:17",1198
"2020-01-28 18:47:30",1199
"2020-01-28 19:47:25",1198
"2020-01-28 21:47:56",1199
"2020-01-28 22:47:26",1199
"2020-01-28 23:47:11",1200
"2020-01-29 00:47:12",1200
"2020-01-29 01:47:24",1200
"2020-01-29 02:47:43",1200
"2020-01-29 03:47:29",1200
"2020-01-29 04:47:24",1200
"2020-01-29 05:47:25",1200
"2020-01-29 06:47:13",1200
"2020-01-29 07:46:58",1200
"2020-01-29 08:47:08",1200
"2020-01-29 09:47:18",1200
"2020-01-29 10:46:55",1200
"2020-01-29 11:46:59",1200
"2020-01-29 12:47:07",1200
"2020-01-29 13:47:31",1200
"2020-01-29 14:47:57",1200
"2020-01-29 15:47:38",1202
"2020-01-29 16:47:25",1199
"2020-01-29 17:47:50",1202
"2020-01-29 18:47:35",1204
"2020-01-29 19:47:43",1204
"2020-01-29 20:47:42",1202
"2020-01-29 21:47:25",1202
"2020-01-29 22:47:16",1202
"2020-01-29 23:47:10",1202
"2020-01-30 00:47:22",1202
"2020-01-30 01:47:40",1202
"2020-01-30 02:47:34",1202
"2020-01-30 03:47:08",1202
"2020-01-30 04:47:46",1202
"2020-01-30 05:47:46",1202
"2020-01-30 06:47:22",1202
"2020-01-30 07:46:59",1202
"2020-01-30 08:47:09",1202
"2020-01-30 09:47:19",1202
"2020-01-30 10:46:46",1202
"2020-01-30 11:47:03",1202
"2020-01-30 12:47:11",1202
"2020-01-30 13:47:06",1202
"2020-01-30 14:47:56",1201
"2020-01-30 15:47:41",1198
"2020-01-30 16:47:44",1198
"2020-01-30 17:47:37",1198
"2020-01-30 18:47:31",1198
"2020-01-30 19:47:41",1196
"2020-01-30 20:47:14",1195
"2020-01-30 21:47:34",1194
"2020-01-30 22:46:56",1194
"2020-01-30 23:47:06",1194
"2020-01-31 00:47:07",1194
"2020-01-31 01:47:35",1194
"2020-01-31 02:47:18",1194
"2020-01-31 03:47:25",1194
"2020-01-31 04:47:16",1194
"2020-01-31 05:47:07",1194
"2020-01-31 06:47:00",1194
"2020-01-31 07:47:08",1194
"2020-01-31 08:47:27",1194
"2020-01-31 09:47:28",1194
"2020-01-31 10:47:06",1194
"2020-01-31 11:47:00",1194
"2020-01-31 12:46:58",1194
"2020-01-31 13:47:19",1194
"2020-01-31 14:47:33",1194
"2020-01-31 15:47:25",1194
"2020-01-31 16:47:22",1195
"2020-01-31 17:47:21",1196
"2020-01-31 18:47:16",1195
"2020-01-31 19:47:22",1194
"2020-01-31 20:47:18",1191
"2020-01-31 21:47:00",1191
"2020-01-31 22:47:02",1190
"2020-01-31 23:47:13",1190
"2020-02-01 00:47:00",1190
"2020-02-01 01:47:34",1190
"2020-02-01 02:47:08",1190
"2020-02-01 03:47:09",1190
"2020-02-01 04:47:19",1190
"2020-02-01 05:47:26",1190
"2020-02-01 06:47:26",1190
"2020-02-01 07:47:05",1190
"2020-02-01 08:47:09",1190
"2020-02-01 09:47:25",1190
"2020-02-01 10:46:54",1190
"2020-02-01 11:47:08",1190
"2020-02-01 12:46:56",1190
"2020-02-01 13:47:14",1190
"2020-02-01 14:47:23",1190
"2020-02-01 15:47:14",1190
"2020-02-01 16:47:10",1190
"2020-02-01 17:47:20",1190
"2020-02-01 18:47:08",1190
"2020-02-01 19:47:12",1190
"2020-02-01 20:47:17",1190
"2020-02-01 21:47:38",1190
"2020-02-01 22:47:20",1190
"2020-02-01 23:47:29",1190
"2020-02-02 00:47:31",1190
"2020-02-02 01:47:39",1190
"2020-02-02 02:47:23",1190
"2020-02-02 03:47:27",1190
"2020-02-02 04:47:21",1190
"2020-02-02 05:47:24",1190
"2020-02-02 06:47:21",1190
"2020-02-02 07:47:16",1190
"2020-02-02 08:47:22",1190
"2020-02-02 09:47:19",1190
"2020-02-02 10:47:10",1190
"2020-02-02 11:47:16",1190
"2020-02-02 12:47:21",1190
"2020-02-02 13:47:28",1190
"2020-02-02 14:47:20",1190
"2020-02-02 15:47:17",1190
"2020-02-02 16:47:24",1190
"2020-02-02 17:47:36",1190
"2020-02-02 18:47:19",1190
"2020-02-02 19:47:31",1190
"2020-02-02 20:47:34",1190
"2020-02-02 21:47:25",1190
"2020-02-02 22:47:26",1190
"2020-02-02 23:47:44",1190
"2020-02-03 00:47:57",1190
"2020-02-03 01:47:49",1190
"2020-02-03 02:47:24",1190
"2020-02-03 03:47:28",1190
"2020-02-03 04:47:36",1190
"2020-02-03 05:47:37",1190
"2020-02-03 06:47:20",1190
"2020-02-03 07:47:19",1190
"2020-02-03 08:47:27",1190
"2020-02-03 09:47:28",1190
"2020-02-03 10:47:15",1190
"2020-02-03 11:47:19",1190
"2020-02-03 12:47:07",1190
"2020-02-03 14:47:00",1189
"2020-02-03 14:54:46",1189
"2020-02-03 15:47:48",1189
"2020-02-03 16:47:39",1191
"2020-02-03 17:47:41",1190
"2020-02-03 18:47:48",1188
"2020-02-03 19:47:41",1188
"2020-02-03 20:47:37",1187
"2020-02-03 21:47:37",1186
"2020-02-03 22:47:28",1186
"2020-02-03 23:47:35",1186
"2020-02-04 00:47:33",1186
"2020-02-04 01:47:39",1186
"2020-02-04 02:47:43",1186
"2020-02-04 03:47:43",1186
"2020-02-04 04:47:38",1186
"2020-02-04 05:47:48",1186
"2020-02-04 06:47:29",1186
"2020-02-04 07:47:36",1186
"2020-02-04 08:47:08",1186
"2020-02-04 09:47:35",1186
"2020-02-04 10:47:13",1186
"2020-02-04 11:47:31",1186
"2020-02-04 12:47:29",1186
"2020-02-04 14:13:56",1186
"2020-02-04 15:47:49",1185
"2020-02-04 16:47:34",1185
"2020-02-04 17:47:46",1186
"2020-02-04 18:47:29",1186
"2020-02-04 19:47:34",1187
"2020-02-04 20:47:31",1188
"2020-02-04 21:47:40",1187
"2020-02-04 22:47:29",1187
"2020-02-04 23:47:35",1187
"2020-02-05 00:47:42",1187
"2020-02-05 01:47:31",1187
"2020-02-05 02:47:41",1187
"2020-02-05 03:47:44",1187
"2020-02-05 04:48:12",1187
"2020-02-05 05:47:30",1187
"2020-02-05 06:47:39",1187
"2020-02-05 07:47:37",1187
"2020-02-05 08:47:31",1187
"2020-02-05 09:47:26",1187
"2020-02-05 10:47:33",1187
"2020-02-05 11:47:23",1187
"2020-02-05 12:47:39",1187
"2020-02-05 14:07:56",1187
"2020-02-05 14:48:04",1187
"2020-02-05 15:47:53",1186
"2020-02-05 16:47:47",1185
"2020-02-05 17:47:34",1187
"2020-02-05 18:47:38",1186
"2020-02-05 19:47:43",1185
"2020-02-05 20:47:47",1185
"2020-02-05 21:47:27",1184
"2020-02-05 22:47:30",1185
"2020-02-05 23:47:28",1185
"2020-02-06 00:47:43",1185
"2020-02-06 01:47:46",1185
"2020-02-06 02:47:45",1185
"2020-02-06 03:48:02",1185
"2020-02-06 04:47:51",1185
"2020-02-06 05:47:43",1185
"2020-02-06 06:47:33",1185
"2020-02-06 07:47:36",1185
"2020-02-06 08:47:31",1185
"2020-02-06 09:47:33",1185
"2020-02-06 10:47:17",1185
"2020-02-06 11:47:22",1185
"2020-02-06 12:47:24",1185
"2020-02-06 13:47:19",1185
"2020-02-06 14:47:52",1185
"2020-02-06 15:47:54",1185
"2020-02-06 16:47:39",1185
"2020-02-06 17:47:43",1186
"2020-02-06 18:47:38",1186
"2020-02-06 19:47:44",1183
"2020-02-06 20:47:45",1182
"2020-02-06 21:47:34",1183
"2020-02-06 22:47:41",1183
"2020-02-06 23:47:28",1183
"2020-02-07 00:47:37",1183
"2020-02-07 01:47:47",1183
"2020-02-07 02:47:33",1183
"2020-02-07 03:47:39",1183
"2020-02-07 04:47:40",1183
"2020-02-07 05:47:50",1183
"2020-02-07 06:47:57",1183
"2020-02-07 07:47:43",1183
"2020-02-07 08:47:35",1183
"2020-02-07 09:47:40",1183
"2020-02-07 10:47:23",1183
"2020-02-07 11:47:28",1183
"2020-02-07 12:47:25",1183
"2020-02-07 14:09:25",1183
"2020-02-07 14:47:58",1183
"2020-02-07 15:47:45",1181
"2020-02-07 16:47:49",1180
"2020-02-07 17:47:53",1180
"2020-02-07 18:47:36",1180
"2020-02-07 19:47:46",1180
"2020-02-07 20:47:48",1182
"2020-02-07 21:47:32",1183
"2020-02-07 22:47:42",1182
"2020-02-07 23:47:20",1182
"2020-02-08 00:47:30",1182
"2020-02-08 01:47:28",1182
"2020-02-08 02:47:36",1182
"2020-02-08 03:47:36",1182
"2020-02-08 04:47:41",1182
"2020-02-08 05:47:31",1182
"2020-02-08 06:47:26",1183
"2020-02-08 07:47:35",1183
"2020-02-08 08:47:20",1183
"2020-02-08 09:47:23",1183
"2020-02-08 10:47:14",1183
"2020-02-08 11:47:18",1183
"2020-02-08 12:47:19",1183
"2020-02-08 13:47:18",1183
"2020-02-08 14:47:45",1183
"2020-02-08 15:47:32",1183
"2020-02-08 16:47:35",1183
"2020-02-08 17:47:32",1183
"2020-02-08 18:50:18",1183
"2020-02-08 19:47:25",1183
"2020-02-08 20:47:38",1183
"2020-02-08 21:47:32",1183
"2020-02-08 22:47:38",1183
"2020-02-08 23:47:26",1183
"2020-02-09 00:47:26",1183
"2020-02-09 01:47:33",1183
"2020-02-09 02:47:34",1183
"2020-02-09 03:47:32",1183
"2020-02-09 04:47:24",1183
"2020-02-09 05:47:30",1183
"2020-02-09 06:47:25",1183
"2020-02-09 07:47:27",1183
"2020-02-09 08:47:25",1183
"2020-02-09 09:47:29",1183
"2020-02-09 10:47:34",1183
"2020-02-09 11:47:37",1183
"2020-02-09 12:47:23",1183
"2020-02-09 13:47:22",1183
"2020-02-09 14:47:29",1183
"2020-02-09 15:47:37",1183
"2020-02-09 16:47:29",1183
"2020-02-09 17:47:36",1183
"2020-02-09 18:47:36",1183
"2020-02-09 19:47:31",1183
"2020-02-09 20:47:34",1183
"2020-02-09 21:47:48",1183
"2020-02-09 22:47:29",1183
"2020-02-09 23:48:09",1183
"2020-02-10 00:47:41",1183
"2020-02-10 01:47:33",1183
"2020-02-10 02:47:30",1183
"2020-02-10 03:47:33",1183
"2020-02-10 04:47:32",1183
"2020-02-10 05:47:43",1183
"2020-02-10 06:47:35",1183
"2020-02-10 07:47:31",1183
"2020-02-10 08:47:31",1183
"2020-02-10 09:47:41",1183
"2020-02-10 10:47:24",1183
"2020-02-10 11:47:26",1183
"2020-02-10 12:47:18",1183
"2020-02-10 13:47:25",1183
"2020-02-10 14:47:53",1183
"2020-02-10 15:47:53",1183
"2020-02-10 16:47:45",1181
"2020-02-10 17:47:34",1182
"2020-02-10 18:47:42",1185
"2020-02-10 19:47:41",1183
"2020-02-10 20:47:52",1183
"2020-02-10 21:47:40",1182
"2020-02-10 22:47:39",1182
"2020-02-10 23:47:31",1182
"2020-02-11 00:47:39",1182
"2020-02-11 01:47:58",1182
"2020-02-11 02:47:39",1182
"2020-02-11 03:47:36",1182
"2020-02-11 04:47:38",1182
"2020-02-11 05:47:37",1182
"2020-02-11 06:47:31",1182
"2020-02-11 07:47:33",1182
"2020-02-11 08:47:31",1182
"2020-02-11 09:47:34",1182
"2020-02-11 10:47:14",1182
"2020-02-11 11:47:20",1182
"2020-02-11 12:47:14",1182
"2020-02-11 14:09:54",1182
"2020-02-11 14:48:02",1182
"2020-02-11 15:47:53",1183
"2020-02-11 16:47:52",1183
"2020-02-11 17:47:41",1181
"2020-02-11 18:47:43",1180
"2020-02-11 19:47:42",1181
"2020-02-11 20:47:45",1180
"2020-02-11 21:50:58",1181
"2020-02-11 22:48:00",1181
"2020-02-11 23:47:27",1181
"2020-02-12 00:48:01",1181
"2020-02-12 01:47:39",1181
"2020-02-12 02:48:10",1181
"2020-02-12 03:47:33",1181
"2020-02-12 04:47:43",1181
"2020-02-12 05:47:32",1181
"2020-02-12 06:47:36",1181
"2020-02-12 07:47:22",1181
"2020-02-12 08:47:27",1181
"2020-02-12 09:47:41",1181
"2020-02-12 10:47:22",1181
"2020-02-12 11:47:24",1181
"2020-02-12 12:47:23",1181
"2020-02-12 14:09:54",1181
"2020-02-12 14:47:59",1181
"2020-02-12 15:47:49",1181
"2020-02-12 16:47:42",1183
"2020-02-12 17:47:46",1185
"2020-02-12 18:47:44",1185
"2020-02-12 19:47:39",1188
"2020-02-12 20:47:51",1188
"2020-02-12 21:47:40",1188
"2020-02-12 22:47:14",1188
"2020-02-12 23:47:02",1188
"2020-02-13 00:47:31",1188
"2020-02-13 01:47:18",1188
"2020-02-13 02:47:58",1188
"2020-02-13 03:47:48",1188
"2020-02-13 04:47:38",1188
"2020-02-13 05:47:33",1188
"2020-02-13 06:47:33",1188
"2020-02-13 07:47:14",1188
"2020-02-13 08:47:30",1188
"2020-02-13 09:47:15",1188
"2020-02-13 10:47:06",1188
"2020-02-13 11:47:34",1188
"2020-02-13 12:47:13",1188
"2020-02-13 14:09:51",1188
"2020-02-13 14:47:31",1188
"2020-02-13 15:47:38",1191
"2020-02-13 16:47:35",1193
"2020-02-13 17:47:55",1197
"2020-02-13 18:47:50",1200
"2020-02-13 19:47:40",1199
"2020-02-13 20:47:31",1202
"2020-02-13 21:47:36",1203
"2020-02-13 22:47:13",1203
"2020-02-13 23:47:12",1203
"2020-02-14 00:47:10",1203
"2020-02-14 01:47:37",1203
"2020-02-14 02:47:35",1203
"2020-02-14 03:47:16",1203
"2020-02-14 04:47:29",1203
"2020-02-14 05:47:26",1203
"2020-02-14 06:47:00",1203
"2020-02-14 07:46:55",1203
"2020-02-14 08:47:18",1203
"2020-02-14 09:47:09",1203
"2020-02-14 10:47:12",1203
"2020-02-14 11:47:04",1203
"2020-02-14 12:47:15",1203
"2020-02-14 13:47:22",1203
"2020-02-14 14:47:43",1203
"2020-02-14 15:47:54",1200
"2020-02-14 16:47:24",1204
"2020-02-14 17:47:26",1205
"2020-02-14 18:47:19",1207
"2020-02-14 19:47:26",1204
"2020-02-14 20:47:44",1203
"2020-02-14 21:47:15",1203
"2020-02-14 22:47:12",1203
"2020-02-14 23:47:35",1203
"2020-02-15 00:47:15",1203
"2020-02-15 01:47:24",1203
"2020-02-15 02:47:31",1203
"2020-02-15 03:47:27",1203
"2020-02-15 04:47:22",1203
"2020-02-15 05:46:37",1203
"2020-02-15 06:46:50",1203
"2020-02-15 07:46:38",1203
"2020-02-15 08:46:37",1203
"2020-02-15 09:46:41",1203
"2020-02-15 10:46:31",1203
"2020-02-15 11:46:36",1203
"2020-02-15 12:46:47",1203
"2020-02-15 13:46:36",1203
"2020-02-15 14:46:41",1203
"2020-02-15 15:46:40",1203
"2020-02-15 16:46:36",1203
"2020-02-15 17:46:35",1203
"2020-02-15 18:46:58",1203
"2020-02-15 19:46:35",1203
"2020-02-15 20:46:38",1203
"2020-02-15 21:46:36",1203
"2020-02-15 22:46:38",1203
"2020-02-15 23:46:36",1203
"2020-02-16 00:46:36",1203
"2020-02-16 01:46:37",1203
"2020-02-16 02:46:35",1203
"2020-02-16 03:46:36",1203
"2020-02-16 04:46:40",1203
"2020-02-16 05:46:39",1203
"2020-02-16 06:46:35",1203
"2020-02-16 07:46:35",1203
"2020-02-16 08:46:35",1203
"2020-02-16 09:46:40",1203
"2020-02-16 10:46:34",1203
"2020-02-16 11:46:35",1203
"2020-02-16 12:46:39",1203
"2020-02-16 13:46:35",1203
"2020-02-16 14:46:38",1203
"2020-02-16 15:46:57",1203
"2020-02-16 16:46:49",1203
"2020-02-16 17:46:37",1203
"2020-02-16 18:46:40",1203
"2020-02-16 19:46:36",1203
"2020-02-16 20:46:37",1203
"2020-02-16 21:46:37",1203
"2020-02-16 22:46:38",1203
"2020-02-16 23:46:39",1203
"2020-02-17 00:46:36",1203
"2020-02-17 01:46:34",1203
"2020-02-17 02:46:41",1203
"2020-02-17 03:46:38",1203
"2020-02-17 04:46:37",1203
"2020-02-17 05:46:37",1203
"2020-02-17 06:46:40",1203
"2020-02-17 07:46:34",1203
"2020-02-17 08:46:39",1203
"2020-02-17 09:46:40",1203
"2020-02-17 10:46:36",1203
"2020-02-17 11:46:33",1203
"2020-02-17 12:46:50",1203
"2020-02-17 13:46:32",1203
"2020-02-17 14:46:30",1203
"2020-02-17 15:46:36",1203
"2020-02-17 16:46:50",1203
"2020-02-17 17:46:35",1203
"2020-02-17 18:46:36",1203
"2020-02-17 19:46:33",1203
"2020-02-17 20:46:34",1203
"2020-02-17 22:46:49",1203
"2020-02-17 23:46:56",1203
"2020-02-18 00:46:33",1203
"2020-02-18 01:46:37",1203
"2020-02-18 02:46:41",1203
"2020-02-18 03:46:40",1203
"2020-02-18 04:46:37",1203
"2020-02-18 05:47:19",1203
"2020-02-18 06:47:01",1203
"2020-02-18 07:47:09",1203
"2020-02-18 08:47:17",1203
"2020-02-18 09:47:19",1203
"2020-02-18 10:47:04",1203
"2020-02-18 11:47:05",1203
"2020-02-18 12:47:33",1203
"2020-02-18 14:10:21",1203
"2020-02-18 14:47:44",1203
"2020-02-18 15:47:42",1204
"2020-02-18 16:47:35",1203
"2020-02-18 18:47:30",1202
"2020-02-18 19:47:25",1201
"2020-02-18 20:47:23",1196
"2020-02-18 21:47:14",1198
"2020-02-18 22:47:07",1199
"2020-02-18 23:47:20",1199
"2020-02-19 01:47:15",1199
"2020-02-19 02:47:21",1199
"2020-02-19 03:47:30",1199
"2020-02-19 04:47:23",1199
"2020-02-19 05:47:00",1199
"2020-02-19 06:47:37",1199
"2020-02-19 07:47:19",1199
"2020-02-19 08:47:10",1199
"2020-02-19 09:47:22",1199
"2020-02-19 10:46:55",1199
"2020-02-19 11:46:58",1199
"2020-02-19 12:47:12",1199
"2020-02-19 14:11:52",1200
"2020-02-19 14:47:45",1200
"2020-02-19 15:47:40",1195
"2020-02-19 16:47:20",1193
"2020-02-19 17:47:31",1194
"2020-02-19 18:47:25",1196
"2020-02-19 19:47:19",1196
"2020-02-19 20:47:19",1195
"2020-02-19 21:47:49",1195
"2020-02-19 22:47:24",1195
"2020-02-19 23:47:18",1195
"2020-02-20 00:47:28",1195
"2020-02-20 01:47:29",1195
"2020-02-20 02:47:35",1195
"2020-02-20 03:47:25",1195
"2020-02-20 04:47:33",1195
"2020-02-20 05:47:30",1195
"2020-02-20 06:47:49",1195
"2020-02-20 07:47:39",1195
"2020-02-20 08:47:39",1195
"2020-02-20 09:47:22",1195
"2020-02-20 10:47:21",1195
"2020-02-20 11:47:33",1195
"2020-02-20 12:47:32",1195
"2020-02-20 13:47:43",1195
"2020-02-20 14:47:00",1195
"2020-02-20 15:47:13",1193
"2020-02-20 16:46:59",1192
"2020-02-20 17:47:24",1191
"2020-02-20 18:47:44",1191
"2020-02-20 19:48:11",1190
"2020-02-20 20:47:56",1190
"2020-02-20 21:47:52",1194
"2020-02-20 22:47:59",1194
"2020-02-20 23:47:41",1194
"2020-02-21 01:47:51",1194
"2020-02-21 02:48:03",1194
"2020-02-21 03:48:31",1194
"2020-02-21 04:48:31",1194
"2020-02-21 05:48:00",1194
"2020-02-21 06:47:57",1194
"2020-02-21 07:48:12",1194
"2020-02-21 08:47:50",1194
"2020-02-21 09:48:30",1194
"2020-02-21 10:49:10",1194
"2020-02-21 11:48:27",1194
"2020-02-21 12:48:23",1194
"2020-02-21 13:48:31",1194
"2020-02-21 14:48:30",1194
"2020-02-21 15:48:51",1196
"2020-02-21 16:49:19",1198
"2020-02-21 17:49:09",1199
"2020-02-21 18:48:36",1199
"2020-02-21 19:48:04",1200
"2020-02-21 20:48:00",1202
"2020-02-21 21:48:35",1200
"2020-02-21 22:48:09",1200
"2020-02-21 23:50:24",1200
"2020-02-22 00:48:50",1200
"2020-02-22 01:48:17",1200
"2020-02-22 02:48:12",1200
"2020-02-22 03:48:52",1200
"2020-02-22 04:48:23",1200
"2020-02-22 05:47:44",1200
"2020-02-22 06:47:07",1199
"2020-02-22 07:47:37",1199
"2020-02-22 08:48:14",1199
"2020-02-22 09:47:06",1199
"2020-02-22 10:47:27",1199
"2020-02-22 11:47:05",1199
"2020-02-22 12:47:48",1199
"2020-02-22 13:49:38",1199
"2020-02-22 14:47:06",1199
"2020-02-22 15:47:20",1199
"2020-02-22 16:48:50",1199
"2020-02-22 17:47:59",1199
"2020-02-22 18:47:14",1199
"2020-02-22 19:47:10",1199
"2020-02-22 20:47:49",1199
"2020-02-22 21:49:06",1199
"2020-02-22 22:48:10",1199
"2020-02-22 23:47:08",1199
"2020-02-23 00:47:16",1199
"2020-02-23 01:47:24",1199
"2020-02-23 02:47:40",1199
"2020-02-23 03:47:17",1199
"2020-02-23 04:47:48",1199
"2020-02-23 05:47:49",1199
"2020-02-23 06:47:18",1199
"2020-02-23 07:47:24",1199
"2020-02-23 08:48:13",1199
"2020-02-23 09:47:16",1199
"2020-02-23 10:47:19",1199
"2020-02-23 11:47:22",1199
"2020-02-23 12:47:21",1199
"2020-02-23 13:47:18",1199
"2020-02-23 14:47:54",1199
"2020-02-23 15:47:17",1199
"2020-02-23 16:47:24",1199
"2020-02-23 17:47:08",1199
"2020-02-23 18:47:21",1199
"2020-02-23 19:47:20",1199
"2020-02-23 20:47:17",1199
"2020-02-23 21:47:52",1199
"2020-02-23 22:47:01",1199
"2020-02-23 23:47:24",1199
"2020-02-24 00:48:04",1199
"2020-02-24 01:47:11",1199
"2020-02-24 02:48:00",1199
"2020-02-24 03:47:18",1199
"2020-02-24 04:47:29",1199
"2020-02-24 05:48:39",1199
"2020-02-24 06:47:57",1199
"2020-02-24 07:47:46",1199
"2020-02-24 08:47:58",1199
"2020-02-24 09:58:15",1199
"2020-02-24 10:47:37",1199
"2020-02-24 11:48:29",1199
"2020-02-24 12:47:43",1199
"2020-02-24 13:48:20",1199
"2020-02-24 14:49:15",1199
"2020-02-24 15:47:59",1197
"2020-02-24 16:48:47",1194
"2020-02-24 17:48:09",1190
"2020-02-24 18:48:19",1190
"2020-02-24 19:48:47",1190
"2020-02-24 20:48:55",1190
"2020-02-24 21:48:40",1194
"2020-02-24 22:48:39",1194
"2020-02-24 23:47:50",1194
"2020-02-25 00:47:57",1194
"2020-02-25 01:47:51",1194
"2020-02-25 02:48:26",1194
"2020-02-25 03:48:11",1194
"2020-02-25 04:48:14",1194
"2020-02-25 05:49:09",1194
"2020-02-25 06:48:14",1194
"2020-02-25 07:48:16",1194
"2020-02-25 08:48:25",1194
"2020-02-25 09:59:00",1194
"2020-02-25 10:48:22",1194
"2020-02-25 11:47:57",1194
"2020-02-25 12:48:16",1194
"2020-02-25 14:11:17",1194
"2020-02-25 14:48:17",1194
"2020-02-25 15:48:17",1198
"2020-02-25 16:48:16",1202
"2020-02-25 17:48:06",1201
"2020-02-25 18:48:42",1200
"2020-02-25 19:48:03",1200
"2020-02-25 20:48:53",1201
"2020-02-25 21:48:47",1201
"2020-02-25 22:48:05",1207
"2020-02-25 23:48:07",1208
"2020-02-26 00:47:59",1208
"2020-02-26 01:48:10",1208
"2020-02-26 02:48:19",1208
"2020-02-26 03:48:01",1208
"2020-02-26 04:49:00",1208
"2020-02-26 05:48:43",1208
"2020-02-26 06:48:34",1208
"2020-02-26 07:49:15",1208
"2020-02-26 08:48:29",1208
"2020-02-26 09:48:18",1208
"2020-02-26 10:48:04",1208
"2020-02-26 11:48:28",1208
"2020-02-26 12:48:00",1208
"2020-02-26 13:48:40",1208
"2020-02-26 14:49:15",1207
"2020-02-26 15:48:50",1201
"2020-02-26 16:48:13",1199
"2020-02-26 17:48:11",1199
"2020-02-26 18:48:17",1201
"2020-02-26 19:48:42",1198
"2020-02-26 20:48:40",1198
"2020-02-26 21:48:39",1198
"2020-02-26 22:48:37",1198
"2020-02-26 23:48:36",1198
"2020-02-27 00:48:01",1198
"2020-02-27 01:48:17",1198
"2020-02-27 02:47:48",1198
"2020-02-27 03:49:01",1198
"2020-02-27 04:48:04",1198
"2020-02-27 05:48:08",1198
"2020-02-27 06:48:04",1198
"2020-02-27 07:47:49",1198
"2020-02-27 08:48:23",1198
"2020-02-27 09:48:06",1198
"2020-02-27 10:48:43",1198
"2020-02-27 11:48:18",1198
"2020-02-27 12:48:40",1198
"2020-02-27 14:09:49",1199
"2020-02-27 14:49:24",1199
"2020-02-27 15:48:45",1198
"2020-02-27 16:48:48",1194
"2020-02-27 17:48:23",1193
"2020-02-27 18:48:41",1197
"2020-02-27 19:47:57",1197
"2020-02-27 20:48:22",1199
"2020-02-27 21:48:09",1201
"2020-02-27 22:48:35",1201
"2020-02-27 23:48:06",1201
"2020-02-28 00:48:55",1201
"2020-02-28 01:47:57",1201
"2020-02-28 02:47:58",1201
"2020-02-28 03:48:48",1201
"2020-02-28 04:49:03",1201
"2020-02-28 05:48:45",1201
"2020-02-28 06:48:23",1201
"2020-02-28 07:48:42",1201
"2020-02-28 08:48:54",1201
"2020-02-28 09:48:46",1201
"2020-02-28 10:47:59",1201
"2020-02-28 11:48:13",1201
"2020-02-28 12:48:34",1201
"2020-02-28 14:10:24",1201
"2020-02-28 14:48:20",1201
"2020-02-28 15:48:14",1199
"2020-02-28 16:48:19",1197
"2020-02-28 17:48:17",1200
"2020-02-28 18:48:15",1202
"2020-02-28 19:48:57",1201
"2020-02-28 20:48:08",1200
"2020-02-28 21:48:04",1199
"2020-02-28 22:48:34",1199
"2020-02-28 23:48:06",1199
"2020-02-29 00:48:15",1199
"2020-02-29 01:48:05",1199
"2020-02-29 02:48:07",1199
"2020-02-29 03:47:58",1199
"2020-02-29 04:48:24",1199
"2020-02-29 05:48:07",1199
"2020-02-29 06:47:50",1199
"2020-02-29 07:49:08",1198
"2020-02-29 08:49:45",1198
"2020-02-29 09:49:05",1198
"2020-02-29 10:47:14",1198
"2020-02-29 11:47:09",1198
"2020-02-29 12:49:10",1198
"2020-02-29 13:49:07",1198
"2020-02-29 14:47:22",1198
"2020-02-29 15:47:22",1198
"2020-02-29 16:48:02",1198
"2020-02-29 17:47:51",1198
"2020-02-29 18:47:21",1198
"2020-02-29 19:47:18",1198
"2020-02-29 20:47:10",1198
"2020-02-29 21:47:38",1198
"2020-02-29 22:49:47",1198
"2020-02-29 23:49:00",1198
"2020-03-01 00:49:02",1198
"2020-03-01 01:49:05",1198
"2020-03-01 02:47:22",1198
"2020-03-01 03:49:04",1198
"2020-03-01 04:47:15",1198
"2020-03-01 05:47:53",1198
"2020-03-01 06:47:18",1198
"2020-03-01 07:47:45",1198
"2020-03-01 08:47:11",1198
"2020-03-01 09:49:04",1198
"2020-03-01 10:48:57",1198
"2020-03-01 11:47:41",1198
"2020-03-01 12:47:51",1198
"2020-03-01 13:47:12",1198
"2020-03-01 14:47:08",1198
"2020-03-01 15:49:09",1198
"2020-03-01 16:47:59",1198
"2020-03-01 17:48:59",1198
"2020-03-01 18:49:10",1198
"2020-03-01 19:49:14",1198
"2020-03-01 20:49:09",1198
"2020-03-01 21:47:16",1198
"2020-03-01 22:47:18",1198
"2020-03-01 23:49:07",1198
"2020-03-02 00:47:03",1198
"2020-03-02 01:47:56",1198
"2020-03-02 02:49:02",1198
"2020-03-02 03:49:46",1198
"2020-03-02 04:47:58",1198
"2020-03-02 05:49:59",1198
"2020-03-02 07:48:08",1198
"2020-03-02 08:50:00",1198
"2020-03-02 09:49:40",1198
"2020-03-02 10:48:25",1198
"2020-03-02 11:48:01",1198
"2020-03-02 12:48:40",1198
"2020-03-02 13:49:58",1198
"2020-03-02 18:48:48",1200
"2020-03-03 00:48:35",1199
"2020-03-03 01:48:58",1199
"2020-03-03 02:48:40",1199
"2020-03-03 03:49:21",1199
"2020-03-03 04:50:02",1199
"2020-03-03 06:50:33",1199
"2020-03-03 07:48:36",1199
"2020-03-03 08:50:34",1199
"2020-03-03 09:50:51",1199
"2020-03-03 10:48:37",1199
"2020-03-03 11:51:17",1199
"2020-03-03 12:48:36",1199
"2020-03-03 13:50:52",1199
"2020-03-03 14:50:12",1199
"2020-03-03 16:51:31",1193
"2020-03-03 17:50:54",1185
"2020-03-03 18:48:07",1185
"2020-03-03 19:48:04",1186
"2020-03-03 20:48:55",1188
"2020-03-03 21:48:42",1187
"2020-03-03 22:51:40",1187
"2020-03-03 23:49:51",1187
"2020-03-04 00:50:27",1187
"2020-03-04 01:50:01",1187
"2020-03-04 02:48:13",1187
"2020-03-04 03:48:38",1187
"2020-03-04 04:50:30",1187
"2020-03-04 05:48:18",1187
"2020-03-04 06:50:30",1187
"2020-03-04 07:48:35",1187
"2020-03-04 08:50:00",1187
"2020-03-04 09:48:35",1187
"2020-03-04 10:47:51",1187
"2020-03-04 11:50:33",1187
"2020-03-04 12:50:17",1187
"2020-03-04 13:50:08",1187
"2020-03-04 14:48:11",1187
"2020-03-04 15:50:42",1187
"2020-03-04 16:48:12",1198
"2020-03-04 17:48:38",1221
"2020-03-04 18:49:57",1242
"2020-03-04 19:55:24",1257
"2020-03-04 20:50:09",1271
"2020-03-04 21:47:56",1286
"2020-03-04 22:49:59",1295
"2020-03-04 23:48:19",1298
"2020-03-05 00:48:28",1298
"2020-03-05 01:48:41",1298
"2020-03-05 02:48:14",1298
"2020-03-05 03:48:22",1298
"2020-03-05 04:48:38",1298
"2020-03-05 05:48:43",1298
"2020-03-05 06:48:27",1298
"2020-03-05 07:48:05",1298
"2020-03-05 08:49:41",1298
"2020-03-05 09:48:45",1298
"2020-03-05 10:48:03",1298
"2020-03-05 11:50:10",1298
"2020-03-05 12:48:33",1298
"2020-03-05 13:48:36",1298
"2020-03-05 14:50:12",1300
"2020-03-05 15:48:44",1370
"2020-03-05 16:50:05",1370
"2020-03-05 17:48:13",1366
"2020-03-05 18:48:21",1368
"2020-03-05 19:48:11",1368
"2020-03-05 20:48:12",1367
"2020-03-05 21:48:04",1368
"2020-03-05 22:49:58",1368
"2020-03-05 23:50:01",1368
"2020-03-06 00:48:01",1368
"2020-03-06 01:48:14",1368
"2020-03-06 02:50:34",1368
"2020-03-06 03:50:06",1368
"2020-03-06 04:50:07",1368
"2020-03-06 05:50:11",1368
"2020-03-06 06:50:39",1368
"2020-03-06 07:49:52",1368
"2020-03-06 08:48:29",1368
"2020-03-06 09:50:14",1368
"2020-03-06 10:48:02",1368
"2020-03-06 11:50:32",1368
"2020-03-06 12:48:10",1368
"2020-03-06 13:47:49",1368
"2020-03-06 14:51:02",1369
"2020-03-06 15:48:54",1363
"2020-03-06 16:48:50",1364
"2020-03-06 17:48:25",1358
"2020-03-06 18:48:03",1357
"2020-03-06 19:48:37",1354
"2020-03-06 20:48:16",1352
"2020-03-06 21:48:02",1350
"2020-03-06 22:48:09",1349
"2020-03-06 23:48:46",1349
"2020-03-07 00:47:54",1349
"2020-03-07 01:48:36",1349
"2020-03-07 02:48:06",1349
"2020-03-07 03:50:31",1349
"2020-03-07 04:50:45",1349
"2020-03-07 05:50:12",1349
"2020-03-07 06:50:00",1349
"2020-03-07 07:48:45",1349
"2020-03-07 08:49:51",1349
"2020-03-07 09:48:24",1349
"2020-03-07 10:48:45",1349
"2020-03-07 11:49:56",1349
"2020-03-07 12:48:38",1349
"2020-03-07 13:47:56",1348
"2020-03-07 14:48:16",1348
"2020-03-07 15:48:02",1348
"2020-03-07 16:48:10",1348
"2020-03-07 17:48:41",1348
"2020-03-07 18:48:19",1348
"2020-03-07 19:48:17",1348
"2020-03-07 20:50:07",1348
"2020-03-07 21:50:45",1348
"2020-03-07 22:50:03",1348
"2020-03-07 23:50:07",1348
"2020-03-08 00:48:16",1348
"2020-03-08 01:48:44",1348
"2020-03-08 02:48:49",1348
"2020-03-08 03:50:10",1348
"2020-03-08 04:50:02",1348
"2020-03-08 05:50:03",1348
"2020-03-08 06:49:14",1348
"2020-03-08 07:49:57",1348
"2020-03-08 08:50:05",1348
"2020-03-08 09:48:44",1348
"2020-03-08 10:50:05",1348
"2020-03-08 11:48:36",1348
"2020-03-08 12:50:34",1348
"2020-03-08 13:50:43",1348
"2020-03-08 14:48:12",1348
"2020-03-08 15:50:09",1348
"2020-03-08 16:48:02",1348
"2020-03-08 17:48:14",1348
"2020-03-08 18:50:50",1348
"2020-03-08 19:49:07",1348
"2020-03-08 20:48:52",1348
"2020-03-08 21:48:03",1348
"2020-03-08 22:49:53",1348
"2020-03-08 23:48:15",1348
"2020-03-09 00:50:30",1348
"2020-03-09 01:48:11",1348
"2020-03-09 02:50:24",1348
"2020-03-09 03:50:18",1348
"2020-03-09 04:50:00",1348
"2020-03-09 05:48:07",1348
"2020-03-09 06:47:57",1348
"2020-03-09 07:48:16",1348
"2020-03-09 08:47:57",1348
"2020-03-09 09:48:35",1348
"2020-03-09 10:49:48",1348
"2020-03-09 11:49:59",1348
"2020-03-09 12:49:10",1348
"2020-03-09 13:47:41",1349
"2020-03-09 14:49:48",1349
"2020-03-09 15:48:36",1348
"2020-03-09 16:48:07",1344
"2020-03-09 17:47:25",1342
"2020-03-09 18:47:34",1342
"2020-03-09 19:48:07",1342
"2020-03-09 20:48:15",1340
"2020-03-09 21:49:57",1340
"2020-03-09 22:49:48",1340
"2020-03-09 23:50:42",1340
"2020-03-10 00:47:56",1340
"2020-03-10 01:49:58",1340
"2020-03-10 02:48:37",1340
"2020-03-10 03:50:31",1340
"2020-03-10 04:48:36",1340
"2020-03-10 06:50:36",1340
"2020-03-10 07:50:25",1340
"2020-03-10 08:48:19",1340
"2020-03-10 09:49:48",1340
"2020-03-10 10:49:36",1340
"2020-03-10 11:49:54",1340
"2020-03-10 12:48:36",1340
"2020-03-10 13:49:01",1340
"2020-03-10 14:50:41",1341
"2020-03-10 15:50:43",1342
"2020-03-10 16:48:01",1341
"2020-03-10 17:50:11",1343
"2020-03-10 18:50:07",1345
"2020-03-10 19:50:15",1345
"2020-03-10 20:52:09",1347
"2020-03-10 21:50:33",1346
"2020-03-10 22:50:00",1346
"2020-03-10 23:48:33",1346
"2020-03-11 00:50:18",1346
"2020-03-11 01:50:27",1346
"2020-03-11 02:50:39",1346
"2020-03-11 03:48:39",1346
"2020-03-11 04:48:49",1346
"2020-03-11 05:50:27",1346
"2020-03-11 06:50:01",1346
"2020-03-11 07:48:02",1346
"2020-03-11 08:48:47",1346
"2020-03-11 09:47:50",1346
"2020-03-11 10:48:03",1346
"2020-03-11 11:50:10",1346
"2020-03-11 12:50:25",1346
"2020-03-11 13:50:09",1346
"2020-03-11 14:48:47",1346
"2020-03-11 15:48:17",1345
"2020-03-11 16:50:28",1345
"2020-03-11 17:48:43",1344
"2020-03-11 18:48:12",1344
"2020-03-11 19:50:39",1344
"2020-03-11 20:50:40",1345
"2020-03-11 21:48:45",1345
"2020-03-11 22:48:48",1345
"2020-03-11 23:49:06",1345
"2020-03-12 00:47:59",1345
"2020-03-12 01:50:10",1345
"2020-03-12 02:48:39",1345
"2020-03-12 03:50:10",1345
"2020-03-12 04:50:33",1345
"2020-03-12 05:48:50",1345
"2020-03-12 06:48:27",1345
"2020-03-12 07:48:38",1345
"2020-03-12 08:50:09",1345
"2020-03-12 09:49:15",1345
"2020-03-12 10:49:59",1345
"2020-03-12 11:50:03",1345
"2020-03-12 12:49:59",1345
"2020-03-12 13:50:51",1345
"2020-03-12 14:47:58",1339
"2020-03-12 15:48:02",1335
"2020-03-12 16:48:15",1333
"2020-03-12 17:48:10",1330
"2020-03-12 18:50:40",1329
"2020-03-12 19:48:53",1329
"2020-03-12 20:48:15",1327
"2020-03-12 21:50:47",1326
"2020-03-12 22:48:07",1325
"2020-03-12 23:50:37",1325
"2020-03-13 00:50:49",1325
"2020-03-13 01:47:57",1325
"2020-03-13 02:50:06",1325
"2020-03-13 03:50:08",1325
"2020-03-13 04:48:39",1325
"2020-03-13 05:49:10",1325
"2020-03-13 06:51:19",1325
"2020-03-13 07:51:02",1325
"2020-03-13 08:51:10",1325
"2020-03-13 09:51:19",1325
"2020-03-13 10:48:44",1325
"2020-03-13 11:49:55",1325
"2020-03-13 13:09:55",1325
"2020-03-13 13:49:08",1325
"2020-03-13 14:49:02",1320
"2020-03-13 15:48:55",1320
"2020-03-13 16:50:17",1317
"2020-03-13 17:50:07",1318
"2020-03-13 18:50:46",1319
"2020-03-13 19:50:10",1318
"2020-03-13 20:48:18",1317
"2020-03-13 21:48:41",1317
"2020-03-13 22:48:12",1317
"2020-03-13 23:49:58",1317
"2020-03-14 00:48:43",1317
"2020-03-14 01:50:34",1317
"2020-03-14 02:50:13",1317
"2020-03-14 03:48:35",1317
"2020-03-14 04:50:44",1317
"2020-03-14 05:50:16",1317
"2020-03-14 06:48:53",1317
"2020-03-14 07:50:33",1317
"2020-03-14 08:50:05",1317
"2020-03-14 09:50:07",1317
"2020-03-14 10:48:24",1317
"2020-03-14 11:48:21",1317
"2020-03-14 12:48:34",1317
"2020-03-14 13:48:11",1317
"2020-03-14 14:50:09",1317
"2020-03-14 15:48:09",1317
"2020-03-14 16:49:59",1317
"2020-03-14 17:48:38",1317
"2020-03-14 18:50:10",1317
"2020-03-14 19:48:45",1317
"2020-03-14 20:50:27",1317
"2020-03-14 21:50:05",1317
"2020-03-14 22:50:46",1317
"2020-03-14 23:49:56",1317
"2020-03-15 00:48:30",1317
"2020-03-15 01:48:40",1317
"2020-03-15 02:50:34",1317
"2020-03-15 03:50:39",1317
"2020-03-15 04:48:17",1317
"2020-03-15 05:50:39",1317
"2020-03-15 06:48:48",1317
"2020-03-15 07:50:47",1317
"2020-03-15 09:02:46",1317
"2020-03-15 09:49:19",1317
"2020-03-15 10:49:50",1317
"2020-03-15 11:50:41",1317
"2020-03-15 12:50:03",1317
"2020-03-15 13:48:17",1317
"2020-03-15 14:49:16",1317
"2020-03-15 15:48:36",1317
"2020-03-15 16:49:59",1317
"2020-03-15 17:48:54",1317
"2020-03-15 18:50:34",1317
"2020-03-15 19:50:06",1317
"2020-03-15 20:48:46",1317
"2020-03-15 21:48:49",1317
"2020-03-15 22:50:08",1317
"2020-03-15 23:49:59",1317
"2020-03-16 00:48:16",1317
"2020-03-16 01:48:13",1317
"2020-03-16 02:48:07",1317
"2020-03-16 03:49:33",1317
"2020-03-16 04:50:12",1317
"2020-03-16 05:50:45",1317
"2020-03-16 06:48:44",1317
"2020-03-16 07:50:36",1317
"2020-03-16 09:01:22",1317
"2020-03-16 09:50:02",1317
"2020-03-16 10:48:46",1317
"2020-03-16 11:49:52",1317
"2020-03-16 13:11:32",1317
"2020-03-16 14:48:35",1320
"2020-03-16 15:49:58",1317
"2020-03-16 16:48:19",1316
"2020-03-16 17:48:51",1314
"2020-03-16 18:48:17",1314
"2020-03-16 19:50:39",1313
"2020-03-16 20:48:06",1312
"2020-03-16 21:48:55",1311
"2020-03-16 22:48:24",1312
"2020-03-16 23:50:16",1312
"2020-03-17 00:50:14",1312
"2020-03-17 01:48:21",1312
"2020-03-17 02:50:07",1312
"2020-03-17 20:13:20",1304
"2020-03-17 20:21:07",1304
"2020-03-17 20:48:45",1304
"2020-03-17 21:48:26",1304
"2020-03-17 22:48:14",1304
"2020-03-17 23:48:29",1304
"2020-03-18 00:48:45",1304
"2020-03-18 01:48:56",1304
"2020-03-18 02:48:52",1304
"2020-03-18 03:49:03",1304
"2020-03-18 04:48:52",1304
"2020-03-18 05:49:10",1304
"2020-03-18 06:48:33",1304
"2020-03-18 07:49:04",1304
"2020-03-18 08:47:56",1304
"2020-03-18 09:48:38",1304
"2020-03-18 10:48:13",1304
"2020-03-18 11:48:12",1304
"2020-03-18 13:11:27",1304
"2020-03-18 13:49:13",1304
"2020-03-18 14:48:34",1302
"2020-03-18 15:48:36",1301
"2020-03-18 16:48:29",1299
"2020-03-18 17:49:06",1299
"2020-03-18 18:48:27",1298
"2020-03-18 19:48:52",1296
"2020-03-18 20:48:21",1294
"2020-03-18 21:48:23",1293
"2020-03-18 22:48:12",1293
"2020-03-18 23:48:42",1293
"2020-03-19 00:48:30",1293
"2020-03-19 01:48:46",1293
"2020-03-19 02:48:16",1293
"2020-03-19 03:48:10",1293
"2020-03-19 04:48:21",1293
"2020-03-19 05:50:46",1293
"2020-03-19 06:48:33",1293
"2020-03-19 07:48:35",1293
"2020-03-19 08:48:17",1293
"2020-03-19 09:48:44",1293
"2020-03-19 10:48:00",1293
"2020-03-19 11:48:11",1293
"2020-03-19 12:48:06",1293
"2020-03-19 13:48:28",1293
"2020-03-19 14:48:31",1293
"2020-03-19 15:48:32",1297
"2020-03-19 16:48:34",1297
"2020-03-19 17:48:29",1297
"2020-03-19 18:48:11",1295
"2020-03-19 19:48:42",1295
"2020-03-19 20:49:06",1296
"2020-03-19 21:48:49",1296
"2020-03-19 22:48:16",1296
"2020-03-19 23:49:23",1296
"2020-03-20 00:48:17",1296
"2020-03-20 01:48:13",1296
"2020-03-20 02:49:31",1296
"2020-03-20 03:48:32",1296
"2020-03-20 04:48:28",1296
"2020-03-20 06:48:52",1296
"2020-03-20 07:48:30",1296
"2020-03-20 08:49:27",1296
"2020-03-20 09:48:52",1296
"2020-03-20 10:48:28",1296
"2020-03-20 11:48:15",1296
"2020-03-20 13:10:21",1296
"2020-03-20 13:49:09",1296
"2020-03-20 14:48:28",1293
"2020-03-20 15:48:19",1291
"2020-03-20 16:48:26",1289
"2020-03-20 17:48:24",1289
"2020-03-20 18:48:12",1288
"2020-03-20 19:48:30",1288
"2020-03-20 20:48:25",1288
"2020-03-20 21:48:12",1288
"2020-03-20 22:48:59",1288
"2020-03-20 23:49:02",1288
"2020-03-21 00:48:28",1288
"2020-03-21 01:48:25",1288
"2020-03-21 02:48:50",1288
"2020-03-21 03:49:00",1288
"2020-03-21 04:48:13",1288
"2020-03-21 05:48:09",1288
"2020-03-21 06:48:21",1288
"2020-03-21 07:48:44",1288
"2020-03-21 09:12:48",1288
"2020-03-21 09:48:20",1288
"2020-03-21 10:48:24",1288
"2020-03-21 11:48:34",1288
"2020-03-21 12:48:09",1288
"2020-03-21 13:48:16",1288
"2020-03-21 14:49:18",1288
"2020-03-21 15:48:51",1288
"2020-03-21 16:48:43",1288
"2020-03-21 17:49:06",1288
"2020-03-21 18:48:30",1288
"2020-03-21 19:48:29",1288
"2020-03-21 20:48:04",1288
"2020-03-21 21:48:32",1288
"2020-03-21 22:48:11",1288
"2020-03-21 23:48:19",1288
"2020-03-22 00:48:10",1288
"2020-03-22 01:48:45",1288
"2020-03-22 02:48:15",1288
"2020-03-22 03:49:10",1288
"2020-03-22 04:48:31",1288
"2020-03-22 05:48:33",1288
"2020-03-22 06:48:56",1288
"2020-03-22 07:48:50",1288
"2020-03-22 09:17:03",1288
"2020-03-22 09:48:24",1288
"2020-03-22 10:48:46",1288
"2020-03-22 11:48:10",1288
"2020-03-22 12:48:44",1288
"2020-03-22 21:58:16",1288
"2020-03-22 22:48:49",1288
"2020-03-22 23:48:24",1288
"2020-03-23 00:49:17",1288
"2020-03-23 01:48:42",1288
"2020-03-23 02:48:16",1288
"2020-03-23 03:48:22",1288
"2020-03-23 04:49:05",1288
"2020-03-23 05:48:52",1288
"2020-03-23 06:48:44",1288
"2020-03-23 07:48:24",1288
"2020-03-23 08:48:28",1288
"2020-03-23 09:48:59",1288
"2020-03-23 10:48:27",1288
"2020-03-23 11:48:55",1288
"2020-03-23 13:09:50",1288
"2020-03-23 13:48:34",1288
"2020-03-23 14:48:59",1290
"2020-03-23 15:48:36",1288
"2020-03-23 16:49:05",1289
"2020-03-23 17:48:28",1290
"2020-03-23 18:48:22",1289
"2020-03-23 19:48:54",1289
"2020-03-23 20:48:56",1290
"2020-03-23 21:48:32",1290
"2020-03-23 22:48:23",1291
"2020-03-23 23:48:21",1291
"2020-03-24 00:48:22",1291
"2020-03-24 01:48:21",1291
"2020-03-24 02:48:13",1291
"2020-03-24 03:48:31",1291
"2020-03-24 04:48:56",1291
"2020-03-24 05:50:50",1291
"2020-03-24 06:49:09",1291
"2020-03-24 07:49:19",1290
"2020-03-24 09:11:21",1290
"2020-03-24 09:48:05",1290
"2020-03-24 10:48:06",1290
"2020-03-24 11:48:14",1290
"2020-03-24 12:47:54",1290
"2020-03-24 13:49:44",1290
"2020-03-24 14:50:02",1288
"2020-03-24 15:49:25",1289
"2020-03-24 16:49:36",1291
"2020-03-24 17:49:02",1292
"2020-03-24 18:48:56",1291
"2020-03-24 19:48:37",1292
"2020-03-24 20:48:16",1289
"2020-03-24 21:48:09",1289
"2020-03-24 22:48:51",1289
"2020-03-24 23:48:48",1289
"2020-03-25 00:48:22",1289
"2020-03-25 01:48:29",1289
"2020-03-25 02:48:18",1289
"2020-03-25 03:48:16",1289
"2020-03-25 04:48:00",1289
"2020-03-25 06:49:11",1289
"2020-03-25 07:48:20",1289
"2020-03-25 09:49:42",1289
"2020-03-25 10:48:26",1289
"2020-03-25 11:48:48",1289
"2020-03-25 12:48:50",1289
"2020-03-25 13:49:13",1289
"2020-03-25 14:49:16",1292
"2020-03-25 15:49:34",1291
"2020-03-25 16:49:09",1291
"2020-03-25 17:50:00",1292
"2020-03-25 18:48:24",1288
"2020-03-25 19:48:28",1288
"2020-03-25 20:48:38",1289
"2020-03-25 21:48:16",1289
"2020-03-25 22:48:19",1289
"2020-03-25 23:48:26",1289
"2020-03-26 02:08:14",1289
"2020-03-26 02:48:28",1289
"2020-03-26 03:48:50",1289
"2020-03-26 04:49:37",1289
"2020-03-26 05:48:39",1289
"2020-03-26 06:48:41",1289
"2020-03-26 07:48:40",1289
"2020-03-26 08:48:16",1289
"2020-03-26 09:48:53",1289
"2020-03-26 10:48:11",1289
"2020-03-26 11:48:33",1289
"2020-03-26 12:48:30",1289
"2020-03-26 13:48:40",1289
"2020-03-26 14:48:51",1288
"2020-03-26 15:48:44",1287
"2020-03-26 16:48:31",1285
"2020-03-26 17:48:54",1282
"2020-03-26 18:48:23",1280
"2020-03-26 19:48:29",1280
"2020-03-26 20:48:31",1278
"2020-03-26 21:48:44",1279
"2020-03-26 22:48:18",1278
"2020-03-26 23:48:59",1278
"2020-03-27 00:48:33",1278
"2020-03-27 01:48:43",1278
"2020-03-27 02:48:56",1278
"2020-03-27 03:48:33",1278
"2020-03-27 04:48:43",1278
"2020-03-27 05:48:25",1278
"2020-03-27 06:48:55",1278
"2020-03-27 07:49:03",1278
"2020-03-27 08:51:03",1278
"2020-03-27 09:49:20",1278
"2020-03-27 10:48:38",1278
"2020-03-27 11:48:17",1278
"2020-03-27 12:48:13",1278
"2020-03-27 13:48:57",1279
"2020-03-27 14:48:29",1277
"2020-03-27 15:48:31",1276
"2020-03-27 16:48:44",1275
"2020-03-27 17:48:28",1275
"2020-03-27 18:49:08",1275
"2020-03-27 19:48:30",1276
"2020-03-27 20:48:24",1275
"2020-03-27 21:49:05",1275
"2020-03-27 22:48:29",1275
"2020-03-27 23:48:44",1275
"2020-03-28 00:48:54",1275
"2020-03-28 01:48:08",1275
"2020-03-28 02:48:11",1275
"2020-03-28 03:48:33",1275
"2020-03-28 04:48:21",1275
"2020-03-28 05:49:28",1275
"2020-03-28 06:48:34",1275
"2020-03-28 07:48:07",1275
"2020-03-28 08:48:21",1275
"2020-03-28 09:48:42",1275
"2020-03-28 10:49:03",1275
"2020-03-28 11:48:22",1275
"2020-03-28 12:48:52",1275
"2020-03-28 13:48:49",1275
"2020-03-28 14:48:25",1275
"2020-03-28 15:48:23",1275
"2020-03-28 16:48:16",1275
"2020-03-28 17:48:29",1275
"2020-03-28 18:48:36",1275
"2020-03-28 19:48:12",1275
"2020-03-28 20:48:30",1275
"2020-03-28 21:48:13",1275
"2020-03-28 22:49:24",1275
"2020-03-28 23:48:29",1275
"2020-03-29 00:48:41",1275
"2020-03-29 01:48:53",1275
"2020-03-29 02:49:28",1275
"2020-03-29 03:49:36",1275
"2020-03-29 04:48:49",1275
"2020-03-29 05:48:36",1275
"2020-03-29 06:49:39",1275
"2020-03-29 07:48:50",1275
"2020-03-29 08:48:32",1275
"2020-03-29 09:48:23",1275
"2020-03-29 10:49:07",1275
"2020-03-29 11:48:28",1275
"2020-03-29 12:48:16",1275
"2020-03-29 13:48:19",1275
"2020-03-29 14:48:19",1275
"2020-03-29 15:48:22",1275
"2020-03-29 16:48:30",1275
"2020-03-29 17:48:53",1275
"2020-03-29 18:48:21",1275
"2020-03-29 19:48:22",1275
"2020-03-29 20:48:17",1275
"2020-03-29 21:49:20",1275
"2020-03-29 22:48:31",1275
"2020-03-29 23:48:34",1275
"2020-03-30 00:48:27",1275
"2020-03-30 01:48:26",1275
"2020-03-30 02:49:07",1275
"2020-03-30 03:48:30",1275
"2020-03-30 04:49:07",1275
"2020-03-30 05:48:16",1275
"2020-03-30 06:48:38",1275
"2020-03-30 07:48:56",1275
"2020-03-30 08:48:22",1275
"2020-03-30 09:48:08",1275
"2020-03-30 10:48:16",1275
"2020-03-30 11:47:59",1275
"2020-03-30 12:48:13",1275
"2020-03-30 13:49:12",1275
"2020-03-30 14:48:23",1274
"2020-03-30 15:49:01",1275
"2020-03-30 16:48:30",1275
"2020-03-30 17:48:53",1275
"2020-03-30 18:48:35",1275
"2020-03-30 19:48:59",1276
"2020-03-30 20:48:25",1277
"2020-03-30 21:48:51",1277
"2020-03-30 22:48:14",1277
"2020-03-30 23:48:13",1277
"2020-03-31 00:48:04",1277
"2020-03-31 01:48:23",1277
"2020-03-31 02:48:19",1277
"2020-03-31 03:48:45",1277
"2020-03-31 04:48:18",1277
"2020-03-31 05:48:25",1277
"2020-03-31 06:48:15",1277
"2020-03-31 07:48:29",1277
"2020-03-31 08:48:26",1277
"2020-03-31 09:48:24",1277
"2020-03-31 10:48:18",1277
"2020-03-31 11:48:50",1277
"2020-03-31 13:08:53",1277
"2020-03-31 13:48:34",1277
"2020-03-31 14:49:17",1278
"2020-03-31 15:48:24",1277
"2020-03-31 16:49:14",1278
"2020-03-31 17:48:30",1276
"2020-03-31 18:48:52",1277
"2020-03-31 19:48:22",1276
"2020-03-31 20:48:55",1274
"2020-03-31 21:48:22",1274
"2020-03-31 22:48:32",1274
"2020-03-31 23:47:55",1274
"2020-04-01 00:47:29",1274
"2020-04-01 01:47:30",1274
"2020-04-01 02:47:27",1274
"2020-04-01 03:47:35",1274
"2020-04-01 04:47:53",1274
"2020-04-01 05:48:11",1274
"2020-04-01 06:47:40",1274
"2020-04-01 07:48:05",1274
"2020-04-01 08:47:27",1274
"2020-04-01 09:47:44",1274
"2020-04-01 10:47:11",1274
"2020-04-01 11:48:23",1274
"2020-04-01 13:11:54",1274
"2020-04-01 13:47:30",1274
"2020-04-01 14:48:25",1275
"2020-04-01 15:47:57",1274
"2020-04-01 16:47:17",1275
"2020-04-01 17:47:15",1275
"2020-04-01 18:47:19",1277
"2020-04-01 19:47:27",1276
"2020-04-01 20:47:32",1276
"2020-04-01 21:47:17",1276
"2020-04-01 22:47:18",1276
"2020-04-01 23:48:03",1276
"2020-04-02 00:47:26",1276
"2020-04-02 01:48:01",1276
"2020-04-02 02:47:24",1276
"2020-04-02 03:47:58",1276
"2020-04-02 04:47:28",1276
"2020-04-02 05:47:38",1276
"2020-04-02 06:47:08",1276
"2020-04-02 07:47:59",1276
"2020-04-02 08:48:41",1276
"2020-04-02 09:47:57",1276
"2020-04-02 10:47:31",1276
"2020-04-02 11:47:23",1276
"2020-04-02 13:12:56",1276
"2020-04-02 13:48:09",1276
"2020-04-02 14:47:15",1279
"2020-04-02 15:47:35",1276
"2020-04-02 16:47:09",1276
"2020-04-02 17:47:18",1277
"2020-04-02 19:47:20",1279
"2020-04-02 20:47:49",1279
"2020-04-02 21:48:31",1279
"2020-04-02 22:48:08",1282
"2020-04-02 23:47:19",1282
"2020-04-03 00:47:35",1282
"2020-04-03 01:47:57",1282
"2020-04-03 02:47:28",1282
"2020-04-03 03:47:18",1282
"2020-04-03 04:47:48",1282
"2020-04-03 05:48:00",1282
"2020-04-03 06:47:26",1282
"2020-04-03 08:47:28",1282
"2020-04-03 09:47:27",1282
"2020-04-03 10:47:56",1282
"2020-04-03 11:47:20",1282
"2020-04-03 13:13:56",1282
"2020-04-03 13:47:36",1282
"2020-04-03 14:47:40",1283
"2020-04-03 15:48:03",1283
"2020-04-03 16:47:59",1284
"2020-04-03 17:48:01",1284
"2020-04-03 18:48:02",1285
"2020-04-03 19:47:22",1286
"2020-04-03 20:47:20",1288
"2020-04-03 21:47:34",1288
"2020-04-03 22:48:25",1288
"2020-04-03 23:47:28",1288
"2020-04-04 00:47:15",1288
"2020-04-04 01:47:55",1288
"2020-04-04 02:47:32",1288
"2020-04-04 03:47:36",1288
"2020-04-04 04:47:46",1288
"2020-04-04 05:47:55",1288
"2020-04-04 06:47:17",1287
"2020-04-04 07:48:05",1287
"2020-04-04 08:47:50",1287
"2020-04-04 09:47:47",1287
"2020-04-04 10:47:25",1287
"2020-04-04 11:47:25",1287
"2020-04-04 12:47:24",1287
"2020-04-04 13:47:21",1287
"2020-04-04 14:47:43",1287
"2020-04-04 15:47:14",1287
"2020-04-04 16:47:26",1287
"2020-04-04 17:47:27",1287
"2020-04-04 18:47:21",1287
"2020-04-04 19:47:25",1287
"2020-04-04 20:47:17",1287
"2020-04-04 21:47:20",1287
"2020-04-04 22:48:05",1287
"2020-04-04 23:47:19",1287
"2020-04-05 00:48:19",1287
"2020-04-05 01:47:55",1287
"2020-04-05 02:47:16",1287
"2020-04-05 03:47:26",1287
"2020-04-05 04:47:55",1287
"2020-04-05 05:47:45",1287
"2020-04-05 06:47:52",1287
"2020-04-05 07:47:28",1287
"2020-04-05 08:47:34",1287
"2020-04-05 09:47:22",1287
"2020-04-05 10:48:04",1287
"2020-04-05 11:47:55",1287
"2020-04-05 12:47:18",1287
"2020-04-05 13:48:00",1287
"2020-04-05 14:47:25",1287
"2020-04-05 15:47:14",1287
"2020-04-05 16:47:57",1287
"2020-04-05 17:47:11",1287
"2020-04-05 18:47:28",1287
"2020-04-05 19:47:18",1287
"2020-04-05 20:47:27",1287
"2020-04-05 21:47:30",1287
"2020-04-05 22:47:50",1287
"2020-04-05 23:47:18",1287
"2020-04-06 00:47:15",1287
"2020-04-06 01:47:29",1287
"2020-04-06 02:47:50",1287
"2020-04-06 03:48:32",1287
"2020-04-06 04:47:06",1287
"2020-04-06 05:47:40",1287
"2020-04-06 06:47:42",1287
"2020-04-06 07:47:24",1287
"2020-04-06 08:47:56",1287
"2020-04-06 09:47:20",1287
"2020-04-06 10:47:39",1287
"2020-04-06 11:47:10",1287
"2020-04-06 12:47:37",1287
"2020-04-06 13:47:29",1287
"2020-04-06 14:47:25",1291
"2020-04-06 15:47:27",1291
"2020-04-06 16:47:16",1290
"2020-04-06 17:47:16",1289
"2020-04-06 18:50:23",1288
"2020-04-06 19:47:54",1288
"2020-04-06 20:47:20",1287
"2020-04-06 21:47:11",1287
"2020-04-06 22:47:27",1287
"2020-04-06 23:47:42",1287
"2020-04-07 00:47:27",1287
"2020-04-07 01:47:39",1287
"2020-04-07 02:47:28",1287
"2020-04-07 03:47:18",1287
"2020-04-07 04:47:18",1287
"2020-04-07 05:47:10",1287
"2020-04-07 06:47:35",1287
"2020-04-07 07:47:27",1287
"2020-04-07 08:47:50",1287
"2020-04-07 09:47:18",1287
"2020-04-07 10:47:05",1287
"2020-04-07 11:47:16",1287
"2020-04-07 12:47:18",1287
"2020-04-07 13:47:24",1287
"2020-04-07 14:47:03",1288
"2020-04-07 15:47:14",1288
"2020-04-07 16:47:30",1285
"2020-04-07 17:47:08",1289
"2020-04-07 18:47:11",1289
"2020-04-07 19:47:12",1289
"2020-04-07 20:47:22",1289
"2020-04-07 21:47:30",1289
"2020-04-07 22:47:14",1289
"2020-04-07 23:47:19",1289
"2020-04-08 00:47:29",1289
"2020-04-08 01:47:12",1289
"2020-04-08 02:46:59",1289
"2020-04-08 03:47:30",1289
"2020-04-08 04:47:05",1289
"2020-04-08 06:47:24",1289
"2020-04-08 07:47:34",1289
"2020-04-08 08:47:42",1289
"2020-04-08 09:47:20",1289
"2020-04-08 10:47:13",1289
"2020-04-08 11:47:10",1289
"2020-04-08 12:47:10",1289
"2020-04-08 13:47:17",1289
"2020-04-08 14:47:05",1288
"2020-04-08 15:47:23",1292
"2020-04-08 16:47:10",1291
"2020-04-08 17:47:36",1292
"2020-04-08 18:47:09",1293
"2020-04-08 19:47:33",1294
"2020-04-08 20:47:19",1294
"2020-04-08 21:47:12",1294
"2020-04-08 22:47:05",1294
"2020-04-08 23:47:16",1294
"2020-04-09 00:47:09",1294
"2020-04-09 02:47:15",1294
"2020-04-09 03:47:09",1294
"2020-04-09 04:47:39",1294
"2020-04-09 05:47:23",1294
"2020-04-09 06:47:43",1294
"2020-04-09 07:47:01",1294
"2020-04-09 08:47:06",1294
"2020-04-09 09:47:03",1294
"2020-04-09 10:47:12",1294
"2020-04-09 11:47:10",1294
"2020-04-09 12:47:08",1294
"2020-04-09 13:47:26",1294
"2020-04-09 14:47:24",1295
"2020-04-09 15:46:56",1298
"2020-04-09 16:47:12",1296
"2020-04-09 17:47:11",1296
"2020-04-09 18:46:55",1294
"2020-04-09 19:47:34",1294
"2020-04-09 20:47:11",1296
"2020-04-09 21:47:09",1296
"2020-04-09 22:47:07",1296
"2020-04-09 23:47:05",1296
"2020-04-10 00:47:12",1296
"2020-04-10 01:47:03",1296
"2020-04-10 02:47:19",1296
"2020-04-10 03:47:14",1296
"2020-04-10 04:47:07",1296
"2020-04-10 05:47:21",1296
"2020-04-10 06:47:06",1296
"2020-04-10 07:47:08",1296
"2020-04-10 08:47:20",1296
"2020-04-10 09:47:09",1296
"2020-04-10 10:47:15",1296
"2020-04-10 11:47:13",1296
"2020-04-10 12:47:11",1296
"2020-04-10 13:47:16",1296
"2020-04-10 14:47:27",1296
"2020-04-10 15:47:12",1296
"2020-04-10 16:47:02",1296
"2020-04-10 17:47:11",1296
"2020-04-10 18:47:11",1296
"2020-04-10 19:47:10",1296
"2020-04-10 20:47:38",1296
"2020-04-10 21:46:49",1296
"2020-04-10 22:46:46",1296
"2020-04-10 23:46:48",1296
"2020-04-11 00:46:55",1296
"2020-04-11 01:46:42",1296
"2020-04-11 02:46:48",1296
"2020-04-11 03:46:48",1296
"2020-04-11 04:46:55",1296
"2020-04-11 05:46:44",1296
"2020-04-11 06:46:48",1296
"2020-04-11 07:46:46",1296
"2020-04-11 08:46:39",1296
"2020-04-11 09:46:40",1296
"2020-04-11 10:46:55",1296
"2020-04-11 11:46:39",1296
"2020-04-11 12:46:46",1296
"2020-04-11 13:46:55",1296
"2020-04-11 14:46:40",1296
"2020-04-11 15:46:56",1296
"2020-04-11 16:46:52",1296
"2020-04-11 17:46:51",1296
"2020-04-11 18:46:51",1296
"2020-04-11 19:46:45",1296
"2020-04-11 20:46:38",1296
"2020-04-11 21:46:47",1296
"2020-04-11 22:46:46",1296
"2020-04-11 23:46:47",1296
"2020-04-12 00:46:55",1296
"2020-04-12 01:46:45",1296
"2020-04-12 02:46:45",1296
"2020-04-12 03:46:42",1296
"2020-04-12 04:47:01",1296
"2020-04-12 05:46:51",1296
"2020-04-12 06:46:49",1296
"2020-04-12 07:46:43",1296
"2020-04-12 08:46:44",1296
"2020-04-12 09:46:49",1296
"2020-04-12 10:46:49",1296
"2020-04-12 11:46:42",1296
"2020-04-12 12:46:47",1296
"2020-04-12 13:46:54",1296
"2020-04-12 14:46:50",1296
"2020-04-12 15:46:48",1296
"2020-04-12 16:46:46",1296
"2020-04-12 17:46:40",1296
"2020-04-12 18:46:50",1296
"2020-04-12 19:46:47",1296
"2020-04-12 20:47:05",1296
"2020-04-12 21:46:52",1296
"2020-04-12 22:46:58",1296
"2020-04-12 23:47:04",1296
"2020-04-13 00:47:16",1296
"2020-04-13 01:46:59",1296
"2020-04-13 02:47:03",1296
"2020-04-13 03:47:21",1296
"2020-04-13 04:47:06",1296
"2020-04-13 05:47:08",1296
"2020-04-13 06:46:47",1296
"2020-04-13 07:46:39",1296
"2020-04-13 08:46:49",1296
"2020-04-13 09:46:43",1296
"2020-04-13 10:46:43",1296
"2020-04-13 11:46:53",1296
"2020-04-13 13:10:48",1296
"2020-04-13 13:46:43",1296
"2020-04-13 14:46:41",1295
"2020-04-13 15:46:46",1295
"2020-04-13 16:46:49",1295
"2020-04-13 17:47:00",1295
"2020-04-13 18:46:39",1294
"2020-04-13 19:46:42",1292
"2020-04-13 20:46:47",1291
"2020-04-13 21:46:53",1291
"2020-04-13 22:46:41",1291
"2020-04-13 23:46:49",1291
"2020-04-14 00:47:18",1291
"2020-04-14 01:47:13",1291
"2020-04-14 02:47:06",1291
"2020-04-14 03:47:06",1291
"2020-04-14 04:47:07",1291
"2020-04-14 05:47:13",1291
"2020-04-14 06:46:55",1291
"2020-04-14 07:46:47",1291
"2020-04-14 08:46:51",1291
"2020-04-14 09:46:49",1291
"2020-04-14 10:46:49",1291
"2020-04-14 11:46:50",1291
"2020-04-14 12:46:46",1291
"2020-04-14 13:46:52",1291
"2020-04-14 14:47:03",1288
"2020-04-14 15:47:04",1287
"2020-04-14 16:47:11",1286
"2020-04-14 17:46:40",1285
"2020-04-14 18:47:10",1283
"2020-04-14 19:46:48",1282
"2020-04-14 20:46:46",1281
"2020-04-14 21:46:49",1281
"2020-04-14 22:46:46",1281
"2020-04-14 23:47:05",1281
"2020-04-15 00:47:02",1281
"2020-04-15 01:47:04",1281
"2020-04-15 02:46:57",1281
"2020-04-15 03:47:01",1281
"2020-04-15 04:47:03",1281
"2020-04-15 05:46:43",1281
"2020-04-15 06:46:41",1281
"2020-04-15 07:46:49",1281
"2020-04-15 08:46:52",1280
"2020-04-15 09:46:47",1280
"2020-04-15 10:46:41",1280
"2020-04-15 11:46:40",1280
"2020-04-15 13:13:53",1280
"2020-04-15 14:46:48",1284
"2020-04-15 15:46:42",1282
"2020-04-15 16:47:01",1283
"2020-04-15 17:46:44",1282
"2020-04-15 18:46:46",1283
"2020-04-15 19:46:56",1282
"2020-04-15 20:46:45",1281
"2020-04-15 21:46:54",1281
"2020-04-15 22:46:55",1281
"2020-04-15 23:46:56",1281
"2020-04-16 00:47:03",1281
"2020-04-16 01:47:08",1281
"2020-04-16 02:47:12",1281
"2020-04-16 03:47:11",1281
"2020-04-16 04:47:13",1281
"2020-04-16 05:46:53",1281
"2020-04-16 06:47:09",1281
"2020-04-16 07:46:51",1281
"2020-04-16 08:46:50",1281
"2020-04-16 09:46:44",1281
"2020-04-16 10:46:50",1281
"2020-04-16 11:46:50",1281
"2020-04-16 12:46:50",1281
"2020-04-16 13:46:51",1281
"2020-04-16 14:46:46",1277
"2020-04-16 15:47:11",1275
"2020-04-16 16:47:12",1273
"2020-04-16 17:46:52",1274
"2020-04-16 18:47:07",1275
"2020-04-16 19:46:46",1276
"2020-04-16 20:46:50",1277
"2020-04-16 21:47:16",1277
"2020-04-16 22:46:51",1277
"2020-04-16 23:47:13",1277
"2020-04-17 00:47:05",1277
"2020-04-17 01:47:03",1277
"2020-04-17 02:47:11",1277
"2020-04-17 03:46:56",1277
"2020-04-17 04:46:52",1277
"2020-04-17 05:46:56",1277
"2020-04-17 06:46:57",1277
"2020-04-17 07:47:11",1277
"2020-04-17 08:46:55",1277
"2020-04-17 09:46:51",1277
"2020-04-17 10:46:53",1277
"2020-04-17 11:46:43",1277
"2020-04-17 13:10:52",1277
"2020-04-17 13:47:06",1277
"2020-04-17 14:46:53",1277
"2020-04-17 15:46:57",1279
"2020-04-17 16:46:42",1279
"2020-04-17 17:46:49",1280
"2020-04-17 18:47:11",1281
"2020-04-17 19:47:03",1279
"2020-04-17 20:47:10",1279
"2020-04-17 21:47:06",1279
"2020-04-17 22:46:57",1279
"2020-04-17 23:47:07",1279
"2020-04-18 00:47:05",1279
"2020-04-18 01:47:01",1279
"2020-04-18 02:46:58",1279
"2020-04-18 03:46:58",1279
"2020-04-18 04:47:09",1279
"2020-04-18 05:47:08",1279
"2020-04-18 06:46:52",1279
"2020-04-18 07:46:45",1279
"2020-04-18 08:47:07",1279
"2020-04-18 09:46:39",1279
"2020-04-18 10:46:49",1279
"2020-04-18 11:46:53",1279
"2020-04-18 12:46:39",1279
"2020-04-18 13:47:01",1279
"2020-04-18 14:46:48",1279
"2020-04-18 15:46:52",1279
"2020-04-18 16:46:40",1279
"2020-04-18 17:46:56",1279
"2020-04-18 18:46:53",1279
"2020-04-18 19:46:44",1279
"2020-04-18 20:46:56",1279
"2020-04-18 21:46:47",1279
"2020-04-18 22:46:59",1279
"2020-04-18 23:47:16",1279
"2020-04-19 00:47:15",1279
"2020-04-19 01:47:28",1279
"2020-04-19 02:47:08",1279
"2020-04-19 03:47:09",1279
"2020-04-19 04:47:29",1279
"2020-04-19 05:47:03",1279
"2020-04-19 06:47:08",1279
"2020-04-19 07:47:01",1279
"2020-04-19 08:46:51",1279
"2020-04-19 09:46:49",1279
"2020-04-19 10:46:49",1279
"2020-04-19 11:46:40",1279
"2020-04-19 12:46:44",1279
"2020-04-19 13:47:05",1279
"2020-04-19 14:46:41",1279
"2020-04-19 15:46:52",1279
"2020-04-19 16:46:56",1279
"2020-04-19 17:47:19",1279
"2020-04-19 18:46:52",1279
"2020-04-19 19:46:48",1279
"2020-04-19 20:46:42",1279
"2020-04-19 21:47:22",1279
"2020-04-19 22:47:13",1279
"2020-04-19 23:47:04",1279
"2020-04-20 00:47:22",1279
"2020-04-20 01:47:13",1279
"2020-04-20 02:47:25",1279
"2020-04-20 03:47:26",1279
"2020-04-20 04:47:13",1279
"2020-04-20 05:47:26",1279
"2020-04-20 06:47:11",1279
"2020-04-20 07:46:51",1279
"2020-04-20 08:46:48",1279
"2020-04-20 09:46:50",1279
"2020-04-20 10:46:49",1279
"2020-04-20 11:46:48",1279
"2020-04-20 12:46:50",1279
"2020-04-20 13:46:48",1279
"2020-04-20 14:47:18",1279
"2020-04-20 15:46:55",1275
"2020-04-20 16:47:02",1274
"2020-04-20 17:46:59",1274
"2020-04-20 18:47:10",1276
"2020-04-20 20:47:51",1276
"2020-04-20 21:47:39",1275
"2020-04-20 22:47:59",1275
"2020-04-20 23:47:12",1275
"2020-04-21 00:47:22",1275
"2020-04-21 01:47:13",1275
"2020-04-21 02:47:11",1275
"2020-04-21 03:48:55",1275
"2020-04-21 04:49:20",1275
"2020-04-21 05:49:21",1275
"2020-04-21 06:47:12",1275
"2020-04-21 07:47:01",1275
"2020-04-21 08:46:58",1275
"2020-04-21 09:46:54",1275
"2020-04-21 10:46:53",1275
"2020-04-21 11:46:52",1275
"2020-04-21 12:46:53",1275
"2020-04-21 13:47:21",1275
"2020-04-21 14:47:12",1277
"2020-04-21 15:46:42",1277
"2020-04-21 16:46:42",1277
"2020-04-21 17:47:11",1277
"2020-04-21 18:46:42",1277
"2020-04-21 19:46:50",1277
"2020-04-21 20:47:17",1277
"2020-04-21 21:47:22",1277
"2020-04-21 22:47:17",1277
"2020-04-21 23:46:48",1277
"2020-04-22 00:47:06",1277
"2020-04-22 01:47:16",1277
"2020-04-22 02:47:18",1277
"2020-04-22 03:47:04",1277
"2020-04-22 04:46:47",1277
"2020-04-22 05:46:50",1277
"2020-04-22 06:47:08",1277
"2020-04-22 07:47:01",1277
"2020-04-22 08:46:45",1277
"2020-04-22 09:46:57",1277
"2020-04-22 10:47:23",1277
"2020-04-22 11:46:45",1277
"2020-04-22 12:46:51",1277
"2020-04-22 13:46:42",1277
"2020-04-22 14:47:02",1280
"2020-04-22 15:46:47",1278
"2020-04-22 16:47:14",1280
"2020-04-22 17:47:24",1284
"2020-04-22 18:47:07",1284
"2020-04-22 19:46:49",1284
"2020-04-22 20:46:51",1283
"2020-04-22 21:47:10",1283
"2020-04-22 22:47:01",1283
"2020-04-22 23:47:09",1283
"2020-04-23 00:46:49",1283
"2020-04-23 01:47:06",1283
"2020-04-23 02:47:14",1283
"2020-04-23 03:47:13",1283
"2020-04-23 04:47:04",1283
"2020-04-23 05:46:42",1283
"2020-04-23 06:46:51",1283
"2020-04-23 07:46:55",1283
"2020-04-23 08:46:50",1283
"2020-04-23 09:46:40",1283
"2020-04-23 10:46:49",1283
"2020-04-23 11:47:07",1283
"2020-04-23 12:46:41",1283
"2020-04-23 13:46:42",1283
"2020-04-23 14:46:45",1288
"2020-04-23 15:46:49",1287
"2020-04-23 16:47:08",1287
"2020-04-23 17:46:43",1288
"2020-04-23 18:46:54",1289
"2020-04-23 19:46:42",1288
"2020-04-23 20:47:15",1288
"2020-04-23 21:46:53",1288
"2020-04-23 22:46:47",1288
"2020-04-23 23:46:54",1288
"2020-04-24 00:47:05",1288
"2020-04-24 01:47:35",1288
"2020-04-24 02:46:40",1288
"2020-04-24 03:47:14",1288
"2020-04-24 04:46:59",1288
"2020-04-24 05:46:45",1288
"2020-04-24 06:46:46",1288
"2020-04-24 07:46:40",1288
"2020-04-24 08:46:59",1288
"2020-04-24 09:46:48",1288
"2020-04-24 10:46:46",1288
"2020-04-24 11:46:41",1288
"2020-04-24 13:11:54",1288
"2020-04-24 13:47:15",1288
"2020-04-24 14:46:55",1290
"2020-04-24 15:46:46",1287
"2020-04-24 16:46:48",1287
"2020-04-24 17:46:53",1287
"2020-04-24 18:47:22",1286
"2020-04-24 19:46:48",1284
"2020-04-24 20:46:56",1283
"2020-04-24 21:47:21",1283
"2020-04-24 22:47:21",1283
"2020-04-24 23:46:57",1283
"2020-04-25 00:47:19",1283
"2020-04-25 01:47:19",1283
"2020-04-25 02:47:13",1283
"2020-04-25 03:47:13",1283
"2020-04-25 04:47:15",1283
"2020-04-25 05:47:24",1283
"2020-04-25 06:46:59",1283
"2020-04-25 07:46:50",1283
"2020-04-25 08:46:59",1283
"2020-04-25 09:46:54",1283
"2020-04-25 10:46:46",1283
"2020-04-25 11:46:53",1283
"2020-04-25 12:46:50",1283
"2020-04-25 13:47:06",1283
"2020-04-25 14:46:54",1283
"2020-04-25 15:46:59",1283
"2020-04-25 16:47:04",1283
"2020-04-25 17:47:00",1283
"2020-04-25 18:46:50",1283
"2020-04-25 19:46:59",1283
"2020-04-25 20:46:52",1283
"2020-04-25 21:46:50",1283
"2020-04-25 22:46:56",1283
"2020-04-25 23:47:00",1283
"2020-04-26 00:46:53",1283
"2020-04-26 01:47:10",1283
"2020-04-26 02:47:09",1283
"2020-04-26 03:47:18",1283
"2020-04-26 04:46:47",1283
"2020-04-26 05:47:28",1283
"2020-04-26 06:47:00",1283
"2020-04-26 07:46:56",1283
"2020-04-26 08:46:52",1283
"2020-04-26 09:46:53",1283
"2020-04-26 10:46:46",1283
"2020-04-26 11:46:58",1283
"2020-04-26 12:46:53",1283
"2020-04-26 13:46:43",1283
"2020-04-26 14:46:49",1283
"2020-04-26 15:46:57",1283
"2020-04-26 16:46:55",1283
"2020-04-26 17:46:52",1283
"2020-04-26 18:46:52",1283
"2020-04-26 19:46:46",1283
"2020-04-26 20:46:49",1283
"2020-04-26 21:46:55",1283
"2020-04-26 22:47:09",1283
"2020-04-26 23:47:27",1283
"2020-04-27 00:47:25",1283
"2020-04-27 01:47:24",1283
"2020-04-27 02:47:15",1283
"2020-04-27 03:47:18",1283
"2020-04-27 04:47:21",1283
"2020-04-27 05:47:00",1283
"2020-04-27 06:46:56",1283
"2020-04-27 07:46:48",1283
"2020-04-27 08:46:57",1283
"2020-04-27 09:46:58",1283
"2020-04-27 10:46:58",1283
"2020-04-27 11:46:41",1283
"2020-04-27 12:46:51",1283
"2020-04-27 13:47:27",1282
"2020-04-27 14:47:01",1291
"2020-04-27 15:46:55",1294
"2020-04-27 16:46:42",1293
"2020-04-27 17:46:55",1292
"2020-04-27 18:46:50",1292
"2020-04-27 19:46:49",1292
"2020-04-27 20:46:50",1292
"2020-04-27 21:47:04",1292
"2020-04-27 22:46:50",1291
"2020-04-27 23:47:12",1291
"2020-04-28 00:47:47",1291
"2020-04-28 01:46:58",1291
"2020-04-28 02:47:27",1291
"2020-04-28 03:47:21",1291
"2020-04-28 04:47:15",1291
"2020-04-28 05:46:51",1291
"2020-04-28 06:46:49",1291
"2020-04-28 07:47:24",1291
"2020-04-28 08:47:14",1291
"2020-04-28 09:46:55",1291
"2020-04-28 10:46:41",1291
"2020-04-28 11:46:55",1291
"2020-04-28 12:46:57",1291
"2020-04-28 13:46:53",1291
"2020-04-28 14:47:26",1295
"2020-04-28 15:47:17",1294
"2020-04-28 16:46:47",1294
"2020-04-28 17:46:54",1294
"2020-04-28 18:46:53",1296
"2020-04-28 19:46:50",1297
"2020-04-28 20:46:53",1300
"2020-04-28 21:46:57",1300
"2020-04-28 22:46:44",1300
"2020-04-28 23:46:53",1300
"2020-04-29 00:47:29",1300
"2020-04-29 01:47:30",1300
"2020-04-29 02:47:20",1300
"2020-04-29 03:46:50",1300
"2020-04-29 04:46:57",1300
"2020-04-29 05:46:46",1300
"2020-04-29 06:46:59",1300
"2020-04-29 07:46:57",1300
"2020-04-29 08:46:54",1300
"2020-04-29 09:47:12",1300
"2020-04-29 10:46:57",1300
"2020-04-29 11:46:41",1300
"2020-04-29 13:09:48",1300
"2020-04-29 13:46:57",1300
"2020-04-29 14:46:46",1298
"2020-04-29 15:46:43",1299
"2020-04-29 16:46:58",1299
"2020-04-29 17:47:03",1302
"2020-04-29 18:47:24",1301
"2020-04-29 19:47:25",1302
"2020-04-29 20:46:52",1303
"2020-04-29 21:47:24",1302
"2020-04-29 22:47:24",1302
"2020-04-29 23:47:05",1302
"2020-04-30 00:47:23",1302
"2020-04-30 01:47:26",1302
"2020-04-30 02:47:56",1302
"2020-04-30 03:47:48",1302
"2020-04-30 04:47:12",1302
"2020-04-30 05:47:06",1302
"2020-04-30 06:46:56",1302
"2020-04-30 07:46:54",1302
"2020-04-30 08:46:58",1302
"2020-04-30 09:46:52",1302
"2020-04-30 10:46:43",1302
"2020-04-30 11:47:11",1302
"2020-04-30 12:46:48",1302
"2020-04-30 13:46:51",1302
"2020-04-30 14:47:13",1295
"2020-04-30 15:46:54",1294
"2020-04-30 16:46:49",1293
"2020-04-30 17:50:42",1294
"2020-04-30 18:47:04",1295
"2020-04-30 20:46:54",1295
"2020-04-30 21:46:57",1295
"2020-04-30 22:47:01",1295
"2020-04-30 23:46:55",1295
"2020-05-01 00:47:25",1295
"2020-05-01 01:47:21",1295
"2020-05-01 02:46:55",1295
"2020-05-01 03:46:47",1295
"2020-05-01 04:46:58",1295
"2020-05-01 05:47:04",1295
"2020-05-01 06:46:58",1295
"2020-05-01 07:47:00",1295
"2020-05-01 08:46:53",1295
"2020-05-01 09:46:56",1295
"2020-05-01 10:46:49",1295
"2020-05-01 11:46:51",1295
"2020-05-01 13:10:52",1295
"2020-05-01 13:47:31",1295
"2020-05-01 14:46:48",1297
"2020-05-01 15:46:48",1297
"2020-05-01 16:46:49",1295
"2020-05-01 17:46:49",1295
"2020-05-01 18:46:48",1296
"2020-05-01 19:46:59",1296
"2020-05-01 20:46:49",1298
"2020-05-01 21:47:21",1297
"2020-05-01 22:46:50",1297
"2020-05-01 23:46:49",1297
"2020-05-02 00:46:50",1297
"2020-05-02 01:47:12",1297
"2020-05-02 02:47:04",1297
"2020-05-02 03:47:10",1297
"2020-05-02 04:46:53",1297
"2020-05-02 05:47:08",1297
"2020-05-02 06:46:55",1297
"2020-05-02 07:47:03",1297
"2020-05-02 08:46:58",1297
"2020-05-02 09:46:54",1297
"2020-05-02 10:46:46",1297
"2020-05-02 11:46:55",1297
"2020-05-02 12:46:45",1297
"2020-05-02 13:46:57",1297
"2020-05-02 14:46:57",1297
"2020-05-02 15:47:02",1297
"2020-05-02 16:46:56",1297
"2020-05-02 17:46:54",1297
"2020-05-02 18:47:07",1297
"2020-05-02 19:46:58",1297
"2020-05-02 20:47:04",1297
"2020-05-02 21:46:55",1297
"2020-05-02 22:46:44",1297
"2020-05-02 23:47:16",1297
"2020-05-03 00:46:55",1297
"2020-05-03 01:47:19",1297
"2020-05-03 02:47:15",1297
"2020-05-03 03:47:15",1297
"2020-05-03 04:47:04",1297
"2020-05-03 05:46:52",1297
"2020-05-03 06:46:50",1297
"2020-05-03 07:46:59",1297
"2020-05-03 08:46:56",1297
"2020-05-03 09:47:29",1297
"2020-05-03 10:46:57",1297
"2020-05-03 11:46:55",1297
"2020-05-03 12:46:52",1297
"2020-05-03 13:46:54",1297
"2020-05-03 14:47:01",1297
"2020-05-03 15:46:57",1297
"2020-05-03 16:47:19",1297
"2020-05-03 17:47:26",1297
"2020-05-03 18:46:48",1297
"2020-05-03 19:47:46",1297
"2020-05-03 20:47:21",1297
"2020-05-03 21:47:13",1297
"2020-05-03 22:47:20",1297
"2020-05-03 23:47:23",1297
"2020-05-04 00:47:18",1297
"2020-05-04 01:47:20",1297
"2020-05-04 02:47:20",1297
"2020-05-04 03:47:21",1297
"2020-05-04 04:46:53",1297
"2020-05-04 05:46:56",1297
"2020-05-04 06:47:03",1297
"2020-05-04 09:32:57",1297
"2020-05-04 10:50:56",1297
"2020-05-04 10:58:41",1297
"2020-05-04 11:06:17",1297
"2020-05-04 11:47:05",1297
"2020-05-04 13:09:57",1298
"2020-05-04 13:46:53",1298
"2020-05-04 14:47:01",1298
"2020-05-04 15:46:54",1298
"2020-05-04 16:46:56",1298
"2020-05-04 17:46:53",1298
"2020-05-04 18:47:28",1298
"2020-05-04 19:47:20",1298
"2020-05-04 20:47:16",1301
"2020-05-04 21:47:18",1301
"2020-05-04 22:46:48",1301
"2020-05-04 23:46:52",1301
"2020-05-05 00:46:48",1301
"2020-05-05 01:47:12",1301
"2020-05-05 02:46:46",1301
"2020-05-05 03:47:25",1301
"2020-05-05 04:46:54",1301
"2020-05-05 05:46:55",1301
"2020-05-05 06:46:57",1301
"2020-05-05 07:47:05",1301
"2020-05-05 08:47:18",1301
"2020-05-05 09:46:45",1301
"2020-05-05 10:46:46",1301
"2020-05-05 11:47:16",1301
"2020-05-05 12:47:01",1301
"2020-05-05 13:46:57",1301
"2020-05-05 14:46:56",1301
"2020-05-05 15:46:53",1305
"2020-05-05 16:47:01",1307
"2020-05-05 17:46:51",1308
"2020-05-05 18:46:47",1308
"2020-05-05 19:47:25",1311
"2020-05-05 20:47:01",1312
"2020-05-05 21:46:42",1312
"2020-05-05 22:46:44",1312
"2020-05-05 23:47:21",1312
"2020-05-06 00:46:57",1312
"2020-05-06 01:47:00",1312
"2020-05-06 02:46:51",1312
"2020-05-06 03:46:44",1312
"2020-05-06 04:46:58",1312
"2020-05-06 05:46:55",1312
"2020-05-06 06:46:45",1312
"2020-05-06 17:47:18",1318
"2020-05-06 18:47:28",1316
"2020-05-06 19:46:49",1317
"2020-05-06 20:47:14",1322
"2020-05-06 21:47:19",1322
"2020-05-06 22:47:23",1322
"2020-05-06 23:47:27",1322
"2020-05-07 00:47:00",1322
"2020-05-07 01:47:02",1322
"2020-05-07 02:46:42",1322
"2020-05-07 03:46:57",1322
"2020-05-07 04:47:02",1322
"2020-05-07 05:46:49",1322
"2020-05-07 06:46:56",1322
"2020-05-07 08:47:00",1322
"2020-05-07 09:46:54",1322
"2020-05-07 10:47:15",1322
"2020-05-07 11:47:00",1322
"2020-05-07 12:46:58",1322
"2020-05-07 13:47:07",1322
"2020-05-07 14:47:14",1325
"2020-05-07 15:46:53",1323
"2020-05-07 16:47:01",1322
"2020-05-07 17:46:51",1321
"2020-05-07 18:46:45",1324
"2020-05-07 19:47:34",1325
"2020-05-07 20:46:45",1321
"2020-05-07 21:46:43",1320
"2020-05-07 22:46:43",1320
"2020-05-07 23:46:59",1320
"2020-05-08 00:46:52",1320
"2020-05-08 01:46:44",1320
"2020-05-08 02:46:50",1320
"2020-05-08 03:46:58",1320
"2020-05-08 04:46:46",1320
"2020-05-08 05:46:47",1320
"2020-05-08 06:46:48",1320
"2020-05-08 07:46:56",1320
"2020-05-08 08:47:04",1320
"2020-05-08 09:46:55",1320
"2020-05-08 10:46:52",1320
"2020-05-08 11:46:58",1320
"2020-05-08 13:09:52",1320
"2020-05-08 13:47:03",1320
"2020-05-08 14:46:54",1319
"2020-05-08 15:46:56",1318
"2020-05-08 16:47:19",1318
"2020-05-08 17:47:19",1319
"2020-05-08 18:46:59",1319
"2020-05-08 19:46:48",1317
"2020-05-08 20:46:58",1318
"2020-05-08 21:46:52",1318
"2020-05-08 22:47:01",1317
"2020-05-08 23:46:54",1317
"2020-05-09 00:46:50",1317
"2020-05-09 01:47:07",1317
"2020-05-09 02:46:55",1317
"2020-05-09 03:47:29",1317
"2020-05-09 04:46:51",1317
"2020-05-09 05:46:57",1317
"2020-05-09 06:47:04",1317
"2020-05-09 07:46:48",1317
"2020-05-09 08:47:06",1317
"2020-05-09 09:46:55",1317
"2020-05-09 10:46:55",1317
"2020-05-09 11:46:45",1317
"2020-05-09 12:46:49",1317
"2020-05-09 13:46:52",1317
"2020-05-09 14:46:47",1317
"2020-05-09 15:46:54",1317
"2020-05-09 16:46:45",1317
"2020-05-09 17:46:55",1317
"2020-05-09 18:46:56",1317
"2020-05-09 19:46:52",1317
"2020-05-09 20:46:48",1317
"2020-05-09 21:47:02",1317
"2020-05-09 22:46:56",1317
"2020-05-09 23:46:50",1317
"2020-05-10 00:47:16",1317
"2020-05-10 01:46:51",1317
"2020-05-10 02:47:24",1317
"2020-05-10 03:47:00",1317
"2020-05-10 04:47:01",1317
"2020-05-10 05:47:08",1317
"2020-05-10 06:46:53",1317
"2020-05-10 07:47:03",1317
"2020-05-10 08:46:55",1317
"2020-05-10 09:46:59",1317
"2020-05-10 10:46:59",1317
"2020-05-10 11:47:03",1317
"2020-05-10 12:46:52",1317
"2020-05-10 13:47:00",1317
"2020-05-10 14:46:47",1317
"2020-05-10 15:46:55",1317
"2020-05-10 16:46:52",1317
"2020-05-10 17:46:51",1317
"2020-05-10 18:46:58",1317
"2020-05-10 19:46:52",1317
"2020-05-10 20:47:05",1317
"2020-05-10 21:46:54",1317
"2020-05-10 22:46:55",1317
"2020-05-10 23:46:57",1317
"2020-05-11 00:46:58",1317
"2020-05-11 01:46:47",1317
"2020-05-11 02:46:56",1317
"2020-05-11 03:47:28",1317
"2020-05-11 04:46:55",1317
"2020-05-11 05:46:53",1317
"2020-05-11 06:46:56",1317
"2020-05-11 07:47:04",1317
"2020-05-11 08:47:09",1317
"2020-05-11 09:47:22",1317
"2020-05-11 10:46:54",1317
"2020-05-11 11:46:46",1317
"2020-05-11 13:08:51",1319
"2020-05-11 13:47:06",1319
"2020-05-11 14:46:59",1328
"2020-05-11 15:47:23",1335
"2020-05-11 16:46:59",1337
"2020-05-11 17:47:01",1349
"2020-05-11 18:46:58",1350
"2020-05-11 19:46:50",1353
"2020-05-11 20:46:51",1355
"2020-05-11 21:46:53",1356
"2020-05-11 22:46:42",1356
"2020-05-11 23:47:04",1356
"2020-05-12 00:46:56",1356
"2020-05-12 01:46:56",1356
"2020-05-12 02:46:51",1356
"2020-05-12 03:46:45",1356
"2020-05-12 04:46:52",1356
"2020-05-12 05:46:48",1356
"2020-05-12 06:47:01",1356
"2020-05-12 07:46:51",1356
"2020-05-12 08:46:51",1356
"2020-05-12 09:48:11",1356
"2020-05-12 10:46:59",1356
"2020-05-12 11:46:45",1356
"2020-05-12 13:14:51",1357
"2020-05-12 17:46:48",1409
"2020-05-12 18:46:49",1414
"2020-05-12 19:47:14",1419
"2020-05-12 20:47:23",1444
"2020-05-12 21:47:08",1438
"2020-05-12 22:46:47",1437
"2020-05-12 23:46:48",1437
"2020-05-13 00:47:15",1437
"2020-05-13 01:46:58",1437
"2020-05-13 02:47:21",1437
"2020-05-13 03:47:22",1437
"2020-05-13 06:46:52",1437
"2020-05-13 07:47:19",1437
"2020-05-13 08:47:10",1437
"2020-05-13 09:46:46",1437
"2020-05-13 10:46:51",1437
"2020-05-13 11:46:47",1437
"2020-05-13 12:46:48",1437
"2020-05-13 13:46:48",1439
"2020-05-13 14:46:49",1439
"2020-05-13 15:46:55",1479
"2020-05-13 16:47:15",1565
"2020-05-13 17:46:50",1626
"2020-05-13 18:47:09",1742
"2020-05-13 19:46:52",1831
"2020-05-13 20:46:50",1928
"2020-05-13 21:46:49",1942
"2020-05-13 22:46:54",1960
"2020-05-13 23:46:59",1960
"2020-05-14 00:47:04",1960
"2020-05-14 01:46:56",1960
"2020-05-14 02:46:50",1960
"2020-05-14 03:46:57",1960
"2020-05-14 04:46:48",1960
"2020-05-14 05:46:54",1960
"2020-05-14 06:47:01",1960
"2020-05-14 07:46:50",1960
"2020-05-14 08:47:02",1960
"2020-05-14 09:46:46",1960
"2020-05-14 10:46:55",1960
"2020-05-14 11:47:00",1960
"2020-05-14 12:46:53",1960
"2020-05-14 13:46:59",1966
"2020-05-14 14:46:56",2082
"2020-05-14 15:46:52",2088
"2020-05-14 16:46:43",2085
"2020-05-14 17:46:47",2075
"2020-05-14 18:47:05",2078
"2020-05-14 19:47:03",2071
"2020-05-14 20:46:47",2072
"2020-05-14 21:46:52",2074
"2020-05-14 22:47:11",2075
"2020-05-14 23:46:57",2075
"2020-05-15 00:47:13",2075
"2020-05-15 01:47:15",2075
"2020-05-15 02:47:16",2075
"2020-05-15 03:47:16",2075
"2020-05-15 04:47:17",2075
"2020-05-15 05:46:53",2076
"2020-05-15 06:47:12",2076
"2020-05-15 07:46:46",2076
"2020-05-15 08:46:57",2076
"2020-05-15 09:47:03",2076
"2020-05-15 10:46:46",2076
"2020-05-15 11:46:51",2076
"2020-05-15 12:46:51",2076
"2020-05-15 13:46:57",2077
"2020-05-15 14:46:47",2060
"2020-05-15 15:46:54",2050
"2020-05-15 16:46:47",2048
"2020-05-15 17:47:08",2042
"2020-05-15 18:46:49",2035
"2020-05-15 19:47:01",2033
"2020-05-15 20:46:54",2032
"2020-05-15 21:46:56",2030
"2020-05-15 22:46:47",2029
"2020-05-15 23:46:44",2029
"2020-05-16 00:47:12",2029
"2020-05-16 01:47:10",2029
"2020-05-16 02:47:25",2029
"2020-05-16 03:47:05",2029
"2020-05-16 04:46:53",2029
"2020-05-16 05:46:52",2030
"2020-05-16 06:47:22",2030
"2020-05-16 07:47:19",2030
"2020-05-16 08:46:53",2030
"2020-05-16 09:47:03",2030
"2020-05-16 10:46:50",2030
"2020-05-16 11:46:46",2030
"2020-05-16 12:46:58",2030
"2020-05-16 13:46:53",2030
"2020-05-16 14:46:47",2030
"2020-05-16 15:46:58",2030
"2020-05-16 16:46:53",2030
"2020-05-16 17:46:49",2030
"2020-05-16 18:46:54",2030
"2020-05-16 19:46:49",2030
"2020-05-16 20:46:57",2030
"2020-05-16 21:46:54",2030
"2020-05-16 22:46:58",2030
"2020-05-16 23:46:56",2030
"2020-05-17 00:47:04",2030
"2020-05-17 01:47:02",2030
"2020-05-18 09:27:44",2030
"2020-05-18 09:31:10",2030
"2020-05-18 09:31:27",2030
"2020-05-18 09:31:29",2030
"2020-05-18 09:31:39",2030
"2020-05-18 09:33:27",2030
"2020-05-18 09:33:43",2030
"2020-05-18 09:34:29",2030
"2020-05-18 09:36:12",2030
"2020-05-18 09:44:40",2030
"2020-05-18 09:46:22",2030
"2020-05-18 09:46:49",2030
"2020-05-18 09:46:56",2030
"2020-05-18 09:47:06",2030
"2020-05-18 09:47:12",2030
"2020-05-18 09:47:21",2030
"2020-05-18 09:47:41",2030
"2020-05-18 10:24:48",2030
"2020-05-18 10:25:58",2030
"2020-05-18 10:34:22",2030
"2020-05-18 10:59:20",2030
"2020-05-18 11:03:52",2030
"2020-05-18 11:08:41",2030
"2020-05-18 11:09:41",2030
"2020-05-18 11:11:42",2030
"2020-05-18 11:18:06",2030
"2020-05-18 11:19:04",2030
"2020-05-18 11:25:03",2030
"2020-05-18 11:35:19",2030
"2020-05-18 11:35:54",2030
"2020-05-18 11:46:31",2030
"2020-05-18 11:54:08",2030
"2020-05-18 12:01:45",2030
"2020-05-18 12:09:22",2030
"2020-05-18 13:09:21",2028
"2020-05-18 13:47:03",2028
"2020-05-18 14:46:54",2006
"2020-05-18 15:47:28",1978
"2020-05-18 16:47:37",1979
"2020-05-18 17:46:53",1979
"2020-05-18 18:47:20",1958
"2020-05-18 19:47:17",1936
"2020-05-18 20:46:59",1929
"2020-05-18 21:47:22",1928
"2020-05-18 22:47:25",1928
"2020-05-18 23:47:29",1928
"2020-05-19 01:46:50",1928
"2020-05-19 02:47:04",1928
"2020-05-19 03:47:00",1928
"2020-05-19 04:46:56",1928
"2020-05-19 05:46:58",1928
"2020-05-19 06:46:57",1928
"2020-05-19 07:46:58",1928
"2020-05-19 08:47:10",1928
"2020-05-19 09:47:33",1928
"2020-05-19 10:46:56",1928
"2020-05-19 11:47:16",1928
"2020-05-19 13:09:54",1929
"2020-05-19 13:47:01",1929
"2020-05-19 14:46:55",1919
"2020-05-19 15:46:51",1913
"2020-05-19 16:47:02",1908
"2020-05-19 17:46:52",1908
"2020-05-19 18:47:00",1901
"2020-05-19 19:46:57",1904
"2020-05-19 20:47:04",1902
"2020-05-19 21:47:03",1901
"2020-05-19 22:47:23",1899
"2020-05-19 23:46:56",1899
"2020-05-20 00:47:24",1899
"2020-05-20 01:47:33",1899
"2020-05-20 02:47:24",1899
"2020-05-20 03:47:25",1899
"2020-05-20 04:47:06",1898
"2020-05-20 05:46:58",1898
"2020-05-20 06:46:54",1898
"2020-05-20 07:47:10",1898
"2020-05-20 08:46:53",1898
"2020-05-20 09:47:02",1898
"2020-05-20 10:46:52",1898
"2020-05-20 11:46:54",1898
"2020-05-20 12:46:50",1898
"2020-05-20 13:47:01",1898
"2020-05-20 14:46:55",1895
"2020-05-20 15:47:27",1880
"2020-05-20 16:46:53",1872
"2020-05-20 17:47:23",1867
"2020-05-20 18:46:59",1863
"2020-05-20 19:46:59",1864
"2020-05-20 20:46:50",1863
"2020-05-20 21:47:02",1863
"2020-05-20 22:46:46",1863
"2020-05-20 23:46:55",1863
"2020-05-21 00:47:19",1863
"2020-05-21 01:46:49",1863
"2020-05-21 02:46:59",1863
"2020-05-21 03:46:59",1863
"2020-05-21 04:46:52",1862
"2020-05-21 05:46:55",1862
"2020-05-21 06:47:01",1862
"2020-05-21 07:46:55",1862
"2020-05-21 08:47:02",1862
"2020-05-21 09:46:51",1862
"2020-05-21 10:46:57",1862
"2020-05-21 11:47:00",1862
"2020-05-21 12:46:55",1862
"2020-05-21 13:47:00",1862
"2020-05-21 14:46:54",1857
"2020-05-21 15:46:51",1856
"2020-05-21 16:47:10",1857
"2020-05-21 17:47:03",1858
"2020-05-21 18:46:59",1858
"2020-05-21 19:46:52",1855
"2020-05-21 20:46:59",1863
"2020-05-21 21:47:01",1864
"2020-05-21 22:47:04",1864
"2020-05-21 23:47:26",1864
"2020-05-22 00:48:24",1864
"2020-05-22 01:46:59",1864
"2020-05-22 02:47:01",1864
"2020-05-22 03:47:27",1864
"2020-05-22 04:47:02",1864
"2020-05-22 05:47:06",1864
"2020-05-22 06:46:55",1864
"2020-05-22 07:47:00",1864
"2020-05-22 08:47:13",1864
"2020-05-22 09:47:03",1864
"2020-05-22 10:46:57",1864
"2020-05-22 11:46:54",1864
"2020-05-22 12:46:59",1864
"2020-05-22 13:47:06",1864
"2020-05-22 14:46:55",1861
"2020-05-22 15:46:54",1864
"2020-05-22 16:46:58",1861
"2020-05-22 17:46:57",1859
"2020-05-22 18:47:22",1860
"2020-05-22 19:46:58",1856
"2020-05-22 20:46:50",1857
"2020-05-22 21:46:52",1857
"2020-05-22 22:46:57",1857
"2020-05-22 23:46:52",1857
"2020-05-23 00:47:00",1857
"2020-05-23 01:46:53",1857
"2020-05-23 02:47:08",1857
"2020-05-23 03:47:02",1857
"2020-05-23 04:47:14",1857
"2020-05-23 05:46:58",1857
"2020-05-23 06:47:09",1857
"2020-05-23 07:47:08",1857
"2020-05-23 08:47:08",1857
"2020-05-23 09:47:01",1857
"2020-05-23 10:46:56",1857
"2020-05-23 11:47:10",1857
"2020-05-23 12:46:59",1857
"2020-05-23 13:47:04",1857
"2020-05-23 14:47:00",1857
"2020-05-23 15:46:53",1857
"2020-05-23 16:47:07",1857
"2020-05-23 17:47:01",1857
"2020-05-23 18:47:11",1857
"2020-05-23 19:46:57",1857
"2020-05-23 20:46:50",1857
"2020-05-23 21:46:51",1857
"2020-05-23 22:46:57",1857
"2020-05-23 23:46:58",1857
"2020-05-24 00:47:10",1857
"2020-05-24 01:47:13",1857
"2020-05-24 02:46:52",1857
"2020-05-24 03:46:59",1857
"2020-05-24 04:46:59",1857
"2020-05-24 05:46:53",1857
"2020-05-24 06:46:54",1857
"2020-05-24 07:46:54",1857
"2020-05-24 08:47:04",1857
"2020-05-24 09:46:51",1857
"2020-05-24 10:47:07",1857
"2020-05-24 11:47:02",1857
"2020-05-24 12:46:58",1857
"2020-05-24 13:47:05",1857
"2020-05-24 14:47:02",1857
"2020-05-24 15:46:50",1857
"2020-05-24 16:47:07",1857
"2020-05-24 17:47:03",1857
"2020-05-24 18:47:06",1857
"2020-05-24 19:47:02",1857
"2020-05-24 20:47:01",1857
"2020-05-24 21:47:10",1857
"2020-05-24 22:47:04",1857
"2020-05-24 23:46:51",1857
"2020-05-25 00:46:55",1857
"2020-05-25 01:47:13",1857
"2020-05-25 02:47:02",1857
"2020-05-25 03:47:21",1857
"2020-05-25 04:46:59",1857
"2020-05-25 06:48:06",1857
"2020-05-25 07:47:03",1857
"2020-05-25 08:47:11",1857
"2020-05-25 09:47:01",1857
"2020-05-25 10:46:57",1857
"2020-05-25 11:47:14",1857
"2020-05-25 12:46:58",1857
"2020-05-25 13:46:52",1857
"2020-05-25 14:47:07",1857
"2020-05-25 15:46:56",1857
"2020-05-25 16:46:48",1857
"2020-05-25 17:46:58",1857
"2020-05-25 18:46:59",1857
"2020-05-25 19:47:03",1857
"2020-05-25 20:47:02",1857
"2020-05-25 21:46:50",1857
"2020-05-25 22:46:49",1857
"2020-05-25 23:46:51",1857
"2020-05-26 00:47:02",1857
"2020-05-26 01:46:51",1857
"2020-05-26 02:46:48",1857
"2020-05-26 03:47:03",1857
"2020-05-26 04:47:07",1857
"2020-05-26 05:46:56",1857
"2020-05-26 06:47:00",1857
"2020-05-26 07:47:04",1857
"2020-05-26 08:47:07",1857
"2020-05-26 09:47:00",1857
"2020-05-26 10:46:57",1857
"2020-05-26 11:47:04",1857
"2020-05-26 12:46:56",1857
"2020-05-26 13:47:03",1858
"2020-05-26 14:46:59",1850
"2020-05-26 15:46:56",1850
"2020-05-26 16:46:54",1846
"2020-05-26 17:47:00",1845
"2020-05-26 18:46:51",1842
"2020-05-26 19:46:55",1842
"2020-05-26 20:46:59",1841
"2020-05-26 21:47:17",1841
"2020-05-26 22:46:52",1840
"2020-05-26 23:46:55",1840
"2020-05-27 00:47:33",1840
"2020-05-27 01:46:52",1840
"2020-05-27 02:46:55",1840
"2020-05-27 03:46:58",1840
"2020-05-27 04:46:59",1840
"2020-05-27 05:46:54",1840
"2020-05-27 06:47:02",1840
"2020-05-27 07:47:01",1840
"2020-05-27 08:46:53",1840
"2020-05-27 09:46:50",1840
"2020-05-27 10:46:53",1840
"2020-05-27 11:46:48",1840
"2020-05-27 13:10:23",1840
"2020-05-27 13:47:11",1840
"2020-05-27 14:46:59",1842
"2020-05-27 15:46:51",1842
"2020-05-27 16:46:53",1864
"2020-05-27 17:46:50",1871
"2020-05-27 18:46:50",1877
"2020-05-27 19:47:02",1884
"2020-05-27 20:46:57",1883
"2020-05-27 21:46:55",1884
"2020-05-27 22:46:55",1888
"2020-05-27 23:46:51",1888
"2020-05-28 00:47:00",1888
"2020-05-28 01:47:06",1888
"2020-05-28 02:46:54",1888
"2020-05-28 03:46:53",1888
"2020-05-28 04:46:56",1888
"2020-05-28 05:46:50",1888
"2020-05-28 06:46:55",1888
"2020-05-28 07:47:08",1888
"2020-05-28 08:47:02",1888
"2020-05-28 09:46:53",1888
"2020-05-28 10:47:06",1888
"2020-05-28 11:47:09",1888
"2020-05-28 13:10:57",1888
"2020-05-28 13:47:02",1888
"2020-05-28 14:47:07",1932
"2020-05-28 15:47:01",1934
"2020-05-28 16:47:10",1936
"2020-05-28 17:46:59",1939
"2020-05-28 18:46:58",1945
"2020-05-28 19:46:55",1947
"2020-05-28 20:47:12",1952
"2020-05-28 21:47:17",1952
"2020-05-28 22:46:56",1953
"2020-05-28 23:47:13",1953
"2020-05-29 00:47:04",1953
"2020-05-29 01:47:03",1953
"2020-05-29 02:47:29",1953
"2020-05-29 03:46:58",1953
"2020-05-29 04:47:03",1953
"2020-05-29 05:47:17",1953
"2020-05-29 06:47:11",1953
"2020-05-29 07:47:16",1953
"2020-05-29 08:47:09",1953
"2020-05-29 09:53:22",1953
"2020-05-29 10:47:04",1953
"2020-05-29 11:47:00",1953
"2020-05-29 12:47:26",1953
"2020-05-29 13:47:12",1953
"2020-05-29 14:47:04",1976
"2020-05-29 15:47:00",1984
"2020-05-29 16:46:52",1984
"2020-05-29 17:47:06",1985
"2020-05-29 18:47:05",1988
"2020-05-29 19:47:00",1986
"2020-05-29 20:47:13",1985
"2020-05-29 21:46:57",1985
"2020-05-29 22:47:00",1986
"2020-05-29 23:47:12",1986
"2020-05-30 00:46:54",1986
"2020-05-30 01:46:52",1986
"2020-05-30 02:46:59",1986
"2020-05-30 03:47:00",1986
"2020-05-30 04:46:57",1986
"2020-05-30 05:47:03",1985
"2020-05-30 06:47:04",1985
"2020-05-30 07:47:29",1985
"2020-05-30 08:47:04",1985
"2020-05-30 09:46:57",1985
"2020-05-30 10:47:05",1985
"2020-05-30 11:47:01",1985
"2020-05-30 12:46:59",1985
"2020-05-30 13:46:59",1985
"2020-05-30 14:46:53",1985
"2020-05-30 15:46:57",1985
"2020-05-30 16:47:15",1985
"2020-05-30 17:47:01",1985
"2020-05-30 18:47:00",1985
"2020-05-30 19:47:07",1985
"2020-05-30 20:46:57",1985
"2020-05-30 21:47:07",1985
"2020-05-30 22:46:58",1985
"2020-05-30 23:47:09",1985
"2020-05-31 00:47:06",1985
"2020-05-31 01:47:07",1985
"2020-05-31 02:47:03",1985
"2020-05-31 03:47:03",1985
"2020-05-31 04:46:57",1985
"2020-05-31 05:47:06",1985
"2020-05-31 06:47:05",1985
"2020-05-31 07:47:08",1985
"2020-05-31 09:31:25",1985
"2020-05-31 09:47:00",1985
"2020-05-31 13:12:44",1985
"2020-05-31 13:21:08",1985
"2020-05-31 13:21:14",1985
"2020-06-01 05:12:28",1985
"2020-06-01 05:33:00",1985
"2020-06-01 05:33:16",1985
"2020-06-01 05:34:32",1985
"2020-06-01 05:51:30",1985
"2020-06-01 05:53:24",1985
"2020-06-01 05:59:06",1985
"2020-06-01 06:01:07",1985
"2020-06-01 06:04:14",1985
"2020-06-01 06:09:43",1985
"2020-06-01 06:12:45",1985
"2020-06-01 06:14:29",1985
"2020-06-01 06:18:59",1985
"2020-06-01 06:26:19",1985
"2020-06-01 06:29:06",1985
"2020-06-01 06:40:00",1985
"2020-06-01 06:47:35",1985
"2020-06-01 06:55:12",1985
"2020-06-01 07:47:00",1985
"2020-06-01 08:47:14",1985
"2020-06-01 09:47:18",1985
"2020-06-01 10:46:57",1985
"2020-06-01 11:47:00",1985
"2020-06-01 13:08:57",1985
"2020-06-01 13:47:45",1985
"2020-06-01 14:47:06",2008
"2020-06-01 15:47:02",2004
"2020-06-01 16:47:32",2002
"2020-06-01 17:47:27",2001
"2020-06-01 18:47:26",1995
"2020-06-01 19:47:07",1991
"2020-06-01 20:47:04",1992
"2020-06-01 21:47:00",1991
"2020-06-01 22:46:54",1990
"2020-06-01 23:47:06",1990
"2020-06-02 00:47:06",1990
"2020-06-02 01:46:55",1990
"2020-06-02 02:46:54",1990
"2020-06-02 03:47:00",1990
"2020-06-02 04:46:59",1990
"2020-06-02 05:47:02",1990
"2020-06-02 06:47:16",1990
"2020-06-02 07:47:05",1990
"2020-06-02 08:47:11",1990
"2020-06-02 09:46:59",1990
"2020-06-02 10:47:09",1990
"2020-06-02 11:47:00",1990
"2020-06-02 12:47:10",1990
"2020-06-02 13:47:11",1990
"2020-06-02 14:47:35",1990
"2020-06-02 15:47:33",1992
"2020-06-02 16:47:00",1990
"2020-06-02 17:47:31",1988
"2020-06-02 18:46:56",1987
"2020-06-02 19:47:21",1995
"2020-06-02 20:47:32",1993
"2020-06-02 21:46:52",1993
"2020-06-02 22:47:03",1993
"2020-06-02 23:46:54",1993
"2020-06-03 00:47:09",1993
"2020-06-03 01:47:34",1993
"2020-06-03 02:46:51",1993
"2020-06-03 03:47:23",1993
"2020-06-03 04:47:19",1993
"2020-06-03 05:46:52",1993
"2020-06-03 06:47:00",1993
"2020-06-03 07:47:28",1993
"2020-06-03 08:47:03",1993
"2020-06-03 09:47:02",1993
"2020-06-03 10:47:01",1993
"2020-06-03 11:47:02",1993
"2020-06-03 13:12:30",1992
"2020-06-03 13:47:04",1992
"2020-06-03 14:46:56",1987
"2020-06-03 15:47:33",1976
"2020-06-03 16:47:26",1975
"2020-06-03 17:47:29",1973
"2020-06-03 18:47:40",1969
"2020-06-03 19:47:25",1962
"2020-06-03 20:47:00",1962
"2020-06-03 21:47:00",1963
"2020-06-03 22:47:00",1962
"2020-06-03 23:46:53",1962
"2020-06-04 00:47:27",1962
"2020-06-04 01:47:05",1962
"2020-06-04 02:47:00",1962
"2020-06-04 03:47:07",1962
"2020-06-04 04:47:06",1962
"2020-06-04 05:47:01",1962
"2020-06-04 06:47:01",1962
"2020-06-04 07:47:14",1962
"2020-06-04 08:47:20",1962
"2020-06-04 09:47:10",1962
"2020-06-04 10:47:00",1962
"2020-06-04 11:47:06",1962
"2020-06-04 12:46:59",1962
"2020-06-04 13:47:29",1962
"2020-06-04 14:47:51",1955
"2020-06-04 15:47:35",1955
"2020-06-04 17:11:02",1957
"2020-06-04 17:47:06",1957
"2020-06-04 18:47:26",1957
"2020-06-04 19:46:54",1955
"2020-06-04 20:47:32",1955
"2020-06-04 21:47:29",1956
"2020-06-04 22:47:00",1956
"2020-06-04 23:47:04",1956
"2020-06-05 00:47:09",1956
"2020-06-05 01:46:58",1956
"2020-06-05 02:46:56",1956
"2020-06-05 03:47:00",1956
"2020-06-05 04:47:06",1956
"2020-06-05 05:47:10",1956
"2020-06-05 06:47:05",1956
"2020-06-05 07:47:04",1956
"2020-06-05 09:27:31",1956
"2020-06-05 09:46:56",1956
"2020-06-05 10:46:57",1956
"2020-06-05 11:47:00",1956
"2020-06-05 13:13:29",1956
"2020-06-05 13:47:28",1956
"2020-06-05 14:47:04",1950
"2020-06-05 15:47:07",1946
"2020-06-05 16:47:38",1943
"2020-06-05 17:47:05",1942
"2020-06-05 18:47:07",1942
"2020-06-05 19:47:06",1942
"2020-06-05 20:47:35",1942
"2020-06-05 21:47:05",1942
"2020-06-05 22:47:05",1942
"2020-06-05 23:47:07",1942
"2020-06-06 00:47:11",1942
"2020-06-06 01:46:56",1942
"2020-06-06 02:47:00",1942
"2020-06-06 03:47:11",1942
"2020-06-06 04:47:11",1942
"2020-06-06 05:47:16",1942
"2020-06-06 06:47:05",1942
"2020-06-06 07:47:43",1942
"2020-06-06 08:47:11",1942
"2020-06-06 09:56:44",1942
"2020-06-06 10:46:58",1942
"2020-06-06 11:47:03",1942
"2020-06-06 12:47:06",1942
"2020-06-06 13:46:57",1942
"2020-06-06 14:47:34",1942
"2020-06-06 15:47:04",1942
"2020-06-06 16:47:28",1942
"2020-06-06 18:47:05",1942
"2020-06-06 19:46:55",1942
"2020-06-06 20:47:02",1942
"2020-06-06 21:47:01",1942
"2020-06-06 22:47:02",1942
"2020-06-06 23:47:11",1942
"2020-06-07 00:47:13",1942
"2020-06-07 01:47:00",1942
"2020-06-07 02:47:03",1942
"2020-06-07 03:47:03",1942
"2020-06-07 04:47:04",1942
"2020-06-07 05:47:04",1942
"2020-06-07 06:47:01",1942
"2020-06-07 07:47:10",1942
"2020-06-07 08:47:09",1942
"2020-06-08 04:46:57",1942
"2020-06-08 05:46:53",1942
"2020-06-08 06:47:20",1942
"2020-06-08 07:46:50",1942
"2020-06-08 08:47:05",1942
"2020-06-08 09:46:57",1942
"2020-06-08 10:46:56",1942
"2020-06-08 11:47:01",1942
"2020-06-08 12:47:38",1942
"2020-06-08 13:47:07",1941
"2020-06-08 14:47:51",1937
"2020-06-08 15:47:01",1936
"2020-06-08 16:47:20",1932
"2020-06-08 17:47:19",1931
"2020-06-08 18:47:47",1929
"2020-06-08 19:47:42",1929
"2020-06-08 20:47:26",1926
"2020-06-08 21:47:14",1926
"2020-06-08 22:47:13",1926
"2020-06-08 23:47:09",1926
"2020-06-09 00:47:14",1926
"2020-06-09 01:47:22",1926
"2020-06-09 02:47:20",1926
"2020-06-09 03:47:00",1926
"2020-06-09 04:47:36",1926
"2020-06-09 05:47:49",1926
"2020-06-09 06:47:47",1926
"2020-06-09 07:47:22",1926
"2020-06-09 08:48:00",1926
"2020-06-09 09:47:30",1926
"2020-06-09 10:47:15",1926
"2020-06-09 11:47:21",1926
"2020-06-09 12:47:53",1926
"2020-06-09 13:47:38",1927
"2020-06-09 14:47:29",1925
"2020-06-09 15:47:40",1926
"2020-06-09 16:47:44",1921
"2020-06-09 17:47:15",1916
"2020-06-09 18:47:49",1944
"2020-06-09 19:48:04",1948
"2020-06-09 20:48:04",1948
"2020-06-09 21:47:33",1952
"2020-06-09 22:47:39",1952
"2020-06-09 23:47:46",1952
"2020-06-10 00:47:49",1952
"2020-06-10 01:47:32",1952
"2020-06-10 02:47:40",1952
"2020-06-10 03:47:44",1952
"2020-06-10 04:47:30",1952
"2020-06-10 05:47:40",1952
"2020-06-10 06:47:20",1952
"2020-06-10 07:47:01",1952
"2020-06-10 08:47:16",1952
"2020-06-10 09:47:00",1952
"2020-06-10 10:47:02",1952
"2020-06-10 11:47:14",1952
"2020-06-10 12:47:25",1952
"2020-06-10 13:47:48",1950
"2020-06-10 15:47:12",1947
"2020-06-10 16:47:27",1944
"2020-06-10 17:47:22",1946
"2020-06-10 18:47:26",1946
"2020-06-10 19:47:20",1947
"2020-06-10 20:47:11",1946
"2020-06-10 21:47:30",1946
"2020-06-10 22:47:05",1946
"2020-06-10 23:47:35",1946
"2020-06-11 00:48:47",1946
"2020-06-11 01:47:08",1946
"2020-06-11 02:47:59",1946
"2020-06-11 03:47:58",1946
"2020-06-11 04:47:10",1946
"2020-06-11 05:47:54",1946
"2020-06-11 06:47:19",1946
"2020-06-11 07:47:43",1946
"2020-06-11 08:47:13",1946
"2020-06-11 09:47:20",1946
"2020-06-11 10:47:15",1946
"2020-06-11 11:47:01",1946
"2020-06-11 12:47:23",1946
"2020-06-11 13:47:49",1946
"2020-06-11 14:47:26",1928
"2020-06-11 15:47:41",1924
"2020-06-11 16:48:09",1920
"2020-06-11 17:47:35",1912
"2020-06-11 18:47:43",1910
"2020-06-11 19:47:36",1905
"2020-06-11 20:47:11",1905
"2020-06-11 21:47:02",1904
"2020-06-11 22:46:58",1904
"2020-06-11 23:46:56",1904
"2020-06-12 00:47:10",1904
"2020-06-12 01:47:11",1904
"2020-06-12 02:47:10",1904
"2020-06-12 03:47:09",1904
"2020-06-12 04:47:05",1904
"2020-06-12 05:47:02",1904
"2020-06-12 06:47:15",1904
"2020-06-12 07:47:14",1904
"2020-06-12 08:47:02",1904
"2020-06-12 09:47:15",1904
"2020-06-12 10:47:18",1904
"2020-06-12 11:47:09",1904
"2020-06-12 14:13:06",1900
"2020-06-12 14:21:04",1900
"2020-06-12 14:47:41",1900
"2020-06-12 15:47:11",1897
"2020-06-12 16:47:19",1894
"2020-06-12 17:47:18",1893
"2020-06-12 18:47:15",1896
"2020-06-12 19:47:31",1892
"2020-06-12 20:47:30",1892
"2020-06-12 21:47:22",1893
"2020-06-12 22:47:01",1893
"2020-06-12 23:47:03",1893
"2020-06-13 00:46:55",1893
"2020-06-13 01:47:01",1893
"2020-06-13 02:47:04",1893
"2020-06-13 03:47:03",1893
"2020-06-13 04:47:02",1893
"2020-06-13 05:46:59",1893
"2020-06-13 06:47:06",1895
"2020-06-13 07:47:06",1895
"2020-06-13 08:46:59",1895
"2020-06-13 09:47:02",1895
"2020-06-13 10:47:01",1895
"2020-06-13 11:46:58",1895
"2020-06-13 12:46:57",1895
"2020-06-13 13:46:56",1895
"2020-06-13 14:47:04",1895
"2020-06-13 15:47:00",1895
"2020-06-13 16:47:14",1895
"2020-06-13 17:47:02",1895
"2020-06-13 18:47:05",1895
"2020-06-13 19:46:58",1895
"2020-06-13 20:47:03",1895
"2020-06-13 21:47:11",1895
"2020-06-13 22:47:08",1895
"2020-06-13 23:47:08",1895
"2020-06-14 00:47:06",1895
"2020-06-14 01:46:57",1895
"2020-06-14 02:47:06",1895
"2020-06-14 03:47:09",1895
"2020-06-14 04:46:52",1895
"2020-06-14 05:47:28",1895
"2020-06-14 06:47:01",1895
"2020-06-14 07:47:05",1895
"2020-06-14 08:47:00",1895
"2020-06-14 09:47:01",1895
"2020-06-14 10:47:05",1895
"2020-06-14 11:46:57",1895
"2020-06-14 12:47:00",1895
"2020-06-14 13:47:01",1895
"2020-06-14 14:47:04",1895
"2020-06-14 15:47:11",1895
"2020-06-14 16:47:00",1895
"2020-06-14 17:47:06",1895
"2020-06-14 18:47:12",1895
"2020-06-14 19:47:03",1895
"2020-06-14 20:47:05",1895
"2020-06-14 21:47:17",1895
"2020-06-14 22:47:00",1895
"2020-06-14 23:47:05",1895
"2020-06-15 00:47:22",1895
"2020-06-15 01:47:13",1895
"2020-06-15 02:47:09",1895
"2020-06-15 03:47:05",1895
"2020-06-15 04:47:19",1895
"2020-06-15 05:47:33",1895
"2020-06-15 06:47:04",1895
"2020-06-15 07:47:03",1895
"2020-06-15 08:47:31",1895
"2020-06-15 09:47:08",1895
"2020-06-15 10:46:58",1895
"2020-06-15 11:47:00",1895
"2020-06-15 12:47:13",1895
"2020-06-15 13:47:53",1895
"2020-06-15 14:47:40",1895
"2020-06-15 15:47:16",1896
"2020-06-15 16:47:32",1893
"2020-06-15 17:47:18",1893
"2020-06-15 18:44:02",1889
"2020-06-15 18:51:41",1889
"2020-06-15 18:59:20",1889
"2020-06-15 19:07:02",1884
"2020-06-15 19:14:50",1884
"2020-06-15 19:22:37",1884
"2020-06-15 19:30:19",1884
"2020-06-15 19:37:58",1884
"2020-06-15 19:45:37",1884
"2020-06-15 19:53:17",1884
"2020-06-15 20:01:06",1884
"2020-06-15 20:08:47",1883
"2020-06-15 20:13:49",1883
"2020-06-15 20:21:28",1883
"2020-06-15 20:29:06",1883
"2020-06-15 20:36:45",1883
"2020-06-15 20:44:23",1883
"2020-06-15 20:52:00",1883
"2020-06-15 20:59:42",1883
"2020-06-15 21:07:24",1881
"2020-06-15 21:15:04",1881
"2020-06-15 21:22:41",1881
"2020-06-15 21:30:19",1881
"2020-06-15 21:37:56",1881
"2020-06-15 21:45:34",1881
"2020-06-15 21:53:13",1881
"2020-06-15 22:47:06",1888
"2020-06-15 23:46:58",1888
"2020-06-16 00:47:04",1888
"2020-06-16 01:46:58",1888
"2020-06-16 02:47:54",1888
"2020-06-16 03:47:04",1888
"2020-06-16 04:46:57",1888
"2020-06-16 05:47:03",1888
"2020-06-16 06:47:36",1888
"2020-06-16 07:47:30",1888
"2020-06-16 08:47:00",1888
"2020-06-16 09:46:58",1888
"2020-06-16 10:47:04",1888
"2020-06-16 11:46:58",1888
"2020-06-16 12:47:09",1888
"2020-06-16 13:47:09",1889
"2020-06-16 14:47:30",1939
"2020-06-16 15:47:10",1973
"2020-06-16 16:47:09",2021
"2020-06-16 17:47:47",2025
"2020-06-16 18:47:07",2025
"2020-06-16 19:47:10",2024
"2020-06-16 20:47:12",2025
"2020-06-16 21:47:03",2027
"2020-06-16 22:46:53",2025
"2020-06-16 23:46:55",2025
"2020-06-17 00:47:03",2025
"2020-06-17 01:47:24",2025
"2020-06-17 02:47:09",2025
"2020-06-17 03:47:36",2025
"2020-06-17 04:47:08",2025
"2020-06-17 05:47:06",2025
"2020-06-17 06:47:26",2025
"2020-06-17 07:47:03",2025
"2020-06-17 08:47:01",2025
"2020-06-17 09:46:54",2025
"2020-06-17 10:46:54",2025
"2020-06-17 11:47:06",2025
"2020-06-17 12:47:07",2025
"2020-06-17 13:47:15",2024
"2020-06-17 14:47:05",2035
"2020-06-17 15:47:09",2034
"2020-06-17 16:47:14",2033
"2020-06-17 17:47:12",2032
"2020-06-17 18:47:25",2036
"2020-06-17 19:47:36",2036
"2020-06-17 20:47:36",2036
"2020-06-17 21:47:24",2036
"2020-06-17 22:47:05",2036
"2020-06-17 23:47:06",2036
"2020-06-18 00:46:58",2036
"2020-06-18 01:47:08",2036
"2020-06-18 02:46:55",2036
"2020-06-18 03:47:19",2036
"2020-06-18 04:47:06",2036
"2020-06-18 05:46:56",2036
"2020-06-18 06:47:07",2036
"2020-06-18 07:47:25",2036
"2020-06-18 08:47:01",2036
"2020-06-18 09:47:02",2036
"2020-06-18 10:46:54",2036
"2020-06-18 11:47:16",2036
"2020-06-18 12:47:07",2036
"2020-06-18 13:47:25",2035
"2020-06-18 14:47:22",2037
"2020-06-18 17:08:58",2037
"2020-06-18 17:47:04",2037
"2020-06-18 18:47:21",2037
"2020-06-18 19:47:18",2037
"2020-06-18 20:47:10",2037
"2020-06-18 21:47:27",2037
"2020-06-18 22:47:04",2037
"2020-06-18 23:47:11",2037
"2020-06-19 00:47:33",2037
"2020-06-19 01:47:06",2037
"2020-06-19 02:47:03",2037
"2020-06-19 03:47:33",2037
"2020-06-19 04:49:35",2037
"2020-06-19 05:47:03",2036
"2020-06-19 06:47:00",2036
"2020-06-19 07:47:26",2036
"2020-06-19 08:47:40",2036
"2020-06-19 09:47:26",2036
"2020-06-19 10:47:03",2036
"2020-06-19 11:46:56",2036
"2020-06-19 13:11:00",2035
"2020-06-19 13:47:31",2035
"2020-06-19 14:47:10",2048
"2020-06-19 15:47:14",2048
"2020-06-19 16:47:06",2042
"2020-06-19 17:47:24",2036
"2020-06-19 18:47:04",2032
"2020-06-19 19:47:09",2029
"2020-06-19 20:47:07",2032
"2020-06-19 21:46:59",2031
"2020-06-19 22:47:11",2031
"2020-06-19 23:47:25",2031
"2020-06-20 00:47:09",2031
"2020-06-20 01:47:21",2031
"2020-06-20 02:47:20",2031
"2020-06-20 03:47:01",2031
"2020-06-20 04:46:51",2031
"2020-06-20 05:47:05",2031
"2020-06-20 06:47:01",2030
"2020-06-20 07:47:04",2029
"2020-06-20 08:47:04",2029
"2020-06-20 09:47:03",2029
"2020-06-20 10:47:01",2029
"2020-06-20 11:47:07",2029
"2020-06-20 12:47:06",2029
"2020-06-20 13:47:09",2029
"2020-06-20 14:47:04",2029
"2020-06-20 15:46:55",2029
"2020-06-20 16:47:30",2029
"2020-06-20 17:46:59",2029
"2020-06-20 18:47:00",2029
"2020-06-20 19:47:19",2029
"2020-06-20 20:47:04",2029
"2020-06-20 21:47:05",2029
"2020-06-20 22:47:11",2029
"2020-06-20 23:47:12",2029
"2020-06-21 00:47:11",2029
"2020-06-21 01:47:03",2029
"2020-06-21 02:47:05",2029
"2020-06-21 03:47:35",2029
"2020-06-21 04:47:03",2029
"2020-06-21 05:47:34",2029
"2020-06-21 06:47:01",2029
"2020-06-21 07:47:04",2029
"2020-06-21 08:46:57",2029
"2020-06-21 09:46:56",2029
"2020-06-21 10:46:53",2029
"2020-06-21 11:47:05",2029
"2020-06-21 12:47:13",2029
"2020-06-21 13:47:11",2029
"2020-06-21 14:47:39",2029
"2020-06-21 15:47:05",2029
"2020-06-21 16:46:57",2029
"2020-06-21 17:47:00",2029
"2020-06-21 18:47:07",2029
"2020-06-21 19:47:07",2029
"2020-06-21 20:47:06",2029
"2020-06-21 21:47:08",2029
"2020-06-21 22:47:30",2029
"2020-06-21 23:47:15",2029
"2020-06-22 00:46:59",2029
"2020-06-22 01:47:24",2029
"2020-06-22 02:47:11",2029
"2020-06-22 03:47:03",2029
"2020-06-22 04:47:10",2029
"2020-06-22 05:47:33",2029
"2020-06-22 06:47:06",2029
"2020-06-22 07:46:55",2029
"2020-06-22 08:47:10",2029
"2020-06-22 09:47:09",2029
"2020-06-22 10:47:36",2029
"2020-06-22 11:47:01",2029
"2020-06-22 12:47:09",2029
"2020-06-22 13:47:10",2029
"2020-06-22 14:47:14",2040
"2020-06-22 15:47:32",2035
"2020-06-22 16:47:11",2038
"2020-06-22 17:47:33",2035
"2020-06-22 18:47:05",2037
"2020-06-22 19:47:26",2041
"2020-06-22 20:47:01",2037
"2020-06-22 21:48:17",2037
"2020-06-22 22:46:57",2036
"2020-06-22 23:47:04",2036
"2020-06-23 00:46:59",2036
"2020-06-23 01:47:04",2036
"2020-06-23 02:47:15",2036
"2020-06-23 03:47:15",2036
"2020-06-23 04:47:25",2036
"2020-06-23 05:47:23",2036
"2020-06-23 06:47:01",2036
"2020-06-23 07:47:14",2036
"2020-06-23 08:47:54",2036
"2020-06-23 09:47:04",2036
"2020-06-23 10:47:15",2036
"2020-06-23 11:47:08",2036
"2020-06-23 12:47:13",2036
"2020-06-23 13:47:16",2035
"2020-06-23 14:47:12",2036
"2020-06-23 15:47:26",2030
"2020-06-23 16:47:10",2028
"2020-06-23 17:47:18",2026
"2020-06-23 18:47:32",2025
"2020-06-23 19:47:00",2022
"2020-06-23 20:47:12",2026
"2020-06-23 21:47:02",2026
"2020-06-23 22:47:29",2026
"2020-06-23 23:47:36",2026
"2020-06-24 00:47:33",2026
"2020-06-24 01:47:32",2026
"2020-06-24 02:47:35",2026
"2020-06-24 03:47:04",2026
"2020-06-24 04:47:28",2026
"2020-06-24 05:47:37",2026
"2020-06-24 06:47:12",2026
"2020-06-24 07:47:05",2026
"2020-06-24 08:47:29",2026
"2020-06-24 09:47:12",2026
"2020-06-24 10:47:18",2026
"2020-06-24 11:47:00",2026
"2020-06-24 12:47:08",2026
"2020-06-24 13:47:14",2026
"2020-06-24 14:47:09",2025
"2020-06-24 15:47:04",2026
"2020-06-24 16:47:13",2020
"2020-06-24 17:47:31",2024
"2020-06-24 18:47:28",2022
"2020-06-24 19:47:32",2022
"2020-06-24 20:47:08",2022
"2020-06-24 21:47:12",2021
"2020-06-24 22:47:12",2021
"2020-06-24 23:47:08",2021
"2020-06-25 00:47:20",2021
"2020-06-25 01:47:08",2021
"2020-06-25 02:46:57",2021
"2020-06-25 03:47:04",2021
"2020-06-25 04:47:08",2021
"2020-06-25 05:47:07",2021
"2020-06-25 06:47:14",2021
"2020-06-25 07:47:15",2021
"2020-06-25 08:47:15",2021
"2020-06-25 09:47:32",2021
"2020-06-25 10:47:01",2021
"2020-06-25 11:47:49",2021
"2020-06-25 13:10:01",2021
"2020-06-25 13:47:34",2021
"2020-06-25 14:48:03",2020
"2020-06-25 15:47:40",2018
"2020-06-25 16:47:36",2016
"2020-06-25 17:47:39",2020
"2020-06-25 18:47:14",2019
"2020-06-25 19:47:18",2017
"2020-06-25 20:47:09",2015
"2020-06-25 21:47:30",2016
"2020-06-25 22:47:40",2017
"2020-06-25 23:47:03",2017
"2020-06-26 00:47:42",2017
"2020-06-26 01:47:17",2017
"2020-06-26 02:47:17",2017
"2020-06-26 03:47:30",2017
"2020-06-26 04:47:02",2017
"2020-06-26 05:47:13",2017
"2020-06-26 06:47:15",2017
"2020-06-26 07:47:21",2017
"2020-06-26 08:47:24",2017
"2020-06-26 09:47:11",2017
"2020-06-26 10:47:04",2017
"2020-06-26 11:47:11",2017
"2020-06-26 12:47:17",2017
"2020-06-26 13:47:55",2017
"2020-06-26 14:47:16",2011
"2020-06-26 15:47:08",2011
"2020-06-26 16:47:18",2009
"2020-06-26 17:47:10",2006
"2020-06-26 18:47:18",2007
"2020-06-26 19:47:19",2005
"2020-06-26 20:47:08",2005
"2020-06-26 21:47:12",2005
"2020-06-26 22:47:35",2005
"2020-06-26 23:47:02",2005
"2020-06-27 00:47:54",2005
"2020-06-27 01:47:32",2005
"2020-06-27 02:47:30",2005
"2020-06-27 03:47:29",2005
"2020-06-27 04:47:38",2005
"2020-06-27 05:47:01",2005
"2020-06-27 06:47:11",2005
"2020-06-27 07:47:11",2005
"2020-06-27 08:47:06",2005
"2020-06-27 09:47:07",2005
"2020-06-27 10:47:10",2005
"2020-06-27 11:46:59",2005
"2020-06-27 12:47:20",2005
"2020-06-27 13:47:11",2005
"2020-06-27 14:46:58",2005
"2020-06-27 15:47:37",2005
"2020-06-27 16:47:10",2005
"2020-06-27 17:47:04",2005
"2020-06-27 18:47:07",2005
"2020-06-27 19:47:08",2005
"2020-06-27 20:47:01",2005
"2020-06-27 21:47:06",2005
"2020-06-27 22:47:09",2005
"2020-06-27 23:47:02",2005
"2020-06-28 00:47:19",2005
"2020-06-28 01:47:01",2005
"2020-06-28 02:47:12",2005
"2020-06-28 03:47:01",2005
"2020-06-28 04:47:01",2005
"2020-06-28 05:47:06",2005
"2020-06-28 06:47:06",2005
"2020-06-28 07:47:24",2005
"2020-06-28 08:47:17",2005
"2020-06-28 09:47:04",2005
"2020-06-28 10:47:08",2005
"2020-06-28 11:47:00",2005
"2020-06-28 12:47:09",2005
"2020-06-28 13:47:10",2005
"2020-06-28 14:47:02",2005
"2020-06-28 15:47:14",2005
"2020-06-28 16:47:08",2005
"2020-06-28 17:47:06",2005
"2020-06-28 18:47:15",2005
"2020-06-28 19:47:12",2005
"2020-06-28 20:47:00",2005
"2020-06-28 21:47:15",2005
"2020-06-28 22:47:26",2005
"2020-06-28 23:47:16",2005
"2020-06-29 00:47:24",2005
"2020-06-29 01:47:00",2005
"2020-06-29 02:47:14",2005
"2020-06-29 03:47:08",2005
"2020-06-29 04:47:13",2005
"2020-06-29 05:47:04",2005
"2020-06-29 06:47:18",2005
"2020-06-29 07:47:23",2005
"2020-06-29 08:47:12",2005
"2020-06-29 09:47:15",2005
"2020-06-29 10:47:08",2005
"2020-06-29 11:47:07",2005
"2020-06-29 12:47:16",2005
"2020-06-29 13:47:30",2005
"2020-06-29 14:47:43",2012
"2020-06-29 15:47:15",2009
"2020-06-29 16:47:12",2011
"2020-06-29 17:47:09",2009
"2020-06-29 18:47:08",2013
"2020-06-29 19:47:17",2008
"2020-06-29 20:47:15",2007
"2020-06-29 21:47:14",2007
"2020-06-29 22:47:07",2007
"2020-06-29 23:47:20",2007
"2020-06-30 00:47:37",2007
"2020-06-30 01:47:17",2007
"2020-06-30 02:47:48",2007
"2020-06-30 03:47:08",2007
"2020-06-30 04:47:39",2007
"2020-06-30 05:47:18",2007
"2020-06-30 06:47:31",2007
"2020-06-30 07:47:08",2006
"2020-06-30 08:47:09",2006
"2020-06-30 09:47:18",2006
"2020-06-30 10:49:13",2006
"2020-06-30 11:47:10",2006
"2020-06-30 12:47:09",2006
"2020-06-30 13:48:01",2006
"2020-06-30 14:47:23",2006
"2020-06-30 15:47:34",2008
"2020-06-30 16:47:56",2009
"2020-06-30 17:47:15",2008
"2020-06-30 18:47:30",2007
"2020-06-30 19:47:14",2010
"2020-06-30 20:47:24",2018
"2020-06-30 21:47:42",2021
"2020-06-30 22:47:00",2021
"2020-06-30 23:47:08",2021
"2020-07-01 00:48:25",2021
"2020-07-01 01:47:13",2021
"2020-07-01 02:47:40",2021
"2020-07-01 03:47:17",2021
"2020-07-01 04:47:18",2021
"2020-07-01 05:47:27",2021
"2020-07-01 06:47:14",2021
"2020-07-01 07:47:17",2021
"2020-07-01 08:47:42",2021
"2020-07-01 09:48:00",2021
"2020-07-01 10:47:49",2021
"2020-07-01 11:47:17",2021
"2020-07-01 13:09:38",2023
"2020-07-01 13:47:56",2023
"2020-07-01 14:47:59",2025
"2020-07-01 15:47:55",2019
"2020-07-01 16:47:51",2014
"2020-07-01 17:47:40",2014
"2020-07-01 18:47:42",2011
"2020-07-01 19:47:56",2008
"2020-07-01 20:47:45",2012
"2020-07-01 21:47:13",2010
"2020-07-01 22:47:42",2009
"2020-07-01 23:47:17",2009
"2020-07-02 00:48:41",2009
"2020-07-02 01:47:18",2009
"2020-07-02 02:47:24",2009
"2020-07-02 03:47:27",2009
"2020-07-02 04:47:20",2008
"2020-07-02 05:47:27",2008
"2020-07-02 06:47:19",2008
"2020-07-02 07:47:10",2008
"2020-07-02 08:47:18",2008
"2020-07-02 09:47:58",2008
"2020-07-02 10:47:22",2008
"2020-07-02 11:47:22",2008
"2020-07-02 13:12:37",2007
"2020-07-02 13:47:48",2007
"2020-07-02 14:47:19",2013
"2020-07-02 15:47:24",2013
"2020-07-02 16:47:38",2017
"2020-07-02 17:47:31",2017
"2020-07-02 18:47:33",2018
"2020-07-02 19:47:34",2018
"2020-07-02 20:47:06",2015
"2020-07-02 21:47:22",2015
"2020-07-02 22:47:07",2015
"2020-07-02 23:47:07",2015
"2020-07-03 00:47:45",2015
"2020-07-03 01:47:16",2015
"2020-07-03 02:47:36",2015
"2020-07-03 03:47:12",2015
"2020-07-03 04:47:40",2015
"2020-07-03 05:47:16",2015
"2020-07-03 06:47:14",2014
"2020-07-03 07:47:15",2014
"2020-07-03 08:47:15",2014
"2020-07-03 09:47:37",2014
"2020-07-03 10:47:19",2014
"2020-07-03 11:47:10",2014
"2020-07-03 12:47:11",2014
"2020-07-03 13:47:15",2014
"2020-07-03 14:47:22",2014
"2020-07-03 15:47:13",2014
"2020-07-03 16:47:14",2014
"2020-07-03 17:47:14",2014
"2020-07-03 18:47:25",2014
"2020-07-03 19:47:17",2014
"2020-07-03 20:47:20",2014
"2020-07-03 21:47:13",2014
"2020-07-03 22:47:11",2014
"2020-07-03 23:47:18",2014
"2020-07-04 00:47:10",2014
"2020-07-04 01:47:28",2014
"2020-07-04 02:47:36",2014
"2020-07-04 03:47:09",2014
"2020-07-04 04:47:05",2014
"2020-07-04 05:47:17",2014
"2020-07-04 06:47:21",2014
"2020-07-04 07:47:13",2014
"2020-07-04 08:47:18",2014
"2020-07-04 09:47:18",2014
"2020-07-04 11:39:38",2014
"2020-07-04 11:47:23",2014
"2020-07-04 12:47:20",2014
"2020-07-04 13:47:13",2014
"2020-07-04 14:47:19",2014
"2020-07-04 15:47:02",2014
"2020-07-04 16:47:41",2014
"2020-07-04 17:47:11",2014
"2020-07-04 18:47:18",2014
"2020-07-04 19:47:07",2014
"2020-07-04 20:47:15",2014
"2020-07-04 21:47:17",2014
"2020-07-04 22:47:07",2014
"2020-07-04 23:47:25",2014
"2020-07-05 00:47:21",2014
"2020-07-05 01:47:19",2014
"2020-07-05 02:47:05",2014
"2020-07-05 03:47:12",2014
"2020-07-05 04:47:07",2014
"2020-07-05 05:47:19",2014
"2020-07-05 06:47:21",2014
"2020-07-05 07:47:21",2014
"2020-07-05 08:47:16",2014
"2020-07-05 11:35:32",2014
"2020-07-05 11:39:21",2014
"2020-07-05 11:48:51",2014
"2020-07-05 12:47:09",2014
"2020-07-05 13:47:18",2014
"2020-07-05 14:47:07",2014
"2020-07-05 15:47:29",2014
"2020-07-05 16:47:17",2014
"2020-07-05 17:47:10",2014
"2020-07-05 18:47:07",2014
"2020-07-05 19:47:19",2014
"2020-07-05 20:47:12",2014
"2020-07-05 21:47:17",2014
"2020-07-05 22:47:07",2014
"2020-07-05 23:47:09",2014
"2020-07-06 00:47:17",2014
"2020-07-06 01:47:23",2014
"2020-07-06 02:47:14",2014
"2020-07-06 03:47:13",2014
"2020-07-06 04:47:10",2014
"2020-07-06 05:46:59",2014
"2020-07-06 06:47:22",2014
"2020-07-06 07:47:37",2014
"2020-07-06 08:47:22",2014
"2020-07-06 11:37:49",2014
"2020-07-06 11:45:39",2014
"2020-07-06 11:53:20",2014
"2020-07-06 14:11:14",2019
"2020-07-06 14:19:13",2019
"2020-07-06 14:47:40",2019
"2020-07-06 15:47:23",2019
"2020-07-06 16:47:52",2021
"2020-07-06 17:47:22",2021
"2020-07-06 18:47:11",2025
"2020-07-06 19:47:09",2024
"2020-07-06 20:47:25",2021
"2020-07-06 21:47:08",2020
"2020-07-06 22:47:37",2019
"2020-07-06 23:47:10",2019
"2020-07-07 00:47:19",2019
"2020-07-07 01:47:04",2019
"2020-07-07 02:47:14",2019
"2020-07-07 03:47:43",2019
"2020-07-07 04:47:11",2019
"2020-07-07 05:47:04",2019
"2020-07-07 06:47:04",2019
"2020-07-07 07:47:00",2019
"2020-07-07 08:47:09",2019
"2020-07-07 11:26:22",2019
"2020-07-07 11:33:08",2019
"2020-07-07 11:47:14",2019
"2020-07-07 12:47:20",2019
"2020-07-07 13:47:22",2020
"2020-07-07 14:47:13",2020
"2020-07-07 15:47:54",2018
"2020-07-07 16:48:35",2020
"2020-07-07 17:47:31",2019
"2020-07-07 18:47:08",2019
"2020-07-07 19:47:53",2022
"2020-07-07 20:47:20",2020
"2020-07-07 21:47:54",2018
"2020-07-07 22:47:21",2020
"2020-07-07 23:47:20",2020
"2020-07-08 00:48:48",2020
"2020-07-08 01:47:37",2020
"2020-07-08 02:47:19",2020
"2020-07-08 03:47:25",2020
"2020-07-08 04:47:15",2020
"2020-07-08 05:47:40",2020
"2020-07-08 06:47:23",2020
"2020-07-08 07:47:17",2020
"2020-07-08 08:47:23",2020
"2020-07-08 11:59:29",2020
"2020-07-08 12:00:28",2020
"2020-07-08 12:06:56",2020
"2020-07-08 13:13:42",2020
"2020-07-08 13:47:39",2020
"2020-07-08 14:47:19",2018
"2020-07-08 15:47:18",2017
"2020-07-08 16:47:16",2022
"2020-07-08 17:47:22",2022
"2020-07-08 18:47:38",2022
"2020-07-08 19:47:45",2022
"2020-07-08 20:47:18",2020
"2020-07-08 21:47:19",2020
"2020-07-08 22:47:20",2020
"2020-07-08 23:47:25",2020
"2020-07-09 00:48:42",2020
"2020-07-09 01:47:19",2020
"2020-07-09 18:47:56",2017
"2020-07-09 18:51:06",2017
"2020-07-09 19:00:58",2017
"2020-07-09 19:49:13",2015
"2020-07-09 20:47:25",2015
"2020-07-09 21:47:32",2015
"2020-07-09 22:47:35",2014
"2020-07-09 23:47:20",2014
"2020-07-10 00:48:32",2014
"2020-07-10 01:47:23",2014
"2020-07-10 02:47:38",2014
"2020-07-10 03:47:16",2014
"2020-07-10 04:47:03",2014
"2020-07-10 05:47:09",2014
"2020-07-10 06:47:20",2014
"2020-07-10 07:47:15",2014
"2020-07-10 08:47:13",2014
"2020-07-10 11:45:18",2014
"2020-07-10 11:52:59",2014
"2020-07-10 12:00:36",2014
"2020-07-10 13:13:35",2014
"2020-07-10 13:47:21",2014
"2020-07-10 14:47:08",2014
"2020-07-10 15:47:23",2015
"2020-07-10 16:47:25",2016
"2020-07-10 17:47:11",2016
"2020-07-10 18:47:23",2016
"2020-07-10 19:47:22",2018
"2020-07-10 20:47:12",2018
"2020-07-10 21:47:38",2018
"2020-07-10 22:47:07",2017
"2020-07-10 23:47:23",2017
"2020-07-11 00:47:11",2017
"2020-07-11 01:47:17",2017
"2020-07-11 02:47:03",2017
"2020-07-11 03:47:21",2017
"2020-07-11 04:47:19",2017
"2020-07-11 05:47:11",2016
"2020-07-11 06:47:13",2016
"2020-07-11 07:47:26",2016
"2020-07-11 08:47:21",2016
"2020-07-11 11:51:37",2016
"2020-07-11 12:03:01",2016
"2020-07-11 12:09:18",2016
"2020-07-11 12:47:18",2016
"2020-07-11 13:47:16",2016
"2020-07-11 14:47:19",2016
"2020-07-11 15:47:19",2016
"2020-07-11 16:47:03",2016
"2020-07-11 17:47:14",2016
"2020-07-11 18:47:15",2016
"2020-07-11 19:47:12",2016
"2020-07-11 20:47:00",2016
"2020-07-11 21:47:33",2016
"2020-07-11 22:47:24",2016
"2020-07-11 23:47:10",2016
"2020-07-12 00:47:11",2016
"2020-07-12 01:47:45",2016
"2020-07-12 02:47:13",2016
"2020-07-12 03:47:21",2016
"2020-07-12 04:47:06",2016
"2020-07-12 05:47:15",2016
"2020-07-12 06:47:35",2016
"2020-07-12 07:47:11",2016
"2020-07-12 08:47:06",2016
"2020-07-12 11:39:19",2016
"2020-07-12 11:43:00",2016
"2020-07-12 11:54:51",2016
"2020-07-12 12:47:08",2016
"2020-07-12 13:47:15",2016
"2020-07-12 14:47:03",2016
"2020-07-12 15:47:14",2016
"2020-07-12 16:47:20",2016
"2020-07-12 17:47:03",2016
"2020-07-12 18:47:09",2016
"2020-07-12 19:47:16",2016
"2020-07-12 20:47:14",2016
"2020-07-12 21:47:04",2016
"2020-07-12 22:47:28",2016
"2020-07-12 23:47:11",2016
"2020-07-13 00:47:31",2016
"2020-07-13 01:47:31",2016
"2020-07-13 02:47:50",2016
"2020-07-13 03:47:23",2016
"2020-07-13 04:47:22",2016
"2020-07-13 05:47:10",2016
"2020-07-13 06:47:33",2016
"2020-07-13 07:47:11",2016
"2020-07-13 08:47:21",2016
"2020-07-13 12:06:20",2016
"2020-07-13 12:10:39",2016
"2020-07-13 12:14:08",2016
"2020-07-13 12:47:56",2016
"2020-07-13 13:47:22",2016
"2020-07-13 14:47:17",2019
"2020-07-13 15:47:32",2019
"2020-07-13 16:47:55",2021
"2020-07-13 17:47:21",2022
"2020-07-13 18:47:23",2020
"2020-07-13 19:47:38",2017
"2020-07-13 20:47:31",2020
"2020-07-13 21:47:31",2020
"2020-07-13 22:47:35",2019
"2020-07-13 23:47:34",2019
"2020-07-14 00:48:11",2019
"2020-07-14 01:47:42",2019
"2020-07-14 02:47:42",2019
"2020-07-14 03:47:19",2019
"2020-07-14 04:47:15",2019
"2020-07-14 05:47:20",2019
"2020-07-14 06:47:20",2019
"2020-07-14 07:47:30",2019
"2020-07-14 08:47:28",2019
"2020-07-14 12:10:16",2019
"2020-07-14 12:19:53",2019
"2020-07-14 12:23:47",2019
"2020-07-14 12:47:30",2019
"2020-07-14 13:47:54",2019
"2020-07-14 14:47:44",2022
"2020-07-14 15:47:58",2024
"2020-07-14 16:48:18",2026
"2020-07-14 17:48:16",2028
"2020-07-14 18:47:55",2030
"2020-07-14 19:47:34",2029
"2020-07-14 20:47:39",2031
"2020-07-14 21:47:34",2031
"2020-07-14 22:47:47",2031
"2020-07-14 23:47:47",2031
"2020-07-15 00:48:05",2031
"2020-07-15 01:47:50",2031
"2020-07-15 02:32:05",2031
"2020-07-15 02:39:45",2031
"2020-07-15 02:47:25",2031
"2020-07-15 02:55:16",2031
"2020-07-15 03:16:48",2031
"2020-07-15 03:24:38",2031
"2020-07-15 03:32:31",2031
"2020-07-15 03:40:14",2031
"2020-07-15 03:47:57",2031
"2020-07-15 03:55:42",2031
"2020-07-15 04:03:31",2031
"2020-07-15 04:11:18",2031
"2020-07-15 04:19:02",2031
"2020-07-15 04:26:47",2031
"2020-07-15 04:34:40",2031
"2020-07-15 04:42:24",2031
"2020-07-15 04:50:07",2031
"2020-07-15 04:57:59",2031
"2020-07-15 05:06:13",2031
"2020-07-15 05:13:55",2031
"2020-07-15 12:20:35",2031
"2020-07-15 12:28:42",2031
"2020-07-15 12:36:39",2031
"2020-07-15 12:44:31",2031
"2020-07-15 12:52:27",2031
"2020-07-15 13:00:20",2031
"2020-07-15 13:08:23",2030
"2020-07-15 13:16:38",2030
"2020-07-15 13:24:40",2030
"2020-07-15 13:32:52",2030
"2020-07-15 13:40:50",2030
"2020-07-15 13:48:53",2030
"2020-07-15 13:56:48",2030
"2020-07-15 14:04:50",2030
"2020-07-15 14:12:57",2029
"2020-07-15 14:20:59",2029
"2020-07-15 14:28:59",2029
"2020-07-15 14:36:58",2029
"2020-07-15 14:46:53",2029
"2020-07-15 14:56:48",2029
"2020-07-15 15:06:56",2025
"2020-07-15 15:16:55",2025
"2020-07-15 15:26:51",2025
"2020-07-15 15:36:47",2025
"2020-07-15 15:46:58",2025
"2020-07-15 15:57:04",2025
"2020-07-15 16:07:06",2025
"2020-07-15 16:17:09",2025
"2020-07-15 16:27:13",2025
"2020-07-15 16:37:26",2025
"2020-07-15 16:47:38",2025
"2020-07-15 16:57:42",2025
"2020-07-15 17:07:58",2025
"2020-07-15 17:15:03",2025
"2020-07-15 17:22:56",2025
"2020-07-15 17:30:41",2025
"2020-07-15 17:38:28",2025
"2020-07-15 17:46:16",2025
"2020-07-15 17:54:02",2025
"2020-07-15 18:02:05",2025
"2020-07-15 18:09:59",2023
"2020-07-15 18:17:54",2023
"2020-07-15 18:25:48",2023
"2020-07-15 18:33:41",2023
"2020-07-15 18:41:45",2023
"2020-07-15 18:49:52",2023
"2020-07-15 18:57:49",2023
"2020-07-15 19:06:08",2023
"2020-07-15 19:14:05",2022
"2020-07-15 19:21:53",2022
"2020-07-15 19:29:45",2022
"2020-07-15 19:39:51",2022
"2020-07-15 19:49:42",2022
"2020-07-15 19:59:32",2022
"2020-07-15 20:09:31",2021
"2020-07-15 20:19:37",2021
"2020-07-15 20:29:30",2021
"2020-07-15 20:39:18",2021
"2020-07-15 20:49:05",2021
"2020-07-15 20:58:49",2021
"2020-07-15 21:08:40",2021
"2020-07-15 21:18:29",2021
"2020-07-15 21:28:13",2021
"2020-07-15 21:38:45",2021
"2020-07-15 21:48:42",2021
"2020-07-15 21:58:55",2021
"2020-07-15 22:08:53",2021
"2020-07-15 22:18:47",2021
"2020-07-15 22:28:36",2021
"2020-07-15 22:38:21",2021
"2020-07-15 22:48:04",2021
"2020-07-15 22:59:33",2021
"2020-07-15 23:11:22",2021
"2020-07-15 23:17:44",2021
"2020-07-15 23:27:31",2021
"2020-07-15 23:37:21",2021
"2020-07-15 23:47:06",2021
"2020-07-15 23:57:00",2021
"2020-07-16 00:07:35",2021
"2020-07-16 00:17:58",2021
"2020-07-16 00:28:22",2021
"2020-07-16 00:38:38",2021
"2020-07-16 00:48:32",2021
"2020-07-16 00:58:20",2021
"2020-07-16 01:08:12",2021
"2020-07-16 01:18:09",2021
"2020-07-16 01:28:00",2021
"2020-07-16 01:37:46",2021
"2020-07-16 01:47:32",2021
"2020-07-16 01:57:24",2021
"2020-07-16 02:07:19",2021
"2020-07-16 02:17:25",2021
"2020-07-16 02:27:47",2021
"2020-07-16 02:37:48",2021
"2020-07-16 02:47:59",2021
"2020-07-16 03:02:10",2021
"2020-07-16 03:05:58",2021
"2020-07-16 03:18:40",2021
"2020-07-16 03:28:44",2021
"2020-07-16 03:38:48",2021
"2020-07-16 03:48:48",2021
"2020-07-16 03:59:03",2021
"2020-07-16 04:09:25",2021
"2020-07-16 04:19:22",2021
"2020-07-16 04:29:18",2021
"2020-07-16 04:39:14",2021
"2020-07-16 04:49:07",2021
"2020-07-16 04:59:01",2021
"2020-07-16 05:08:58",2021
"2020-07-16 05:18:51",2021
"2020-07-16 05:28:43",2021
"2020-07-16 05:41:13",2021
"2020-07-16 05:52:36",2021
"2020-07-16 06:02:34",2021
"2020-07-16 06:12:25",2021
"2020-07-16 06:20:32",2021
"2020-07-16 06:29:31",2021
"2020-07-16 06:38:45",2021
"2020-07-16 06:48:10",2021
"2020-07-16 07:08:25",2021
"2020-07-16 07:14:31",2021
"2020-07-16 07:19:35",2021
"2020-07-16 07:30:53",2021
"2020-07-16 07:45:16",2021
"2020-07-16 08:01:44",2021
"2020-07-16 08:12:42",2021
"2020-07-16 08:22:20",2021
"2020-07-16 08:31:35",2021
"2020-07-16 08:41:23",2021
"2020-07-16 08:50:17",2021
"2020-07-16 08:59:24",2021
"2020-07-16 09:09:16",2021
"2020-07-16 09:19:17",2021
"2020-07-16 09:29:12",2021
"2020-07-16 09:38:47",2021
"2020-07-16 09:47:40",2021
"2020-07-16 09:56:23",2021
"2020-07-16 10:05:28",2021
"2020-07-16 10:14:20",2021
"2020-07-16 10:22:53",2021
"2020-07-16 10:31:12",2021
"2020-07-16 10:39:37",2021
"2020-07-16 10:50:07",2021
"2020-07-16 11:00:48",2021
"2020-07-16 11:11:58",2021
"2020-07-16 11:22:35",2021
"2020-07-16 11:33:06",2021
"2020-07-16 11:43:35",2021
"2020-07-16 11:54:28",2021
"2020-07-16 12:06:16",2021
"2020-07-16 12:17:42",2021
"2020-07-16 12:28:42",2021
"2020-07-16 12:39:56",2021
"2020-07-16 12:51:08",2021
"2020-07-16 13:02:17",2021
"2020-07-16 13:13:59",2022
"2020-07-16 13:25:41",2022
"2020-07-16 13:37:38",2022
"2020-07-16 13:48:56",2022
"2020-07-16 13:59:28",2022
"2020-07-16 14:10:55",2025
"2020-07-16 14:22:05",2025
"2020-07-16 14:35:02",2025
"2020-07-16 14:47:34",2025
"2020-07-16 14:54:26",2025
"2020-07-16 15:05:35",2025
"2020-07-16 15:16:42",2025
"2020-07-16 16:59:57",2027
"2020-07-16 17:08:14",2027
"2020-07-16 17:16:32",2029
"2020-07-16 17:24:39",2029
"2020-07-16 17:32:50",2029
"2020-07-16 17:41:01",2029
"2020-07-16 17:49:08",2029
"2020-07-16 17:57:11",2029
"2020-07-16 18:05:30",2029
"2020-07-16 18:13:41",2029
"2020-07-16 18:21:57",2029
"2020-07-16 18:30:02",2031
"2020-07-16 18:38:11",2031
"2020-07-16 18:46:21",2031
"2020-07-16 18:54:39",2031
"2020-07-16 19:02:51",2031
"2020-07-16 19:10:56",2031
"2020-07-16 19:19:02",2031
"2020-07-16 19:29:07",2031
"2020-07-16 19:39:15",2031
"2020-07-16 19:49:21",2031
"2020-07-16 19:59:22",2031
"2020-07-16 20:09:30",2028
"2020-07-16 20:19:31",2028
"2020-07-16 20:29:30",2028
"2020-07-16 20:39:34",2028
"2020-07-16 20:49:37",2028
"2020-07-16 20:59:39",2028
"2020-07-16 21:09:48",2028
"2020-07-16 21:19:52",2028
"2020-07-16 21:30:15",2028
"2020-07-16 21:40:25",2028
"2020-07-16 21:50:27",2028
"2020-07-16 22:00:31",2028
"2020-07-16 22:10:39",2028
"2020-07-16 22:20:40",2028
"2020-07-16 22:30:42",2028
"2020-07-16 22:40:43",2028
"2020-07-16 22:52:29",2028
"2020-07-16 23:04:19",2028
"2020-07-16 23:10:49",2028
"2020-07-16 23:20:49",2028
"2020-07-16 23:30:50",2028
"2020-07-16 23:40:48",2028
"2020-07-16 23:50:45",2028
"2020-07-17 00:01:07",2028
"2020-07-17 00:11:56",2028
"2020-07-17 00:22:28",2028
"2020-07-17 00:33:01",2028
"2020-07-17 00:43:28",2028
"2020-07-17 00:53:36",2028
"2020-07-17 01:03:55",2028
"2020-07-17 01:14:02",2028
"2020-07-17 01:24:05",2028
"2020-07-17 01:34:05",2028
"2020-07-17 01:44:07",2028
"2020-07-17 01:54:10",2028
"2020-07-17 02:04:16",2028
"2020-07-17 02:14:21",2028
"2020-07-17 02:24:25",2028
"2020-07-17 02:34:23",2028
"2020-07-17 02:44:20",2028
"2020-07-17 02:58:22",2028
"2020-07-17 03:02:13",2028
"2020-07-17 03:14:27",2028
"2020-07-17 03:24:31",2028
"2020-07-17 03:34:38",2028
"2020-07-17 03:44:41",2028
"2020-07-17 03:54:49",2028
"2020-07-17 04:05:02",2028
"2020-07-17 04:15:11",2028
"2020-07-17 04:25:16",2028
"2020-07-17 04:35:22",2028
"2020-07-17 04:45:24",2028
"2020-07-17 04:55:27",2028
"2020-07-17 05:05:36",2027
"2020-07-17 05:15:42",2027
"2020-07-17 05:25:44",2027
"2020-07-17 05:35:44",2027
"2020-07-17 05:45:45",2027
"2020-07-17 05:55:45",2027
"2020-07-17 06:05:58",2027
"2020-07-17 06:14:06",2027
"2020-07-17 06:22:11",2027
"2020-07-17 06:30:31",2027
"2020-07-17 06:38:39",2027
"2020-07-17 06:55:15",2027
"2020-07-17 06:59:44",2027
"2020-07-17 07:03:39",2027
"2020-07-17 07:11:57",2027
"2020-07-17 07:20:07",2027
"2020-07-17 07:28:14",2027
"2020-07-17 07:36:22",2027
"2020-07-17 07:44:26",2027
"2020-07-17 07:52:32",2027
"2020-07-17 08:00:39",2027
"2020-07-17 08:09:05",2027
"2020-07-17 08:17:38",2027
"2020-07-17 08:26:10",2027
"2020-07-17 08:34:42",2027
"2020-07-17 08:43:10",2027
"2020-07-17 08:51:20",2027
"2020-07-17 08:59:29",2027
"2020-07-17 09:07:47",2027
"2020-07-17 09:15:58",2027
"2020-07-17 09:24:01",2027
"2020-07-17 09:32:11",2027
"2020-07-17 09:40:11",2027
"2020-07-17 09:48:13",2027
"2020-07-17 09:56:28",2027
"2020-07-17 10:06:45",2027
"2020-07-17 10:16:43",2027
"2020-07-17 10:20:46",2027
"2020-07-17 10:28:48",2027
"2020-07-17 10:38:49",2027
"2020-07-17 10:48:53",2027
"2020-07-17 10:59:12",2027
"2020-07-17 11:09:31",2027
"2020-07-17 11:19:36",2027
"2020-07-17 11:29:43",2027
"2020-07-17 11:39:50",2027
"2020-07-17 11:49:52",2027
"2020-07-17 12:00:01",2027
"2020-07-17 12:10:30",2027
"2020-07-17 12:20:49",2027
"2020-07-17 12:30:58",2027
"2020-07-17 12:41:03",2027
"2020-07-17 12:51:05",2027
"2020-07-17 13:01:33",2027
"2020-07-17 13:12:14",2027
"2020-07-17 13:22:36",2027
"2020-07-17 13:31:07",2027
"2020-07-17 13:39:38",2027
"2020-07-17 13:47:48",2027
"2020-07-17 13:56:05",2027
"2020-07-17 14:05:01",2027
"2020-07-17 14:13:26",2027
"2020-07-17 14:21:49",2027
"2020-07-17 14:30:08",2027
"2020-07-17 14:38:22",2027
"2020-07-17 14:46:24",2027
"2020-07-17 14:54:35",2027
"2020-07-17 15:03:29",2027
"2020-07-17 15:12:19",2021
"2020-07-17 15:21:07",2021
"2020-07-17 15:29:36",2021
"2020-07-17 15:38:05",2021
"2020-07-17 15:46:32",2021
"2020-07-17 15:54:50",2021
"2020-07-17 16:01:26",2021
"2020-07-17 16:10:19",2025
"2020-07-17 16:17:45",2025
"2020-07-17 16:26:31",2025
"2020-07-17 16:35:16",2025
"2020-07-17 16:43:44",2025
"2020-07-17 16:52:13",2025
"2020-07-17 17:05:16",2021
"2020-07-17 17:13:23",2021
"2020-07-17 17:21:58",2021
"2020-07-17 17:30:20",2021
"2020-07-17 17:38:48",2021
"2020-07-17 17:47:17",2021
"2020-07-17 17:55:45",2021
"2020-07-17 18:04:30",2017
"2020-07-17 18:13:07",2017
"2020-07-17 18:21:41",2017
"2020-07-17 18:30:08",2017
"2020-07-17 18:38:40",2017
"2020-07-17 18:47:08",2017
"2020-07-17 18:55:27",2017
"2020-07-17 19:07:59",2017
"2020-07-17 19:16:46",2020
"2020-07-17 19:25:06",2020
"2020-07-17 19:33:17",2020
"2020-07-17 19:44:58",2020
"2020-07-17 19:53:01",2020
"2020-07-17 20:01:12",2020
"2020-07-17 20:09:21",2020
"2020-07-17 20:17:23",2020
"2020-07-17 20:25:22",2020
"2020-07-17 20:33:25",2020
"2020-07-17 20:41:27",2020
"2020-07-17 20:49:25",2020
"2020-07-17 20:57:30",2020
"2020-07-17 21:05:47",2020
"2020-07-17 21:13:52",2020
"2020-07-17 21:21:49",2020
"2020-07-17 21:29:46",2020
"2020-07-17 21:37:53",2020
"2020-07-17 21:45:58",2020
"2020-07-17 21:54:01",2020
"2020-07-17 22:02:15",2020
"2020-07-17 22:12:34",2020
"2020-07-17 22:22:42",2020
"2020-07-17 22:32:47",2020
"2020-07-17 22:43:13",2020
"2020-07-17 22:53:42",2020
"2020-07-17 23:04:30",2020
"2020-07-17 23:14:51",2020
"2020-07-17 23:24:58",2020
"2020-07-17 23:35:02",2020
"2020-07-17 23:45:06",2020
"2020-07-17 23:55:20",2020
"2020-07-18 00:07:22",2020
"2020-07-18 00:18:31",2020
"2020-07-18 00:29:01",2020
"2020-07-18 00:39:36",2020
"2020-07-18 00:50:10",2020
"2020-07-18 01:00:21",2020
"2020-07-18 01:10:34",2020
"2020-07-18 01:20:44",2020
"2020-07-18 01:30:49",2020
"2020-07-18 01:42:40",2020
"2020-07-18 01:54:28",2020
"2020-07-18 02:00:59",2020
"2020-07-18 02:11:05",2020
"2020-07-18 02:21:08",2020
"2020-07-18 02:31:07",2020
"2020-07-18 02:41:05",2020
"2020-07-18 02:51:04",2020
"2020-07-18 03:01:12",2020
"2020-07-18 03:11:25",2020
"2020-07-18 03:21:34",2020
"2020-07-18 03:31:41",2020
"2020-07-18 03:41:48",2020
"2020-07-18 03:52:01",2020
"2020-07-18 04:02:24",2020
"2020-07-18 04:12:58",2020
"2020-07-18 04:23:28",2020
"2020-07-18 04:33:39",2020
"2020-07-18 04:43:41",2020
"2020-07-18 04:53:45",2020
"2020-07-18 05:04:16",2020
"2020-07-18 05:14:48",2020
"2020-07-18 05:25:04",2020
"2020-07-18 05:35:09",2020
"2020-07-18 05:49:11",2020
"2020-07-18 05:53:00",2020
"2020-07-18 06:05:31",2020
"2020-07-18 06:15:50",2020
"2020-07-18 08:39:44",2021
"2020-07-18 08:47:53",2021
"2020-07-18 08:55:56",2021
"2020-07-18 09:04:03",2021
"2020-07-18 09:12:02",2021
"2020-07-18 09:20:01",2021
"2020-07-18 09:28:02",2021
"2020-07-18 09:36:05",2021
"2020-07-18 09:44:04",2021
"2020-07-18 09:52:05",2021
"2020-07-18 10:00:07",2021
"2020-07-18 10:08:13",2021
"2020-07-18 10:16:15",2021
"2020-07-18 10:24:14",2021
"2020-07-18 10:32:24",2021
"2020-07-18 10:40:23",2021
"2020-07-18 10:48:14",2021
"2020-07-18 10:56:13",2021
"2020-07-18 11:06:15",2020
"2020-07-18 11:16:15",2020
"2020-07-18 11:26:12",2020
"2020-07-18 11:36:12",2020
"2020-07-18 11:46:10",2020
"2020-07-18 11:56:08",2020
"2020-07-18 12:06:19",2020
"2020-07-18 12:16:28",2020
"2020-07-18 12:26:29",2020
"2020-07-18 12:36:32",2020
"2020-07-18 12:46:32",2020
"2020-07-18 12:56:40",2020
"2020-07-18 13:06:55",2020
"2020-07-18 13:17:06",2020
"2020-07-18 13:27:10",2020
"2020-07-18 13:37:08",2020
"2020-07-18 13:47:04",2020
"2020-07-18 13:57:01",2020
"2020-07-18 14:06:58",2020
"2020-07-18 14:16:56",2020
"2020-07-18 14:28:40",2020
"2020-07-18 14:40:28",2020
"2020-07-18 14:46:55",2020
"2020-07-18 14:56:55",2020
"2020-07-18 15:07:03",2020
"2020-07-18 15:17:07",2020
"2020-07-18 15:27:06",2020
"2020-07-18 15:37:05",2020
"2020-07-18 15:47:05",2020
"2020-07-18 15:57:03",2020
"2020-07-18 16:07:05",2020
"2020-07-18 16:17:05",2020
"2020-07-18 16:27:06",2020
"2020-07-18 16:37:08",2020
"2020-07-18 16:47:05",2020
"2020-07-18 16:57:04",2020
"2020-07-18 17:07:10",2020
"2020-07-18 17:17:14",2020
"2020-07-18 17:27:12",2020
"2020-07-18 17:37:11",2020
"2020-07-18 17:47:08",2020
"2020-07-18 17:57:06",2020
"2020-07-18 18:07:08",2020
"2020-07-18 18:17:08",2020
"2020-07-18 18:31:04",2020
"2020-07-18 18:34:50",2020
"2020-07-18 18:46:59",2020
"2020-07-18 18:56:57",2020
"2020-07-18 19:07:20",2020
"2020-07-18 19:17:26",2020
"2020-07-18 19:27:23",2020
"2020-07-18 19:37:41",2020
"2020-07-18 22:11:52",2020
"2020-07-18 22:19:25",2020
"2020-07-18 22:26:58",2020
"2020-07-18 22:34:31",2020
"2020-07-18 22:42:03",2020
"2020-07-18 22:49:35",2020
"2020-07-18 22:57:09",2020
"2020-07-18 23:04:44",2020
"2020-07-18 23:12:17",2020
"2020-07-18 23:19:50",2020
"2020-07-18 23:27:23",2020
"2020-07-18 23:34:56",2020
"2020-07-18 23:42:37",2020
"2020-07-18 23:50:18",2020
"2020-07-18 23:58:10",2020
"2020-07-19 00:05:49",2020
"2020-07-19 00:13:18",2020
"2020-07-19 00:20:53",2020
"2020-07-19 00:30:28",2020
"2020-07-19 00:40:03",2020
"2020-07-19 00:49:38",2020
"2020-07-19 00:59:13",2020
"2020-07-19 01:08:48",2020
"2020-07-19 01:18:24",2020
"2020-07-19 01:28:00",2020
"2020-07-19 01:37:36",2020
"2020-07-19 01:47:11",2020
"2020-07-19 01:56:46",2020
"2020-07-19 02:06:21",2020
"2020-07-19 02:15:56",2020
"2020-07-19 02:25:29",2020
"2020-07-19 02:35:03",2020
"2020-07-19 02:44:36",2020
"2020-07-19 02:54:09",2020
"2020-07-19 03:03:44",2020
"2020-07-19 03:13:18",2020
"2020-07-19 03:22:53",2020
"2020-07-19 03:32:28",2020
"2020-07-19 03:43:41",2020
"2020-07-19 03:54:56",2020
"2020-07-19 04:01:11",2020
"2020-07-19 04:10:45",2020
"2020-07-19 04:20:18",2020
"2020-07-19 04:29:51",2020
"2020-07-19 04:39:25",2020
"2020-07-19 04:48:58",2020
"2020-07-19 04:58:32",2020
"2020-07-19 05:08:04",2020
"2020-07-19 05:17:37",2020
"2020-07-19 05:27:11",2020
"2020-07-19 05:36:43",2020
"2020-07-19 05:46:15",2020
"2020-07-19 05:55:46",2020
"2020-07-19 06:05:19",2020
"2020-07-19 06:14:56",2020
"2020-07-19 06:24:31",2020
"2020-07-19 06:34:07",2020
"2020-07-19 06:45:16",2020
"2020-07-19 06:52:52",2020
"2020-07-19 07:00:27",2020
"2020-07-19 07:08:03",2020
"2020-07-19 07:15:40",2020
"2020-07-19 07:23:14",2020
"2020-07-19 07:30:48",2020
"2020-07-19 07:38:22",2020
"2020-07-19 07:45:57",2020
"2020-07-19 07:53:32",2020
"2020-07-19 08:01:06",2020
"2020-07-19 08:08:39",2020
"2020-07-19 08:16:13",2020
"2020-07-19 08:23:46",2020
"2020-07-19 08:31:29",2020
"2020-07-19 08:39:01",2020
"2020-07-19 08:46:27",2020
"2020-07-19 08:54:01",2020
"2020-07-19 09:03:37",2020
"2020-07-19 09:13:12",2020
"2020-07-19 09:22:47",2020
"2020-07-19 09:32:23",2020
"2020-07-19 09:42:05",2020
"2020-07-19 09:51:48",2020
"2020-07-19 10:01:32",2020
"2020-07-19 10:11:09",2020
"2020-07-19 10:20:44",2020
"2020-07-19 10:30:20",2020
"2020-07-19 10:39:56",2020
"2020-07-19 10:49:34",2020
"2020-07-19 10:59:09",2020
"2020-07-19 11:08:44",2020
"2020-07-19 11:18:19",2020
"2020-07-19 11:27:54",2020
"2020-07-19 11:37:31",2020
"2020-07-19 11:47:07",2020
"2020-07-19 11:56:42",2020
"2020-07-19 12:06:17",2020
"2020-07-19 12:17:34",2020
"2020-07-19 12:28:51",2020
"2020-07-19 12:35:06",2020
"2020-07-19 12:44:42",2020
"2020-07-19 12:54:21",2020
"2020-07-19 13:03:56",2020
"2020-07-19 13:13:31",2020
"2020-07-19 13:23:07",2020
"2020-07-19 13:32:45",2020
"2020-07-19 13:42:20",2020
"2020-07-19 13:51:55",2020
"2020-07-19 14:01:30",2020
"2020-07-19 14:11:04",2020
"2020-07-19 14:20:38",2020
"2020-07-19 14:30:14",2020
"2020-07-19 14:39:49",2020
"2020-07-19 14:49:23",2020
"2020-07-19 14:58:58",2020
"2020-07-19 15:08:35",2020
"2020-07-19 15:18:11",2020
"2020-07-19 15:27:47",2020
"2020-07-19 15:37:22",2020
"2020-07-19 15:46:57",2020
"2020-07-19 15:56:32",2020
"2020-07-19 16:10:00",2020
"2020-07-19 16:13:37",2020
"2020-07-19 16:25:23",2020
"2020-07-19 16:34:58",2020
"2020-07-19 16:44:34",2020
"2020-07-19 16:54:14",2020
"2020-07-19 17:03:53",2020
"2020-07-19 17:13:29",2020
"2020-07-19 17:23:04",2020
"2020-07-19 17:32:38",2020
"2020-07-19 17:42:13",2020
"2020-07-19 17:51:47",2020
"2020-07-19 18:01:21",2020
"2020-07-19 18:10:57",2020
"2020-07-19 18:20:31",2020
"2020-07-19 18:30:07",2020
"2020-07-19 18:39:42",2020
"2020-07-19 18:49:16",2020
"2020-07-19 18:58:51",2020
"2020-07-19 19:08:27",2020
"2020-07-19 19:16:02",2020
"2020-07-19 19:23:37",2020
"2020-07-19 19:31:12",2020
"2020-07-19 19:38:49",2020
"2020-07-19 19:54:02",2020
"2020-07-19 19:58:10",2020
"2020-07-19 20:01:36",2020
"2020-07-19 20:09:12",2020
"2020-07-19 20:16:47",2020
"2020-07-19 20:24:22",2020
"2020-07-19 20:31:57",2020
"2020-07-19 20:39:33",2020
"2020-07-19 20:47:09",2020
"2020-07-19 20:54:45",2020
"2020-07-19 21:02:20",2020
"2020-07-19 21:09:55",2020
"2020-07-19 21:17:29",2020
"2020-07-19 21:25:03",2020
"2020-07-19 21:32:38",2020
"2020-07-19 21:40:12",2020
"2020-07-19 21:47:46",2020
"2020-07-19 21:55:22",2020
"2020-07-19 22:02:58",2020
"2020-07-19 22:10:35",2020
"2020-07-19 22:18:10",2020
"2020-07-19 22:25:44",2020
"2020-07-19 22:33:18",2020
"2020-07-19 22:40:53",2020
"2020-07-19 22:50:31",2020
"2020-07-19 22:59:50",2020
"2020-07-19 23:03:38",2020
"2020-07-19 23:11:13",2020
"2020-07-19 23:20:47",2020
"2020-07-19 23:30:20",2020
"2020-07-19 23:39:54",2020
"2020-07-19 23:49:27",2020
"2020-07-19 23:59:03",2020
"2020-07-20 00:08:39",2020
"2020-07-20 00:18:15",2020
"2020-07-20 00:27:51",2020
"2020-07-20 00:37:26",2020
"2020-07-20 00:47:02",2020
"2020-07-20 00:56:36",2020
"2020-07-20 01:06:11",2020
"2020-07-20 01:15:46",2020
"2020-07-20 01:25:22",2020
"2020-07-20 01:34:57",2020
"2020-07-20 01:44:33",2020
"2020-07-20 01:54:10",2020
"2020-07-20 02:01:47",2020
"2020-07-20 02:09:24",2020
"2020-07-20 02:17:00",2020
"2020-07-20 02:24:36",2020
"2020-07-20 02:32:12",2020
"2020-07-20 02:39:47",2020
"2020-07-20 02:47:24",2020
"2020-07-20 02:54:59",2020
"2020-07-20 03:02:34",2020
"2020-07-20 03:10:11",2020
"2020-07-20 03:17:47",2020
"2020-07-20 03:25:23",2020
"2020-07-20 03:32:59",2020
"2020-07-20 03:40:37",2020
"2020-07-20 03:48:12",2020
"2020-07-20 03:55:47",2020
"2020-07-20 04:03:23",2020
"2020-07-20 04:10:57",2020
"2020-07-20 04:16:24",2020
"2020-07-20 04:23:58",2020
"2020-07-20 04:30:24",2020
"2020-07-20 04:38:01",2020
"2020-07-20 04:45:38",2020
"2020-07-20 04:53:18",2020
"2020-07-20 05:01:04",2020
"2020-07-20 05:08:51",2020
"2020-07-20 05:16:36",2020
"2020-07-20 05:24:21",2020
"2020-07-20 05:32:06",2020
"2020-07-20 05:39:51",2020
"2020-07-20 05:47:36",2020
"2020-07-20 05:55:21",2020
"2020-07-20 06:03:06",2020
"2020-07-20 06:10:51",2020
"2020-07-20 06:18:35",2020
"2020-07-20 06:26:20",2020
"2020-07-20 06:34:05",2020
"2020-07-20 06:41:48",2020
"2020-07-20 06:49:32",2020
"2020-07-20 06:57:16",2020
"2020-07-20 07:05:00",2020
"2020-07-20 07:12:43",2020
"2020-07-20 07:20:26",2020
"2020-07-20 07:28:09",2020
"2020-07-20 07:35:52",2020
"2020-07-20 07:43:35",2020
"2020-07-20 07:51:19",2020
"2020-07-20 07:59:02",2020
"2020-07-20 08:06:47",2020
"2020-07-20 08:14:30",2020
"2020-07-20 08:22:13",2020
"2020-07-20 08:29:54",2020
"2020-07-20 08:37:37",2020
"2020-07-20 08:45:20",2020
"2020-07-20 08:53:03",2020
"2020-07-20 09:00:48",2020
"2020-07-20 09:08:33",2020
"2020-07-20 09:16:16",2020
"2020-07-20 09:23:59",2020
"2020-07-20 09:31:43",2020
"2020-07-20 09:39:27",2020
"2020-07-20 09:47:10",2020
"2020-07-20 09:54:54",2020
"2020-07-20 10:02:39",2020
"2020-07-20 10:10:23",2020
"2020-07-20 10:18:07",2020
"2020-07-20 10:25:50",2020
"2020-07-20 10:33:35",2020
"2020-07-20 10:41:21",2020
"2020-07-20 10:49:06",2020
"2020-07-20 10:56:50",2020
"2020-07-20 11:04:37",2020
"2020-07-20 11:12:22",2020
"2020-07-20 11:20:06",2020
"2020-07-20 11:27:50",2020
"2020-07-20 11:35:33",2020
"2020-07-20 11:43:16",2020
"2020-07-20 11:50:59",2020
"2020-07-20 11:58:42",2020
"2020-07-20 12:06:28",2020
"2020-07-20 12:14:12",2020
"2020-07-20 12:21:58",2020
"2020-07-20 12:29:42",2020
"2020-07-20 12:37:27",2020
"2020-07-20 12:45:11",2020
"2020-07-20 12:52:54",2020
"2020-07-20 13:00:39",2020
"2020-07-20 13:08:24",2020
"2020-07-20 13:16:10",2020
"2020-07-20 13:23:54",2020
"2020-07-20 13:31:43",2020
"2020-07-20 13:39:30",2020
"2020-07-20 13:47:16",2020
"2020-07-20 13:55:02",2020
"2020-07-20 14:02:47",2020
"2020-07-20 14:10:32",2020
"2020-07-20 14:18:17",2020
"2020-07-20 14:26:01",2020
"2020-07-20 14:45:55",2020
"2020-07-20 15:46:17",2054
"2020-07-20 16:45:48",2057
"2020-07-20 17:45:44",2051
"2020-07-20 18:46:03",2051
"2020-07-20 19:46:17",2057
"2020-07-20 20:46:19",2059
"2020-07-20 21:46:13",2062
"2020-07-20 22:45:57",2062
"2020-07-20 23:45:57",2062
"2020-07-21 00:45:57",2062
"2020-07-21 01:46:03",2062
"2020-07-21 02:46:01",2062
"2020-07-21 03:46:07",2062
"2020-07-21 04:46:17",2062
"2020-07-21 05:46:15",2062
"2020-07-21 06:46:19",2062
"2020-07-21 07:46:13",2062
"2020-07-21 08:46:04",2062
"2020-07-21 09:45:39",2062
"2020-07-21 10:45:58",2062
"2020-07-21 11:46:01",2062
"2020-07-21 12:45:38",2062
"2020-07-21 13:45:57",2061
"2020-07-21 14:45:55",2065
"2020-07-21 15:45:43",2065
"2020-07-21 16:46:10",2068
"2020-07-21 17:46:19",2067
"2020-07-21 18:46:00",2069
"2020-07-21 19:45:40",2072
"2020-07-21 20:45:56",2078
"2020-07-21 21:45:37",2077
"2020-07-21 22:46:08",2077
"2020-07-21 23:46:16",2077
"2020-07-22 00:45:56",2077
"2020-07-22 01:45:58",2077
"2020-07-22 02:45:38",2077
"2020-07-22 03:46:15",2077
"2020-07-22 04:45:37",2077
"2020-07-22 05:45:37",2077
"2020-07-22 06:45:35",2077
"2020-07-22 07:45:35",2077
"2020-07-22 08:45:36",2077
"2020-07-22 09:45:37",2077
"2020-07-22 10:45:39",2077
"2020-07-22 11:45:36",2077
"2020-07-22 12:45:42",2077
"2020-07-22 13:45:43",2078
"2020-07-22 14:45:52",2085
"2020-07-22 15:45:40",2081
"2020-07-22 16:46:04",2082
"2020-07-22 17:45:52",2089
"2020-07-22 18:46:11",2090
"2020-07-22 19:45:35",2097
"2020-07-22 20:45:54",2101
"2020-07-22 21:45:53",2101
"2020-07-22 22:45:56",2102
"2020-07-22 23:45:35",2102
"2020-07-23 00:45:54",2102
"2020-07-23 01:45:57",2102
"2020-07-23 02:45:55",2102
"2020-07-23 03:45:59",2102
"2020-07-23 04:45:47",2102
"2020-07-23 05:46:10",2102
"2020-07-23 06:45:35",2102
"2020-07-23 07:45:40",2102
"2020-07-23 08:45:52",2102
"2020-07-23 09:45:57",2102
"2020-07-23 10:46:15",2102
"2020-07-23 11:45:59",2102
"2020-07-23 13:10:58",2102
"2020-07-23 13:46:52",2102
"2020-07-23 14:45:55",2113
"2020-07-23 15:46:10",2117
"2020-07-23 16:45:40",2117
"2020-07-23 17:45:53",2120
"2020-07-23 18:45:39",2122
"2020-07-23 19:46:10",2125
"2020-07-23 20:45:53",2131
"2020-07-23 21:45:56",2132
"2020-07-23 22:45:56",2132
"2020-07-23 23:45:39",2132
"2020-07-24 00:46:15",2132
"2020-07-24 01:45:45",2132
"2020-07-24 02:45:52",2132
"2020-07-24 03:45:58",2132
"2020-07-24 04:45:53",2132
"2020-07-24 05:46:12",2132
"2020-07-24 06:45:39",2132
"2020-07-24 07:46:14",2132
"2020-07-24 08:45:59",2132
"2020-07-24 09:46:01",2132
"2020-07-24 10:45:57",2132
"2020-07-24 11:45:55",2132
"2020-07-24 12:46:10",2132
"2020-07-24 13:45:43",2133
"2020-07-24 14:45:56",2142
"2020-07-24 15:46:15",2138
"2020-07-24 16:45:59",2137
"2020-07-24 17:45:40",2139
"2020-07-24 18:45:55",2141
"2020-07-24 19:45:51",2139
"2020-07-24 20:45:56",2139
"2020-07-24 21:45:36",2139
"2020-07-24 22:46:08",2139
"2020-07-24 23:45:58",2139
"2020-07-25 00:45:42",2139
"2020-07-25 01:45:43",2139
"2020-07-25 02:45:57",2139
"2020-07-25 03:46:02",2139
"2020-07-25 04:45:57",2139
"2020-07-25 05:46:02",2140
"2020-07-25 06:45:58",2140
"2020-07-25 07:46:21",2140
"2020-07-25 08:46:13",2140
"2020-07-25 09:46:05",2140
"2020-07-25 10:45:42",2140
"2020-07-25 11:46:16",2140
"2020-07-25 12:45:59",2140
"2020-07-25 13:46:13",2140
"2020-07-25 14:45:57",2140
"2020-07-25 15:45:58",2140
"2020-07-25 16:46:07",2140
"2020-07-25 17:46:00",2140
"2020-07-25 18:45:59",2140
"2020-07-25 19:45:44",2140
"2020-07-25 20:46:16",2140
"2020-07-25 21:46:03",2140
"2020-07-25 22:45:57",2140
"2020-07-25 23:46:01",2140
"2020-07-26 00:46:00",2140
"2020-07-26 01:46:03",2140
"2020-07-26 02:46:16",2140
"2020-07-26 03:45:57",2140
"2020-07-26 04:45:58",2140
"2020-07-26 05:45:59",2140
"2020-07-26 06:45:57",2140
"2020-07-26 07:45:58",2140
"2020-07-26 08:46:00",2140
"2020-07-26 09:46:01",2140
"2020-07-26 10:45:44",2140
"2020-07-26 11:46:02",2140
"2020-07-26 12:46:19",2140
"2020-07-26 13:46:15",2140
"2020-07-26 14:45:42",2140
"2020-07-26 15:46:08",2140
"2020-07-26 16:45:59",2140
"2020-07-26 17:45:59",2140
"2020-07-26 18:46:01",2140
"2020-07-26 19:45:59",2140
"2020-07-26 20:46:00",2140
"2020-07-26 21:46:19",2140
"2020-07-26 22:46:16",2140
"2020-07-26 23:46:00",2140
"2020-07-27 00:46:17",2140
"2020-07-27 01:46:05",2140
"2020-07-27 02:46:21",2140
"2020-07-27 03:46:23",2140
"2020-07-27 04:46:05",2140
"2020-07-27 05:46:20",2140
"2020-07-27 06:46:14",2140
"2020-07-27 07:46:11",2140
"2020-07-27 08:45:59",2140
"2020-07-27 09:46:02",2140
"2020-07-27 10:45:41",2140
"2020-07-27 11:46:12",2140
"2020-07-27 12:45:59",2140
"2020-07-27 13:46:02",2138
"2020-07-27 14:46:07",2144
"2020-07-27 15:46:06",2149
"2020-07-27 16:46:10",2150
"2020-07-27 17:46:22",2152
"2020-07-27 18:46:18",2154
"2020-07-27 19:46:00",2153
"2020-07-27 20:46:19",2153
"2020-07-27 21:46:02",2153
"2020-07-27 22:46:01",2153
"2020-07-27 23:46:11",2153
"2020-07-28 00:46:29",2153
"2020-07-28 01:46:25",2153
"2020-07-28 02:46:43",2153
"2020-07-28 03:46:10",2153
"2020-07-28 04:46:23",2153
"2020-07-28 07:08:47",2153
"2020-07-28 07:14:56",2153
"2020-07-28 07:46:13",2153
"2020-07-28 08:45:54",2153
"2020-07-28 09:45:52",2153
"2020-07-28 10:46:10",2153
"2020-07-28 11:46:08",2153
"2020-07-28 13:14:31",2153
"2020-07-28 13:46:05",2153
"2020-07-28 14:45:47",2153
"2020-07-28 15:46:00",2149
"2020-07-28 16:45:54",2149
"2020-07-28 17:45:43",2149
"2020-07-28 18:45:48",2149
"2020-07-28 19:45:57",2149
"2020-07-28 20:45:57",2148
"2020-07-28 21:45:45",2147
"2020-07-28 22:46:02",2147
"2020-07-28 23:46:22",2147
"2020-07-29 00:45:58",2147
"2020-07-29 01:46:17",2147
"2020-07-29 02:45:41",2147
"2020-07-29 03:45:58",2147
"2020-07-29 04:45:40",2147
"2020-07-29 05:46:14",2147
"2020-07-29 06:45:38",2147
"2020-07-29 07:45:58",2147
"2020-07-29 08:46:00",2147
"2020-07-29 09:46:02",2147
"2020-07-29 10:46:07",2147
"2020-07-29 11:46:13",2147
"2020-07-29 13:17:02",2146
"2020-07-29 13:46:04",2146
"2020-07-29 14:46:20",2135
"2020-07-29 15:46:31",2137
"2020-07-29 16:46:43",2140
"2020-07-29 17:46:28",2141
"2020-07-29 18:46:24",2147
"2020-07-29 19:46:20",2145
"2020-07-29 20:46:18",2146
"2020-07-29 21:46:17",2146
"2020-07-29 22:46:18",2147
"2020-07-29 23:46:22",2147
"2020-07-30 00:46:23",2147
"2020-07-30 01:46:26",2147
"2020-07-30 02:46:24",2147
"2020-07-30 03:46:17",2147
"2020-07-30 04:46:56",2147
"2020-07-30 05:46:36",2147
"2020-07-30 06:46:12",2147
"2020-07-30 07:46:15",2147
"2020-07-30 08:46:24",2147
"2020-07-30 09:46:18",2147
"2020-07-30 10:46:10",2147
"2020-07-30 11:46:19",2147
"2020-07-30 13:09:32",2147
"2020-07-30 13:46:20",2147
"2020-07-30 14:46:18",2149
"2020-07-30 15:46:17",2150
"2020-07-30 16:45:51",2148
"2020-07-30 17:46:15",2147
"2020-07-30 18:46:21",2145
"2020-07-30 19:46:16",2147
"2020-07-30 20:45:58",2147
"2020-07-30 21:46:00",2147
"2020-07-30 22:46:14",2147
"2020-07-30 23:45:50",2147
"2020-07-31 00:46:18",2147
"2020-07-31 01:45:53",2147
"2020-07-31 02:46:21",2147
"2020-07-31 03:46:01",2147
"2020-07-31 04:45:45",2147
"2020-07-31 05:45:59",2147
"2020-07-31 06:45:40",2147
"2020-07-31 07:46:02",2147
"2020-07-31 08:46:01",2147
"2020-07-31 09:46:00",2147
"2020-07-31 10:45:46",2147
"2020-07-31 11:45:40",2147
"2020-07-31 12:45:39",2147
"2020-07-31 13:46:19",2146
"2020-07-31 14:45:45",2145
"2020-07-31 15:45:57",2138
"2020-07-31 16:46:04",2144
"2020-07-31 17:45:59",2142
"2020-07-31 18:45:59",2145
"2020-07-31 19:45:59",2143
"2020-07-31 20:45:58",2139
"2020-07-31 21:45:59",2139
"2020-07-31 22:45:42",2139
"2020-07-31 23:46:10",2139
"2020-08-01 00:46:14",2139
"2020-08-01 01:45:41",2139
"2020-08-01 02:45:42",2139
"2020-08-01 03:45:58",2139
"2020-08-01 04:46:10",2139
"2020-08-01 05:46:01",2139
"2020-08-01 06:45:58",2139
"2020-08-01 07:46:14",2139
"2020-08-01 08:46:13",2139
"2020-08-01 09:46:10",2139
"2020-08-01 10:45:57",2139
"2020-08-01 11:45:55",2139
"2020-08-01 12:45:59",2139
"2020-08-01 13:45:56",2139
"2020-08-01 14:45:39",2139
"2020-08-01 15:46:25",2139
"2020-08-01 16:46:18",2139
"2020-08-01 17:45:57",2139
"2020-08-01 18:45:55",2139
"2020-08-01 19:45:56",2139
"2020-08-01 20:45:53",2139
"2020-08-01 21:45:53",2139
"2020-08-01 22:45:53",2139
"2020-08-01 23:45:59",2139
"2020-08-02 00:46:19",2139
"2020-08-02 01:45:55",2139
"2020-08-02 02:45:40",2139
"2020-08-02 03:46:17",2139
"2020-08-02 04:45:39",2139
"2020-08-02 05:46:00",2139
"2020-08-02 06:46:12",2139
"2020-08-02 07:46:10",2139
"2020-08-02 08:46:11",2139
"2020-08-02 09:46:15",2139
"2020-08-02 10:46:13",2139
"2020-08-02 11:45:40",2139
"2020-08-02 12:45:55",2139
"2020-08-02 13:45:44",2139
"2020-08-02 14:45:40",2139
"2020-08-02 15:46:20",2139
"2020-08-02 16:45:37",2139
"2020-08-02 17:45:57",2139
"2020-08-02 18:45:56",2139
"2020-08-02 19:45:57",2139
"2020-08-02 20:45:41",2139
"2020-08-02 21:45:58",2139
"2020-08-02 22:45:59",2139
"2020-08-02 23:46:02",2139
"2020-08-03 00:46:12",2139
"2020-08-03 01:45:59",2139
"2020-08-03 02:46:00",2139
"2020-08-03 03:45:57",2139
"2020-08-03 04:45:56",2139
"2020-08-03 05:46:06",2139
"2020-08-03 06:45:41",2139
"2020-08-03 07:45:55",2139
"2020-08-03 08:45:43",2139
"2020-08-03 09:46:16",2139
"2020-08-03 10:46:09",2139
"2020-08-03 11:45:52",2139
"2020-08-03 12:46:09",2139
"2020-08-03 13:46:02",2139
"2020-08-03 14:45:46",2136
"2020-08-03 15:46:17",2133
"2020-08-03 16:46:05",2131
"2020-08-03 17:45:58",2131
"2020-08-03 18:45:49",2128
"2020-08-03 19:46:03",2122
"2020-08-03 20:45:55",2122
"2020-08-03 21:45:38",2124
"2020-08-03 22:45:54",2124
"2020-08-03 23:46:06",2124
"2020-08-04 00:46:15",2124
"2020-08-04 01:46:03",2124
"2020-08-04 02:46:13",2124
"2020-08-04 03:46:10",2124
"2020-08-04 04:46:33",2124
"2020-08-04 05:45:58",2124
"2020-08-04 06:46:02",2124
"2020-08-04 07:45:46",2124
"2020-08-04 08:46:07",2124
"2020-08-04 09:45:58",2124
"2020-08-04 10:45:39",2124
"2020-08-04 11:45:53",2124
"2020-08-04 12:45:38",2124
"2020-08-04 13:46:17",2124
"2020-08-04 14:45:57",2131
"2020-08-04 15:46:00",2131
"2020-08-04 16:46:01",2128
"2020-08-04 17:46:03",2131
"2020-08-04 18:46:15",2131
"2020-08-04 19:45:52",2127
"2020-08-04 20:45:55",2130
"2020-08-04 21:45:59",2130
"2020-08-04 22:45:57",2133
"2020-08-04 23:46:20",2133
"2020-08-05 00:46:06",2133
"2020-08-05 01:46:14",2133
"2020-08-05 02:45:47",2133
"2020-08-05 03:46:16",2133
"2020-08-05 04:46:09",2133
"2020-08-05 05:46:02",2133
"2020-08-05 06:45:40",2133
"2020-08-05 07:45:45",2133
"2020-08-05 08:46:00",2133
"2020-08-05 09:46:18",2133
"2020-08-05 10:45:56",2133
"2020-08-05 11:45:57",2133
"2020-08-05 13:13:01",2133
"2020-08-05 13:46:18",2133
"2020-08-05 14:46:00",2131
"2020-08-05 15:45:45",2131
"2020-08-05 16:45:56",2139
"2020-08-05 17:45:55",2138
"2020-08-05 18:45:57",2138
"2020-08-05 19:46:11",2138
"2020-08-05 20:45:53",2143
"2020-08-05 21:45:47",2145
"2020-08-05 22:46:10",2151
"2020-08-05 23:45:59",2151
"2020-08-06 00:46:23",2151
"2020-08-06 01:46:00",2151
"2020-08-06 02:45:51",2151
"2020-08-06 03:46:02",2151
"2020-08-06 04:45:59",2151
"2020-08-06 05:46:38",2151
"2020-08-06 06:46:04",2151
"2020-08-06 07:46:17",2151
"2020-08-06 08:46:21",2151
"2020-08-06 09:45:59",2151
"2020-08-06 10:46:18",2151
"2020-08-06 11:45:55",2151
"2020-08-06 12:46:15",2151
"2020-08-06 13:45:46",2149
"2020-08-06 14:45:38",2145
"2020-08-06 15:45:56",2152
"2020-08-06 16:46:14",2160
"2020-08-06 17:45:57",2157
"2020-08-06 18:45:58",2160
"2020-08-06 19:45:56",2156
"2020-08-06 20:46:13",2153
"2020-08-06 21:45:59",2155
"2020-08-06 22:45:41",2155
"2020-08-06 23:46:20",2155
"2020-08-07 00:45:57",2155
"2020-08-07 01:46:11",2155
"2020-08-07 02:45:59",2155
"2020-08-07 03:45:55",2155
"2020-08-07 04:46:13",2155
"2020-08-07 05:46:10",2155
"2020-08-07 06:45:39",2155
"2020-08-07 07:46:09",2155
"2020-08-07 08:45:55",2155
"2020-08-07 09:45:55",2155
"2020-08-07 10:45:56",2155
"2020-08-07 11:45:38",2155
"2020-08-07 12:45:38",2155
"2020-08-07 13:45:57",2155
"2020-08-07 14:45:39",2151
"2020-08-07 15:46:13",2150
"2020-08-07 16:45:55",2151
"2020-08-07 17:45:55",2151
"2020-08-07 18:45:59",2145
"2020-08-07 19:45:39",2145
"2020-08-07 20:46:00",2146
"2020-08-07 21:45:55",2145
"2020-08-07 22:45:55",2145
"2020-08-07 23:45:56",2145
"2020-08-08 00:45:41",2145
"2020-08-08 01:46:12",2145
"2020-08-08 02:45:50",2145
"2020-08-08 03:45:37",2145
"2020-08-08 04:45:39",2145
"2020-08-08 05:45:46",2145
"2020-08-08 06:45:59",2145
"2020-08-08 07:46:00",2145
"2020-08-08 08:46:16",2145
"2020-08-08 09:45:59",2145
"2020-08-08 10:46:02",2145
"2020-08-08 11:46:02",2145
"2020-08-08 12:45:50",2145
"2020-08-08 13:46:01",2145
"2020-08-08 14:45:56",2145
"2020-08-08 15:45:56",2145
"2020-08-08 16:45:58",2145
"2020-08-08 17:45:41",2145
"2020-08-08 18:45:40",2145
"2020-08-08 19:45:58",2145
"2020-08-08 20:46:10",2145
"2020-08-08 21:45:58",2145
"2020-08-08 22:45:58",2145
"2020-08-08 23:46:07",2145
"2020-08-09 00:46:19",2145
"2020-08-09 01:46:05",2145
"2020-08-09 02:46:14",2145
"2020-08-09 03:46:16",2145
"2020-08-09 04:46:00",2145
"2020-08-09 05:46:18",2145
"2020-08-09 06:46:12",2145
"2020-08-09 07:46:01",2145
"2020-08-09 08:45:43",2145
"2020-08-09 09:46:08",2145
"2020-08-09 10:45:46",2145
"2020-08-09 11:45:42",2145
"2020-08-09 12:46:08",2145
"2020-08-09 13:46:18",2145
"2020-08-09 14:46:02",2145
"2020-08-09 15:45:58",2145
"2020-08-09 16:46:16",2145
"2020-08-09 17:45:59",2145
"2020-08-09 18:45:59",2145
"2020-08-09 19:46:15",2145
"2020-08-09 20:46:02",2145
"2020-08-09 21:45:58",2145
"2020-08-09 22:45:59",2145
"2020-08-09 23:46:00",2145
"2020-08-10 00:46:14",2145
"2020-08-10 01:46:00",2145
"2020-08-10 02:46:17",2145
"2020-08-10 03:45:58",2145
"2020-08-10 04:45:42",2145
"2020-08-10 05:46:00",2145
"2020-08-10 06:45:36",2145
"2020-08-10 07:45:38",2145
"2020-08-10 08:46:04",2145
"2020-08-10 09:45:59",2145
"2020-08-10 10:45:58",2145
"2020-08-10 11:46:00",2145
"2020-08-10 12:45:38",2145
"2020-08-10 13:46:05",2145
"2020-08-10 14:45:59",2147
"2020-08-10 15:46:17",2145
"2020-08-10 16:45:56",2145
"2020-08-10 17:46:13",2144
"2020-08-10 18:45:59",2145
"2020-08-10 19:46:12",2146
"2020-08-10 20:45:54",2148
"2020-08-10 21:46:14",2148
"2020-08-10 22:45:46",2147
"2020-08-10 23:45:46",2147
"2020-08-11 00:45:45",2147
"2020-08-11 01:46:00",2147
"2020-08-11 02:46:00",2147
"2020-08-11 03:46:16",2147
"2020-08-11 04:45:59",2147
"2020-08-11 05:46:00",2147
"2020-08-11 06:45:56",2147
"2020-08-11 07:46:12",2147
"2020-08-11 08:45:41",2147
"2020-08-11 09:45:56",2147
"2020-08-11 10:46:01",2147
"2020-08-11 11:45:44",2147
"2020-08-11 12:45:56",2147
"2020-08-11 13:46:21",2147
"2020-08-11 14:46:12",2145
"2020-08-11 15:45:58",2144
"2020-08-11 16:45:39",2144
"2020-08-11 17:46:00",2147
"2020-08-11 18:45:57",2144
"2020-08-11 19:45:40",2142
"2020-08-11 20:45:55",2140
"2020-08-11 21:46:18",2141
"2020-08-11 22:45:58",2142
"2020-08-11 23:45:58",2142
"2020-08-12 00:45:44",2142
"2020-08-12 01:46:03",2142
"2020-08-12 02:45:58",2142
"2020-08-12 03:46:09",2142
"2020-08-12 04:45:57",2142
"2020-08-12 05:46:13",2142
"2020-08-12 06:45:55",2142
"2020-08-12 07:46:14",2142
"2020-08-12 08:45:42",2142
"2020-08-12 09:46:14",2142
"2020-08-12 10:45:56",2142
"2020-08-12 11:45:55",2142
"2020-08-12 12:45:56",2142
"2020-08-12 13:45:40",2142
"2020-08-12 14:45:53",2144
"2020-08-12 15:46:10",2144
"2020-08-12 16:45:57",2135
"2020-08-12 22:45:37",2140
"2020-08-12 23:46:17",2140
"2020-08-13 00:46:02",2140
"2020-08-13 01:45:47",2140
"2020-08-13 02:45:38",2140
"2020-08-13 03:51:08",2140
"2020-08-13 04:50:02",2140
"2020-08-13 05:49:56",2140
"2020-08-13 06:53:56",2140
"2020-08-13 07:50:57",2140
"2020-08-13 08:51:08",2140
"2020-08-13 09:53:59",2140
"2020-08-13 10:52:06",2140
"2020-08-13 11:53:00",2140
"2020-08-13 12:53:00",2140
"2020-08-13 13:55:00",2141
"2020-08-13 14:52:27",2146
"2020-08-13 15:52:00",2190
"2020-08-13 16:52:26",2205
"2020-08-13 20:50:56",2225
"2020-08-13 21:49:26",2224
"2020-08-13 22:54:58",2224
