timestamp,users_holding
"2019-12-20 14:04:11",0
"2019-12-20 14:40:08",0
"2019-12-20 15:40:07",0
"2019-12-20 16:40:07",0
"2019-12-20 17:40:07",0
"2019-12-20 18:40:08",0
"2019-12-20 19:40:08",0
"2019-12-20 20:40:08",0
"2019-12-20 21:40:08",0
"2019-12-20 22:40:07",0
"2019-12-20 23:40:08",0
"2019-12-21 00:40:07",0
"2019-12-21 01:40:09",0
"2019-12-21 02:40:08",0
"2019-12-21 03:40:07",0
"2019-12-21 04:40:07",0
"2019-12-21 05:40:07",0
"2019-12-21 06:40:08",0
"2019-12-21 07:40:07",0
"2019-12-21 08:40:09",0
"2019-12-21 09:40:08",0
"2019-12-21 10:40:07",0
"2019-12-21 11:40:06",0
"2019-12-21 12:40:07",0
"2019-12-21 13:40:06",0
"2019-12-21 14:40:07",0
"2019-12-21 15:40:08",0
"2019-12-21 16:40:08",0
"2019-12-21 17:40:10",0
"2019-12-21 18:40:07",0
"2019-12-21 19:40:08",0
"2019-12-21 20:40:08",0
"2019-12-21 21:40:07",0
"2019-12-21 22:40:08",0
"2019-12-21 23:40:07",0
"2019-12-22 00:40:08",0
"2019-12-22 01:40:08",0
"2019-12-22 02:40:08",0
"2019-12-22 03:40:08",0
"2019-12-22 04:40:07",0
"2019-12-22 05:40:09",0
"2019-12-22 06:40:07",0
"2019-12-22 07:40:08",0
"2019-12-22 08:40:09",0
"2019-12-22 09:40:06",0
"2019-12-22 10:40:07",0
"2019-12-22 11:40:08",0
"2019-12-22 12:40:08",0
"2019-12-22 13:40:07",0
"2019-12-22 14:40:08",0
"2019-12-22 15:40:08",0
"2019-12-22 16:40:09",0
"2019-12-22 17:40:07",0
"2019-12-22 18:40:07",0
"2019-12-22 19:40:08",0
"2019-12-22 20:40:08",0
"2019-12-22 21:40:07",0
"2019-12-22 22:40:08",0
"2019-12-22 23:40:07",0
"2019-12-23 00:40:08",0
"2019-12-23 01:40:10",0
"2019-12-23 02:40:08",0
"2019-12-23 03:40:08",0
"2019-12-23 04:40:07",0
"2019-12-23 05:40:07",0
"2019-12-23 06:40:07",0
"2019-12-23 07:40:08",0
"2019-12-23 08:40:08",0
"2019-12-23 09:40:09",0
"2019-12-23 10:40:08",0
"2019-12-23 11:40:07",0
"2019-12-23 12:40:07",0
"2019-12-23 14:05:15",0
"2019-12-23 14:40:08",0
"2019-12-23 15:40:07",0
"2019-12-23 16:40:07",0
"2019-12-23 17:40:09",0
"2019-12-23 18:40:09",0
"2019-12-23 19:40:08",0
"2019-12-23 20:40:08",0
"2019-12-23 21:40:07",0
"2019-12-23 22:40:08",0
"2019-12-23 23:40:08",0
"2019-12-24 00:40:08",0
"2019-12-24 01:40:07",0
"2019-12-24 02:40:11",0
"2019-12-24 03:40:09",0
"2019-12-24 04:40:08",0
"2019-12-24 05:40:08",0
"2019-12-24 06:40:09",0
"2019-12-24 07:40:08",0
"2019-12-24 08:40:07",0
"2019-12-24 09:40:07",0
"2019-12-24 10:40:10",0
"2019-12-24 11:40:07",0
"2019-12-24 12:40:07",0
"2019-12-24 13:40:07",0
"2019-12-24 14:40:08",0
"2019-12-24 15:40:11",0
"2019-12-24 16:40:07",0
"2019-12-24 17:40:06",0
"2019-12-24 18:40:07",0
"2019-12-24 19:40:07",0
"2019-12-24 20:40:08",0
"2019-12-24 21:40:07",0
"2019-12-24 22:40:06",0
"2019-12-24 23:40:09",0
"2019-12-25 00:40:08",0
"2019-12-25 01:40:07",0
"2019-12-25 02:40:08",0
"2019-12-25 03:40:08",0
"2019-12-25 04:40:08",0
"2019-12-25 05:40:08",0
"2019-12-25 06:40:08",0
"2019-12-25 07:40:07",0
"2019-12-25 08:40:09",0
"2019-12-25 09:40:08",0
"2019-12-25 10:40:07",0
"2019-12-25 11:40:07",0
"2019-12-25 12:40:07",0
"2019-12-25 13:40:07",0
"2019-12-25 14:40:07",0
"2019-12-25 15:40:08",0
"2019-12-25 16:40:08",0
"2019-12-25 17:40:08",0
"2019-12-25 18:40:08",0
"2019-12-25 19:40:07",0
"2019-12-25 20:40:07",0
"2019-12-25 21:40:07",0
"2019-12-25 22:40:08",0
"2019-12-25 23:40:08",0
"2019-12-26 00:40:07",0
"2019-12-26 01:40:08",0
"2019-12-26 02:40:07",0
"2019-12-26 03:40:07",0
"2019-12-26 04:40:08",0
"2019-12-26 05:40:09",0
"2019-12-26 06:40:07",0
"2019-12-26 07:40:07",0
"2019-12-26 08:40:08",0
"2019-12-26 09:40:07",0
"2019-12-26 10:40:07",0
"2019-12-26 11:40:07",0
"2019-12-26 12:40:07",0
"2019-12-26 13:40:07",0
"2019-12-26 14:40:06",0
"2019-12-26 15:40:06",0
"2019-12-26 16:40:08",0
"2019-12-26 17:40:09",0
"2019-12-26 18:40:07",0
"2019-12-26 19:40:06",0
"2019-12-26 20:40:08",0
"2019-12-26 21:40:09",0
"2019-12-26 22:40:08",0
"2019-12-26 23:40:08",0
"2019-12-27 00:40:07",0
"2019-12-27 01:40:07",0
"2019-12-27 02:40:08",0
"2019-12-27 03:40:07",0
"2019-12-27 04:40:07",0
"2019-12-27 05:40:07",0
"2019-12-27 06:40:08",0
"2019-12-27 07:40:07",0
"2019-12-27 08:40:09",0
"2019-12-27 09:40:09",0
"2019-12-27 10:40:08",0
"2019-12-27 11:40:07",0
"2019-12-27 12:40:08",0
"2019-12-27 14:05:11",0
"2019-12-27 14:40:08",0
"2019-12-27 15:40:07",0
"2019-12-27 16:40:07",0
"2019-12-27 17:40:07",0
"2019-12-27 18:40:08",0
"2019-12-27 19:40:09",0
"2019-12-27 20:40:07",0
"2019-12-27 21:40:08",0
"2019-12-27 22:40:08",0
"2019-12-27 23:40:08",0
"2019-12-28 00:40:07",0
"2019-12-28 01:40:06",0
"2019-12-28 02:40:08",0
"2019-12-28 03:40:07",0
"2019-12-28 04:40:07",0
"2019-12-28 05:40:07",0
"2019-12-28 06:40:07",0
"2019-12-28 07:40:08",0
"2019-12-28 08:40:11",0
"2019-12-28 09:40:07",0
"2019-12-28 10:40:09",0
"2019-12-28 11:40:07",0
"2019-12-28 12:40:07",0
"2019-12-28 13:40:07",0
"2019-12-28 14:40:08",0
"2019-12-28 15:40:07",0
"2019-12-28 16:40:08",0
"2019-12-28 17:40:09",0
"2019-12-28 18:40:08",0
"2019-12-28 19:40:08",0
"2019-12-28 20:40:07",0
"2019-12-28 21:40:08",0
"2019-12-28 22:40:07",0
"2019-12-28 23:40:08",0
"2019-12-29 00:40:08",0
"2019-12-29 01:40:07",0
"2019-12-29 02:40:07",0
"2019-12-29 03:40:07",0
"2019-12-29 04:40:07",0
"2019-12-29 05:40:08",0
"2019-12-29 06:40:07",0
"2019-12-29 07:40:09",0
"2019-12-29 08:40:09",0
"2019-12-29 09:40:06",0
"2019-12-29 10:40:08",0
"2019-12-29 11:40:08",0
"2019-12-29 12:40:08",0
"2019-12-29 13:40:07",0
"2019-12-29 14:40:07",0
"2019-12-29 15:40:09",0
"2019-12-29 16:40:07",0
"2019-12-29 17:40:08",0
"2019-12-29 18:40:07",0
"2019-12-29 19:40:07",0
"2019-12-29 20:40:07",0
"2019-12-29 21:40:07",0
"2019-12-29 22:40:09",0
"2019-12-29 23:40:08",0
"2019-12-30 00:40:08",0
"2019-12-30 01:40:07",0
"2019-12-30 02:40:07",0
"2019-12-30 03:40:08",0
"2019-12-30 04:40:07",0
"2019-12-30 05:40:08",0
"2019-12-30 06:40:06",0
"2019-12-30 07:40:08",0
"2019-12-30 08:40:09",0
"2019-12-30 09:40:11",0
"2019-12-30 10:40:08",0
"2019-12-30 11:40:08",0
"2019-12-30 12:40:06",0
"2019-12-30 14:05:10",0
"2019-12-30 14:40:09",0
"2019-12-30 15:40:07",0
"2019-12-30 16:40:07",0
"2019-12-30 17:40:10",0
"2019-12-30 18:40:09",0
"2019-12-30 19:40:08",0
"2019-12-30 20:40:08",0
"2019-12-30 21:40:07",0
"2019-12-30 22:40:08",0
"2019-12-30 23:40:08",0
"2019-12-31 00:40:07",0
"2019-12-31 01:40:06",0
"2019-12-31 02:40:07",0
"2019-12-31 03:40:09",0
"2019-12-31 04:40:07",0
"2019-12-31 05:40:08",0
"2019-12-31 06:40:08",0
"2019-12-31 07:40:08",0
"2019-12-31 08:40:09",0
"2019-12-31 09:40:07",0
"2019-12-31 10:40:07",0
"2019-12-31 11:40:07",0
"2019-12-31 12:40:08",0
"2019-12-31 14:06:12",0
"2019-12-31 14:40:09",0
"2019-12-31 15:40:09",0
"2019-12-31 16:40:08",0
"2019-12-31 17:40:08",0
"2019-12-31 18:40:08",0
"2019-12-31 19:40:08",0
"2019-12-31 20:40:09",0
"2019-12-31 21:40:09",0
"2019-12-31 22:40:07",0
"2019-12-31 23:40:09",0
"2020-01-01 00:40:07",0
"2020-01-01 01:40:08",0
"2020-01-01 02:40:08",0
"2020-01-01 03:40:12",0
"2020-01-01 04:40:09",0
"2020-01-01 05:40:09",0
"2020-01-01 06:40:08",0
"2020-01-01 07:40:08",0
"2020-01-01 08:40:08",0
"2020-01-01 09:40:10",0
"2020-01-01 10:40:08",0
"2020-01-01 11:40:09",0
"2020-01-01 12:40:08",0
"2020-01-01 13:40:10",0
"2020-01-01 14:40:09",0
"2020-01-01 15:40:09",0
"2020-01-01 16:40:09",0
"2020-01-01 17:40:09",0
"2020-01-01 18:40:08",0
"2020-01-01 19:40:09",0
"2020-01-01 20:40:09",0
"2020-01-01 21:40:09",0
"2020-01-01 22:40:09",0
"2020-01-01 23:40:10",0
"2020-01-02 00:40:08",0
"2020-01-02 01:40:09",0
"2020-01-02 02:40:10",0
"2020-01-02 03:40:09",0
"2020-01-02 04:40:08",0
"2020-01-02 05:40:08",0
"2020-01-02 06:40:08",0
"2020-01-02 07:40:07",0
"2020-01-02 08:40:09",0
"2020-01-02 09:40:09",0
"2020-01-02 10:40:09",0
"2020-01-02 11:40:09",0
"2020-01-02 12:40:09",0
"2020-01-02 14:06:42",0
"2020-01-02 14:40:10",0
"2020-01-02 15:40:08",0
"2020-01-02 16:40:08",0
"2020-01-02 17:40:09",0
"2020-01-02 18:40:10",0
"2020-01-02 19:40:08",0
"2020-01-02 20:40:09",0
"2020-01-02 21:40:09",0
"2020-01-02 22:40:09",0
"2020-01-02 23:40:08",0
"2020-01-03 00:40:08",0
"2020-01-03 01:40:08",0
"2020-01-03 02:40:08",0
"2020-01-03 03:40:08",0
"2020-01-03 04:40:08",0
"2020-01-03 05:40:08",0
"2020-01-03 06:40:08",0
"2020-01-03 07:40:08",0
"2020-01-03 08:40:10",0
"2020-01-03 09:40:08",0
"2020-01-03 10:40:09",0
"2020-01-03 11:40:09",0
"2020-01-03 12:40:08",0
"2020-01-03 14:06:42",0
"2020-01-03 14:40:19",0
"2020-01-03 15:40:08",0
"2020-01-03 16:40:07",0
"2020-01-03 17:40:08",0
"2020-01-03 18:40:08",0
"2020-01-03 19:40:08",0
"2020-01-03 20:40:07",0
"2020-01-03 21:40:08",0
"2020-01-03 22:40:09",0
"2020-01-03 23:40:08",0
"2020-01-04 00:40:11",0
"2020-01-04 01:40:07",0
"2020-01-04 02:40:09",0
"2020-01-04 03:40:08",0
"2020-01-04 04:40:08",0
"2020-01-04 05:40:09",0
"2020-01-04 06:40:08",0
"2020-01-04 07:40:07",0
"2020-01-04 08:40:11",0
"2020-01-04 09:40:07",0
"2020-01-04 10:40:08",0
"2020-01-04 11:40:08",0
"2020-01-04 12:40:09",0
"2020-01-04 13:40:08",0
"2020-01-04 14:40:08",0
"2020-01-04 15:40:09",0
"2020-01-04 16:40:07",0
"2020-01-04 17:40:08",0
"2020-01-04 18:40:08",0
"2020-01-04 19:40:08",0
"2020-01-04 20:40:08",0
"2020-01-04 21:40:08",0
"2020-01-04 22:40:07",0
"2020-01-04 23:40:10",0
"2020-01-05 00:40:08",0
"2020-01-05 01:40:08",0
"2020-01-05 02:40:10",0
"2020-01-05 03:40:08",0
"2020-01-05 04:40:08",0
"2020-01-05 05:40:08",0
"2020-01-05 06:40:08",0
"2020-01-05 07:40:08",0
"2020-01-05 08:40:10",0
"2020-01-05 09:40:08",0
"2020-01-05 10:40:08",0
"2020-01-05 11:40:08",0
"2020-01-05 12:40:08",0
"2020-01-05 13:40:07",0
"2020-01-05 14:40:08",0
"2020-01-05 15:40:09",0
"2020-01-05 16:40:09",0
"2020-01-05 17:40:09",0
"2020-01-05 18:40:11",0
"2020-01-05 19:40:08",0
"2020-01-05 20:40:09",0
"2020-01-05 21:40:09",0
"2020-01-05 22:40:08",0
"2020-01-05 23:40:09",0
"2020-01-06 00:40:09",0
"2020-01-06 01:40:08",0
"2020-01-06 02:40:09",0
"2020-01-06 03:40:08",0
"2020-01-06 04:40:08",0
"2020-01-06 05:40:08",0
"2020-01-06 06:40:09",0
"2020-01-06 07:40:08",0
"2020-01-06 08:40:09",0
"2020-01-16 06:40:10",1
"2020-01-16 07:40:11",1
"2020-01-16 08:40:11",1
"2020-01-16 09:40:12",1
"2020-01-16 10:40:11",1
"2020-01-16 11:40:12",1
"2020-01-16 12:40:10",1
"2020-01-16 14:06:43",1
"2020-01-16 14:40:20",1
"2020-01-16 15:40:11",1
"2020-01-16 16:40:11",1
"2020-01-16 17:40:13",1
"2020-01-16 18:40:12",1
"2020-01-16 19:40:12",1
"2020-01-16 20:40:10",1
"2020-01-16 21:40:11",1
"2020-01-16 22:40:11",1
"2020-01-16 23:40:12",1
"2020-01-17 00:40:12",1
"2020-01-17 01:40:12",1
"2020-01-17 02:40:10",1
"2020-01-17 03:40:11",1
"2020-01-17 04:40:11",1
"2020-01-17 05:40:11",1
"2020-01-17 06:40:12",1
"2020-01-17 07:40:11",1
"2020-01-17 08:40:12",1
"2020-01-17 09:40:12",1
"2020-01-17 10:40:11",1
"2020-01-17 11:40:13",1
"2020-01-17 12:40:12",1
"2020-01-17 14:04:44",1
"2020-01-17 14:40:12",1
"2020-01-17 15:40:12",2
"2020-01-17 16:40:12",2
"2020-01-17 17:40:12",2
"2020-01-17 18:40:12",2
"2020-01-17 19:40:12",2
"2020-01-17 20:40:11",2
"2020-01-17 21:40:11",2
"2020-01-17 22:40:14",2
"2020-01-17 23:40:12",2
"2020-01-18 00:40:11",2
"2020-01-18 01:40:11",2
"2020-01-18 02:40:11",2
"2020-01-18 03:40:11",2
"2020-01-18 04:40:10",2
"2020-01-18 05:40:11",2
"2020-01-18 06:40:12",2
"2020-01-18 07:40:11",2
"2020-01-18 08:40:12",2
"2020-01-18 09:40:10",2
"2020-01-18 10:40:11",2
"2020-01-18 11:40:12",2
"2020-01-18 12:40:11",2
"2020-01-18 13:40:14",2
"2020-01-18 14:40:11",2
"2020-01-18 15:40:11",2
"2020-01-18 16:40:10",2
"2020-01-18 17:40:12",2
"2020-01-18 18:40:11",2
"2020-01-18 19:40:12",2
"2020-01-18 20:40:11",2
"2020-01-18 21:40:11",2
"2020-01-18 22:40:12",2
"2020-01-18 23:40:12",2
"2020-01-19 00:40:11",2
"2020-01-19 01:40:11",2
"2020-01-19 02:40:10",2
"2020-01-19 03:40:12",2
"2020-01-19 04:40:11",2
"2020-01-19 05:40:11",2
"2020-01-19 06:40:12",2
"2020-01-19 07:40:11",2
"2020-01-19 08:40:13",2
"2020-01-19 09:40:13",2
"2020-01-19 10:40:11",2
"2020-01-19 11:40:11",2
"2020-01-19 12:40:11",2
"2020-01-19 13:40:12",2
"2020-01-19 14:40:11",2
"2020-01-19 15:40:14",2
"2020-01-19 16:40:11",2
"2020-01-19 17:40:10",2
"2020-01-19 18:40:11",2
"2020-01-19 19:40:12",2
"2020-01-19 20:40:11",2
"2020-01-19 21:40:10",2
"2020-01-19 22:40:11",2
"2020-01-19 23:40:12",2
"2020-01-20 00:40:12",2
"2020-01-20 01:40:11",2
"2020-01-20 02:40:12",2
"2020-01-20 03:40:13",2
"2020-01-20 04:40:12",2
"2020-01-20 05:40:11",2
"2020-01-20 06:40:12",2
"2020-01-20 07:40:12",2
"2020-01-20 08:40:13",2
"2020-01-20 09:49:37",2
"2020-01-20 10:40:11",2
"2020-01-20 11:40:14",2
"2020-01-20 12:40:11",2
"2020-01-20 13:40:11",2
"2020-01-20 14:40:12",2
"2020-01-20 15:40:12",2
"2020-01-20 16:40:13",2
"2020-01-20 17:40:12",2
"2020-01-20 18:40:12",2
"2020-01-20 19:40:12",2
"2020-01-20 20:40:12",2
"2020-01-20 21:40:12",2
"2020-01-20 22:40:13",2
"2020-01-20 23:40:11",2
"2020-01-21 00:40:12",2
"2020-01-21 01:40:11",2
"2020-01-21 02:40:12",2
"2020-01-21 03:40:11",2
"2020-01-21 04:40:13",2
"2020-01-21 05:40:11",2
"2020-01-21 06:40:11",2
"2020-01-21 07:40:11",2
"2020-01-21 08:40:12",2
"2020-01-21 09:58:03",2
"2020-01-21 10:40:12",2
"2020-01-21 11:40:12",2
"2020-01-21 12:40:11",2
"2020-01-21 13:40:13",2
"2020-01-21 15:40:14",2
"2020-01-21 16:40:13",2
"2020-01-21 17:40:13",2
"2020-01-21 18:40:14",2
"2020-01-21 19:40:14",2
"2020-01-21 20:40:12",2
"2020-01-21 21:40:12",2
"2020-01-21 22:40:12",2
"2020-01-21 23:40:12",2
"2020-01-22 00:40:13",2
"2020-01-22 01:40:13",2
"2020-01-22 02:40:13",2
"2020-01-22 03:40:13",2
"2020-01-22 04:40:11",2
"2020-01-22 05:40:12",2
"2020-01-22 06:40:13",2
"2020-01-22 07:40:12",2
"2020-01-22 08:40:12",2
"2020-01-22 09:54:17",2
"2020-01-22 10:40:11",2
"2020-01-22 11:40:11",2
"2020-01-22 12:40:13",2
"2020-01-22 13:40:12",2
"2020-01-22 14:40:13",2
"2020-01-22 15:40:12",2
"2020-01-22 16:40:12",2
"2020-01-22 17:40:11",2
"2020-01-22 18:40:13",2
"2020-01-22 19:40:11",2
"2020-01-22 20:40:14",2
"2020-01-22 21:40:15",2
"2020-01-22 22:40:13",2
"2020-01-22 23:40:12",2
"2020-01-23 00:40:14",2
"2020-01-23 01:40:14",2
"2020-01-23 02:40:13",2
"2020-01-23 03:40:12",2
"2020-01-23 04:40:14",2
"2020-01-23 05:40:14",2
"2020-01-23 06:40:13",2
"2020-01-23 07:40:12",2
"2020-01-23 08:40:13",2
"2020-01-23 10:40:12",2
"2020-01-23 11:40:13",2
"2020-01-23 12:40:13",2
"2020-01-23 14:06:14",2
"2020-01-23 14:40:13",2
"2020-01-23 15:40:14",1
"2020-01-23 16:40:14",1
"2020-01-23 17:40:12",1
"2020-01-23 18:40:13",1
"2020-01-23 19:40:13",1
"2020-01-23 20:40:13",1
"2020-01-23 21:40:15",1
"2020-01-23 22:40:15",1
"2020-01-23 23:40:13",1
"2020-01-24 00:40:13",1
"2020-01-24 01:40:13",1
"2020-01-24 02:40:13",1
"2020-01-24 03:40:11",1
"2020-01-24 04:40:13",1
"2020-01-24 05:40:13",1
"2020-01-24 06:40:12",1
"2020-01-24 07:40:12",1
"2020-01-24 08:40:13",1
"2020-01-24 09:52:20",1
"2020-01-24 10:40:14",1
"2020-01-24 11:40:12",1
"2020-01-24 12:40:13",1
"2020-01-24 14:05:14",1
"2020-01-24 14:40:11",1
"2020-01-24 15:40:14",1
"2020-01-24 16:40:13",1
"2020-01-24 17:40:11",1
"2020-01-24 18:40:13",1
"2020-01-24 19:40:13",1
"2020-01-24 20:40:13",1
"2020-01-24 21:40:13",1
"2020-01-24 22:40:12",1
"2020-01-24 23:40:12",1
"2020-01-25 00:40:12",1
"2020-01-25 01:40:13",1
"2020-01-25 02:40:15",1
"2020-01-25 03:40:14",1
"2020-01-25 04:40:11",1
"2020-01-25 05:40:13",1
"2020-01-25 06:40:13",1
"2020-01-25 07:40:13",1
"2020-01-25 08:40:13",1
"2020-01-25 09:52:48",1
"2020-01-25 10:40:14",1
"2020-01-25 11:40:11",1
"2020-01-25 12:40:14",1
"2020-01-25 13:40:13",1
"2020-01-25 14:40:13",1
"2020-01-25 15:40:12",1
"2020-01-25 16:40:14",1
"2020-01-25 17:40:11",1
"2020-01-25 18:40:11",1
"2020-01-25 19:40:11",1
"2020-01-25 20:40:12",1
"2020-01-25 21:40:13",1
"2020-01-25 22:40:12",1
"2020-01-25 23:40:12",1
"2020-01-26 00:40:12",1
"2020-01-26 01:40:12",1
"2020-01-26 02:40:12",1
"2020-01-26 03:40:15",1
"2020-01-26 04:40:13",1
"2020-01-26 05:40:12",1
"2020-01-26 06:40:12",1
"2020-01-26 07:40:13",1
"2020-01-27 02:40:12",1
"2020-01-27 03:40:11",1
"2020-01-27 04:40:13",1
"2020-01-27 05:40:13",1
"2020-01-27 06:40:14",1
"2020-01-27 07:40:12",1
"2020-01-27 08:40:11",1
"2020-01-27 09:40:12",1
"2020-01-27 10:40:13",1
"2020-01-27 11:40:14",1
"2020-01-27 12:40:15",1
"2020-01-27 13:40:13",1
"2020-01-27 14:40:13",1
"2020-01-27 15:40:13",1
"2020-01-27 16:40:13",1
"2020-01-27 17:40:14",1
"2020-01-27 18:40:14",1
"2020-01-27 19:40:13",1
"2020-01-27 20:40:13",1
"2020-01-27 21:40:13",1
"2020-01-27 22:40:12",1
"2020-01-27 23:40:13",1
"2020-01-28 00:40:13",1
"2020-01-28 01:40:13",1
"2020-01-28 02:40:13",1
"2020-01-28 03:40:14",1
"2020-01-28 04:40:14",1
"2020-01-28 05:40:14",1
"2020-01-28 06:40:12",1
"2020-01-28 07:40:13",1
"2020-01-28 08:40:15",1
"2020-01-28 09:40:13",1
"2020-01-28 10:40:11",1
"2020-01-28 11:40:12",1
"2020-01-28 12:40:11",1
"2020-01-28 14:05:46",1
"2020-01-28 14:40:13",1
"2020-01-28 15:40:13",1
"2020-01-28 16:40:15",1
"2020-01-28 17:40:12",1
"2020-01-28 18:40:13",1
"2020-01-28 19:40:13",1
"2020-01-28 21:40:13",1
"2020-01-28 22:40:13",1
"2020-01-28 23:40:15",1
"2020-01-29 00:40:13",1
"2020-01-29 01:40:13",1
"2020-01-29 02:40:17",1
"2020-01-29 03:40:14",1
"2020-01-29 04:40:12",1
"2020-01-29 05:40:13",1
"2020-01-29 06:40:13",1
"2020-01-29 07:40:14",1
"2020-01-29 08:40:16",1
"2020-01-29 09:40:15",1
"2020-01-29 10:40:13",1
"2020-01-29 11:40:11",1
"2020-01-29 12:40:13",1
"2020-01-29 13:40:14",1
"2020-01-29 14:40:15",1
"2020-01-29 15:40:15",1
"2020-01-29 16:40:12",1
"2020-01-29 17:40:14",1
"2020-01-29 18:40:13",1
"2020-01-29 19:40:13",1
"2020-01-29 20:40:13",1
"2020-01-29 21:40:13",1
"2020-01-29 22:40:12",1
"2020-01-29 23:40:14",1
"2020-01-30 00:40:13",1
"2020-01-30 01:40:14",1
"2020-01-30 02:40:14",1
"2020-01-30 03:40:12",1
"2020-01-30 04:40:14",1
"2020-01-30 05:40:14",1
"2020-01-30 06:40:13",1
"2020-01-30 07:40:14",1
"2020-01-30 08:40:13",1
"2020-01-30 09:40:14",1
"2020-01-30 10:40:12",1
"2020-01-30 11:40:13",1
"2020-01-30 12:40:13",1
"2020-01-30 13:40:13",1
"2020-01-30 14:40:15",1
"2020-01-30 15:40:15",1
"2020-01-30 16:40:15",1
"2020-01-30 17:40:15",1
"2020-01-30 18:40:14",1
"2020-01-30 19:40:13",1
"2020-01-30 20:40:12",1
"2020-01-30 21:40:17",1
"2020-01-30 22:40:15",1
"2020-01-30 23:40:14",1
"2020-01-31 00:40:19",1
"2020-01-31 01:40:15",1
"2020-01-31 02:40:14",1
"2020-01-31 03:40:16",1
"2020-01-31 04:40:14",1
"2020-01-31 05:40:15",1
"2020-01-31 06:40:15",1
"2020-01-31 07:40:14",1
"2020-01-31 08:40:19",1
"2020-01-31 09:40:17",1
"2020-01-31 10:40:15",1
"2020-01-31 11:40:15",1
"2020-01-31 12:40:14",1
"2020-01-31 13:40:14",1
"2020-01-31 14:40:15",1
"2020-01-31 15:40:17",1
"2020-01-31 16:40:18",1
"2020-01-31 17:40:14",1
"2020-01-31 18:40:15",1
"2020-01-31 19:40:16",1
"2020-01-31 20:40:15",1
"2020-01-31 21:40:14",3
"2020-01-31 22:40:15",3
"2020-01-31 23:40:14",3
"2020-02-01 00:40:12",3
"2020-02-01 01:41:36",3
"2020-02-01 02:40:17",3
"2020-02-01 03:40:15",3
"2020-02-01 04:40:15",3
"2020-02-01 05:40:15",3
"2020-02-01 06:40:15",3
"2020-02-01 07:40:19",3
"2020-02-01 08:40:16",3
"2020-02-01 09:40:15",3
"2020-02-01 10:40:15",3
"2020-02-01 11:40:13",3
"2020-02-01 12:40:13",3
"2020-02-01 13:40:13",3
"2020-02-01 14:40:14",3
"2020-02-01 15:40:14",3
"2020-02-01 16:40:15",3
"2020-02-01 17:40:14",3
"2020-02-01 18:40:15",3
"2020-02-01 19:40:13",3
"2020-02-01 20:40:16",3
"2020-02-01 21:40:18",3
"2020-02-01 22:40:14",3
"2020-02-01 23:40:15",3
"2020-02-02 00:40:15",3
"2020-02-02 01:40:14",3
"2020-02-02 02:40:14",3
"2020-02-02 03:40:15",3
"2020-02-02 04:40:15",3
"2020-02-02 05:40:12",3
"2020-02-02 06:40:15",3
"2020-02-02 07:40:15",3
"2020-02-02 08:40:15",3
"2020-02-02 09:40:15",3
"2020-02-02 10:40:14",3
"2020-02-02 11:40:13",3
"2020-02-02 12:40:16",3
"2020-02-02 13:40:14",3
"2020-02-02 14:40:15",3
"2020-02-02 15:40:14",3
"2020-02-02 16:40:14",3
"2020-02-02 17:40:15",3
"2020-02-02 18:40:13",3
"2020-02-02 19:40:15",3
"2020-02-02 20:40:14",3
"2020-02-02 21:40:15",3
"2020-02-02 22:40:14",3
"2020-02-02 23:40:16",3
"2020-02-03 00:40:19",3
"2020-02-03 01:40:14",3
"2020-02-03 02:40:14",3
"2020-02-03 03:40:15",3
"2020-02-03 04:40:14",3
"2020-02-03 05:40:14",3
"2020-02-03 06:40:15",3
"2020-02-03 07:40:17",3
"2020-02-03 08:40:16",3
"2020-02-03 09:40:16",3
"2020-02-03 10:40:14",3
"2020-02-03 11:40:15",3
"2020-02-03 12:40:14",3
"2020-02-03 14:42:24",3
"2020-02-03 14:50:11",3
"2020-02-03 15:40:18",4
"2020-02-03 16:40:18",4
"2020-02-03 17:40:16",4
"2020-02-03 18:40:15",4
"2020-02-03 19:40:14",5
"2020-02-03 20:40:16",5
"2020-02-03 21:40:15",5
"2020-02-03 22:40:16",5
"2020-02-03 23:40:15",5
"2020-02-04 00:40:14",5
"2020-02-04 01:40:15",5
"2020-02-04 02:40:13",5
"2020-02-04 03:40:18",5
"2020-02-04 04:40:14",5
"2020-02-04 05:40:15",5
"2020-02-04 06:40:15",5
"2020-02-04 07:40:18",5
"2020-02-04 08:40:13",5
"2020-02-04 09:40:14",5
"2020-02-04 10:40:13",5
"2020-02-04 11:40:15",5
"2020-02-04 12:40:15",5
"2020-02-04 14:09:19",5
"2020-02-04 14:40:14",5
"2020-02-04 15:40:17",6
"2020-02-04 16:40:16",7
"2020-02-04 17:40:13",7
"2020-02-04 18:40:16",7
"2020-02-04 19:40:14",7
"2020-02-04 20:40:13",7
"2020-02-04 21:40:14",8
"2020-02-04 22:40:16",8
"2020-02-04 23:40:15",8
"2020-02-05 00:40:13",8
"2020-02-05 01:40:16",8
"2020-02-05 02:40:14",8
"2020-02-05 03:40:16",8
"2020-02-05 04:40:14",8
"2020-02-05 05:40:14",8
"2020-02-05 06:40:15",8
"2020-02-05 07:40:14",8
"2020-02-05 08:40:16",8
"2020-02-05 09:40:14",8
"2020-02-05 10:40:13",8
"2020-02-05 11:40:17",8
"2020-02-05 12:40:16",8
"2020-02-05 14:03:18",8
"2020-02-05 14:40:17",8
"2020-02-05 15:40:18",9
"2020-02-05 16:40:18",9
"2020-02-05 17:40:18",9
"2020-02-05 18:40:16",8
"2020-02-05 19:40:18",9
"2020-02-05 20:40:17",10
"2020-02-05 21:40:16",9
"2020-02-05 22:40:17",9
"2020-02-05 23:40:21",9
"2020-02-06 00:40:17",9
"2020-02-06 01:40:18",9
"2020-02-06 02:40:20",9
"2020-02-06 03:40:18",9
"2020-02-06 04:40:18",9
"2020-02-06 05:40:17",9
"2020-02-06 06:40:16",9
"2020-02-06 07:40:19",9
"2020-02-06 08:40:18",9
"2020-02-06 09:40:17",9
"2020-02-06 10:40:16",9
"2020-02-06 11:40:17",9
"2020-02-06 12:40:17",9
"2020-02-06 13:40:16",9
"2020-02-06 14:40:18",9
"2020-02-06 15:40:18",9
"2020-02-06 16:40:17",9
"2020-02-06 17:40:17",9
"2020-02-06 18:40:18",11
"2020-02-06 19:40:17",11
"2020-02-06 20:40:18",11
"2020-02-06 21:40:18",11
"2020-02-06 22:40:16",11
"2020-02-06 23:40:17",11
"2020-02-07 00:40:17",11
"2020-02-07 01:40:18",11
"2020-02-07 02:40:17",11
"2020-02-07 03:40:18",11
"2020-02-07 04:40:17",11
"2020-02-07 05:40:19",11
"2020-02-07 06:40:18",11
"2020-02-07 07:40:16",11
"2020-02-07 08:40:19",11
"2020-02-07 09:40:18",11
"2020-02-07 10:40:21",11
"2020-02-07 11:40:17",11
"2020-02-07 12:40:15",11
"2020-02-07 14:04:48",11
"2020-02-07 14:40:18",11
"2020-02-07 15:40:18",10
"2020-02-07 16:40:15",10
"2020-02-07 17:40:18",11
"2020-02-07 18:40:18",11
"2020-02-07 19:40:16",12
"2020-02-07 20:40:17",12
"2020-02-07 21:40:17",12
"2020-02-07 22:40:18",12
"2020-02-07 23:40:17",12
"2020-02-08 00:40:17",12
"2020-02-08 01:40:17",12
"2020-02-08 02:40:17",12
"2020-02-08 03:40:17",12
"2020-02-08 04:40:17",12
"2020-02-08 05:40:17",12
"2020-02-08 06:40:18",12
"2020-02-08 07:40:17",12
"2020-02-08 08:40:16",12
"2020-02-08 09:40:20",12
"2020-02-08 10:40:16",12
"2020-02-08 11:40:17",12
"2020-02-08 12:40:16",12
"2020-02-08 13:40:16",12
"2020-02-08 14:40:16",12
"2020-02-08 15:40:17",12
"2020-02-08 16:40:17",12
"2020-02-08 17:40:17",12
"2020-02-08 18:40:28",12
"2020-02-08 19:40:16",12
"2020-02-08 20:40:17",12
"2020-02-08 21:40:16",12
"2020-02-08 22:40:18",12
"2020-02-08 23:40:17",12
"2020-02-09 00:40:16",12
"2020-02-09 01:40:17",12
"2020-02-09 02:40:19",12
"2020-02-09 03:40:17",12
"2020-02-09 04:40:18",12
"2020-02-09 05:40:18",12
"2020-02-09 06:40:21",12
"2020-02-09 07:40:17",12
"2020-02-09 08:40:19",12
"2020-02-09 09:40:16",12
"2020-02-09 10:40:18",12
"2020-02-09 11:40:19",12
"2020-02-09 12:40:18",12
"2020-02-09 13:40:16",12
"2020-02-09 14:40:18",12
"2020-02-09 15:40:17",12
"2020-02-09 16:40:19",12
"2020-02-09 17:40:17",12
"2020-02-09 18:40:18",12
"2020-02-09 19:40:17",12
"2020-02-09 20:40:17",12
"2020-02-09 21:40:21",12
"2020-02-09 22:40:16",12
"2020-02-09 23:40:18",12
"2020-02-10 00:40:17",12
"2020-02-10 01:40:17",12
"2020-02-10 02:40:18",12
"2020-02-10 03:40:17",12
"2020-02-10 04:40:17",12
"2020-02-10 05:40:20",12
"2020-02-10 06:40:20",12
"2020-02-10 07:40:17",12
"2020-02-10 08:40:16",12
"2020-02-10 09:40:17",12
"2020-02-10 10:40:19",12
"2020-02-10 11:40:18",12
"2020-02-10 12:40:17",12
"2020-02-10 13:40:17",12
"2020-02-10 14:40:19",13
"2020-02-10 15:40:20",15
"2020-02-10 16:40:18",17
"2020-02-10 17:40:17",16
"2020-02-10 18:40:16",18
"2020-02-10 19:40:16",18
"2020-02-10 20:40:18",18
"2020-02-10 21:40:16",19
"2020-02-10 22:40:17",19
"2020-02-10 23:40:15",19
"2020-02-11 00:40:17",19
"2020-02-11 01:40:19",19
"2020-02-11 02:40:16",19
"2020-02-11 03:40:17",19
"2020-02-11 04:40:17",19
"2020-02-11 05:40:16",19
"2020-02-11 06:40:18",19
"2020-02-11 07:40:18",19
"2020-02-11 08:40:17",19
"2020-02-11 09:40:19",19
"2020-02-11 10:40:16",19
"2020-02-11 11:40:17",19
"2020-02-11 12:40:18",19
"2020-02-11 14:05:18",19
"2020-02-11 14:40:18",19
"2020-02-11 15:40:19",18
"2020-02-11 16:40:19",17
"2020-02-11 17:40:17",17
"2020-02-11 18:40:18",17
"2020-02-11 19:40:19",18
"2020-02-11 20:40:16",18
"2020-02-11 21:40:21",18
"2020-02-11 22:40:17",18
"2020-02-11 23:40:17",18
"2020-02-12 00:40:17",18
"2020-02-12 01:40:18",18
"2020-02-12 02:40:18",18
"2020-02-12 03:40:16",18
"2020-02-12 04:40:17",18
"2020-02-12 05:40:17",18
"2020-02-12 06:40:18",18
"2020-02-12 07:40:18",18
"2020-02-12 08:40:17",18
"2020-02-12 09:40:17",18
"2020-02-12 10:40:17",18
"2020-02-12 11:40:16",18
"2020-02-12 12:40:19",18
"2020-02-12 14:05:18",18
"2020-02-12 14:40:19",18
"2020-02-12 15:40:18",19
"2020-02-12 16:40:16",20
"2020-02-12 17:40:17",21
"2020-02-12 18:40:18",21
"2020-02-12 19:40:17",21
"2020-02-12 20:40:20",21
"2020-02-12 21:40:17",21
"2020-02-12 22:40:16",21
"2020-02-12 23:40:17",21
"2020-02-13 00:40:17",21
"2020-02-13 01:40:17",21
"2020-02-13 02:40:17",21
"2020-02-13 03:40:17",21
"2020-02-13 04:40:15",21
"2020-02-13 05:40:16",21
"2020-02-13 06:40:18",21
"2020-02-13 07:40:16",21
"2020-02-13 08:40:17",21
"2020-02-13 09:40:17",21
"2020-02-13 10:40:15",21
"2020-02-13 11:40:18",21
"2020-02-13 12:40:16",21
"2020-02-13 14:05:19",21
"2020-02-13 14:40:17",21
"2020-02-13 15:40:20",22
"2020-02-13 16:40:17",22
"2020-02-13 17:40:18",22
"2020-02-13 18:40:18",22
"2020-02-13 19:40:18",21
"2020-02-13 20:40:18",21
"2020-02-13 21:40:17",21
"2020-02-13 22:40:18",21
"2020-02-13 23:40:16",21
"2020-02-14 00:40:18",21
"2020-02-14 01:40:16",21
"2020-02-14 02:40:18",21
"2020-02-14 03:40:17",21
"2020-02-14 04:40:16",21
"2020-02-14 05:40:18",21
"2020-02-14 06:40:17",21
"2020-02-14 07:40:16",21
"2020-02-14 08:40:19",21
"2020-02-14 09:40:18",21
"2020-02-14 10:40:17",21
"2020-02-14 11:40:18",21
"2020-02-14 12:40:16",21
"2020-02-14 13:40:19",21
"2020-02-14 14:40:17",21
"2020-02-14 15:40:20",21
"2020-02-14 16:40:16",21
"2020-02-14 17:40:19",22
"2020-02-14 18:40:17",22
"2020-02-14 19:40:17",22
"2020-02-14 20:40:18",22
"2020-02-14 21:40:16",22
"2020-02-14 22:40:16",22
"2020-02-14 23:40:17",22
"2020-02-15 00:40:17",22
"2020-02-15 01:40:18",22
"2020-02-15 02:40:17",22
"2020-02-15 03:40:18",22
"2020-02-15 04:40:19",22
"2020-02-15 05:40:16",22
"2020-02-15 06:40:17",22
"2020-02-15 07:40:18",22
"2020-02-15 08:40:16",22
"2020-02-15 09:40:18",22
"2020-02-15 10:40:16",22
"2020-02-15 11:40:18",22
"2020-02-15 12:40:18",22
"2020-02-15 13:40:17",22
"2020-02-15 14:40:19",22
"2020-02-15 15:40:18",22
"2020-02-15 16:40:17",22
"2020-02-15 17:40:18",22
"2020-02-15 18:40:18",22
"2020-02-15 19:40:17",22
"2020-02-15 20:40:17",22
"2020-02-15 21:40:17",22
"2020-02-15 22:40:17",22
"2020-02-15 23:40:18",22
"2020-02-16 00:40:16",22
"2020-02-16 01:40:17",22
"2020-02-16 02:40:16",22
"2020-02-16 03:40:17",22
"2020-02-16 04:40:17",22
"2020-02-16 05:40:17",22
"2020-02-16 06:40:16",22
"2020-02-16 07:40:17",22
"2020-02-16 08:40:18",22
"2020-02-16 09:40:17",22
"2020-02-16 10:40:18",22
"2020-02-16 11:40:18",22
"2020-02-16 12:40:17",22
"2020-02-16 13:40:17",22
"2020-02-16 14:40:18",22
"2020-02-16 15:40:20",22
"2020-02-16 16:40:18",22
"2020-02-16 17:40:18",22
"2020-02-16 18:40:18",22
"2020-02-16 19:40:17",22
"2020-02-16 20:40:16",22
"2020-02-16 21:40:17",22
"2020-02-16 22:40:18",22
"2020-02-16 23:40:18",22
"2020-02-17 00:40:18",22
"2020-02-17 01:40:15",22
"2020-02-17 02:40:17",22
"2020-02-17 03:40:17",22
"2020-02-17 04:40:17",22
"2020-02-17 05:40:16",22
"2020-02-17 06:40:19",22
"2020-02-17 07:40:18",22
"2020-02-17 08:40:17",22
"2020-02-17 09:40:17",22
"2020-02-17 10:40:17",22
"2020-02-17 11:40:18",22
"2020-02-17 12:40:17",22
"2020-02-17 13:40:17",22
"2020-02-17 14:40:16",22
"2020-02-17 15:40:18",22
"2020-02-17 16:40:19",22
"2020-02-17 17:40:17",22
"2020-02-17 18:40:18",22
"2020-02-17 19:40:17",22
"2020-02-17 20:40:18",22
"2020-02-17 21:40:16",22
"2020-02-17 22:40:17",22
"2020-02-17 23:40:17",22
"2020-02-18 00:40:16",22
"2020-02-18 01:40:17",22
"2020-02-18 02:40:18",22
"2020-02-18 03:40:17",22
"2020-02-18 04:40:18",22
"2020-02-18 05:40:19",22
"2020-02-18 06:40:17",22
"2020-02-18 07:40:17",22
"2020-02-18 08:40:18",22
"2020-02-18 09:40:18",22
"2020-02-18 10:40:17",22
"2020-02-18 11:40:17",22
"2020-02-18 12:40:18",22
"2020-02-18 14:05:49",22
"2020-02-18 14:40:17",22
"2020-02-18 15:40:18",21
"2020-02-18 16:40:18",22
"2020-02-18 17:40:17",23
"2020-02-18 18:40:18",23
"2020-02-18 19:40:17",24
"2020-02-18 20:40:17",25
"2020-02-18 21:40:17",28
"2020-02-18 22:40:17",28
"2020-02-18 23:40:17",28
"2020-02-19 00:40:18",28
"2020-02-19 01:40:17",28
"2020-02-19 02:40:18",28
"2020-02-19 03:40:19",28
"2020-02-19 04:40:17",28
"2020-02-19 05:40:17",28
"2020-02-19 06:40:16",28
"2020-02-19 07:40:18",28
"2020-02-19 08:40:18",28
"2020-02-19 09:40:17",28
"2020-02-19 10:40:17",28
"2020-02-19 11:40:16",28
"2020-02-19 12:40:17",28
"2020-02-19 14:07:19",28
"2020-02-19 14:40:18",28
"2020-02-19 15:40:17",27
"2020-02-19 16:40:17",28
"2020-02-19 17:40:17",30
"2020-02-19 18:40:18",31
"2020-02-19 19:40:17",31
"2020-02-19 20:40:17",29
"2020-02-19 21:40:17",30
"2020-02-19 22:40:18",30
"2020-02-19 23:40:18",30
"2020-02-20 00:40:17",30
"2020-02-20 01:40:17",30
"2020-02-20 02:40:17",30
"2020-02-20 03:40:18",30
"2020-02-20 04:40:17",30
"2020-02-20 05:40:17",30
"2020-02-20 06:40:17",30
"2020-02-20 07:40:17",30
"2020-02-20 08:40:16",30
"2020-02-20 09:40:18",30
"2020-02-20 10:40:17",30
"2020-02-20 11:40:16",30
"2020-02-20 12:40:17",30
"2020-02-20 13:40:18",30
"2020-02-20 14:40:17",30
"2020-02-20 15:40:16",30
"2020-02-20 16:40:16",32
"2020-02-20 17:40:17",31
"2020-02-20 18:40:16",29
"2020-02-20 19:40:17",29
"2020-02-20 20:40:20",29
"2020-02-20 21:40:17",29
"2020-02-20 22:40:17",29
"2020-02-20 23:40:19",29
"2020-02-21 00:40:17",29
"2020-02-21 01:40:17",29
"2020-02-21 02:40:18",29
"2020-02-21 03:40:18",29
"2020-02-21 04:40:19",29
"2020-02-21 05:40:18",29
"2020-02-21 06:40:18",29
"2020-02-21 07:40:18",29
"2020-02-21 08:40:20",29
"2020-02-21 09:40:20",29
"2020-02-21 10:40:22",29
"2020-02-21 11:40:19",29
"2020-02-21 12:40:18",29
"2020-02-21 13:40:19",29
"2020-02-21 14:40:18",29
"2020-02-21 15:40:20",31
"2020-02-21 16:40:19",33
"2020-02-21 17:40:19",32
"2020-02-21 18:40:19",32
"2020-02-21 19:40:19",32
"2020-02-21 20:40:18",32
"2020-02-21 21:40:18",32
"2020-02-21 22:40:17",32
"2020-02-21 23:40:21",32
"2020-02-22 00:40:20",32
"2020-02-22 01:40:18",32
"2020-02-22 02:40:17",32
"2020-02-22 03:40:19",32
"2020-02-22 04:40:18",32
"2020-02-22 05:40:19",32
"2020-02-22 06:40:17",32
"2020-02-22 07:40:20",32
"2020-02-22 08:40:19",32
"2020-02-22 09:40:18",32
"2020-02-22 10:40:18",32
"2020-02-22 11:40:18",32
"2020-02-22 12:40:18",32
"2020-02-22 13:40:22",32
"2020-02-22 14:40:17",32
"2020-02-22 15:40:18",32
"2020-02-22 16:40:19",32
"2020-02-22 17:40:19",32
"2020-02-22 18:40:18",32
"2020-02-22 19:40:18",32
"2020-02-22 20:40:20",32
"2020-02-22 21:40:21",32
"2020-02-22 22:40:20",32
"2020-02-22 23:40:16",32
"2020-02-23 00:40:17",32
"2020-02-23 01:40:18",32
"2020-02-23 02:40:19",32
"2020-02-23 03:40:18",32
"2020-02-23 04:40:20",32
"2020-02-23 05:40:19",32
"2020-02-23 06:40:17",32
"2020-02-23 07:40:21",32
"2020-02-23 08:40:19",32
"2020-02-23 09:40:18",32
"2020-02-23 10:40:18",32
"2020-02-23 11:40:17",32
"2020-02-23 12:40:19",32
"2020-02-23 13:40:17",32
"2020-02-23 14:40:19",32
"2020-02-23 15:40:18",32
"2020-02-23 16:40:17",32
"2020-02-23 17:40:20",32
"2020-02-23 18:40:19",32
"2020-02-23 19:40:19",32
"2020-02-23 20:40:18",32
"2020-02-23 21:40:19",32
"2020-02-23 22:40:17",32
"2020-02-23 23:40:19",32
"2020-02-24 00:40:21",32
"2020-02-24 01:40:18",32
"2020-02-24 02:40:19",32
"2020-02-24 03:40:19",32
"2020-02-24 04:40:19",32
"2020-02-24 05:40:20",32
"2020-02-24 06:40:17",32
"2020-02-24 07:40:18",32
"2020-02-24 08:40:18",32
"2020-02-24 09:53:46",32
"2020-02-24 10:40:17",32
"2020-02-24 11:40:18",32
"2020-02-24 12:40:17",32
"2020-02-24 13:40:18",32
"2020-02-24 14:40:21",32
"2020-02-24 15:40:18",36
"2020-02-24 16:40:18",36
"2020-02-24 17:40:17",36
"2020-02-24 18:40:19",37
"2020-02-24 19:40:19",36
"2020-02-24 20:40:19",36
"2020-02-24 21:40:19",36
"2020-02-24 22:40:19",36
"2020-02-24 23:40:18",36
"2020-02-25 00:40:19",36
"2020-02-25 01:40:17",36
"2020-02-25 02:40:19",36
"2020-02-25 03:40:20",36
"2020-02-25 04:40:19",36
"2020-02-25 05:40:19",36
"2020-02-25 06:40:18",36
"2020-02-25 07:40:18",36
"2020-02-25 08:40:18",36
"2020-02-25 09:54:29",36
"2020-02-25 10:40:19",36
"2020-02-25 11:40:20",36
"2020-02-25 12:40:18",36
"2020-02-25 14:06:48",36
"2020-02-25 14:40:19",36
"2020-02-25 15:40:18",36
"2020-02-25 16:40:19",37
"2020-02-25 17:40:18",38
"2020-02-25 18:40:19",39
"2020-02-25 19:40:18",39
"2020-02-25 20:40:20",39
"2020-02-25 21:40:19",41
"2020-02-25 22:40:17",41
"2020-02-25 23:40:19",41
"2020-02-26 00:40:18",41
"2020-02-26 01:40:18",41
"2020-02-26 02:40:18",41
"2020-02-26 03:40:17",41
"2020-02-26 04:40:19",41
"2020-02-26 05:40:18",41
"2020-02-26 06:40:19",41
"2020-02-26 07:40:19",41
"2020-02-26 08:40:18",41
"2020-02-26 09:40:20",41
"2020-02-26 10:40:18",41
"2020-02-26 11:40:19",41
"2020-02-26 12:40:19",41
"2020-02-26 13:40:18",41
"2020-02-26 14:40:18",41
"2020-02-26 15:40:20",42
"2020-02-26 16:40:18",43
"2020-02-26 17:40:22",43
"2020-02-26 18:40:17",43
"2020-02-26 19:40:20",43
"2020-02-26 20:40:19",43
"2020-02-26 21:40:18",43
"2020-02-26 22:40:18",43
"2020-02-26 23:40:19",43
"2020-02-27 00:40:18",43
"2020-02-27 01:40:18",43
"2020-02-27 02:40:17",43
"2020-02-27 03:40:19",43
"2020-02-27 04:40:17",43
"2020-02-27 05:40:20",43
"2020-02-27 06:40:17",43
"2020-02-27 07:40:18",43
"2020-02-27 08:40:19",43
"2020-02-27 09:40:19",43
"2020-02-27 10:40:19",43
"2020-02-27 11:40:19",43
"2020-02-27 12:40:18",43
"2020-02-27 14:05:19",43
"2020-02-27 14:40:52",43
"2020-02-27 15:40:22",43
"2020-02-27 16:40:21",43
"2020-02-27 17:40:20",43
"2020-02-27 18:40:21",43
"2020-02-27 19:40:20",43
"2020-02-27 20:40:19",43
"2020-02-27 21:40:20",43
"2020-02-27 22:40:20",43
"2020-02-27 23:40:20",43
"2020-02-28 00:40:22",43
"2020-02-28 01:40:19",43
"2020-02-28 02:40:21",43
"2020-02-28 03:40:21",43
"2020-02-28 04:40:24",43
"2020-02-28 05:40:21",43
"2020-02-28 06:40:20",43
"2020-02-28 07:40:22",43
"2020-02-28 08:40:22",43
"2020-02-28 09:40:23",43
"2020-02-28 10:40:21",43
"2020-02-28 11:40:22",43
"2020-02-28 12:40:21",43
"2020-02-28 14:05:52",43
"2020-02-28 14:40:20",43
"2020-02-28 15:40:21",42
"2020-02-28 16:40:20",43
"2020-02-28 17:40:21",45
"2020-02-28 18:40:20",45
"2020-02-28 19:40:21",45
"2020-02-28 20:40:20",44
"2020-02-28 21:40:20",44
"2020-02-28 22:40:21",44
"2020-02-28 23:40:19",44
"2020-02-29 00:40:19",44
"2020-02-29 01:40:19",44
"2020-02-29 02:40:20",44
"2020-02-29 03:40:19",44
"2020-02-29 04:40:20",44
"2020-02-29 05:40:22",44
"2020-02-29 06:40:22",44
"2020-02-29 07:40:26",44
"2020-02-29 08:40:25",44
"2020-02-29 09:40:24",44
"2020-02-29 10:40:20",44
"2020-02-29 11:40:20",44
"2020-02-29 12:40:23",44
"2020-02-29 13:40:24",44
"2020-02-29 14:40:19",44
"2020-02-29 15:40:19",44
"2020-02-29 16:40:21",44
"2020-02-29 17:40:21",44
"2020-02-29 18:40:19",44
"2020-02-29 19:40:20",44
"2020-02-29 20:40:19",44
"2020-02-29 21:40:20",44
"2020-02-29 22:40:27",44
"2020-02-29 23:40:23",44
"2020-03-01 00:40:24",44
"2020-03-01 01:40:23",44
"2020-03-01 02:40:21",44
"2020-03-01 03:40:24",44
"2020-03-01 04:40:20",44
"2020-03-01 05:40:20",44
"2020-03-01 06:40:20",44
"2020-03-01 07:40:21",44
"2020-03-01 08:40:21",44
"2020-03-01 09:40:23",44
"2020-03-01 10:40:23",44
"2020-03-01 11:40:20",44
"2020-03-01 12:40:21",44
"2020-03-01 13:40:20",44
"2020-03-01 14:40:20",44
"2020-03-01 15:40:23",44
"2020-03-01 16:40:21",44
"2020-03-01 17:40:23",44
"2020-03-01 18:40:25",44
"2020-03-01 19:40:24",44
"2020-03-01 20:40:24",44
"2020-03-01 21:40:20",44
"2020-03-01 22:40:21",44
"2020-03-01 23:40:24",44
"2020-03-02 00:40:19",44
"2020-03-02 01:40:21",44
"2020-03-02 02:40:23",44
"2020-03-02 03:40:25",44
"2020-03-02 04:40:23",44
"2020-03-02 05:40:24",44
"2020-03-02 07:40:21",44
"2020-03-02 08:40:23",44
"2020-03-02 09:40:23",44
"2020-03-02 10:40:21",44
"2020-03-02 11:40:19",44
"2020-03-02 12:40:21",44
"2020-03-02 13:40:23",44
"2020-03-02 16:40:20",43
"2020-03-02 18:41:19",43
"2020-03-03 00:40:22",41
"2020-03-03 01:40:24",41
"2020-03-03 02:40:24",41
"2020-03-03 03:40:23",41
"2020-03-03 04:40:25",41
"2020-03-03 05:40:27",41
"2020-03-03 06:40:26",41
"2020-03-03 07:40:24",41
"2020-03-03 08:40:28",41
"2020-03-03 09:40:28",41
"2020-03-03 10:40:23",41
"2020-03-03 11:40:28",41
"2020-03-03 12:40:23",41
"2020-03-03 13:40:28",41
"2020-03-03 14:40:27",41
"2020-03-03 16:40:29",40
"2020-03-03 17:40:28",38
"2020-03-03 18:40:21",38
"2020-03-03 19:40:22",38
"2020-03-03 20:40:24",38
"2020-03-03 21:40:22",38
"2020-03-03 22:40:29",38
"2020-03-03 23:40:26",38
"2020-03-04 00:40:25",38
"2020-03-04 01:40:26",38
"2020-03-04 02:40:23",38
"2020-03-04 03:40:23",38
"2020-03-04 04:40:30",38
"2020-03-04 05:40:23",38
"2020-03-04 06:40:25",38
"2020-03-04 07:40:22",38
"2020-03-04 08:40:26",38
"2020-03-04 09:40:26",38
"2020-03-04 10:40:23",38
"2020-03-04 11:40:27",38
"2020-03-04 12:40:27",38
"2020-03-04 13:40:22",38
"2020-03-04 14:40:21",38
"2020-03-04 15:40:30",38
"2020-03-04 16:40:21",38
"2020-03-04 17:40:23",38
"2020-03-04 18:40:26",38
"2020-03-04 19:40:27",38
"2020-03-04 20:40:26",38
"2020-03-04 21:40:22",38
"2020-03-04 22:40:26",38
"2020-03-04 23:40:23",38
"2020-03-05 00:40:23",38
"2020-03-05 01:40:24",38
"2020-03-05 02:40:21",38
"2020-03-05 03:40:21",38
"2020-03-05 04:40:22",38
"2020-03-05 05:40:23",38
"2020-03-05 06:40:22",38
"2020-03-05 07:40:23",38
"2020-03-05 08:40:28",38
"2020-03-05 09:40:24",38
"2020-03-05 10:40:22",38
"2020-03-05 11:40:21",38
"2020-03-05 12:40:22",38
"2020-03-05 13:40:24",38
"2020-03-05 14:40:25",38
"2020-03-05 15:40:24",40
"2020-03-05 16:40:26",39
"2020-03-05 17:40:21",39
"2020-03-05 18:40:22",39
"2020-03-05 19:40:22",38
"2020-03-05 20:40:22",38
"2020-03-05 21:40:21",38
"2020-03-05 22:40:26",38
"2020-03-05 23:40:27",38
"2020-03-06 00:40:21",38
"2020-03-06 01:40:21",38
"2020-03-06 02:40:26",38
"2020-03-06 03:40:25",38
"2020-03-06 04:40:27",38
"2020-03-06 05:40:26",38
"2020-03-06 06:40:26",38
"2020-03-06 07:40:26",38
"2020-03-06 08:40:22",38
"2020-03-06 09:40:27",38
"2020-03-06 10:40:23",38
"2020-03-06 11:40:28",38
"2020-03-06 12:40:23",38
"2020-03-06 13:40:20",38
"2020-03-06 14:40:27",38
"2020-03-06 15:40:23",38
"2020-03-06 16:40:23",38
"2020-03-06 17:40:23",38
"2020-03-06 18:40:22",38
"2020-03-06 19:40:23",38
"2020-03-06 20:40:21",38
"2020-03-06 21:40:21",38
"2020-03-06 22:40:22",38
"2020-03-06 23:40:23",38
"2020-03-07 00:40:21",38
"2020-03-07 01:40:22",38
"2020-03-07 02:40:22",38
"2020-03-07 03:40:28",38
"2020-03-07 04:40:26",38
"2020-03-07 05:40:26",38
"2020-03-07 06:40:26",38
"2020-03-07 07:40:27",38
"2020-03-07 08:40:26",38
"2020-03-07 09:40:23",38
"2020-03-07 10:40:23",38
"2020-03-07 11:40:26",38
"2020-03-07 12:40:22",38
"2020-03-07 13:40:22",38
"2020-03-07 14:40:22",38
"2020-03-07 15:40:24",38
"2020-03-07 16:40:20",38
"2020-03-07 17:40:23",38
"2020-03-07 18:40:22",38
"2020-03-07 19:40:22",38
"2020-03-07 20:40:28",38
"2020-03-07 21:40:27",38
"2020-03-07 22:40:27",38
"2020-03-07 23:40:25",38
"2020-03-08 00:40:22",38
"2020-03-08 01:40:24",38
"2020-03-08 02:40:24",38
"2020-03-08 03:40:26",38
"2020-03-08 04:40:25",38
"2020-03-08 05:40:28",38
"2020-03-08 06:40:23",38
"2020-03-08 07:40:27",38
"2020-03-08 08:40:28",38
"2020-03-08 09:40:24",38
"2020-03-08 10:40:29",38
"2020-03-08 11:40:23",38
"2020-03-08 12:40:28",38
"2020-03-08 13:40:28",38
"2020-03-08 14:40:21",38
"2020-03-08 15:40:28",38
"2020-03-08 16:40:21",38
"2020-03-08 17:40:23",38
"2020-03-08 18:40:28",38
"2020-03-08 19:40:25",38
"2020-03-08 20:40:23",38
"2020-03-08 21:40:22",38
"2020-03-08 22:40:25",38
"2020-03-08 23:40:23",38
"2020-03-09 00:40:26",38
"2020-03-09 01:40:21",38
"2020-03-09 02:40:27",38
"2020-03-09 03:40:26",38
"2020-03-09 04:40:26",38
"2020-03-09 05:40:22",38
"2020-03-09 06:40:23",38
"2020-03-09 07:40:21",38
"2020-03-09 08:40:22",38
"2020-03-09 09:40:23",38
"2020-03-09 10:40:25",38
"2020-03-09 11:40:26",38
"2020-03-09 12:40:23",38
"2020-03-09 13:40:23",38
"2020-03-09 14:40:27",38
"2020-03-09 15:40:24",38
"2020-03-09 16:40:22",38
"2020-03-09 17:40:23",38
"2020-03-09 18:40:21",37
"2020-03-09 19:40:22",37
"2020-03-09 20:40:22",37
"2020-03-09 21:40:26",37
"2020-03-09 22:40:25",37
"2020-03-09 23:40:26",37
"2020-03-10 00:40:21",37
"2020-03-10 01:40:25",37
"2020-03-10 02:40:23",37
"2020-03-10 03:40:28",37
"2020-03-10 04:40:23",37
"2020-03-10 06:40:26",37
"2020-03-10 07:40:29",37
"2020-03-10 08:40:23",37
"2020-03-10 09:40:25",37
"2020-03-10 10:40:25",37
"2020-03-10 11:40:25",37
"2020-03-10 12:40:23",37
"2020-03-10 13:40:24",37
"2020-03-10 14:40:29",40
"2020-03-10 15:40:26",39
"2020-03-10 16:40:21",39
"2020-03-10 17:40:26",39
"2020-03-10 18:40:26",39
"2020-03-10 19:40:26",39
"2020-03-10 20:40:31",38
"2020-03-10 21:40:27",38
"2020-03-10 22:40:26",38
"2020-03-10 23:40:22",38
"2020-03-11 00:40:26",38
"2020-03-11 01:40:27",38
"2020-03-11 02:40:26",38
"2020-03-11 03:40:23",38
"2020-03-11 04:40:23",38
"2020-03-11 05:40:28",38
"2020-03-11 06:40:25",38
"2020-03-11 07:40:21",38
"2020-03-11 08:40:23",38
"2020-03-11 09:40:21",38
"2020-03-11 10:40:22",38
"2020-03-11 11:40:25",38
"2020-03-11 12:40:27",38
"2020-03-11 13:40:29",38
"2020-03-11 14:40:23",39
"2020-03-11 15:40:22",39
"2020-03-11 16:40:26",39
"2020-03-11 17:40:22",39
"2020-03-11 18:40:22",40
"2020-03-11 19:40:27",40
"2020-03-11 20:40:27",40
"2020-03-11 21:40:22",40
"2020-03-11 22:40:21",40
"2020-03-11 23:40:23",40
"2020-03-12 00:40:21",40
"2020-03-12 01:40:26",40
"2020-03-12 02:40:22",40
"2020-03-12 03:40:24",40
"2020-03-12 04:40:26",40
"2020-03-12 05:40:22",40
"2020-03-12 06:40:22",40
"2020-03-12 07:40:21",40
"2020-03-12 08:40:30",40
"2020-03-12 09:40:24",40
"2020-03-12 10:40:26",40
"2020-03-12 11:40:25",40
"2020-03-12 12:40:25",40
"2020-03-12 13:40:26",40
"2020-03-12 14:40:21",40
"2020-03-12 15:40:21",40
"2020-03-12 16:40:23",40
"2020-03-12 17:40:21",40
"2020-03-12 18:40:27",40
"2020-03-12 19:40:23",40
"2020-03-12 20:40:22",40
"2020-03-12 21:40:26",40
"2020-03-12 22:40:21",40
"2020-03-12 23:40:28",40
"2020-03-13 00:40:27",40
"2020-03-13 01:40:21",40
"2020-03-13 02:40:26",40
"2020-03-13 03:40:26",40
"2020-03-13 04:40:21",40
"2020-03-13 05:40:23",40
"2020-03-13 06:40:29",40
"2020-03-13 07:40:28",40
"2020-03-13 08:40:30",40
"2020-03-13 09:40:27",40
"2020-03-13 10:40:23",40
"2020-03-13 11:40:24",40
"2020-03-13 13:05:20",40
"2020-03-13 13:40:24",40
"2020-03-13 14:40:23",40
"2020-03-13 15:40:23",40
"2020-03-13 16:40:27",40
"2020-03-13 17:40:25",37
"2020-03-13 18:40:27",36
"2020-03-13 19:40:25",36
"2020-03-13 20:40:22",36
"2020-03-13 21:40:22",36
"2020-03-13 22:40:23",36
"2020-03-13 23:40:25",36
"2020-03-14 00:40:23",36
"2020-03-14 01:40:27",36
"2020-03-14 02:40:26",36
"2020-03-14 03:40:22",36
"2020-03-14 04:40:27",36
"2020-03-14 05:40:27",36
"2020-03-14 06:40:23",36
"2020-03-14 07:40:27",36
"2020-03-14 08:40:26",36
"2020-03-14 09:40:26",36
"2020-03-14 10:40:22",36
"2020-03-14 11:40:21",36
"2020-03-14 12:40:22",36
"2020-03-14 13:40:24",36
"2020-03-14 14:40:24",36
"2020-03-14 15:40:22",36
"2020-03-14 16:40:26",36
"2020-03-14 17:40:23",36
"2020-03-14 18:40:26",36
"2020-03-14 19:40:23",36
"2020-03-14 20:40:27",36
"2020-03-14 21:40:26",36
"2020-03-14 22:40:26",36
"2020-03-14 23:40:24",36
"2020-03-15 00:40:22",36
"2020-03-15 01:40:22",36
"2020-03-15 02:40:27",36
"2020-03-15 03:40:26",36
"2020-03-15 04:40:21",36
"2020-03-15 05:40:27",36
"2020-03-15 06:40:23",36
"2020-03-15 07:40:29",36
"2020-03-15 08:58:06",36
"2020-03-15 09:40:23",36
"2020-03-15 10:40:25",36
"2020-03-15 11:40:27",36
"2020-03-15 12:40:27",36
"2020-03-15 13:40:22",36
"2020-03-15 14:40:23",36
"2020-03-15 15:40:22",36
"2020-03-15 16:40:24",36
"2020-03-15 17:40:22",36
"2020-03-15 18:40:26",36
"2020-03-15 19:40:25",36
"2020-03-15 20:40:23",36
"2020-03-15 21:40:23",36
"2020-03-15 22:40:25",36
"2020-03-15 23:40:24",36
"2020-03-16 00:40:21",36
"2020-03-16 01:40:22",36
"2020-03-16 02:40:21",36
"2020-03-16 03:40:27",36
"2020-03-16 04:40:26",36
"2020-03-16 05:40:27",36
"2020-03-16 06:40:22",36
"2020-03-16 07:40:27",36
"2020-03-16 08:56:42",36
"2020-03-16 09:40:25",36
"2020-03-16 10:40:22",36
"2020-03-16 11:40:25",36
"2020-03-16 13:06:51",36
"2020-03-16 13:40:28",36
"2020-03-16 14:40:23",36
"2020-03-16 15:40:26",35
"2020-03-16 16:40:21",35
"2020-03-16 17:40:24",35
"2020-03-16 18:40:23",35
"2020-03-16 19:40:28",35
"2020-03-16 20:40:23",35
"2020-03-16 21:40:23",35
"2020-03-16 22:40:22",35
"2020-03-16 23:40:27",35
"2020-03-17 00:40:26",35
"2020-03-17 01:40:25",35
"2020-03-17 02:40:27",35
"2020-03-17 20:08:46",35
"2020-03-17 20:16:35",35
"2020-03-17 20:40:24",35
"2020-03-17 21:40:23",35
"2020-03-17 22:40:23",35
"2020-03-17 23:40:23",35
"2020-03-18 00:40:24",35
"2020-03-18 01:40:25",35
"2020-03-18 02:40:24",35
"2020-03-18 03:40:24",35
"2020-03-18 04:40:25",35
"2020-03-18 05:40:25",35
"2020-03-18 06:40:23",35
"2020-03-18 07:40:24",35
"2020-03-18 08:40:24",35
"2020-03-18 09:40:25",35
"2020-03-18 10:40:23",35
"2020-03-18 11:40:22",35
"2020-03-18 13:06:53",35
"2020-03-18 13:40:26",35
"2020-03-18 14:40:24",36
"2020-03-18 15:40:23",36
"2020-03-18 16:40:23",36
"2020-03-18 17:40:24",36
"2020-03-18 18:40:23",36
"2020-03-18 19:40:25",36
"2020-03-18 20:40:24",36
"2020-03-18 21:40:24",36
"2020-03-18 22:40:22",36
"2020-03-18 23:40:23",36
"2020-03-19 00:40:25",36
"2020-03-19 01:40:23",36
"2020-03-19 02:40:22",36
"2020-03-19 03:40:22",36
"2020-03-19 04:40:23",36
"2020-03-19 05:40:30",36
"2020-03-19 06:40:24",36
"2020-03-19 07:40:23",36
"2020-03-19 08:40:23",36
"2020-03-19 09:40:23",36
"2020-03-19 10:40:22",36
"2020-03-19 11:40:23",36
"2020-03-19 12:40:24",36
"2020-03-19 13:40:23",36
"2020-03-19 14:40:23",36
"2020-03-19 15:40:25",36
"2020-03-19 16:40:23",37
"2020-03-19 17:40:24",37
"2020-03-19 18:40:22",37
"2020-03-19 19:40:24",36
"2020-03-19 20:40:25",36
"2020-03-19 21:40:24",36
"2020-03-19 22:40:22",36
"2020-03-19 23:40:25",36
"2020-03-20 00:40:23",36
"2020-03-20 01:40:22",36
"2020-03-20 02:40:26",36
"2020-03-20 03:40:25",36
"2020-03-20 04:40:23",36
"2020-03-20 05:40:28",36
"2020-03-20 06:40:26",36
"2020-03-20 07:40:24",36
"2020-03-20 08:40:26",36
"2020-03-20 09:40:24",36
"2020-03-20 10:40:23",36
"2020-03-20 11:40:23",36
"2020-03-20 13:05:51",36
"2020-03-20 13:40:24",36
"2020-03-20 14:40:23",36
"2020-03-20 15:40:22",36
"2020-03-20 16:40:24",36
"2020-03-20 17:40:23",37
"2020-03-20 18:40:22",37
"2020-03-20 19:40:23",37
"2020-03-20 20:40:23",37
"2020-03-20 21:40:22",37
"2020-03-20 22:40:23",37
"2020-03-20 23:40:25",37
"2020-03-21 00:40:25",37
"2020-03-21 01:40:22",37
"2020-03-21 02:40:23",37
"2020-03-21 03:40:26",37
"2020-03-21 04:40:23",37
"2020-03-21 05:40:23",37
"2020-03-21 06:40:23",37
"2020-03-21 07:40:24",37
"2020-03-21 08:40:24",37
"2020-03-21 09:40:23",37
"2020-03-21 10:40:24",37
"2020-03-21 11:40:23",37
"2020-03-21 12:40:22",37
"2020-03-21 13:40:23",37
"2020-03-21 14:40:25",37
"2020-03-21 15:40:24",37
"2020-03-21 16:40:24",37
"2020-03-21 17:40:24",37
"2020-03-21 18:40:22",37
"2020-03-21 19:40:24",37
"2020-03-21 20:40:22",37
"2020-03-21 21:40:23",37
"2020-03-21 22:40:23",37
"2020-03-21 23:40:26",37
"2020-03-22 00:40:22",37
"2020-03-22 01:40:24",37
"2020-03-22 02:40:23",37
"2020-03-22 03:40:25",37
"2020-03-22 04:40:23",37
"2020-03-22 05:40:23",37
"2020-03-22 06:40:24",37
"2020-03-22 07:40:26",37
"2020-03-22 09:12:31",37
"2020-03-22 09:40:23",37
"2020-03-22 10:40:24",37
"2020-03-22 11:40:22",37
"2020-03-22 12:40:24",37
"2020-03-22 21:50:24",37
"2020-03-22 22:40:23",37
"2020-03-22 23:40:23",37
"2020-03-23 00:40:31",37
"2020-03-23 01:40:30",37
"2020-03-23 02:40:22",37
"2020-03-23 03:40:25",37
"2020-03-23 04:40:23",37
"2020-03-23 05:40:26",37
"2020-03-23 06:40:23",37
"2020-03-23 07:40:23",37
"2020-03-23 08:40:24",37
"2020-03-23 09:40:25",37
"2020-03-23 10:40:22",37
"2020-03-23 11:40:23",37
"2020-03-23 13:05:20",37
"2020-03-23 13:40:27",37
"2020-03-23 14:40:24",37
"2020-03-23 15:40:27",37
"2020-03-23 16:40:24",37
"2020-03-23 17:40:23",37
"2020-03-23 18:40:23",37
"2020-03-23 19:40:24",37
"2020-03-23 20:40:24",37
"2020-03-23 21:40:23",37
"2020-03-23 22:40:23",37
"2020-03-23 23:40:27",37
"2020-03-24 00:40:22",37
"2020-03-24 01:40:23",37
"2020-03-24 02:40:23",37
"2020-03-24 03:40:22",37
"2020-03-24 04:40:24",37
"2020-03-24 05:40:26",37
"2020-03-24 06:40:25",37
"2020-03-24 07:40:24",37
"2020-03-24 08:40:23",37
"2020-03-24 09:40:23",37
"2020-03-24 10:40:24",37
"2020-03-24 11:40:24",37
"2020-03-24 12:40:22",37
"2020-03-24 13:40:25",37
"2020-03-24 14:40:29",37
"2020-03-24 15:40:25",37
"2020-03-24 16:40:27",37
"2020-03-24 17:40:25",36
"2020-03-24 18:40:24",36
"2020-03-24 19:40:23",36
"2020-03-24 20:40:22",36
"2020-03-24 21:40:22",36
"2020-03-24 22:40:24",36
"2020-03-24 23:40:25",36
"2020-03-25 00:40:22",36
"2020-03-25 01:40:22",36
"2020-03-25 02:40:22",36
"2020-03-25 03:40:21",36
"2020-03-25 04:40:22",36
"2020-03-25 06:40:24",36
"2020-03-25 07:40:24",36
"2020-03-25 08:40:23",36
"2020-03-25 09:40:23",36
"2020-03-25 10:40:22",36
"2020-03-25 11:40:23",36
"2020-03-25 12:40:23",36
"2020-03-25 13:40:24",36
"2020-03-25 14:40:25",37
"2020-03-25 15:40:25",37
"2020-03-25 16:40:24",37
"2020-03-25 17:40:22",37
"2020-03-25 18:40:22",37
"2020-03-25 19:40:22",38
"2020-03-25 20:40:23",37
"2020-03-25 21:40:22",37
"2020-03-25 22:40:22",37
"2020-03-25 23:40:22",37
"2020-03-26 02:03:39",37
"2020-03-26 02:40:25",37
"2020-03-26 03:40:24",37
"2020-03-26 04:40:24",37
"2020-03-26 05:40:24",37
"2020-03-26 06:40:23",37
"2020-03-26 07:40:24",37
"2020-03-26 08:40:22",37
"2020-03-26 09:40:25",37
"2020-03-26 10:40:22",37
"2020-03-26 11:40:22",37
"2020-03-26 12:40:22",37
"2020-03-26 13:40:22",37
"2020-03-26 14:40:23",35
"2020-03-26 15:40:23",34
"2020-03-26 16:40:22",34
"2020-03-26 17:40:23",34
"2020-03-26 18:40:22",34
"2020-03-26 19:40:22",34
"2020-03-26 20:40:22",34
"2020-03-26 21:40:22",34
"2020-03-26 22:40:21",34
"2020-03-26 23:40:24",34
"2020-03-27 00:40:24",34
"2020-03-27 01:40:23",34
"2020-03-27 02:40:24",34
"2020-03-27 03:40:22",34
"2020-03-27 04:40:23",34
"2020-03-27 05:40:22",34
"2020-03-27 06:40:23",34
"2020-03-27 07:40:25",34
"2020-03-27 08:40:29",34
"2020-03-27 09:40:27",34
"2020-03-27 10:40:23",34
"2020-03-27 11:40:22",34
"2020-03-27 12:40:22",34
"2020-03-27 13:40:23",34
"2020-03-27 14:40:22",34
"2020-03-27 15:40:23",34
"2020-03-27 16:40:23",34
"2020-03-27 17:40:23",34
"2020-03-27 18:40:24",34
"2020-03-27 19:40:22",34
"2020-03-27 20:40:22",34
"2020-03-27 21:40:24",34
"2020-03-27 22:40:23",34
"2020-03-27 23:40:24",34
"2020-03-28 00:40:24",34
"2020-03-28 01:40:21",34
"2020-03-28 02:40:23",34
"2020-03-28 03:40:22",34
"2020-03-28 04:40:22",34
"2020-03-28 05:40:25",34
"2020-03-28 06:40:25",34
"2020-03-28 07:40:23",34
"2020-03-28 08:40:25",34
"2020-03-28 09:40:24",34
"2020-03-28 10:40:25",34
"2020-03-28 11:40:23",34
"2020-03-28 12:40:24",34
"2020-03-28 13:40:24",34
"2020-03-28 14:40:24",34
"2020-03-28 15:40:23",34
"2020-03-28 16:40:23",34
"2020-03-28 17:40:23",34
"2020-03-28 18:40:23",34
"2020-03-28 19:40:23",34
"2020-03-28 20:40:22",34
"2020-03-28 21:40:23",34
"2020-03-28 22:40:25",34
"2020-03-28 23:40:24",34
"2020-03-29 00:40:23",34
"2020-03-29 01:40:25",34
"2020-03-29 02:40:26",34
"2020-03-29 03:40:29",34
"2020-03-29 04:40:25",34
"2020-03-29 05:40:25",34
"2020-03-29 06:40:28",34
"2020-03-29 07:40:24",34
"2020-03-29 08:40:24",34
"2020-03-29 09:40:25",34
"2020-03-29 10:40:25",34
"2020-03-29 11:40:23",34
"2020-03-29 12:40:22",34
"2020-03-29 13:40:22",34
"2020-03-29 14:40:21",34
"2020-03-29 15:40:23",34
"2020-03-29 16:40:23",34
"2020-03-29 17:40:25",34
"2020-03-29 18:40:23",34
"2020-03-29 19:40:23",34
"2020-03-29 20:40:23",34
"2020-03-29 21:40:25",34
"2020-03-29 22:40:24",34
"2020-03-29 23:40:23",34
"2020-03-30 00:40:24",34
"2020-03-30 01:40:24",34
"2020-03-30 02:40:25",34
"2020-03-30 03:40:24",34
"2020-03-30 04:40:27",34
"2020-03-30 05:40:23",34
"2020-03-30 06:40:23",34
"2020-03-30 07:40:28",34
"2020-03-30 08:40:23",34
"2020-03-30 09:40:23",34
"2020-03-30 10:40:22",34
"2020-03-30 11:40:23",34
"2020-03-30 12:40:23",34
"2020-03-30 13:40:24",34
"2020-03-30 14:40:23",34
"2020-03-30 15:40:25",34
"2020-03-30 16:40:23",34
"2020-03-30 17:40:24",34
"2020-03-30 18:40:24",34
"2020-03-30 19:40:24",34
"2020-03-30 20:40:22",34
"2020-03-30 21:40:24",34
"2020-03-30 22:40:24",34
"2020-03-30 23:40:23",34
"2020-03-31 00:40:23",34
"2020-03-31 01:40:24",34
"2020-03-31 02:40:23",34
"2020-03-31 03:40:23",34
"2020-03-31 04:40:23",34
"2020-03-31 05:40:23",34
"2020-03-31 06:40:23",34
"2020-03-31 07:40:24",34
"2020-03-31 08:40:24",34
"2020-03-31 09:40:26",34
"2020-03-31 10:40:24",34
"2020-03-31 11:40:48",34
"2020-03-31 13:04:21",34
"2020-03-31 13:40:24",34
"2020-03-31 14:40:26",34
"2020-03-31 15:40:24",34
"2020-03-31 16:40:26",34
"2020-03-31 17:40:23",35
"2020-03-31 18:40:27",36
"2020-03-31 19:40:23",38
"2020-03-31 20:40:24",38
"2020-03-31 21:40:22",38
"2020-03-31 22:40:24",38
"2020-03-31 23:40:24",38
"2020-04-01 00:40:25",38
"2020-04-01 01:40:24",38
"2020-04-01 02:40:23",38
"2020-04-01 03:40:25",38
"2020-04-01 04:40:25",38
"2020-04-01 05:40:25",38
"2020-04-01 06:40:24",38
"2020-04-01 07:40:25",38
"2020-04-01 08:40:24",38
"2020-04-01 09:40:24",38
"2020-04-01 10:40:24",38
"2020-04-01 11:40:25",38
"2020-04-01 13:07:23",38
"2020-04-01 13:40:27",38
"2020-04-01 14:40:29",38
"2020-04-01 15:40:28",38
"2020-04-01 16:40:28",38
"2020-04-01 17:40:25",38
"2020-04-01 18:40:25",37
"2020-04-01 19:40:25",37
"2020-04-01 20:40:26",37
"2020-04-01 21:40:25",37
"2020-04-01 22:40:25",37
"2020-04-01 23:40:26",37
"2020-04-02 00:40:26",37
"2020-04-02 01:40:28",37
"2020-04-02 02:40:27",37
"2020-04-02 03:40:27",37
"2020-04-02 04:40:26",37
"2020-04-02 05:40:25",37
"2020-04-02 06:40:26",37
"2020-04-02 07:40:28",37
"2020-04-02 08:40:29",37
"2020-04-02 09:40:27",37
"2020-04-02 10:40:26",37
"2020-04-02 11:40:26",37
"2020-04-02 13:08:22",37
"2020-04-02 13:40:29",37
"2020-04-02 14:40:26",37
"2020-04-02 15:40:29",37
"2020-04-02 16:40:24",37
"2020-04-02 17:40:24",37
"2020-04-02 18:40:28",37
"2020-04-02 19:40:25",37
"2020-04-02 20:40:28",36
"2020-04-02 21:40:30",36
"2020-04-02 22:40:28",36
"2020-04-02 23:40:26",36
"2020-04-03 00:40:26",36
"2020-04-03 01:40:28",36
"2020-04-03 02:40:26",36
"2020-04-03 03:40:24",36
"2020-04-03 04:40:27",36
"2020-04-03 05:40:28",36
"2020-04-03 06:40:28",36
"2020-04-03 08:40:27",36
"2020-04-03 09:40:25",36
"2020-04-03 10:40:27",36
"2020-04-03 11:40:26",36
"2020-04-03 13:09:23",36
"2020-04-03 13:40:31",36
"2020-04-03 14:40:27",36
"2020-04-03 15:40:28",36
"2020-04-03 16:40:27",36
"2020-04-03 17:40:27",36
"2020-04-03 18:40:28",36
"2020-04-03 19:40:24",36
"2020-04-03 20:40:27",36
"2020-04-03 21:40:25",36
"2020-04-03 22:40:29",36
"2020-04-03 23:40:26",36
"2020-04-04 00:40:25",36
"2020-04-04 01:40:28",36
"2020-04-04 02:40:25",36
"2020-04-04 03:40:26",36
"2020-04-04 04:40:26",36
"2020-04-04 05:40:26",36
"2020-04-04 06:40:28",36
"2020-04-04 07:40:29",36
"2020-04-04 08:40:28",36
"2020-04-04 09:40:27",36
"2020-04-04 10:40:25",36
"2020-04-04 11:40:26",36
"2020-04-04 12:40:27",36
"2020-04-04 13:40:26",36
"2020-04-04 14:40:28",36
"2020-04-04 15:40:25",36
"2020-04-04 16:40:26",36
"2020-04-04 17:40:25",36
"2020-04-04 18:40:26",36
"2020-04-04 19:40:28",36
"2020-04-04 20:40:26",36
"2020-04-04 21:40:24",36
"2020-04-04 22:40:28",36
"2020-04-04 23:40:26",36
"2020-04-05 00:40:31",36
"2020-04-05 01:40:26",36
"2020-04-05 02:40:24",36
"2020-04-05 03:40:25",36
"2020-04-05 04:40:27",36
"2020-04-05 05:40:28",36
"2020-04-05 06:40:30",36
"2020-04-05 07:40:27",36
"2020-04-05 08:40:26",36
"2020-04-05 09:40:25",36
"2020-04-05 10:40:29",36
"2020-04-05 11:40:27",36
"2020-04-05 12:40:25",36
"2020-04-05 13:40:27",36
"2020-04-05 14:40:26",36
"2020-04-05 15:40:26",36
"2020-04-05 16:40:28",36
"2020-04-05 17:40:25",36
"2020-04-05 18:40:25",36
"2020-04-05 19:40:25",36
"2020-04-05 20:40:26",36
"2020-04-05 21:40:26",36
"2020-04-05 22:40:26",36
"2020-04-05 23:40:25",36
"2020-04-06 00:40:24",36
"2020-04-06 01:40:26",36
"2020-04-06 02:40:28",36
"2020-04-06 03:40:28",36
"2020-04-06 04:40:28",36
"2020-04-06 05:40:26",36
"2020-04-06 06:40:26",36
"2020-04-06 07:40:26",36
"2020-04-06 08:40:27",36
"2020-04-06 09:40:28",36
"2020-04-06 10:40:26",36
"2020-04-06 11:40:24",36
"2020-04-06 12:40:25",36
"2020-04-06 13:40:27",36
"2020-04-06 14:40:24",36
"2020-04-06 15:40:26",35
"2020-04-06 16:40:26",35
"2020-04-06 17:40:25",35
"2020-04-06 18:40:32",35
"2020-04-06 19:40:26",35
"2020-04-06 20:40:24",36
"2020-04-06 21:40:24",36
"2020-04-06 22:40:25",36
"2020-04-06 23:40:26",36
"2020-04-07 00:40:25",36
"2020-04-07 01:40:25",36
"2020-04-07 02:40:24",36
"2020-04-07 03:40:26",36
"2020-04-07 04:40:25",36
"2020-04-07 05:40:24",36
"2020-04-07 06:40:25",36
"2020-04-07 07:40:27",36
"2020-04-07 08:40:26",36
"2020-04-07 09:40:25",36
"2020-04-07 10:40:24",36
"2020-04-07 11:40:24",36
"2020-04-07 12:40:25",36
"2020-04-07 13:40:25",36
"2020-04-07 14:40:27",36
"2020-04-07 15:40:25",36
"2020-04-07 16:40:25",36
"2020-04-07 17:40:24",36
"2020-04-07 18:40:25",36
"2020-04-07 19:40:24",36
"2020-04-07 20:40:26",36
"2020-04-07 21:40:26",36
"2020-04-07 22:40:25",36
"2020-04-07 23:40:24",36
"2020-04-08 00:40:25",36
"2020-04-08 01:40:24",36
"2020-04-08 02:40:24",36
"2020-04-08 03:40:25",36
"2020-04-08 04:40:24",36
"2020-04-08 05:40:25",36
"2020-04-08 06:40:25",36
"2020-04-08 07:40:27",36
"2020-04-08 08:40:25",36
"2020-04-08 09:40:29",36
"2020-04-08 10:40:25",36
"2020-04-08 11:40:25",36
"2020-04-08 12:40:25",36
"2020-04-08 13:40:25",36
"2020-04-08 14:40:24",36
"2020-04-08 15:40:26",37
"2020-04-08 16:40:24",37
"2020-04-08 17:40:25",37
"2020-04-08 18:40:24",35
"2020-04-08 19:40:25",36
"2020-04-08 20:40:27",36
"2020-04-08 21:40:26",36
"2020-04-08 22:40:24",36
"2020-04-08 23:40:24",36
"2020-04-09 00:40:24",36
"2020-04-09 01:40:26",36
"2020-04-09 02:40:25",36
"2020-04-09 03:40:24",36
"2020-04-09 04:40:26",36
"2020-04-09 05:40:25",36
"2020-04-09 06:40:26",36
"2020-04-09 07:40:23",36
"2020-04-09 08:40:24",36
"2020-04-09 09:40:24",36
"2020-04-09 10:40:24",36
"2020-04-09 11:40:24",36
"2020-04-09 12:40:25",36
"2020-04-09 13:40:27",36
"2020-04-09 14:40:25",37
"2020-04-09 15:40:24",38
"2020-04-09 16:40:25",38
"2020-04-09 17:40:26",39
"2020-04-09 18:40:25",38
"2020-04-09 19:40:26",39
"2020-04-09 20:40:25",39
"2020-04-09 21:40:27",39
"2020-04-09 22:40:25",39
"2020-04-09 23:40:25",39
"2020-04-10 00:40:25",39
"2020-04-10 01:40:25",39
"2020-04-10 02:40:26",39
"2020-04-10 03:40:27",39
"2020-04-10 04:40:25",39
"2020-04-10 05:40:26",39
"2020-04-10 06:40:26",39
"2020-04-10 07:40:25",39
"2020-04-10 08:40:26",39
"2020-04-10 09:40:27",39
"2020-04-10 10:40:28",39
"2020-04-10 11:40:26",39
"2020-04-10 12:40:26",39
"2020-04-10 13:40:25",39
"2020-04-10 14:40:26",39
"2020-04-10 15:40:26",39
"2020-04-10 16:40:26",39
"2020-04-10 17:40:28",39
"2020-04-10 18:40:26",39
"2020-04-10 19:40:27",39
"2020-04-10 20:40:30",39
"2020-04-10 21:40:25",39
"2020-04-10 22:40:24",39
"2020-04-10 23:40:24",39
"2020-04-11 00:40:25",39
"2020-04-11 01:40:25",39
"2020-04-11 02:40:24",39
"2020-04-11 03:40:24",39
"2020-04-11 04:40:25",39
"2020-04-11 05:40:26",39
"2020-04-11 06:40:24",39
"2020-04-11 07:40:24",39
"2020-04-11 08:40:23",39
"2020-04-11 09:40:23",39
"2020-04-11 10:40:24",39
"2020-04-11 11:40:23",39
"2020-04-11 12:40:23",39
"2020-04-11 13:40:25",39
"2020-04-11 14:40:24",39
"2020-04-11 15:40:24",39
"2020-04-11 16:40:24",39
"2020-04-11 17:40:24",39
"2020-04-11 18:40:25",39
"2020-04-11 19:40:24",39
"2020-04-11 20:40:24",39
"2020-04-11 21:40:24",39
"2020-04-11 22:40:24",39
"2020-04-11 23:40:24",39
"2020-04-12 00:40:24",39
"2020-04-12 01:40:24",39
"2020-04-12 02:40:24",39
"2020-04-12 03:40:23",39
"2020-04-12 04:40:25",39
"2020-04-12 05:40:24",39
"2020-04-12 06:40:24",39
"2020-04-12 07:40:25",39
"2020-04-12 08:40:24",39
"2020-04-12 09:40:25",39
"2020-04-12 10:40:24",39
"2020-04-12 11:40:24",39
"2020-04-12 12:40:23",39
"2020-04-12 13:40:25",39
"2020-04-12 14:40:26",39
"2020-04-12 15:40:24",39
"2020-04-12 16:40:24",39
"2020-04-12 17:40:24",39
"2020-04-12 18:40:24",39
"2020-04-12 19:40:24",39
"2020-04-12 20:40:25",39
"2020-04-12 21:40:24",39
"2020-04-12 22:40:24",39
"2020-04-12 23:40:25",39
"2020-04-13 00:40:26",39
"2020-04-13 01:40:25",39
"2020-04-13 02:40:24",39
"2020-04-13 03:40:29",39
"2020-04-13 04:40:25",39
"2020-04-13 05:40:25",39
"2020-04-13 06:40:24",39
"2020-04-13 07:40:23",39
"2020-04-13 08:40:24",39
"2020-04-13 09:40:24",39
"2020-04-13 10:40:24",39
"2020-04-13 11:40:26",39
"2020-04-13 13:06:23",39
"2020-04-13 13:40:24",39
"2020-04-13 14:40:24",37
"2020-04-13 15:40:25",37
"2020-04-13 16:40:25",37
"2020-04-13 17:40:25",37
"2020-04-13 18:40:24",37
"2020-04-13 19:40:25",36
"2020-04-13 20:40:25",36
"2020-04-13 21:40:25",36
"2020-04-13 22:40:26",36
"2020-04-13 23:40:24",36
"2020-04-14 00:40:27",36
"2020-04-14 01:40:25",36
"2020-04-14 02:40:26",36
"2020-04-14 03:40:25",36
"2020-04-14 04:40:25",36
"2020-04-14 05:40:27",36
"2020-04-14 06:40:25",36
"2020-04-14 07:40:24",36
"2020-04-14 08:40:25",36
"2020-04-14 09:40:25",36
"2020-04-14 10:40:24",36
"2020-04-14 11:40:25",36
"2020-04-14 12:40:24",36
"2020-04-14 13:40:25",36
"2020-04-14 14:40:25",36
"2020-04-14 15:40:25",36
"2020-04-14 16:40:26",36
"2020-04-14 17:40:24",36
"2020-04-14 18:40:25",36
"2020-04-14 19:40:25",36
"2020-04-14 20:40:24",36
"2020-04-14 21:40:25",36
"2020-04-14 22:40:25",36
"2020-04-14 23:40:26",36
"2020-04-15 00:40:25",36
"2020-04-15 01:40:25",36
"2020-04-15 02:40:25",36
"2020-04-15 03:40:26",36
"2020-04-15 04:40:25",36
"2020-04-15 05:40:25",36
"2020-04-15 06:40:25",36
"2020-04-15 07:40:25",36
"2020-04-15 08:40:25",36
"2020-04-15 09:40:24",36
"2020-04-15 10:40:24",36
"2020-04-15 11:40:24",36
"2020-04-15 13:09:24",36
"2020-04-15 13:40:28",36
"2020-04-15 14:40:24",36
"2020-04-15 15:40:24",36
"2020-04-15 16:40:26",36
"2020-04-15 17:40:24",36
"2020-04-15 18:40:25",36
"2020-04-15 19:40:25",35
"2020-04-15 20:40:26",35
"2020-04-15 21:40:25",35
"2020-04-15 22:40:26",35
"2020-04-15 23:40:25",35
"2020-04-16 00:40:27",35
"2020-04-16 01:40:27",35
"2020-04-16 02:40:27",35
"2020-04-16 03:40:26",35
"2020-04-16 04:40:28",35
"2020-04-16 05:40:26",35
"2020-04-16 06:40:26",35
"2020-04-16 07:40:25",35
"2020-04-16 08:40:25",35
"2020-04-16 09:40:25",35
"2020-04-16 10:40:24",35
"2020-04-16 11:40:25",35
"2020-04-16 12:40:26",35
"2020-04-16 13:40:28",35
"2020-04-16 14:40:26",36
"2020-04-16 15:40:28",36
"2020-04-16 16:40:27",36
"2020-04-16 17:40:27",36
"2020-04-16 18:40:27",36
"2020-04-16 19:40:26",36
"2020-04-16 20:40:27",36
"2020-04-16 21:40:28",36
"2020-04-16 22:40:26",36
"2020-04-16 23:40:28",36
"2020-04-17 00:40:29",36
"2020-04-17 01:40:27",36
"2020-04-17 02:40:27",36
"2020-04-17 03:40:26",36
"2020-04-17 04:40:25",36
"2020-04-17 05:40:26",36
"2020-04-17 06:40:28",36
"2020-04-17 07:40:31",36
"2020-04-17 08:40:27",36
"2020-04-17 09:40:26",36
"2020-04-17 10:40:25",36
"2020-04-17 11:40:25",36
"2020-04-17 13:06:25",36
"2020-04-17 13:40:27",36
"2020-04-17 14:40:26",36
"2020-04-17 15:40:26",37
"2020-04-17 16:40:25",39
"2020-04-17 17:40:27",39
"2020-04-17 18:40:27",39
"2020-04-17 19:40:27",39
"2020-04-17 20:40:27",40
"2020-04-17 21:40:26",40
"2020-04-17 22:40:26",40
"2020-04-17 23:40:27",40
"2020-04-18 00:40:27",40
"2020-04-18 01:40:26",40
"2020-04-18 02:40:26",40
"2020-04-18 03:40:26",40
"2020-04-18 04:40:27",40
"2020-04-18 05:40:26",40
"2020-04-18 06:40:27",40
"2020-04-18 07:40:26",40
"2020-04-18 08:40:26",40
"2020-04-18 09:40:25",40
"2020-04-18 10:40:26",40
"2020-04-18 11:40:25",40
"2020-04-18 12:40:25",40
"2020-04-18 13:40:27",40
"2020-04-18 14:40:26",40
"2020-04-18 15:40:26",40
"2020-04-18 16:40:26",40
"2020-04-18 17:40:26",40
"2020-04-18 18:40:26",40
"2020-04-18 19:40:24",40
"2020-04-18 20:40:26",40
"2020-04-18 21:40:26",40
"2020-04-18 22:40:26",40
"2020-04-18 23:40:27",40
"2020-04-19 00:40:27",40
"2020-04-19 01:40:27",40
"2020-04-19 02:40:28",40
"2020-04-19 03:40:28",40
"2020-04-19 04:40:30",40
"2020-04-19 05:40:27",40
"2020-04-19 06:40:26",40
"2020-04-19 07:40:29",40
"2020-04-19 08:40:25",40
"2020-04-19 09:40:26",40
"2020-04-19 10:40:26",40
"2020-04-19 11:40:25",40
"2020-04-19 12:40:24",40
"2020-04-19 13:40:28",40
"2020-04-19 14:40:25",40
"2020-04-19 15:40:25",40
"2020-04-19 16:40:27",40
"2020-04-19 17:40:28",40
"2020-04-19 18:40:26",40
"2020-04-19 19:40:25",40
"2020-04-19 20:40:25",40
"2020-04-19 21:40:29",40
"2020-04-19 22:40:28",40
"2020-04-19 23:40:28",40
"2020-04-20 00:40:27",40
"2020-04-20 01:40:28",40
"2020-04-20 02:40:28",40
"2020-04-20 03:40:30",40
"2020-04-20 04:40:28",40
"2020-04-20 05:40:34",40
"2020-04-20 06:40:28",40
"2020-04-20 07:40:25",40
"2020-04-20 08:40:26",40
"2020-04-20 09:40:26",40
"2020-04-20 10:40:26",40
"2020-04-20 11:40:26",40
"2020-04-20 12:40:27",40
"2020-04-20 13:40:29",40
"2020-04-20 14:40:27",40
"2020-04-20 15:40:27",40
"2020-04-20 16:40:28",40
"2020-04-20 17:40:27",41
"2020-04-20 18:40:28",42
"2020-04-20 20:40:32",43
"2020-04-20 21:40:30",43
"2020-04-20 22:40:31",43
"2020-04-20 23:40:28",43
"2020-04-21 00:40:27",43
"2020-04-21 01:40:27",43
"2020-04-21 02:40:28",43
"2020-04-21 03:40:31",43
"2020-04-21 04:40:34",43
"2020-04-21 05:40:33",43
"2020-04-21 06:40:31",43
"2020-04-21 07:40:26",43
"2020-04-21 08:40:26",43
"2020-04-21 09:40:26",43
"2020-04-21 10:40:26",43
"2020-04-21 11:40:26",43
"2020-04-21 12:40:25",43
"2020-04-21 13:40:27",43
"2020-04-21 14:40:29",47
"2020-04-21 15:40:26",47
"2020-04-21 16:40:26",47
"2020-04-21 17:40:27",47
"2020-04-21 18:40:27",48
"2020-04-21 19:40:26",49
"2020-04-21 20:40:27",49
"2020-04-21 21:40:28",49
"2020-04-21 22:40:28",49
"2020-04-21 23:40:26",49
"2020-04-22 00:40:27",49
"2020-04-22 01:40:28",49
"2020-04-22 02:40:27",49
"2020-04-22 03:40:25",49
"2020-04-22 04:40:26",49
"2020-04-22 05:40:27",49
"2020-04-22 06:40:28",49
"2020-04-22 07:40:26",49
"2020-04-22 08:40:25",49
"2020-04-22 09:40:26",49
"2020-04-22 10:40:28",49
"2020-04-22 11:40:24",49
"2020-04-22 12:40:26",49
"2020-04-22 13:40:25",49
"2020-04-22 14:40:26",52
"2020-04-22 15:40:25",52
"2020-04-22 16:40:27",51
"2020-04-22 17:40:29",50
"2020-04-22 18:40:27",50
"2020-04-22 19:40:26",50
"2020-04-22 20:40:26",49
"2020-04-22 21:40:27",49
"2020-04-22 22:40:27",49
"2020-04-22 23:40:27",49
"2020-04-23 00:40:26",49
"2020-04-23 01:40:26",49
"2020-04-23 02:40:28",49
"2020-04-23 03:40:28",49
"2020-04-23 04:40:27",49
"2020-04-23 05:40:26",49
"2020-04-23 06:40:26",49
"2020-04-23 07:40:27",49
"2020-04-23 08:40:26",49
"2020-04-23 09:40:25",49
"2020-04-23 10:40:25",49
"2020-04-23 11:40:27",49
"2020-04-23 12:40:26",49
"2020-04-23 13:40:27",49
"2020-04-23 14:40:27",48
"2020-04-23 15:40:27",48
"2020-04-23 16:40:28",48
"2020-04-23 17:40:26",48
"2020-04-23 18:40:27",48
"2020-04-23 19:40:27",48
"2020-04-23 20:40:28",47
"2020-04-23 21:40:29",47
"2020-04-23 22:40:26",47
"2020-04-23 23:40:27",47
"2020-04-24 00:40:29",47
"2020-04-24 01:40:32",47
"2020-04-24 02:40:27",47
"2020-04-24 03:40:29",47
"2020-04-24 04:40:27",47
"2020-04-24 05:40:27",47
"2020-04-24 06:40:27",47
"2020-04-24 07:40:26",47
"2020-04-24 08:40:28",47
"2020-04-24 09:40:26",47
"2020-04-24 10:40:26",47
"2020-04-24 11:40:26",47
"2020-04-24 13:07:26",47
"2020-04-24 13:40:30",47
"2020-04-24 14:40:29",47
"2020-04-24 15:40:28",47
"2020-04-24 16:40:27",47
"2020-04-24 17:40:28",47
"2020-04-24 18:40:28",48
"2020-04-24 19:40:28",48
"2020-04-24 20:40:30",48
"2020-04-24 21:40:28",48
"2020-04-24 22:40:30",48
"2020-04-24 23:40:28",48
"2020-04-25 00:40:32",48
"2020-04-25 01:40:30",48
"2020-04-25 02:40:29",48
"2020-04-25 03:40:28",48
"2020-04-25 04:40:29",48
"2020-04-25 05:40:28",48
"2020-04-25 06:40:28",48
"2020-04-25 07:40:27",48
"2020-04-25 08:40:28",48
"2020-04-25 09:40:27",48
"2020-04-25 10:40:27",48
"2020-04-25 11:40:28",48
"2020-04-25 12:40:27",48
"2020-04-25 13:40:31",48
"2020-04-25 14:40:27",48
"2020-04-25 15:40:27",48
"2020-04-25 16:40:27",48
"2020-04-25 17:40:28",48
"2020-04-25 18:40:27",48
"2020-04-25 19:40:28",48
"2020-04-25 20:40:28",48
"2020-04-25 21:40:27",48
"2020-04-25 22:40:28",48
"2020-04-25 23:40:28",48
"2020-04-26 00:40:26",48
"2020-04-26 01:40:28",48
"2020-04-26 02:40:27",48
"2020-04-26 03:40:28",48
"2020-04-26 04:40:27",48
"2020-04-26 05:40:29",48
"2020-04-26 06:40:30",48
"2020-04-26 07:40:27",48
"2020-04-26 08:40:27",48
"2020-04-26 09:40:27",48
"2020-04-26 10:40:26",48
"2020-04-26 11:40:29",48
"2020-04-26 12:40:27",48
"2020-04-26 13:40:26",48
"2020-04-26 14:40:26",48
"2020-04-26 15:40:27",48
"2020-04-26 16:40:27",48
"2020-04-26 17:40:27",48
"2020-04-26 18:40:28",48
"2020-04-26 19:40:30",48
"2020-04-26 20:40:27",48
"2020-04-26 21:40:27",48
"2020-04-26 22:40:27",48
"2020-04-26 23:40:29",48
"2020-04-27 00:40:30",48
"2020-04-27 01:40:29",48
"2020-04-27 02:40:27",48
"2020-04-27 03:40:29",48
"2020-04-27 04:40:30",48
"2020-04-27 05:40:28",48
"2020-04-27 06:40:27",48
"2020-04-27 07:40:28",48
"2020-04-27 08:40:28",48
"2020-04-27 09:40:27",48
"2020-04-27 10:40:26",48
"2020-04-27 11:40:25",48
"2020-04-27 12:40:26",48
"2020-04-27 13:40:29",48
"2020-04-27 14:40:28",48
"2020-04-27 15:40:27",50
"2020-04-27 16:40:26",50
"2020-04-27 17:40:27",50
"2020-04-27 18:40:27",51
"2020-04-27 19:40:27",50
"2020-04-27 20:40:27",50
"2020-04-27 21:40:29",50
"2020-04-27 22:40:28",50
"2020-04-27 23:40:29",50
"2020-04-28 00:40:30",50
"2020-04-28 01:40:28",50
"2020-04-28 02:40:29",50
"2020-04-28 03:40:29",50
"2020-04-28 04:40:34",50
"2020-04-28 05:40:26",50
"2020-04-28 06:40:28",50
"2020-04-28 07:40:29",50
"2020-04-28 08:40:27",50
"2020-04-28 09:40:27",50
"2020-04-28 10:40:26",50
"2020-04-28 11:40:27",50
"2020-04-28 12:40:27",50
"2020-04-28 13:40:27",50
"2020-04-28 14:40:30",49
"2020-04-28 15:40:28",49
"2020-04-28 16:40:27",49
"2020-04-28 17:40:29",49
"2020-04-28 18:40:29",49
"2020-04-28 19:40:27",49
"2020-04-28 20:40:27",50
"2020-04-28 21:40:27",50
"2020-04-28 22:40:28",50
"2020-04-28 23:40:28",50
"2020-04-29 00:40:29",50
"2020-04-29 01:40:32",50
"2020-04-29 02:40:29",50
"2020-04-29 03:40:27",50
"2020-04-29 04:40:30",50
"2020-04-29 05:40:27",50
"2020-04-29 06:40:27",50
"2020-04-29 07:40:27",50
"2020-04-29 08:40:27",50
"2020-04-29 09:40:28",50
"2020-04-29 10:40:30",50
"2020-04-29 11:40:26",50
"2020-04-29 13:05:24",50
"2020-04-29 13:40:28",50
"2020-04-29 14:40:27",50
"2020-04-29 15:40:26",50
"2020-04-29 16:40:28",51
"2020-04-29 17:40:28",50
"2020-04-29 18:40:29",49
"2020-04-29 19:40:29",49
"2020-04-29 20:40:27",50
"2020-04-29 21:40:29",50
"2020-04-29 22:40:30",50
"2020-04-29 23:40:30",50
"2020-04-30 00:40:29",50
"2020-04-30 01:40:28",50
"2020-04-30 02:40:32",50
"2020-04-30 03:40:31",50
"2020-04-30 04:40:30",50
"2020-04-30 05:40:28",50
"2020-04-30 06:40:28",50
"2020-04-30 07:40:27",50
"2020-04-30 08:40:28",50
"2020-04-30 09:40:26",50
"2020-04-30 10:40:27",50
"2020-04-30 11:40:27",50
"2020-04-30 12:40:27",50
"2020-04-30 13:40:31",50
"2020-04-30 14:40:33",51
"2020-04-30 15:40:28",51
"2020-04-30 16:40:29",52
"2020-04-30 17:40:43",52
"2020-04-30 18:40:31",52
"2020-04-30 20:40:31",53
"2020-04-30 21:40:31",53
"2020-04-30 22:40:30",53
"2020-04-30 23:40:30",53
"2020-05-01 00:40:31",53
"2020-05-01 01:40:31",53
"2020-05-01 02:40:30",53
"2020-05-01 03:40:30",53
"2020-05-01 04:40:30",53
"2020-05-01 05:40:31",53
"2020-05-01 06:40:29",53
"2020-05-01 07:40:31",53
"2020-05-01 08:40:30",53
"2020-05-01 09:40:29",53
"2020-05-01 10:40:28",53
"2020-05-01 11:40:29",53
"2020-05-01 13:06:27",53
"2020-05-01 13:40:33",53
"2020-05-01 14:40:29",55
"2020-05-01 15:40:30",55
"2020-05-01 16:40:34",54
"2020-05-01 17:40:31",54
"2020-05-01 18:40:31",54
"2020-05-01 19:40:30",55
"2020-05-01 20:40:29",55
"2020-05-01 21:40:32",55
"2020-05-01 22:40:30",55
"2020-05-01 23:40:29",55
"2020-05-02 00:40:31",55
"2020-05-02 01:40:32",55
"2020-05-02 02:40:32",55
"2020-05-02 03:40:31",55
"2020-05-02 04:40:30",55
"2020-05-02 05:40:32",55
"2020-05-02 06:40:30",55
"2020-05-02 07:40:34",55
"2020-05-02 08:40:30",55
"2020-05-02 09:40:31",55
"2020-05-02 10:40:29",55
"2020-05-02 11:40:29",55
"2020-05-02 12:40:29",55
"2020-05-02 13:40:30",55
"2020-05-02 14:40:32",55
"2020-05-02 15:40:29",55
"2020-05-02 16:40:33",55
"2020-05-02 17:40:30",55
"2020-05-02 18:40:31",55
"2020-05-02 19:40:29",55
"2020-05-02 20:40:29",55
"2020-05-02 21:40:29",55
"2020-05-02 22:40:29",55
"2020-05-02 23:40:32",55
"2020-05-03 00:40:30",55
"2020-05-03 01:40:32",55
"2020-05-03 02:40:32",55
"2020-05-03 03:40:31",55
"2020-05-03 04:40:33",55
"2020-05-03 05:40:31",55
"2020-05-03 06:40:30",55
"2020-05-03 07:40:32",55
"2020-05-03 08:40:33",55
"2020-05-03 09:40:32",55
"2020-05-03 10:40:31",55
"2020-05-03 11:40:30",55
"2020-05-03 12:40:29",55
"2020-05-03 13:40:30",55
"2020-05-03 14:40:31",55
"2020-05-03 15:40:31",55
"2020-05-03 16:40:31",55
"2020-05-03 17:40:32",55
"2020-05-03 18:40:30",55
"2020-05-03 19:40:34",55
"2020-05-03 20:40:32",55
"2020-05-03 21:40:30",55
"2020-05-03 22:40:31",55
"2020-05-03 23:40:32",55
"2020-05-04 00:40:32",55
"2020-05-04 01:40:32",55
"2020-05-04 02:40:31",55
"2020-05-04 03:40:31",55
"2020-05-04 04:40:29",55
"2020-05-04 05:40:32",55
"2020-05-04 06:40:30",55
"2020-05-04 09:27:31",55
"2020-05-04 10:46:27",55
"2020-05-04 10:54:18",55
"2020-05-04 11:01:53",55
"2020-05-04 11:40:33",55
"2020-05-04 13:05:27",55
"2020-05-04 13:40:32",55
"2020-05-04 14:40:31",55
"2020-05-04 15:40:31",63
"2020-05-04 16:40:32",63
"2020-05-04 17:40:30",62
"2020-05-04 18:40:30",62
"2020-05-04 19:40:32",62
"2020-05-04 20:40:33",62
"2020-05-04 21:40:33",62
"2020-05-04 22:40:30",62
"2020-05-04 23:40:30",62
"2020-05-05 00:40:30",62
"2020-05-05 01:40:32",62
"2020-05-05 02:40:30",62
"2020-05-05 03:40:32",62
"2020-05-05 04:40:30",62
"2020-05-05 05:40:30",62
"2020-05-05 06:40:31",62
"2020-05-05 07:40:31",62
"2020-05-05 08:40:34",62
"2020-05-05 09:40:29",62
"2020-05-05 10:40:30",62
"2020-05-05 11:40:32",62
"2020-05-05 12:40:30",62
"2020-05-05 13:40:31",62
"2020-05-05 14:40:29",62
"2020-05-05 15:40:30",62
"2020-05-05 16:40:31",62
"2020-05-05 17:40:30",62
"2020-05-05 18:40:30",62
"2020-05-05 19:40:32",63
"2020-05-05 20:40:31",63
"2020-05-05 21:40:30",63
"2020-05-05 22:40:29",63
"2020-05-05 23:40:33",63
"2020-05-06 00:40:31",63
"2020-05-06 01:40:31",63
"2020-05-06 02:40:30",63
"2020-05-06 03:40:29",63
"2020-05-06 04:40:30",63
"2020-05-06 05:40:32",63
"2020-05-06 06:40:30",63
"2020-05-06 17:41:00",69
"2020-05-06 18:40:32",69
"2020-05-06 19:40:31",69
"2020-05-06 20:40:31",69
"2020-05-06 21:40:33",69
"2020-05-06 22:40:32",69
"2020-05-06 23:40:31",69
"2020-05-07 00:40:34",69
"2020-05-07 01:40:31",69
"2020-05-07 02:40:28",69
"2020-05-07 03:40:30",69
"2020-05-07 04:40:31",69
"2020-05-07 05:40:31",69
"2020-05-07 06:40:31",69
"2020-05-07 08:40:32",69
"2020-05-07 09:40:31",69
"2020-05-07 10:40:32",69
"2020-05-07 11:40:31",69
"2020-05-07 12:40:32",69
"2020-05-07 13:40:31",69
"2020-05-07 14:40:33",69
"2020-05-07 15:40:30",70
"2020-05-07 16:40:31",71
"2020-05-07 17:40:29",71
"2020-05-07 18:40:29",71
"2020-05-07 19:40:32",70
"2020-05-07 20:40:30",70
"2020-05-07 21:40:30",70
"2020-05-07 22:40:30",70
"2020-05-07 23:40:31",70
"2020-05-08 00:40:32",70
"2020-05-08 01:40:29",70
"2020-05-08 02:40:29",70
"2020-05-08 03:40:30",70
"2020-05-08 04:40:29",70
"2020-05-08 05:40:30",70
"2020-05-08 06:40:29",70
"2020-05-08 07:40:31",70
"2020-05-08 08:40:31",70
"2020-05-08 09:40:33",70
"2020-05-08 10:40:31",70
"2020-05-08 11:40:30",70
"2020-05-08 13:05:27",70
"2020-05-08 13:40:32",70
"2020-05-08 14:40:32",72
"2020-05-08 15:40:32",73
"2020-05-08 16:40:34",73
"2020-05-08 17:40:32",74
"2020-05-08 18:40:34",76
"2020-05-08 19:40:31",76
"2020-05-08 20:40:32",76
"2020-05-08 21:40:31",76
"2020-05-08 22:40:32",76
"2020-05-08 23:40:32",76
"2020-05-09 00:40:31",76
"2020-05-09 01:40:34",76
"2020-05-09 02:40:32",76
"2020-05-09 03:40:33",76
"2020-05-09 04:40:31",76
"2020-05-09 05:40:33",76
"2020-05-09 06:40:32",76
"2020-05-09 07:40:30",76
"2020-05-09 08:40:32",76
"2020-05-09 09:40:31",76
"2020-05-09 10:40:31",76
"2020-05-09 11:40:30",76
"2020-05-09 12:40:31",76
"2020-05-09 13:40:32",76
"2020-05-09 14:40:32",76
"2020-05-09 15:40:32",76
"2020-05-09 16:40:30",76
"2020-05-09 17:40:32",76
"2020-05-09 18:40:31",76
"2020-05-09 19:40:31",76
"2020-05-09 20:40:31",76
"2020-05-09 21:40:31",76
"2020-05-09 22:40:32",76
"2020-05-09 23:40:33",76
"2020-05-10 00:40:33",76
"2020-05-10 01:40:32",76
"2020-05-10 02:40:34",76
"2020-05-10 03:40:34",76
"2020-05-10 04:40:33",76
"2020-05-10 05:40:32",76
"2020-05-10 06:40:32",76
"2020-05-10 07:40:33",76
"2020-05-10 08:40:32",76
"2020-05-10 09:40:34",76
"2020-05-10 10:40:31",76
"2020-05-10 11:40:32",76
"2020-05-10 12:40:32",76
"2020-05-10 13:40:32",76
"2020-05-10 14:40:31",76
"2020-05-10 15:40:32",76
"2020-05-10 16:40:35",76
"2020-05-10 17:40:32",76
"2020-05-10 18:40:33",76
"2020-05-10 19:40:32",76
"2020-05-10 20:40:32",76
"2020-05-10 21:40:32",76
"2020-05-10 22:40:31",76
"2020-05-10 23:40:33",76
"2020-05-11 00:40:33",76
"2020-05-11 01:40:31",76
"2020-05-11 02:40:32",76
"2020-05-11 03:40:34",76
"2020-05-11 04:40:32",76
"2020-05-11 05:40:34",76
"2020-05-11 06:40:31",76
"2020-05-11 07:40:32",76
"2020-05-11 08:40:33",76
"2020-05-11 09:42:51",76
"2020-05-11 10:40:32",76
"2020-05-11 11:40:31",76
"2020-05-11 13:04:27",76
"2020-05-11 13:40:33",76
"2020-05-11 14:40:33",76
"2020-05-11 15:40:33",76
"2020-05-11 16:40:32",76
"2020-05-11 17:40:32",77
"2020-05-11 18:40:31",77
"2020-05-11 19:40:31",77
"2020-05-11 20:40:31",77
"2020-05-11 21:40:31",77
"2020-05-11 22:40:30",77
"2020-05-11 23:40:32",77
"2020-05-12 00:40:32",77
"2020-05-12 01:40:31",77
"2020-05-12 02:40:31",77
"2020-05-12 03:40:30",77
"2020-05-12 04:40:30",77
"2020-05-12 05:40:32",77
"2020-05-12 06:40:34",77
"2020-05-12 07:40:31",77
"2020-05-12 08:40:32",77
"2020-05-12 09:40:31",77
"2020-05-12 10:40:31",77
"2020-05-12 11:40:31",77
"2020-05-12 13:10:27",77
"2020-05-12 17:40:30",82
"2020-05-12 18:40:31",82
"2020-05-12 19:40:32",83
"2020-05-12 20:40:32",82
"2020-05-12 21:40:34",82
"2020-05-12 22:40:30",82
"2020-05-12 23:40:31",82
"2020-05-13 00:40:33",82
"2020-05-13 01:40:31",82
"2020-05-13 02:40:32",82
"2020-05-13 03:40:33",82
"2020-05-13 06:40:32",82
"2020-05-13 07:40:33",82
"2020-05-13 08:40:32",82
"2020-05-13 09:40:30",82
"2020-05-13 10:40:31",82
"2020-05-13 11:40:30",82
"2020-05-13 12:40:30",82
"2020-05-13 13:40:30",82
"2020-05-13 14:40:31",81
"2020-05-13 15:40:31",81
"2020-05-13 16:40:35",82
"2020-05-13 17:40:31",82
"2020-05-13 18:40:33",82
"2020-05-13 19:40:32",82
"2020-05-13 20:40:32",82
"2020-05-13 21:40:30",82
"2020-05-13 22:40:32",82
"2020-05-13 23:40:31",82
"2020-05-14 00:40:31",82
"2020-05-14 01:40:31",82
"2020-05-14 02:40:31",82
"2020-05-14 03:40:31",82
"2020-05-14 04:40:31",82
"2020-05-14 05:40:34",82
"2020-05-14 06:40:31",82
"2020-05-14 07:40:32",82
"2020-05-14 08:40:32",82
"2020-05-14 09:40:31",82
"2020-05-14 10:40:31",82
"2020-05-14 11:40:31",82
"2020-05-14 12:40:32",82
"2020-05-14 13:40:33",83
"2020-05-14 14:40:32",83
"2020-05-14 15:40:30",82
"2020-05-14 16:40:31",82
"2020-05-14 17:40:31",82
"2020-05-14 18:40:33",84
"2020-05-14 19:40:31",84
"2020-05-14 20:40:31",86
"2020-05-14 21:40:32",86
"2020-05-14 22:40:32",86
"2020-05-14 23:40:32",86
"2020-05-15 00:40:34",86
"2020-05-15 01:40:59",86
"2020-05-15 02:40:33",86
"2020-05-15 03:40:33",86
"2020-05-15 04:40:33",86
"2020-05-15 05:40:31",86
"2020-05-15 06:40:33",86
"2020-05-15 07:40:32",86
"2020-05-15 08:40:32",86
"2020-05-15 09:40:34",86
"2020-05-15 10:40:30",86
"2020-05-15 11:40:31",86
"2020-05-15 12:40:33",86
"2020-05-15 13:40:33",86
"2020-05-15 14:40:31",85
"2020-05-15 15:40:32",85
"2020-05-15 16:40:32",87
"2020-05-15 17:40:34",87
"2020-05-15 18:40:32",87
"2020-05-15 19:40:33",88
"2020-05-15 20:40:33",87
"2020-05-15 21:40:32",87
"2020-05-15 22:40:32",87
"2020-05-15 23:40:31",87
"2020-05-16 00:40:33",87
"2020-05-16 01:40:35",87
"2020-05-16 02:40:36",87
"2020-05-16 03:40:33",87
"2020-05-16 04:40:33",87
"2020-05-16 05:40:32",87
"2020-05-16 06:40:34",87
"2020-05-16 07:40:34",87
"2020-05-16 08:40:32",87
"2020-05-16 09:40:33",87
"2020-05-16 10:40:31",87
"2020-05-16 11:40:31",87
"2020-05-16 12:40:33",87
"2020-05-16 13:40:31",87
"2020-05-16 14:40:32",87
"2020-05-16 15:40:34",87
"2020-05-16 16:40:35",87
"2020-05-16 17:40:32",87
"2020-05-16 18:40:32",87
"2020-05-16 19:40:31",87
"2020-05-16 20:40:32",87
"2020-05-16 21:40:31",87
"2020-05-16 22:40:33",87
"2020-05-16 23:40:32",87
"2020-05-17 00:40:32",87
"2020-05-17 01:40:32",87
"2020-05-18 08:04:51",87
"2020-05-18 08:12:00",87
"2020-05-18 08:12:11",87
"2020-05-18 08:12:33",87
"2020-05-18 08:13:03",87
"2020-05-18 08:13:09",87
"2020-05-18 08:13:19",87
"2020-05-18 08:22:07",87
"2020-05-18 08:22:12",87
"2020-05-18 08:23:52",87
"2020-05-18 11:42:09",87
"2020-05-18 11:49:47",87
"2020-05-18 11:57:23",87
"2020-05-18 12:05:00",87
"2020-05-18 13:04:58",87
"2020-05-18 13:40:35",87
"2020-05-18 14:40:33",87
"2020-05-18 15:40:36",88
"2020-05-18 16:40:37",88
"2020-05-18 17:40:33",88
"2020-05-18 18:40:34",87
"2020-05-18 19:40:33",88
"2020-05-18 20:40:33",88
"2020-05-18 21:40:36",88
"2020-05-18 22:40:35",88
"2020-05-18 23:40:35",88
"2020-05-19 00:40:44",88
"2020-05-19 01:40:32",88
"2020-05-19 02:40:33",88
"2020-05-19 03:40:33",88
"2020-05-19 04:40:35",88
"2020-05-19 05:40:33",88
"2020-05-19 06:40:33",88
"2020-05-19 07:40:33",88
"2020-05-19 08:40:35",88
"2020-05-19 09:40:38",88
"2020-05-19 10:40:32",88
"2020-05-19 11:40:35",88
"2020-05-19 13:05:29",88
"2020-05-19 13:40:34",88
"2020-05-19 14:40:32",89
"2020-05-19 15:40:32",89
"2020-05-19 16:40:35",89
"2020-05-19 17:40:32",89
"2020-05-19 18:40:34",89
"2020-05-19 19:40:33",90
"2020-05-19 20:40:35",90
"2020-05-19 21:40:33",90
"2020-05-19 22:40:34",90
"2020-05-19 23:40:32",90
"2020-05-20 00:40:39",90
"2020-05-20 01:40:37",90
"2020-05-20 02:40:34",90
"2020-05-20 03:40:34",90
"2020-05-20 04:40:34",90
"2020-05-20 05:40:33",90
"2020-05-20 06:40:32",90
"2020-05-20 07:40:33",90
"2020-05-20 08:40:32",90
"2020-05-20 09:40:36",90
"2020-05-20 10:40:32",90
"2020-05-20 11:40:33",90
"2020-05-20 12:40:32",90
"2020-05-20 13:40:32",90
"2020-05-20 14:40:35",94
"2020-05-20 15:40:33",94
"2020-05-20 16:40:34",94
"2020-05-20 17:40:35",94
"2020-05-20 18:40:33",97
"2020-05-20 19:40:32",97
"2020-05-20 20:40:31",96
"2020-05-20 21:40:32",96
"2020-05-20 22:40:32",96
"2020-05-20 23:40:33",96
"2020-05-21 00:40:36",96
"2020-05-21 01:40:32",96
"2020-05-21 02:40:33",96
"2020-05-21 03:40:33",96
"2020-05-21 04:40:32",96
"2020-05-21 05:40:31",96
"2020-05-21 06:40:35",96
"2020-05-21 07:40:32",96
"2020-05-21 08:40:33",96
"2020-05-21 09:40:33",96
"2020-05-21 10:40:33",96
"2020-05-21 11:40:34",96
"2020-05-21 12:40:32",96
"2020-05-21 13:40:35",96
"2020-05-21 14:40:32",96
"2020-05-21 15:40:33",96
"2020-05-21 16:40:35",97
"2020-05-21 17:40:33",97
"2020-05-21 18:40:32",97
"2020-05-21 19:40:33",99
"2020-05-21 20:40:33",100
"2020-05-21 21:40:33",100
"2020-05-21 22:40:33",100
"2020-05-21 23:40:34",100
"2020-05-22 00:40:49",100
"2020-05-22 01:40:33",100
"2020-05-22 02:40:36",100
"2020-05-22 03:40:34",100
"2020-05-22 04:40:34",100
"2020-05-22 05:40:35",100
"2020-05-22 06:40:31",100
"2020-05-22 07:40:33",100
"2020-05-22 08:40:33",100
"2020-05-22 09:40:33",100
"2020-05-22 10:40:32",100
"2020-05-22 11:40:32",100
"2020-05-22 12:40:33",100
"2020-05-22 13:40:34",100
"2020-05-22 14:40:32",105
"2020-05-22 15:40:32",104
"2020-05-22 16:40:33",103
"2020-05-22 17:40:33",103
"2020-05-22 18:40:35",103
"2020-05-22 19:40:33",103
"2020-05-22 20:40:31",102
"2020-05-22 21:40:32",102
"2020-05-22 22:40:33",102
"2020-05-22 23:40:33",102
"2020-05-23 00:40:32",102
"2020-05-23 01:40:33",102
"2020-05-23 02:40:35",102
"2020-05-23 03:40:34",102
"2020-05-23 04:40:34",102
"2020-05-23 05:40:32",102
"2020-05-23 06:40:34",102
"2020-05-23 07:40:33",102
"2020-05-23 08:40:33",102
"2020-05-23 09:40:32",102
"2020-05-23 10:40:33",102
"2020-05-23 11:40:35",102
"2020-05-23 12:40:34",102
"2020-05-23 13:40:33",102
"2020-05-23 14:40:33",102
"2020-05-23 15:40:33",102
"2020-05-23 16:40:34",102
"2020-05-23 17:40:33",102
"2020-05-23 18:40:36",102
"2020-05-23 19:40:33",102
"2020-05-23 20:40:33",102
"2020-05-23 21:40:32",102
"2020-05-23 22:40:33",102
"2020-05-23 23:40:34",102
"2020-05-24 00:40:36",102
"2020-05-24 01:40:32",102
"2020-05-24 02:40:33",102
"2020-05-24 03:40:33",102
"2020-05-24 04:40:32",102
"2020-05-24 05:40:34",102
"2020-05-24 06:40:33",102
"2020-05-24 07:40:33",102
"2020-05-24 08:40:36",102
"2020-05-24 09:40:32",102
"2020-05-24 10:40:33",102
"2020-05-24 11:40:33",102
"2020-05-24 12:40:32",102
"2020-05-24 13:40:33",102
"2020-05-24 14:40:35",102
"2020-05-24 15:40:32",102
"2020-05-24 16:40:34",102
"2020-05-24 17:40:33",102
"2020-05-24 18:40:34",102
"2020-05-24 19:40:33",102
"2020-05-24 20:40:34",102
"2020-05-24 21:40:34",102
"2020-05-24 22:40:34",102
"2020-05-24 23:40:32",102
"2020-05-25 00:40:33",102
"2020-05-25 01:40:35",102
"2020-05-25 02:40:32",102
"2020-05-25 03:40:36",102
"2020-05-25 04:40:34",102
"2020-05-25 05:40:41",102
"2020-05-25 06:40:37",102
"2020-05-25 07:40:34",102
"2020-05-25 08:40:35",102
"2020-05-25 09:40:32",102
"2020-05-25 10:40:32",102
"2020-05-25 11:40:34",102
"2020-05-25 12:40:33",102
"2020-05-25 13:40:32",102
"2020-05-25 14:40:34",102
"2020-05-25 15:40:32",102
"2020-05-25 16:40:32",102
"2020-05-25 17:40:33",102
"2020-05-25 18:40:33",102
"2020-05-25 19:40:33",102
"2020-05-25 20:40:36",102
"2020-05-25 21:40:32",102
"2020-05-25 22:40:32",102
"2020-05-25 23:40:32",102
"2020-05-26 00:40:33",102
"2020-05-26 01:40:34",102
"2020-05-26 02:40:32",102
"2020-05-26 03:40:35",102
"2020-05-26 04:40:35",102
"2020-05-26 05:40:32",102
"2020-05-26 06:40:34",102
"2020-05-26 07:40:35",102
"2020-05-26 08:40:35",102
"2020-05-26 09:40:33",102
"2020-05-26 10:40:33",102
"2020-05-26 11:40:34",102
"2020-05-26 12:40:35",102
"2020-05-26 13:40:37",102
"2020-05-26 14:40:36",101
"2020-05-26 15:40:34",101
"2020-05-26 16:40:37",107
"2020-05-26 17:40:36",107
"2020-05-26 18:40:35",107
"2020-05-26 19:40:36",107
"2020-05-26 20:40:35",108
"2020-05-26 21:40:37",108
"2020-05-26 22:40:34",108
"2020-05-26 23:40:36",108
"2020-05-27 00:40:39",108
"2020-05-27 01:40:35",108
"2020-05-27 02:40:37",108
"2020-05-27 03:40:35",108
"2020-05-27 04:40:36",108
"2020-05-27 05:40:35",108
"2020-05-27 06:40:36",108
"2020-05-27 07:40:35",108
"2020-05-27 08:40:35",108
"2020-05-27 09:40:35",108
"2020-05-27 10:40:34",108
"2020-05-27 11:40:34",108
"2020-05-27 13:06:00",108
"2020-05-27 13:40:38",108
"2020-05-27 14:40:37",109
"2020-05-27 15:40:34",109
"2020-05-27 16:40:36",109
"2020-05-27 17:40:35",110
"2020-05-27 18:40:34",110
"2020-05-27 19:40:36",110
"2020-05-27 20:40:36",110
"2020-05-27 21:40:37",110
"2020-05-27 22:40:35",110
"2020-05-27 23:40:35",110
"2020-05-28 00:40:35",110
"2020-05-28 01:40:37",110
"2020-05-28 02:40:35",110
"2020-05-28 03:40:35",110
"2020-05-28 04:40:35",110
"2020-05-28 05:40:35",110
"2020-05-28 06:40:35",110
"2020-05-28 07:40:37",110
"2020-05-28 08:40:36",110
"2020-05-28 09:40:35",110
"2020-05-28 10:40:36",110
"2020-05-28 11:40:36",110
"2020-05-28 13:06:32",110
"2020-05-28 13:40:37",110
"2020-05-28 14:40:36",113
"2020-05-28 15:40:36",113
"2020-05-28 16:40:38",114
"2020-05-28 17:40:37",113
"2020-05-28 18:40:36",114
"2020-05-28 19:40:35",116
"2020-05-28 20:40:38",116
"2020-05-28 21:40:40",116
"2020-05-28 22:40:36",116
"2020-05-28 23:40:37",116
"2020-05-29 00:40:39",116
"2020-05-29 01:40:37",116
"2020-05-29 02:40:37",116
"2020-05-29 03:40:36",116
"2020-05-29 04:40:35",116
"2020-05-29 05:40:36",116
"2020-05-29 06:40:39",116
"2020-05-29 07:40:38",116
"2020-05-29 08:40:39",116
"2020-05-29 09:48:55",116
"2020-05-29 10:40:37",116
"2020-05-29 11:40:36",116
"2020-05-29 12:40:36",116
"2020-05-29 13:40:37",116
"2020-05-29 14:40:38",119
"2020-05-29 15:40:36",120
"2020-05-29 16:40:35",120
"2020-05-29 17:40:36",122
"2020-05-29 18:40:35",122
"2020-05-29 19:40:37",122
"2020-05-29 20:40:38",121
"2020-05-29 21:40:37",121
"2020-05-29 22:40:35",121
"2020-05-29 23:40:37",121
"2020-05-30 00:40:35",121
"2020-05-30 01:40:35",121
"2020-05-30 02:40:35",121
"2020-05-30 03:40:35",121
"2020-05-30 04:40:35",121
"2020-05-30 05:40:37",121
"2020-05-30 06:40:38",121
"2020-05-30 07:40:39",121
"2020-05-30 08:40:36",121
"2020-05-30 09:40:35",121
"2020-05-30 10:40:37",121
"2020-05-30 11:40:35",121
"2020-05-30 12:40:35",121
"2020-05-30 13:40:36",121
"2020-05-30 14:40:35",121
"2020-05-30 15:40:36",121
"2020-05-30 16:40:39",121
"2020-05-30 17:40:35",121
"2020-05-30 18:40:35",121
"2020-05-30 19:40:37",121
"2020-05-30 20:40:36",121
"2020-05-30 21:40:36",121
"2020-05-30 22:40:37",121
"2020-05-30 23:40:36",121
"2020-05-31 00:40:36",121
"2020-05-31 01:40:36",121
"2020-05-31 02:40:36",121
"2020-05-31 03:40:37",121
"2020-05-31 04:40:37",121
"2020-05-31 05:40:37",121
"2020-05-31 06:40:38",121
"2020-05-31 07:40:37",121
"2020-05-31 08:40:36",121
"2020-05-31 09:40:37",121
"2020-05-31 10:40:36",121
"2020-05-31 13:07:20",121
"2020-05-31 13:15:40",121
"2020-06-01 04:43:08",121
"2020-06-01 04:43:41",121
"2020-06-01 04:43:53",121
"2020-06-01 04:44:58",121
"2020-06-01 04:46:15",121
"2020-06-01 04:46:30",121
"2020-06-01 04:46:32",121
"2020-06-01 04:48:47",121
"2020-06-01 04:49:03",121
"2020-06-01 04:49:23",121
"2020-06-01 04:49:34",121
"2020-06-01 04:49:43",121
"2020-06-01 04:50:33",121
"2020-06-01 04:51:20",121
"2020-06-01 04:52:01",121
"2020-06-01 05:02:39",121
"2020-06-01 06:43:14",121
"2020-06-01 06:50:50",121
"2020-06-01 07:40:36",121
"2020-06-01 08:40:37",121
"2020-06-01 09:40:35",121
"2020-06-01 10:40:35",121
"2020-06-01 11:40:36",121
"2020-06-01 13:04:31",121
"2020-06-01 13:40:39",121
"2020-06-01 14:40:38",121
"2020-06-01 15:40:36",120
"2020-06-01 16:40:39",122
"2020-06-01 17:40:39",123
"2020-06-01 18:40:39",124
"2020-06-01 19:40:37",124
"2020-06-01 20:40:37",124
"2020-06-01 21:40:38",124
"2020-06-01 22:40:35",124
"2020-06-01 23:40:36",124
"2020-06-02 00:40:38",124
"2020-06-02 01:40:35",124
"2020-06-02 02:40:36",124
"2020-06-02 03:40:36",124
"2020-06-02 04:40:35",124
"2020-06-02 05:40:35",124
"2020-06-02 06:40:35",124
"2020-06-02 07:40:38",124
"2020-06-02 08:40:36",124
"2020-06-02 09:40:36",124
"2020-06-02 10:40:36",124
"2020-06-02 11:40:36",124
"2020-06-02 12:40:45",124
"2020-06-02 13:40:39",124
"2020-06-02 14:40:40",124
"2020-06-02 15:40:40",126
"2020-06-02 16:40:36",127
"2020-06-02 17:40:40",126
"2020-06-02 18:40:38",125
"2020-06-02 19:40:39",125
"2020-06-02 20:40:39",124
"2020-06-02 21:40:36",124
"2020-06-02 22:40:37",124
"2020-06-02 23:40:36",124
"2020-06-03 00:40:38",124
"2020-06-03 01:40:40",124
"2020-06-03 02:40:35",124
"2020-06-03 03:40:38",124
"2020-06-03 04:40:38",124
"2020-06-03 05:40:36",124
"2020-06-03 06:40:38",124
"2020-06-03 07:40:39",124
"2020-06-03 08:40:35",124
"2020-06-03 09:40:36",124
"2020-06-03 10:40:37",124
"2020-06-03 11:40:36",124
"2020-06-03 13:08:02",124
"2020-06-03 13:40:37",124
"2020-06-03 14:40:37",128
"2020-06-03 15:40:37",129
"2020-06-03 16:40:40",129
"2020-06-03 17:40:42",131
"2020-06-03 18:40:41",130
"2020-06-03 19:40:41",132
"2020-06-03 20:40:36",132
"2020-06-03 21:40:37",132
"2020-06-03 22:40:36",132
"2020-06-03 23:40:37",132
"2020-06-04 00:40:40",132
"2020-06-04 01:40:42",132
"2020-06-04 02:40:37",132
"2020-06-04 03:40:38",132
"2020-06-04 04:40:40",132
"2020-06-04 05:40:36",132
"2020-06-04 06:40:37",132
"2020-06-04 07:40:41",132
"2020-06-04 08:40:40",132
"2020-06-04 09:40:38",132
"2020-06-04 10:40:37",132
"2020-06-04 11:40:38",132
"2020-06-04 12:40:38",132
"2020-06-04 13:40:39",132
"2020-06-04 14:40:42",136
"2020-06-04 15:40:40",135
"2020-06-04 17:06:34",134
"2020-06-04 17:40:37",134
"2020-06-04 18:40:40",135
"2020-06-04 19:40:36",136
"2020-06-04 20:40:40",135
"2020-06-04 21:40:39",135
"2020-06-04 22:40:37",135
"2020-06-04 23:40:39",135
"2020-06-05 00:40:37",135
"2020-06-05 01:40:36",135
"2020-06-05 02:40:38",135
"2020-06-05 03:40:37",135
"2020-06-05 04:40:37",135
"2020-06-05 05:40:38",135
"2020-06-05 06:40:37",135
"2020-06-05 07:40:38",135
"2020-06-05 08:40:40",135
"2020-06-05 09:40:36",135
"2020-06-05 10:40:35",135
"2020-06-05 11:40:37",135
"2020-06-05 13:09:02",135
"2020-06-05 13:40:40",135
"2020-06-05 14:40:38",132
"2020-06-05 15:40:37",135
"2020-06-05 16:40:44",135
"2020-06-05 17:40:38",134
"2020-06-05 18:40:38",135
"2020-06-05 19:40:38",137
"2020-06-05 20:40:41",137
"2020-06-05 21:40:38",137
"2020-06-05 22:40:37",137
"2020-06-05 23:40:38",137
"2020-06-06 00:40:38",137
"2020-06-06 01:40:37",137
"2020-06-06 02:40:39",137
"2020-06-06 03:40:37",137
"2020-06-06 04:40:38",137
"2020-06-06 05:40:39",137
"2020-06-06 06:40:38",137
"2020-06-06 07:40:41",137
"2020-06-06 08:40:38",137
"2020-06-06 09:52:19",137
"2020-06-06 10:40:36",137
"2020-06-06 11:40:37",137
"2020-06-06 12:40:37",137
"2020-06-06 13:40:38",137
"2020-06-06 14:40:39",137
"2020-06-06 15:40:37",137
"2020-06-06 16:40:41",137
"2020-06-06 18:40:38",137
"2020-06-06 19:40:37",137
"2020-06-06 20:40:37",137
"2020-06-06 21:40:38",137
"2020-06-06 22:40:38",137
"2020-06-06 23:40:38",137
"2020-06-07 00:40:39",137
"2020-06-07 01:40:36",137
"2020-06-07 02:40:37",137
"2020-06-07 03:40:39",137
"2020-06-07 04:40:38",137
"2020-06-07 05:40:37",137
"2020-06-07 06:40:40",137
"2020-06-07 07:40:38",137
"2020-06-07 08:40:37",137
"2020-06-08 04:40:36",137
"2020-06-08 05:40:35",137
"2020-06-08 06:40:40",137
"2020-06-08 07:40:36",137
"2020-06-08 08:40:37",137
"2020-06-08 09:40:36",137
"2020-06-08 10:40:36",137
"2020-06-08 11:40:37",137
"2020-06-08 12:40:40",137
"2020-06-08 13:40:38",137
"2020-06-08 14:40:47",137
"2020-06-08 15:40:38",138
"2020-06-08 16:40:41",142
"2020-06-08 17:40:39",140
"2020-06-08 18:40:43",140
"2020-06-08 19:40:43",140
"2020-06-08 20:40:39",140
"2020-06-08 21:40:40",140
"2020-06-08 22:40:39",140
"2020-06-08 23:40:40",140
"2020-06-09 00:40:40",140
"2020-06-09 01:40:41",140
"2020-06-09 02:40:41",140
"2020-06-09 03:40:40",140
"2020-06-09 04:40:45",140
"2020-06-09 05:40:44",140
"2020-06-09 06:40:43",140
"2020-06-09 07:40:40",140
"2020-06-09 08:40:43",140
"2020-06-09 09:40:45",140
"2020-06-09 10:40:40",140
"2020-06-09 11:40:42",140
"2020-06-09 12:40:44",140
"2020-06-09 13:40:42",140
"2020-06-09 14:40:43",136
"2020-06-09 15:40:41",136
"2020-06-09 16:40:46",141
"2020-06-09 17:40:38",140
"2020-06-09 18:40:41",144
"2020-06-09 19:40:44",143
"2020-06-09 20:40:46",143
"2020-06-09 21:40:42",144
"2020-06-09 22:40:42",144
"2020-06-09 23:40:42",144
"2020-06-10 00:40:44",144
"2020-06-10 01:40:43",144
"2020-06-10 02:40:40",144
"2020-06-10 03:40:43",144
"2020-06-10 04:40:41",144
"2020-06-10 05:40:44",144
"2020-06-10 06:40:40",144
"2020-06-10 07:40:38",144
"2020-06-10 08:40:42",144
"2020-06-10 09:40:37",144
"2020-06-10 10:40:37",144
"2020-06-10 11:40:39",144
"2020-06-10 12:40:41",144
"2020-06-10 13:40:40",144
"2020-06-10 14:40:44",147
"2020-06-10 15:40:39",145
"2020-06-10 16:40:42",144
"2020-06-10 17:40:41",142
"2020-06-10 18:40:40",142
"2020-06-10 19:40:39",141
"2020-06-10 20:40:38",141
"2020-06-10 21:40:41",141
"2020-06-10 22:40:38",141
"2020-06-10 23:40:42",141
"2020-06-11 00:40:56",141
"2020-06-11 01:40:38",141
"2020-06-11 02:40:44",141
"2020-06-11 03:40:44",141
"2020-06-11 04:40:40",141
"2020-06-11 05:40:43",141
"2020-06-11 06:40:40",141
"2020-06-11 07:40:40",141
"2020-06-11 08:40:38",141
"2020-06-11 09:40:41",141
"2020-06-11 10:40:39",141
"2020-06-11 11:40:37",141
"2020-06-11 12:40:39",141
"2020-06-11 13:40:45",141
"2020-06-11 14:40:40",142
"2020-06-11 15:40:44",142
"2020-06-11 16:40:49",144
"2020-06-11 17:40:41",144
"2020-06-11 18:40:44",147
"2020-06-11 19:40:40",147
"2020-06-11 20:40:38",146
"2020-06-11 21:40:40",146
"2020-06-11 22:40:38",146
"2020-06-11 23:40:37",146
"2020-06-12 00:40:39",146
"2020-06-12 01:40:39",146
"2020-06-12 02:40:39",146
"2020-06-12 03:40:40",146
"2020-06-12 04:40:39",146
"2020-06-12 05:40:39",146
"2020-06-12 06:40:40",146
"2020-06-12 07:40:40",146
"2020-06-12 08:40:37",146
"2020-06-12 09:40:39",146
"2020-06-12 10:40:42",146
"2020-06-12 11:40:38",146
"2020-06-12 14:08:41",142
"2020-06-12 14:16:41",142
"2020-06-12 14:40:47",142
"2020-06-12 15:40:45",142
"2020-06-12 16:40:46",142
"2020-06-12 17:40:41",145
"2020-06-12 18:40:44",146
"2020-06-12 19:40:44",147
"2020-06-12 20:40:44",147
"2020-06-12 21:40:42",147
"2020-06-12 22:40:41",147
"2020-06-12 23:40:40",147
"2020-06-13 00:40:40",147
"2020-06-13 01:40:41",147
"2020-06-13 02:40:41",147
"2020-06-13 03:40:40",147
"2020-06-13 04:40:40",147
"2020-06-13 05:40:41",147
"2020-06-13 06:40:40",147
"2020-06-13 07:40:40",147
"2020-06-13 08:40:39",147
"2020-06-13 09:40:41",147
"2020-06-13 10:40:40",147
"2020-06-13 11:40:39",147
"2020-06-13 12:40:41",147
"2020-06-13 13:40:41",147
"2020-06-13 14:40:39",147
"2020-06-13 15:40:40",147
"2020-06-13 16:40:43",147
"2020-06-13 17:40:43",147
"2020-06-13 18:40:41",147
"2020-06-13 19:40:41",147
"2020-06-13 20:40:42",147
"2020-06-13 21:40:40",147
"2020-06-13 22:40:42",147
"2020-06-13 23:40:41",147
"2020-06-14 00:40:41",147
"2020-06-14 01:40:39",147
"2020-06-14 02:40:41",147
"2020-06-14 03:40:42",147
"2020-06-14 04:40:39",147
"2020-06-14 05:40:42",147
"2020-06-14 06:40:39",147
"2020-06-14 07:40:42",147
"2020-06-14 08:40:41",147
"2020-06-14 09:40:41",147
"2020-06-14 10:40:41",147
"2020-06-14 11:40:42",147
"2020-06-14 12:40:39",147
"2020-06-14 13:40:40",147
"2020-06-14 14:40:43",147
"2020-06-14 15:40:39",147
"2020-06-14 16:40:40",147
"2020-06-14 17:40:42",147
"2020-06-14 18:40:40",147
"2020-06-14 19:40:39",147
"2020-06-14 20:40:40",147
"2020-06-14 21:40:40",147
"2020-06-14 22:40:39",147
"2020-06-14 23:40:40",147
"2020-06-15 00:40:44",147
"2020-06-15 01:40:44",147
"2020-06-15 02:40:42",147
"2020-06-15 03:40:40",147
"2020-06-15 04:40:41",147
"2020-06-15 05:40:46",147
"2020-06-15 06:40:40",147
"2020-06-15 07:40:40",147
"2020-06-15 08:40:41",147
"2020-06-15 09:40:42",147
"2020-06-15 10:40:39",147
"2020-06-15 11:40:40",147
"2020-06-15 12:40:42",147
"2020-06-15 13:40:45",147
"2020-06-15 14:40:43",149
"2020-06-15 15:40:41",148
"2020-06-15 16:40:43",148
"2020-06-15 17:40:41",148
"2020-06-15 18:39:36",147
"2020-06-15 18:47:21",147
"2020-06-15 18:55:00",147
"2020-06-15 19:02:41",147
"2020-06-15 19:10:25",147
"2020-06-15 19:18:14",147
"2020-06-15 19:25:57",147
"2020-06-15 19:33:38",147
"2020-06-15 19:41:17",147
"2020-06-15 19:48:56",147
"2020-06-15 19:56:40",147
"2020-06-15 20:04:26",145
"2020-06-15 20:09:28",145
"2020-06-15 20:17:08",145
"2020-06-15 20:24:46",145
"2020-06-15 20:32:25",145
"2020-06-15 20:40:03",145
"2020-06-15 20:47:40",145
"2020-06-15 20:55:20",145
"2020-06-15 21:03:02",145
"2020-06-15 21:10:45",145
"2020-06-15 21:18:22",145
"2020-06-15 21:25:59",145
"2020-06-15 21:33:36",145
"2020-06-15 21:41:14",145
"2020-06-15 21:48:52",145
"2020-06-15 22:40:40",145
"2020-06-15 23:40:41",145
"2020-06-16 00:40:42",145
"2020-06-16 01:40:39",145
"2020-06-16 02:40:44",145
"2020-06-16 03:40:39",145
"2020-06-16 04:40:38",145
"2020-06-16 05:40:39",145
"2020-06-16 06:40:44",145
"2020-06-16 07:40:43",145
"2020-06-16 08:40:41",145
"2020-06-16 09:40:39",145
"2020-06-16 10:40:40",145
"2020-06-16 11:40:40",145
"2020-06-16 12:40:41",145
"2020-06-16 13:40:40",145
"2020-06-16 14:40:43",145
"2020-06-16 15:40:40",144
"2020-06-16 16:40:40",142
"2020-06-16 17:40:43",144
"2020-06-16 18:40:41",146
"2020-06-16 19:40:41",146
"2020-06-16 20:40:40",146
"2020-06-16 21:40:41",146
"2020-06-16 22:40:39",146
"2020-06-16 23:40:40",146
"2020-06-17 00:40:40",146
"2020-06-17 01:40:42",146
"2020-06-17 02:40:41",146
"2020-06-17 03:40:40",146
"2020-06-17 04:40:41",146
"2020-06-17 05:40:40",146
"2020-06-17 06:40:44",146
"2020-06-17 07:40:41",146
"2020-06-17 08:40:39",146
"2020-06-17 09:40:41",146
"2020-06-17 10:40:39",146
"2020-06-17 11:40:41",146
"2020-06-17 12:40:40",146
"2020-06-17 13:40:43",146
"2020-06-17 14:40:40",148
"2020-06-17 15:40:43",148
"2020-06-17 16:40:44",149
"2020-06-17 17:40:42",149
"2020-06-17 18:40:42",151
"2020-06-17 19:40:44",151
"2020-06-17 20:40:44",150
"2020-06-17 21:40:43",150
"2020-06-17 22:40:39",150
"2020-06-17 23:40:42",150
"2020-06-18 00:40:41",150
"2020-06-18 01:40:41",150
"2020-06-18 02:40:42",150
"2020-06-18 03:40:43",150
"2020-06-18 04:40:42",150
"2020-06-18 05:40:42",150
"2020-06-18 06:40:41",150
"2020-06-18 07:40:42",150
"2020-06-18 08:40:39",150
"2020-06-18 09:40:41",150
"2020-06-18 10:40:39",150
"2020-06-18 11:40:41",150
"2020-06-18 12:40:41",150
"2020-06-18 13:40:43",150
"2020-06-18 14:40:41",150
"2020-06-18 17:02:42",150
"2020-06-18 17:40:44",150
"2020-06-18 18:40:43",150
"2020-06-18 19:40:41",150
"2020-06-18 20:40:41",149
"2020-06-18 21:40:44",149
"2020-06-18 22:40:41",149
"2020-06-18 23:40:43",149
"2020-06-19 00:40:45",149
"2020-06-19 01:40:40",149
"2020-06-19 02:40:42",149
"2020-06-19 03:40:45",149
"2020-06-19 04:41:45",149
"2020-06-19 05:40:43",149
"2020-06-19 06:40:40",149
"2020-06-19 07:40:46",149
"2020-06-19 08:40:44",149
"2020-06-19 09:40:43",149
"2020-06-19 10:40:41",149
"2020-06-19 11:40:39",149
"2020-06-19 13:06:34",149
"2020-06-19 13:40:43",149
"2020-06-19 14:40:41",154
"2020-06-19 15:40:44",155
"2020-06-19 16:40:42",156
"2020-06-19 17:40:46",156
"2020-06-19 18:40:40",156
"2020-06-19 19:40:42",156
"2020-06-19 20:40:42",156
"2020-06-19 21:40:39",156
"2020-06-19 22:40:44",156
"2020-06-19 23:40:43",156
"2020-06-20 00:40:43",156
"2020-06-20 01:40:41",156
"2020-06-20 02:40:41",156
"2020-06-20 03:40:41",156
"2020-06-20 04:40:39",156
"2020-06-20 05:40:43",156
"2020-06-20 06:40:42",156
"2020-06-20 07:40:42",156
"2020-06-20 08:40:43",156
"2020-06-20 09:40:41",156
"2020-06-20 10:40:40",156
"2020-06-20 11:40:41",156
"2020-06-20 12:40:44",156
"2020-06-20 13:40:42",156
"2020-06-20 14:40:45",156
"2020-06-20 15:40:40",156
"2020-06-20 16:40:44",156
"2020-06-20 17:40:40",156
"2020-06-20 18:40:43",156
"2020-06-20 19:40:43",156
"2020-06-20 20:40:43",156
"2020-06-20 21:40:41",156
"2020-06-20 22:40:41",156
"2020-06-20 23:40:42",156
"2020-06-21 00:40:43",156
"2020-06-21 01:40:45",156
"2020-06-21 02:40:41",156
"2020-06-21 03:40:46",156
"2020-06-21 04:40:42",156
"2020-06-21 05:40:44",156
"2020-06-21 06:40:43",156
"2020-06-21 07:40:43",156
"2020-06-21 08:40:40",156
"2020-06-21 09:40:42",156
"2020-06-21 10:40:40",156
"2020-06-21 11:40:43",156
"2020-06-21 12:40:43",156
"2020-06-21 13:40:43",156
"2020-06-21 14:40:47",156
"2020-06-21 15:40:44",156
"2020-06-21 16:40:41",156
"2020-06-21 17:40:44",156
"2020-06-21 18:40:44",156
"2020-06-21 19:40:44",156
"2020-06-21 20:40:42",156
"2020-06-21 21:40:42",156
"2020-06-21 22:40:44",156
"2020-06-21 23:40:46",156
"2020-06-22 00:40:43",156
"2020-06-22 01:40:44",156
"2020-06-22 02:40:43",156
"2020-06-22 03:40:44",156
"2020-06-22 04:40:42",156
"2020-06-22 05:40:44",156
"2020-06-22 06:40:42",156
"2020-06-22 07:40:41",156
"2020-06-22 08:40:44",156
"2020-06-22 09:40:43",156
"2020-06-22 10:40:47",156
"2020-06-22 11:40:40",156
"2020-06-22 12:40:43",156
"2020-06-22 13:40:44",156
"2020-06-22 14:40:45",155
"2020-06-22 15:40:44",153
"2020-06-22 16:40:44",154
"2020-06-22 17:40:45",154
"2020-06-22 18:40:44",154
"2020-06-22 19:40:46",154
"2020-06-22 20:40:42",154
"2020-06-22 21:40:42",154
"2020-06-22 22:40:40",154
"2020-06-22 23:40:41",154
"2020-06-23 00:40:41",154
"2020-06-23 01:40:44",154
"2020-06-23 02:40:45",154
"2020-06-23 03:40:44",154
"2020-06-23 04:40:44",154
"2020-06-23 05:40:50",154
"2020-06-23 06:40:42",154
"2020-06-23 07:40:42",154
"2020-06-23 08:40:46",154
"2020-06-23 09:40:45",154
"2020-06-23 10:40:43",154
"2020-06-23 11:40:41",154
"2020-06-23 12:40:43",154
"2020-06-23 13:40:44",154
"2020-06-23 14:40:45",151
"2020-06-23 15:40:51",151
"2020-06-23 16:40:42",150
"2020-06-23 17:40:44",148
"2020-06-23 18:40:47",148
"2020-06-23 19:40:43",147
"2020-06-23 20:40:46",147
"2020-06-23 21:40:41",147
"2020-06-23 22:40:44",147
"2020-06-23 23:40:46",147
"2020-06-24 00:40:45",147
"2020-06-24 01:40:48",147
"2020-06-24 02:40:44",147
"2020-06-24 03:40:43",147
"2020-06-24 04:40:44",147
"2020-06-24 05:40:46",147
"2020-06-24 06:40:43",147
"2020-06-24 07:40:45",147
"2020-06-24 08:40:43",147
"2020-06-24 09:40:43",147
"2020-06-24 10:40:49",147
"2020-06-24 11:40:41",147
"2020-06-24 12:40:43",147
"2020-06-24 13:40:45",147
"2020-06-24 14:40:46",147
"2020-06-24 15:40:42",147
"2020-06-24 16:40:44",145
"2020-06-24 17:40:48",145
"2020-06-24 18:40:44",145
"2020-06-24 19:40:45",145
"2020-06-24 20:40:44",145
"2020-06-24 21:40:42",145
"2020-06-24 22:40:42",145
"2020-06-24 23:40:44",145
"2020-06-25 00:40:45",145
"2020-06-25 01:40:42",145
"2020-06-25 02:40:43",145
"2020-06-25 03:40:43",145
"2020-06-25 04:40:43",145
"2020-06-25 05:40:43",145
"2020-06-25 06:40:45",145
"2020-06-25 07:40:44",145
"2020-06-25 08:40:42",145
"2020-06-25 09:40:45",145
"2020-06-25 10:40:41",145
"2020-06-25 11:40:47",145
"2020-06-25 13:05:36",145
"2020-06-25 13:40:47",145
"2020-06-25 14:40:53",146
"2020-06-25 15:40:48",146
"2020-06-25 16:40:48",144
"2020-06-25 17:40:46",143
"2020-06-25 18:40:46",144
"2020-06-25 19:40:46",143
"2020-06-25 20:40:43",143
"2020-06-25 21:40:46",143
"2020-06-25 22:40:46",143
"2020-06-25 23:40:45",143
"2020-06-26 00:40:49",143
"2020-06-26 01:40:48",143
"2020-06-26 02:40:47",143
"2020-06-26 03:40:46",143
"2020-06-26 04:40:42",143
"2020-06-26 05:40:44",143
"2020-06-26 06:40:46",143
"2020-06-26 07:40:45",143
"2020-06-26 08:40:47",143
"2020-06-26 09:40:41",143
"2020-06-26 10:40:44",143
"2020-06-26 11:40:45",143
"2020-06-26 12:40:46",143
"2020-06-26 13:40:46",143
"2020-06-26 14:40:44",143
"2020-06-26 15:40:45",144
"2020-06-26 16:40:46",143
"2020-06-26 17:40:47",143
"2020-06-26 18:40:44",143
"2020-06-26 19:40:47",143
"2020-06-26 20:40:46",143
"2020-06-26 21:40:46",143
"2020-06-26 22:40:45",143
"2020-06-26 23:40:44",143
"2020-06-27 00:40:47",143
"2020-06-27 01:40:48",143
"2020-06-27 02:40:46",143
"2020-06-27 03:40:47",143
"2020-06-27 04:40:47",143
"2020-06-27 05:40:43",143
"2020-06-27 06:40:45",143
"2020-06-27 07:40:44",143
"2020-06-27 08:40:43",143
"2020-06-27 09:40:44",143
"2020-06-27 10:40:44",143
"2020-06-27 11:40:43",143
"2020-06-27 12:40:46",143
"2020-06-27 13:40:46",143
"2020-06-27 14:40:42",143
"2020-06-27 15:40:49",143
"2020-06-27 16:40:42",143
"2020-06-27 17:40:44",143
"2020-06-27 18:40:46",143
"2020-06-27 19:40:43",143
"2020-06-27 20:40:43",143
"2020-06-27 21:40:44",143
"2020-06-27 22:40:43",143
"2020-06-27 23:40:43",143
"2020-06-28 00:40:48",143
"2020-06-28 01:40:42",143
"2020-06-28 02:40:44",143
"2020-06-28 03:40:45",143
"2020-06-28 04:40:43",143
"2020-06-28 05:40:44",143
"2020-06-28 06:40:42",143
"2020-06-28 07:40:44",143
"2020-06-28 08:40:44",143
"2020-06-28 09:40:43",143
"2020-06-28 10:40:44",143
"2020-06-28 11:40:43",143
"2020-06-28 12:40:44",143
"2020-06-28 13:40:45",143
"2020-06-28 14:40:43",143
"2020-06-28 15:40:45",143
"2020-06-28 16:40:45",143
"2020-06-28 17:40:43",143
"2020-06-28 18:40:43",143
"2020-06-28 19:40:45",143
"2020-06-28 20:40:42",143
"2020-06-28 21:40:44",143
"2020-06-28 22:40:45",143
"2020-06-28 23:40:43",143
"2020-06-29 00:40:48",143
"2020-06-29 01:40:42",143
"2020-06-29 02:40:45",143
"2020-06-29 03:40:44",143
"2020-06-29 04:40:45",143
"2020-06-29 05:40:43",143
"2020-06-29 06:40:46",143
"2020-06-29 07:40:45",143
"2020-06-29 08:40:44",143
"2020-06-29 09:40:45",143
"2020-06-29 10:40:47",143
"2020-06-29 11:40:43",143
"2020-06-29 12:40:49",143
"2020-06-29 13:40:48",143
"2020-06-29 14:40:50",142
"2020-06-29 15:40:45",142
"2020-06-29 16:40:45",140
"2020-06-29 17:40:44",139
"2020-06-29 18:40:45",139
"2020-06-29 19:40:44",139
"2020-06-29 20:40:44",139
"2020-06-29 21:40:43",139
"2020-06-29 22:40:44",139
"2020-06-29 23:40:46",139
"2020-06-30 00:40:46",139
"2020-06-30 01:40:48",139
"2020-06-30 02:40:51",139
"2020-06-30 03:40:44",139
"2020-06-30 04:40:47",139
"2020-06-30 05:40:49",139
"2020-06-30 06:40:47",139
"2020-06-30 07:40:44",139
"2020-06-30 08:40:44",139
"2020-06-30 09:40:48",139
"2020-06-30 10:40:44",139
"2020-06-30 11:40:43",139
"2020-06-30 12:40:46",139
"2020-06-30 13:40:53",139
"2020-06-30 14:40:48",139
"2020-06-30 15:40:47",139
"2020-06-30 16:40:48",138
"2020-06-30 17:40:45",138
"2020-06-30 18:40:46",138
"2020-06-30 19:40:46",138
"2020-06-30 20:40:46",137
"2020-06-30 21:40:46",137
"2020-06-30 22:40:43",137
"2020-06-30 23:40:46",137
"2020-07-01 00:40:54",137
"2020-07-01 01:40:46",137
"2020-07-01 02:40:49",137
"2020-07-01 03:40:46",137
"2020-07-01 04:40:48",137
"2020-07-01 05:40:45",137
"2020-07-01 06:40:45",137
"2020-07-01 07:40:46",137
"2020-07-01 08:40:47",137
"2020-07-01 09:40:52",137
"2020-07-01 10:40:51",137
"2020-07-01 11:40:46",137
"2020-07-01 13:05:11",137
"2020-07-01 13:40:53",137
"2020-07-01 14:40:53",136
"2020-07-01 15:40:52",136
"2020-07-01 16:40:52",136
"2020-07-01 17:40:50",136
"2020-07-01 18:40:50",135
"2020-07-01 19:40:53",135
"2020-07-01 20:40:51",135
"2020-07-01 21:40:50",135
"2020-07-01 22:40:51",135
"2020-07-01 23:40:52",135
"2020-07-02 00:40:56",135
"2020-07-02 01:40:49",135
"2020-07-02 02:40:50",135
"2020-07-02 03:40:51",135
"2020-07-02 04:40:51",135
"2020-07-02 05:40:50",135
"2020-07-02 06:40:49",135
"2020-07-02 07:40:48",135
"2020-07-02 08:40:47",135
"2020-07-02 09:40:49",135
"2020-07-02 10:40:49",135
"2020-07-02 11:40:49",135
"2020-07-02 13:08:10",135
"2020-07-02 13:40:56",135
"2020-07-02 14:40:50",137
"2020-07-02 15:40:49",135
"2020-07-02 16:40:50",135
"2020-07-02 17:40:52",134
"2020-07-02 18:40:50",134
"2020-07-02 19:40:50",134
"2020-07-02 20:40:45",133
"2020-07-02 21:40:49",133
"2020-07-02 22:40:46",133
"2020-07-02 23:40:47",133
"2020-07-03 00:40:52",133
"2020-07-03 01:40:49",133
"2020-07-03 02:40:48",133
"2020-07-03 03:40:48",133
"2020-07-03 04:40:53",133
"2020-07-03 05:40:47",133
"2020-07-03 06:40:47",133
"2020-07-03 07:40:47",133
"2020-07-03 08:40:47",133
"2020-07-03 09:40:51",133
"2020-07-03 10:40:47",133
"2020-07-03 11:40:47",133
"2020-07-03 12:40:46",133
"2020-07-03 13:40:46",133
"2020-07-03 14:40:49",133
"2020-07-03 15:40:46",133
"2020-07-03 16:40:48",133
"2020-07-03 17:40:47",133
"2020-07-03 18:40:50",133
"2020-07-03 19:40:46",133
"2020-07-03 20:40:47",133
"2020-07-03 21:40:49",133
"2020-07-03 22:40:46",133
"2020-07-03 23:40:48",133
"2020-07-04 00:40:47",133
"2020-07-04 01:40:47",133
"2020-07-04 02:40:50",133
"2020-07-04 03:40:49",133
"2020-07-04 04:40:47",133
"2020-07-04 05:40:48",133
"2020-07-04 06:40:48",133
"2020-07-04 07:40:48",133
"2020-07-04 08:40:46",133
"2020-07-04 09:40:47",133
"2020-07-04 11:35:13",133
"2020-07-04 11:43:03",133
"2020-07-04 12:40:48",133
"2020-07-04 13:40:48",133
"2020-07-04 14:40:48",133
"2020-07-04 15:40:45",133
"2020-07-04 16:40:49",133
"2020-07-04 17:40:47",133
"2020-07-04 18:40:47",133
"2020-07-04 19:40:45",133
"2020-07-04 20:40:49",133
"2020-07-04 21:40:47",133
"2020-07-04 22:40:46",133
"2020-07-04 23:40:48",133
"2020-07-05 00:40:48",133
"2020-07-05 01:40:47",133
"2020-07-05 02:40:46",133
"2020-07-05 03:40:47",133
"2020-07-05 04:40:46",133
"2020-07-05 05:40:46",133
"2020-07-05 06:40:48",133
"2020-07-05 07:40:48",133
"2020-07-05 08:40:48",133
"2020-07-05 09:40:47",133
"2020-07-05 11:32:04",133
"2020-07-05 11:44:32",133
"2020-07-05 12:40:47",133
"2020-07-05 13:40:49",133
"2020-07-05 14:40:45",133
"2020-07-05 15:40:48",133
"2020-07-05 16:40:49",133
"2020-07-05 17:40:46",133
"2020-07-05 18:40:47",133
"2020-07-05 19:40:47",133
"2020-07-05 20:40:47",133
"2020-07-05 21:40:47",133
"2020-07-05 22:40:47",133
"2020-07-05 23:40:45",133
"2020-07-06 00:40:48",133
"2020-07-06 01:40:48",133
"2020-07-06 02:40:48",133
"2020-07-06 03:40:47",133
"2020-07-06 04:40:46",133
"2020-07-06 05:40:45",133
"2020-07-06 06:40:49",133
"2020-07-06 07:40:48",133
"2020-07-06 08:40:50",133
"2020-07-06 09:40:47",133
"2020-07-06 11:38:28",133
"2020-07-06 11:49:01",133
"2020-07-06 14:06:48",133
"2020-07-06 14:14:53",133
"2020-07-06 14:40:53",133
"2020-07-06 15:40:50",133
"2020-07-06 16:40:54",133
"2020-07-06 17:40:51",133
"2020-07-06 18:40:50",132
"2020-07-06 19:40:48",131
"2020-07-06 20:40:48",131
"2020-07-06 21:40:48",131
"2020-07-06 22:40:49",131
"2020-07-06 23:40:49",131
"2020-07-07 00:40:49",131
"2020-07-07 01:40:47",131
"2020-07-07 02:40:49",131
"2020-07-07 03:40:50",131
"2020-07-07 04:40:48",131
"2020-07-07 05:40:47",131
"2020-07-07 06:40:47",131
"2020-07-07 07:40:47",131
"2020-07-07 08:40:46",131
"2020-07-07 11:21:26",131
"2020-07-07 11:21:58",131
"2020-07-07 11:40:48",131
"2020-07-07 12:40:50",131
"2020-07-07 13:40:49",131
"2020-07-07 14:40:49",131
"2020-07-07 15:40:52",131
"2020-07-07 16:40:53",131
"2020-07-07 17:40:51",129
"2020-07-07 18:40:47",129
"2020-07-07 19:40:52",129
"2020-07-07 20:40:50",129
"2020-07-07 21:40:52",129
"2020-07-07 22:40:50",129
"2020-07-07 23:40:49",129
"2020-07-08 00:40:55",129
"2020-07-08 01:40:51",129
"2020-07-08 02:40:50",129
"2020-07-08 03:40:51",129
"2020-07-08 04:40:49",129
"2020-07-08 05:40:52",129
"2020-07-08 06:40:52",129
"2020-07-08 07:40:50",129
"2020-07-08 08:40:49",129
"2020-07-08 11:47:06",129
"2020-07-08 11:49:37",129
"2020-07-08 11:50:15",129
"2020-07-08 13:09:12",129
"2020-07-08 13:40:55",129
"2020-07-08 14:40:49",128
"2020-07-08 15:40:51",128
"2020-07-08 16:40:52",128
"2020-07-08 17:40:53",128
"2020-07-08 18:40:50",128
"2020-07-08 19:40:50",127
"2020-07-08 20:40:50",127
"2020-07-08 21:40:50",127
"2020-07-08 22:40:48",127
"2020-07-08 23:40:51",127
"2020-07-09 00:40:53",127
"2020-07-09 01:40:50",127
"2020-07-09 18:41:08",128
"2020-07-09 18:42:21",128
"2020-07-09 18:56:37",128
"2020-07-09 19:42:24",128
"2020-07-09 20:40:52",128
"2020-07-09 21:40:48",128
"2020-07-09 22:40:51",128
"2020-07-09 23:40:49",128
"2020-07-10 00:40:58",128
"2020-07-10 01:40:51",128
"2020-07-10 02:40:50",128
"2020-07-10 03:40:50",127
"2020-07-10 04:40:47",127
"2020-07-10 05:40:47",127
"2020-07-10 06:40:49",127
"2020-07-10 07:40:50",127
"2020-07-10 08:40:49",127
"2020-07-10 11:40:50",127
"2020-07-10 11:48:39",127
"2020-07-10 11:56:16",127
"2020-07-10 13:09:11",127
"2020-07-10 13:40:51",127
"2020-07-10 14:40:49",127
"2020-07-10 15:40:48",126
"2020-07-10 16:40:50",126
"2020-07-10 17:40:50",126
"2020-07-10 18:40:50",125
"2020-07-10 19:40:51",125
"2020-07-10 20:40:47",124
"2020-07-10 21:40:56",124
"2020-07-10 22:40:47",124
"2020-07-10 23:40:49",124
"2020-07-11 00:40:48",124
"2020-07-11 01:40:48",124
"2020-07-11 02:40:48",124
"2020-07-11 03:40:50",124
"2020-07-11 04:40:48",124
"2020-07-11 05:40:47",124
"2020-07-11 06:40:46",124
"2020-07-11 07:40:48",124
"2020-07-11 08:40:50",124
"2020-07-11 11:45:33",124
"2020-07-11 11:49:20",124
"2020-07-11 11:53:19",124
"2020-07-11 12:40:50",124
"2020-07-11 13:40:51",124
"2020-07-11 14:40:48",124
"2020-07-11 15:40:51",124
"2020-07-11 16:40:46",124
"2020-07-11 17:40:51",124
"2020-07-11 18:40:48",124
"2020-07-11 19:40:47",124
"2020-07-11 20:40:45",124
"2020-07-11 21:40:47",124
"2020-07-11 22:40:49",124
"2020-07-11 23:40:49",124
"2020-07-12 00:40:48",124
"2020-07-12 01:40:51",124
"2020-07-12 02:40:47",124
"2020-07-12 03:40:50",124
"2020-07-12 04:40:49",124
"2020-07-12 05:40:48",124
"2020-07-12 06:40:50",124
"2020-07-12 07:40:49",124
"2020-07-12 08:40:45",124
"2020-07-12 11:31:06",124
"2020-07-12 11:32:14",124
"2020-07-12 11:50:34",124
"2020-07-12 12:40:48",124
"2020-07-12 13:40:51",124
"2020-07-12 14:40:47",124
"2020-07-12 15:40:48",124
"2020-07-12 16:40:50",124
"2020-07-12 17:40:46",124
"2020-07-12 18:40:49",124
"2020-07-12 19:40:48",124
"2020-07-12 20:40:49",124
"2020-07-12 21:40:47",124
"2020-07-12 22:40:49",124
"2020-07-12 23:40:46",124
"2020-07-13 00:40:57",124
"2020-07-13 01:40:55",124
"2020-07-13 02:40:51",124
"2020-07-13 03:40:50",124
"2020-07-13 04:40:49",124
"2020-07-13 05:40:47",124
"2020-07-13 06:40:49",124
"2020-07-13 07:40:48",124
"2020-07-13 08:40:47",124
"2020-07-13 11:54:23",124
"2020-07-13 11:55:02",124
"2020-07-13 11:55:13",124
"2020-07-13 12:40:54",124
"2020-07-13 13:40:48",124
"2020-07-13 14:40:48",124
"2020-07-13 15:40:55",124
"2020-07-13 16:40:50",124
"2020-07-13 17:40:51",124
"2020-07-13 18:40:49",124
"2020-07-13 19:40:53",123
"2020-07-13 20:40:54",124
"2020-07-13 21:40:52",124
"2020-07-13 22:40:53",124
"2020-07-13 23:40:51",124
"2020-07-14 00:40:54",124
"2020-07-14 01:40:51",124
"2020-07-14 02:40:52",124
"2020-07-14 03:40:49",124
"2020-07-14 04:40:48",124
"2020-07-14 05:40:48",124
"2020-07-14 06:40:51",124
"2020-07-14 07:40:49",124
"2020-07-14 08:40:50",124
"2020-07-14 12:03:48",124
"2020-07-14 12:06:01",124
"2020-07-14 12:13:20",124
"2020-07-14 12:40:54",124
"2020-07-14 13:40:57",124
"2020-07-14 14:40:50",123
"2020-07-14 15:40:52",121
"2020-07-14 16:40:55",121
"2020-07-14 17:40:55",120
"2020-07-14 18:40:51",119
"2020-07-14 19:40:50",119
"2020-07-14 20:40:51",119
"2020-07-14 21:40:52",119
"2020-07-14 22:40:52",119
"2020-07-14 23:40:53",119
"2020-07-15 00:40:55",119
"2020-07-15 01:40:51",119
"2020-07-15 02:27:39",119
"2020-07-15 02:35:29",119
"2020-07-15 02:43:08",119
"2020-07-15 02:50:47",119
"2020-07-15 02:58:46",119
"2020-07-15 03:12:26",119
"2020-07-15 03:20:12",119
"2020-07-15 03:28:04",119
"2020-07-15 03:35:55",119
"2020-07-15 03:43:37",119
"2020-07-15 03:51:21",119
"2020-07-15 03:59:05",119
"2020-07-15 04:06:56",119
"2020-07-15 04:14:41",119
"2020-07-15 04:22:27",119
"2020-07-15 04:30:16",119
"2020-07-15 04:38:05",119
"2020-07-15 04:45:47",119
"2020-07-15 04:53:31",119
"2020-07-15 05:01:41",119
"2020-07-15 05:09:33",119
"2020-07-15 12:15:47",119
"2020-07-15 12:24:18",119
"2020-07-15 12:32:12",119
"2020-07-15 12:40:06",119
"2020-07-15 12:47:59",119
"2020-07-15 12:55:55",119
"2020-07-15 13:03:50",119
"2020-07-15 13:12:01",119
"2020-07-15 13:20:11",119
"2020-07-15 13:28:21",119
"2020-07-15 13:36:21",119
"2020-07-15 13:44:24",119
"2020-07-15 13:52:21",119
"2020-07-15 14:00:18",119
"2020-07-15 14:08:25",119
"2020-07-15 14:16:26",119
"2020-07-15 14:24:29",119
"2020-07-15 14:32:33",119
"2020-07-15 14:42:26",119
"2020-07-15 14:52:21",119
"2020-07-15 15:02:17",119
"2020-07-15 15:12:28",119
"2020-07-15 15:22:23",119
"2020-07-15 15:32:20",119
"2020-07-15 15:42:17",119
"2020-07-15 15:52:35",119
"2020-07-15 16:02:34",119
"2020-07-15 16:12:40",118
"2020-07-15 16:22:41",118
"2020-07-15 16:32:47",118
"2020-07-15 16:43:01",118
"2020-07-15 16:53:16",118
"2020-07-15 17:03:14",118
"2020-07-15 17:10:39",118
"2020-07-15 17:18:35",118
"2020-07-15 17:26:20",118
"2020-07-15 17:34:06",118
"2020-07-15 17:41:52",118
"2020-07-15 17:49:39",118
"2020-07-15 17:57:32",118
"2020-07-15 18:05:32",118
"2020-07-15 18:13:28",118
"2020-07-15 18:21:24",118
"2020-07-15 18:29:15",118
"2020-07-15 18:37:13",118
"2020-07-15 18:45:22",118
"2020-07-15 18:53:22",118
"2020-07-15 19:01:31",118
"2020-07-15 19:09:36",118
"2020-07-15 19:17:27",118
"2020-07-15 19:25:21",118
"2020-07-15 19:35:23",118
"2020-07-15 19:45:20",118
"2020-07-15 19:55:09",118
"2020-07-15 20:05:06",118
"2020-07-15 20:15:00",118
"2020-07-15 20:25:09",118
"2020-07-15 20:34:56",118
"2020-07-15 20:44:44",118
"2020-07-15 20:54:29",118
"2020-07-15 21:04:18",118
"2020-07-15 21:14:06",118
"2020-07-15 21:23:53",118
"2020-07-15 21:34:12",118
"2020-07-15 21:44:17",118
"2020-07-15 21:54:23",118
"2020-07-15 22:04:28",118
"2020-07-15 22:14:21",118
"2020-07-15 22:24:16",118
"2020-07-15 22:34:02",118
"2020-07-15 22:43:45",118
"2020-07-15 22:53:29",118
"2020-07-15 22:57:15",118
"2020-07-15 23:01:23",118
"2020-07-15 23:23:11",118
"2020-07-15 23:32:57",118
"2020-07-15 23:42:47",118
"2020-07-15 23:52:30",118
"2020-07-16 00:02:40",118
"2020-07-16 00:13:14",118
"2020-07-16 00:23:41",118
"2020-07-16 00:34:07",118
"2020-07-16 00:44:10",118
"2020-07-16 00:53:57",118
"2020-07-16 01:03:50",118
"2020-07-16 01:13:41",118
"2020-07-16 01:23:39",118
"2020-07-16 01:33:26",118
"2020-07-16 01:43:10",118
"2020-07-16 01:52:59",118
"2020-07-16 02:02:52",118
"2020-07-16 02:12:48",118
"2020-07-16 02:23:14",118
"2020-07-16 02:33:19",118
"2020-07-16 02:43:20",118
"2020-07-16 02:53:39",118
"2020-07-16 02:54:48",118
"2020-07-16 03:13:47",118
"2020-07-16 03:24:17",118
"2020-07-16 03:34:18",118
"2020-07-16 03:44:18",118
"2020-07-16 03:54:20",118
"2020-07-16 04:04:53",118
"2020-07-16 04:14:54",118
"2020-07-16 04:24:51",118
"2020-07-16 04:34:48",118
"2020-07-16 04:44:41",118
"2020-07-16 04:54:35",118
"2020-07-16 05:04:34",118
"2020-07-16 05:14:26",118
"2020-07-16 05:24:19",118
"2020-07-16 05:34:11",118
"2020-07-16 05:46:40",118
"2020-07-16 05:58:04",118
"2020-07-16 06:08:03",118
"2020-07-16 06:15:55",118
"2020-07-16 06:24:15",118
"2020-07-16 06:33:36",118
"2020-07-16 06:42:54",118
"2020-07-16 06:52:40",118
"2020-07-16 06:53:27",118
"2020-07-16 06:53:37",118
"2020-07-16 07:24:19",118
"2020-07-16 07:35:31",118
"2020-07-16 07:39:51",118
"2020-07-16 07:49:28",118
"2020-07-16 07:56:08",118
"2020-07-16 08:06:50",118
"2020-07-16 08:17:00",118
"2020-07-16 08:26:23",118
"2020-07-16 08:35:50",118
"2020-07-16 08:45:13",118
"2020-07-16 08:54:15",118
"2020-07-16 09:03:41",118
"2020-07-16 09:13:39",118
"2020-07-16 09:23:42",118
"2020-07-16 09:33:33",118
"2020-07-16 09:42:42",118
"2020-07-16 09:51:28",118
"2020-07-16 10:00:18",118
"2020-07-16 10:09:28",118
"2020-07-16 10:18:08",118
"2020-07-16 10:26:27",118
"2020-07-16 10:34:57",118
"2020-07-16 10:45:20",118
"2020-07-16 10:55:50",118
"2020-07-16 11:06:48",118
"2020-07-16 11:17:48",118
"2020-07-16 11:28:20",118
"2020-07-16 11:38:45",118
"2020-07-16 11:49:30",118
"2020-07-16 12:00:43",118
"2020-07-16 12:12:33",118
"2020-07-16 12:23:36",118
"2020-07-16 12:34:50",118
"2020-07-16 12:45:57",118
"2020-07-16 12:56:58",118
"2020-07-16 13:08:30",118
"2020-07-16 13:20:22",118
"2020-07-16 13:32:21",118
"2020-07-16 13:43:43",118
"2020-07-16 13:54:39",118
"2020-07-16 14:05:49",118
"2020-07-16 14:16:54",118
"2020-07-16 14:28:08",118
"2020-07-16 14:32:29",118
"2020-07-16 14:36:57",118
"2020-07-16 15:00:26",118
"2020-07-16 15:11:33",118
"2020-07-16 16:55:24",118
"2020-07-16 17:03:40",118
"2020-07-16 17:11:56",118
"2020-07-16 17:20:07",118
"2020-07-16 17:28:11",118
"2020-07-16 17:36:26",118
"2020-07-16 17:44:35",118
"2020-07-16 17:52:40",118
"2020-07-16 18:00:47",118
"2020-07-16 18:09:08",118
"2020-07-16 18:17:19",118
"2020-07-16 18:25:31",118
"2020-07-16 18:33:37",118
"2020-07-16 18:41:44",118
"2020-07-16 18:50:01",118
"2020-07-16 18:58:09",118
"2020-07-16 19:06:19",118
"2020-07-16 19:14:30",118
"2020-07-16 19:24:36",118
"2020-07-16 19:34:44",118
"2020-07-16 19:44:48",118
"2020-07-16 19:54:52",118
"2020-07-16 20:04:59",119
"2020-07-16 20:15:01",119
"2020-07-16 20:25:01",119
"2020-07-16 20:35:02",119
"2020-07-16 20:45:07",119
"2020-07-16 20:55:10",119
"2020-07-16 21:05:17",119
"2020-07-16 21:15:21",119
"2020-07-16 21:25:25",119
"2020-07-16 21:35:49",119
"2020-07-16 21:45:57",119
"2020-07-16 21:55:58",119
"2020-07-16 22:06:09",119
"2020-07-16 22:16:10",119
"2020-07-16 22:26:11",119
"2020-07-16 22:36:14",119
"2020-07-16 22:46:13",119
"2020-07-16 22:50:07",119
"2020-07-16 22:54:14",119
"2020-07-16 23:16:20",119
"2020-07-16 23:26:20",119
"2020-07-16 23:36:19",119
"2020-07-16 23:46:18",119
"2020-07-16 23:56:18",119
"2020-07-17 00:07:03",119
"2020-07-17 00:17:42",119
"2020-07-17 00:28:11",119
"2020-07-17 00:38:47",119
"2020-07-17 00:49:01",119
"2020-07-17 00:59:14",119
"2020-07-17 01:09:29",119
"2020-07-17 01:19:35",119
"2020-07-17 01:29:35",119
"2020-07-17 01:39:38",119
"2020-07-17 01:49:40",119
"2020-07-17 01:59:43",119
"2020-07-17 02:09:49",119
"2020-07-17 02:19:55",119
"2020-07-17 02:29:56",119
"2020-07-17 02:39:52",119
"2020-07-17 02:49:50",119
"2020-07-17 02:51:01",119
"2020-07-17 03:09:57",119
"2020-07-17 03:19:59",119
"2020-07-17 03:30:04",119
"2020-07-17 03:40:11",119
"2020-07-17 03:50:16",119
"2020-07-17 04:00:25",119
"2020-07-17 04:10:39",119
"2020-07-17 04:20:44",119
"2020-07-17 04:30:49",119
"2020-07-17 04:40:53",119
"2020-07-17 04:50:55",119
"2020-07-17 05:01:00",119
"2020-07-17 05:11:08",119
"2020-07-17 05:21:15",119
"2020-07-17 05:31:14",119
"2020-07-17 05:41:15",119
"2020-07-17 05:51:15",119
"2020-07-17 06:01:16",119
"2020-07-17 06:09:31",119
"2020-07-17 06:17:41",119
"2020-07-17 06:25:54",119
"2020-07-17 06:34:06",119
"2020-07-17 06:42:38",119
"2020-07-17 06:43:21",119
"2020-07-17 06:43:31",119
"2020-07-17 07:07:21",119
"2020-07-17 07:15:31",119
"2020-07-17 07:23:40",119
"2020-07-17 07:31:49",119
"2020-07-17 07:39:54",119
"2020-07-17 07:48:00",119
"2020-07-17 07:56:06",119
"2020-07-17 08:04:23",119
"2020-07-17 08:12:49",119
"2020-07-17 08:21:21",119
"2020-07-17 08:29:50",119
"2020-07-17 08:38:26",119
"2020-07-17 08:46:45",119
"2020-07-17 08:54:57",119
"2020-07-17 09:03:13",119
"2020-07-17 09:11:20",119
"2020-07-17 09:19:30",119
"2020-07-17 09:27:38",119
"2020-07-17 09:35:42",119
"2020-07-17 09:43:42",119
"2020-07-17 09:51:45",119
"2020-07-17 10:00:07",119
"2020-07-17 10:02:22",119
"2020-07-17 10:09:56",119
"2020-07-17 10:24:18",119
"2020-07-17 10:34:20",119
"2020-07-17 10:44:23",119
"2020-07-17 10:54:28",119
"2020-07-17 11:04:56",119
"2020-07-17 11:15:04",119
"2020-07-17 11:25:10",119
"2020-07-17 11:35:18",119
"2020-07-17 11:45:22",119
"2020-07-17 11:55:29",119
"2020-07-17 12:05:47",119
"2020-07-17 12:16:10",119
"2020-07-17 12:26:24",119
"2020-07-17 12:36:31",119
"2020-07-17 12:46:35",119
"2020-07-17 12:56:41",119
"2020-07-17 13:07:23",119
"2020-07-17 13:17:55",119
"2020-07-17 13:26:19",119
"2020-07-17 13:34:53",119
"2020-07-17 13:43:17",119
"2020-07-17 13:51:20",119
"2020-07-17 13:59:58",119
"2020-07-17 14:08:43",119
"2020-07-17 14:17:09",119
"2020-07-17 14:25:30",119
"2020-07-17 14:33:48",119
"2020-07-17 14:41:54",119
"2020-07-17 14:49:56",119
"2020-07-17 14:58:25",119
"2020-07-17 15:07:22",119
"2020-07-17 15:16:16",121
"2020-07-17 15:24:50",121
"2020-07-17 15:33:22",121
"2020-07-17 15:41:49",121
"2020-07-17 15:50:10",121
"2020-07-17 15:56:16",121
"2020-07-17 16:05:27",121
"2020-07-17 16:12:46",121
"2020-07-17 16:21:40",121
"2020-07-17 16:30:22",121
"2020-07-17 16:38:59",121
"2020-07-17 16:47:30",121
"2020-07-17 16:55:58",121
"2020-07-17 17:00:33",121
"2020-07-17 17:08:51",120
"2020-07-17 17:17:04",120
"2020-07-17 17:25:40",120
"2020-07-17 17:34:03",120
"2020-07-17 17:42:33",120
"2020-07-17 17:50:58",120
"2020-07-17 17:59:29",120
"2020-07-17 18:08:20",120
"2020-07-17 18:16:56",120
"2020-07-17 18:25:22",120
"2020-07-17 18:33:55",120
"2020-07-17 18:42:22",120
"2020-07-17 18:50:48",120
"2020-07-17 18:59:21",120
"2020-07-17 19:02:24",120
"2020-07-17 19:11:58",120
"2020-07-17 19:20:26",120
"2020-07-17 19:28:41",120
"2020-07-17 19:36:50",120
"2020-07-17 19:40:29",120
"2020-07-17 19:48:31",120
"2020-07-17 19:56:36",120
"2020-07-17 20:04:48",120
"2020-07-17 20:12:53",120
"2020-07-17 20:20:53",120
"2020-07-17 20:28:51",120
"2020-07-17 20:36:58",120
"2020-07-17 20:44:56",120
"2020-07-17 20:52:57",120
"2020-07-17 21:01:10",120
"2020-07-17 21:09:22",120
"2020-07-17 21:17:21",120
"2020-07-17 21:25:19",120
"2020-07-17 21:33:20",120
"2020-07-17 21:41:21",120
"2020-07-17 21:49:26",120
"2020-07-17 21:57:36",120
"2020-07-17 22:07:55",120
"2020-07-17 22:18:10",120
"2020-07-17 22:28:15",120
"2020-07-17 22:38:30",120
"2020-07-17 22:48:55",120
"2020-07-17 22:59:28",120
"2020-07-17 23:10:15",120
"2020-07-17 23:20:28",120
"2020-07-17 23:30:32",120
"2020-07-17 23:40:36",120
"2020-07-17 23:50:40",120
"2020-07-18 00:01:19",120
"2020-07-18 00:13:29",120
"2020-07-18 00:24:15",120
"2020-07-18 00:34:44",120
"2020-07-18 00:45:27",120
"2020-07-18 00:55:46",120
"2020-07-18 01:05:58",120
"2020-07-18 01:16:06",120
"2020-07-18 01:26:15",120
"2020-07-18 01:36:21",120
"2020-07-18 01:40:18",120
"2020-07-18 01:44:25",120
"2020-07-18 02:06:33",120
"2020-07-18 02:16:38",120
"2020-07-18 02:26:38",120
"2020-07-18 02:36:37",120
"2020-07-18 02:46:35",120
"2020-07-18 02:56:36",120
"2020-07-18 03:06:49",120
"2020-07-18 03:16:59",120
"2020-07-18 03:27:07",120
"2020-07-18 03:37:13",120
"2020-07-18 03:47:23",120
"2020-07-18 03:57:36",120
"2020-07-18 04:08:08",120
"2020-07-18 04:18:45",120
"2020-07-18 04:29:04",120
"2020-07-18 04:39:10",120
"2020-07-18 04:49:13",120
"2020-07-18 04:59:17",120
"2020-07-18 05:10:04",120
"2020-07-18 05:20:28",120
"2020-07-18 05:30:41",120
"2020-07-18 05:40:39",120
"2020-07-18 05:41:49",120
"2020-07-18 06:00:49",120
"2020-07-18 06:11:07",120
"2020-07-18 08:34:54",120
"2020-07-18 08:43:18",120
"2020-07-18 08:51:24",120
"2020-07-18 08:59:27",120
"2020-07-18 09:07:34",120
"2020-07-18 09:15:33",120
"2020-07-18 09:23:31",120
"2020-07-18 09:31:34",120
"2020-07-18 09:39:35",120
"2020-07-18 09:47:36",120
"2020-07-18 09:55:38",120
"2020-07-18 10:03:41",120
"2020-07-18 10:11:45",120
"2020-07-18 10:19:45",120
"2020-07-18 10:27:51",120
"2020-07-18 10:35:51",120
"2020-07-18 10:43:47",120
"2020-07-18 10:51:44",120
"2020-07-18 11:01:45",120
"2020-07-18 11:11:46",120
"2020-07-18 11:21:44",120
"2020-07-18 11:31:43",120
"2020-07-18 11:41:42",120
"2020-07-18 11:51:39",120
"2020-07-18 12:01:40",120
"2020-07-18 12:11:53",120
"2020-07-18 12:22:00",120
"2020-07-18 12:31:59",120
"2020-07-18 12:42:03",120
"2020-07-18 12:52:04",120
"2020-07-18 13:02:17",120
"2020-07-18 13:12:32",120
"2020-07-18 13:22:39",120
"2020-07-18 13:32:42",120
"2020-07-18 13:42:37",120
"2020-07-18 13:52:33",120
"2020-07-18 14:02:31",120
"2020-07-18 14:12:28",120
"2020-07-18 14:22:25",120
"2020-07-18 14:26:18",120
"2020-07-18 14:30:25",120
"2020-07-18 14:52:26",120
"2020-07-18 15:02:29",120
"2020-07-18 15:12:35",120
"2020-07-18 15:22:38",120
"2020-07-18 15:32:37",120
"2020-07-18 15:42:35",120
"2020-07-18 15:52:35",120
"2020-07-18 16:02:34",120
"2020-07-18 16:12:36",120
"2020-07-18 16:22:36",120
"2020-07-18 16:32:38",120
"2020-07-18 16:42:38",120
"2020-07-18 16:52:35",120
"2020-07-18 17:02:36",120
"2020-07-18 17:12:44",120
"2020-07-18 17:22:44",120
"2020-07-18 17:32:42",120
"2020-07-18 17:42:41",120
"2020-07-18 17:52:38",120
"2020-07-18 18:02:35",120
"2020-07-18 18:12:39",120
"2020-07-18 18:22:37",120
"2020-07-18 18:23:46",120
"2020-07-18 18:42:31",120
"2020-07-18 18:52:28",120
"2020-07-18 19:02:31",120
"2020-07-18 19:12:57",120
"2020-07-18 19:22:55",120
"2020-07-18 19:33:12",120
"2020-07-18 19:43:12",120
"2020-07-18 22:07:39",120
"2020-07-18 22:15:11",120
"2020-07-18 22:22:44",120
"2020-07-18 22:30:16",120
"2020-07-18 22:37:49",120
"2020-07-18 22:45:22",120
"2020-07-18 22:52:54",120
"2020-07-18 23:00:28",120
"2020-07-18 23:08:03",120
"2020-07-18 23:15:36",120
"2020-07-18 23:23:09",120
"2020-07-18 23:30:42",120
"2020-07-18 23:38:18",120
"2020-07-18 23:46:00",120
"2020-07-18 23:53:47",120
"2020-07-19 00:01:31",120
"2020-07-19 00:09:03",120
"2020-07-19 00:16:38",120
"2020-07-19 00:26:13",120
"2020-07-19 00:35:48",120
"2020-07-19 00:45:23",120
"2020-07-19 00:54:58",120
"2020-07-19 01:04:34",120
"2020-07-19 01:14:08",120
"2020-07-19 01:23:44",120
"2020-07-19 01:33:20",120
"2020-07-19 01:42:56",120
"2020-07-19 01:52:31",120
"2020-07-19 02:02:06",120
"2020-07-19 02:11:41",120
"2020-07-19 02:21:15",120
"2020-07-19 02:30:48",120
"2020-07-19 02:40:22",120
"2020-07-19 02:49:55",120
"2020-07-19 02:59:29",120
"2020-07-19 03:09:04",120
"2020-07-19 03:18:37",120
"2020-07-19 03:28:13",120
"2020-07-19 03:37:47",120
"2020-07-19 03:41:27",120
"2020-07-19 03:45:20",120
"2020-07-19 04:06:31",120
"2020-07-19 04:16:04",120
"2020-07-19 04:25:37",120
"2020-07-19 04:35:11",120
"2020-07-19 04:44:44",120
"2020-07-19 04:54:18",120
"2020-07-19 05:03:51",120
"2020-07-19 05:13:23",120
"2020-07-19 05:22:57",120
"2020-07-19 05:32:29",120
"2020-07-19 05:42:02",120
"2020-07-19 05:51:33",120
"2020-07-19 06:01:05",120
"2020-07-19 06:10:39",120
"2020-07-19 06:20:17",120
"2020-07-19 06:29:51",120
"2020-07-19 06:41:00",120
"2020-07-19 06:48:37",120
"2020-07-19 06:56:12",120
"2020-07-19 07:03:47",120
"2020-07-19 07:11:24",120
"2020-07-19 07:19:00",120
"2020-07-19 07:26:34",120
"2020-07-19 07:34:07",120
"2020-07-19 07:41:42",120
"2020-07-19 07:49:17",120
"2020-07-19 07:56:51",120
"2020-07-19 08:04:25",120
"2020-07-19 08:11:59",120
"2020-07-19 08:19:32",120
"2020-07-19 08:27:11",120
"2020-07-19 08:34:45",120
"2020-07-19 08:42:13",120
"2020-07-19 08:49:46",120
"2020-07-19 08:59:21",120
"2020-07-19 09:08:57",120
"2020-07-19 09:18:32",120
"2020-07-19 09:28:07",120
"2020-07-19 09:37:46",120
"2020-07-19 09:47:28",120
"2020-07-19 09:57:10",120
"2020-07-19 10:06:54",120
"2020-07-19 10:16:29",120
"2020-07-19 10:26:03",120
"2020-07-19 10:35:40",120
"2020-07-19 10:45:17",120
"2020-07-19 10:54:54",120
"2020-07-19 11:04:30",120
"2020-07-19 11:14:04",120
"2020-07-19 11:23:39",120
"2020-07-19 11:33:14",120
"2020-07-19 11:42:51",120
"2020-07-19 11:52:27",120
"2020-07-19 12:02:02",120
"2020-07-19 12:11:38",120
"2020-07-19 12:15:20",120
"2020-07-19 12:19:13",120
"2020-07-19 12:40:26",120
"2020-07-19 12:50:06",120
"2020-07-19 12:59:40",120
"2020-07-19 13:09:16",120
"2020-07-19 13:18:52",120
"2020-07-19 13:28:30",120
"2020-07-19 13:38:06",120
"2020-07-19 13:47:40",120
"2020-07-19 13:57:15",120
"2020-07-19 14:06:50",120
"2020-07-19 14:16:24",120
"2020-07-19 14:25:58",120
"2020-07-19 14:35:34",120
"2020-07-19 14:45:09",120
"2020-07-19 14:54:43",120
"2020-07-19 15:04:20",120
"2020-07-19 15:13:56",120
"2020-07-19 15:23:32",120
"2020-07-19 15:33:07",120
"2020-07-19 15:42:42",120
"2020-07-19 15:52:17",120
"2020-07-19 16:01:53",120
"2020-07-19 16:02:59",120
"2020-07-19 16:21:08",120
"2020-07-19 16:30:43",120
"2020-07-19 16:40:18",120
"2020-07-19 16:49:58",120
"2020-07-19 16:59:36",120
"2020-07-19 17:09:14",120
"2020-07-19 17:18:49",120
"2020-07-19 17:28:24",120
"2020-07-19 17:37:58",120
"2020-07-19 17:47:32",120
"2020-07-19 17:57:06",120
"2020-07-19 18:06:41",120
"2020-07-19 18:16:16",120
"2020-07-19 18:25:51",120
"2020-07-19 18:35:27",120
"2020-07-19 18:45:01",120
"2020-07-19 18:54:36",120
"2020-07-19 19:04:12",120
"2020-07-19 19:11:47",120
"2020-07-19 19:19:22",120
"2020-07-19 19:26:56",120
"2020-07-19 19:34:32",120
"2020-07-19 19:42:29",120
"2020-07-19 19:43:08",120
"2020-07-19 19:43:17",120
"2020-07-19 20:04:56",120
"2020-07-19 20:12:31",120
"2020-07-19 20:20:07",120
"2020-07-19 20:27:42",120
"2020-07-19 20:35:17",120
"2020-07-19 20:42:54",120
"2020-07-19 20:50:29",120
"2020-07-19 20:58:04",120
"2020-07-19 21:05:40",120
"2020-07-19 21:13:15",120
"2020-07-19 21:20:49",120
"2020-07-19 21:28:22",120
"2020-07-19 21:35:57",120
"2020-07-19 21:43:31",120
"2020-07-19 21:51:06",120
"2020-07-19 21:58:42",120
"2020-07-19 22:06:19",120
"2020-07-19 22:13:55",120
"2020-07-19 22:21:29",120
"2020-07-19 22:29:03",120
"2020-07-19 22:36:38",120
"2020-07-19 22:44:18",120
"2020-07-19 22:46:24",120
"2020-07-19 22:53:31",120
"2020-07-19 23:06:58",120
"2020-07-19 23:16:32",120
"2020-07-19 23:26:06",120
"2020-07-19 23:35:40",120
"2020-07-19 23:45:13",120
"2020-07-19 23:54:49",120
"2020-07-20 00:04:23",120
"2020-07-20 00:14:00",120
"2020-07-20 00:23:36",120
"2020-07-20 00:33:11",120
"2020-07-20 00:42:46",120
"2020-07-20 00:52:22",120
"2020-07-20 01:01:55",120
"2020-07-20 01:11:31",120
"2020-07-20 01:21:06",120
"2020-07-20 01:30:42",120
"2020-07-20 01:40:18",120
"2020-07-20 01:49:54",120
"2020-07-20 01:57:31",120
"2020-07-20 02:05:08",120
"2020-07-20 02:12:45",120
"2020-07-20 02:20:20",120
"2020-07-20 02:27:56",120
"2020-07-20 02:35:32",120
"2020-07-20 02:43:08",120
"2020-07-20 02:50:45",120
"2020-07-20 02:58:20",120
"2020-07-20 03:05:55",120
"2020-07-20 03:13:32",120
"2020-07-20 03:21:08",120
"2020-07-20 03:28:44",120
"2020-07-20 03:36:20",120
"2020-07-20 03:43:56",120
"2020-07-20 03:51:32",120
"2020-07-20 03:59:07",120
"2020-07-20 04:06:42",120
"2020-07-20 04:12:09",120
"2020-07-20 04:19:44",120
"2020-07-20 04:26:08",120
"2020-07-20 04:33:46",120
"2020-07-20 04:41:22",120
"2020-07-20 04:49:01",120
"2020-07-20 04:56:41",120
"2020-07-20 05:04:32",120
"2020-07-20 05:12:16",120
"2020-07-20 05:20:01",120
"2020-07-20 05:27:46",120
"2020-07-20 05:35:31",120
"2020-07-20 05:43:16",120
"2020-07-20 05:51:01",120
"2020-07-20 05:58:45",120
"2020-07-20 06:06:31",120
"2020-07-20 06:14:15",120
"2020-07-20 06:22:00",120
"2020-07-20 06:29:44",120
"2020-07-20 06:37:28",120
"2020-07-20 06:45:13",120
"2020-07-20 06:52:57",120
"2020-07-20 07:00:41",120
"2020-07-20 07:08:25",120
"2020-07-20 07:16:07",120
"2020-07-20 07:23:50",120
"2020-07-20 07:31:33",120
"2020-07-20 07:39:16",120
"2020-07-20 07:46:59",120
"2020-07-20 07:54:43",120
"2020-07-20 08:02:28",120
"2020-07-20 08:10:11",120
"2020-07-20 08:17:54",120
"2020-07-20 08:25:36",120
"2020-07-20 08:33:17",120
"2020-07-20 08:41:00",120
"2020-07-20 08:48:44",120
"2020-07-20 08:56:27",120
"2020-07-20 09:04:13",120
"2020-07-20 09:11:58",120
"2020-07-20 09:19:40",120
"2020-07-20 09:27:23",120
"2020-07-20 09:35:08",120
"2020-07-20 09:42:51",120
"2020-07-20 09:50:34",120
"2020-07-20 09:58:18",120
"2020-07-20 10:06:03",120
"2020-07-20 10:13:48",120
"2020-07-20 10:21:31",120
"2020-07-20 10:29:15",120
"2020-07-20 10:37:01",120
"2020-07-20 10:44:46",120
"2020-07-20 10:52:31",120
"2020-07-20 11:00:16",120
"2020-07-20 11:08:02",120
"2020-07-20 11:15:48",120
"2020-07-20 11:23:30",120
"2020-07-20 11:31:13",120
"2020-07-20 11:38:56",120
"2020-07-20 11:46:40",120
"2020-07-20 11:54:23",120
"2020-07-20 12:02:07",120
"2020-07-20 12:09:53",120
"2020-07-20 12:17:38",120
"2020-07-20 12:25:23",120
"2020-07-20 12:33:08",120
"2020-07-20 12:40:52",120
"2020-07-20 12:48:35",120
"2020-07-20 12:56:18",120
"2020-07-20 13:04:04",120
"2020-07-20 13:11:51",120
"2020-07-20 13:19:34",120
"2020-07-20 13:27:22",120
"2020-07-20 13:35:09",120
"2020-07-20 13:42:56",120
"2020-07-20 13:50:42",120
"2020-07-20 13:58:27",120
"2020-07-20 14:06:11",120
"2020-07-20 14:13:56",120
"2020-07-20 14:21:41",120
"2020-07-20 14:40:41",120
"2020-07-20 15:40:42",118
"2020-07-20 16:40:41",118
"2020-07-20 17:40:39",118
"2020-07-20 18:40:43",118
"2020-07-20 19:40:44",118
"2020-07-20 20:40:43",118
"2020-07-20 21:40:43",118
"2020-07-20 22:40:43",118
"2020-07-20 23:40:40",118
"2020-07-21 00:40:40",118
"2020-07-21 01:40:43",118
"2020-07-21 02:40:43",118
"2020-07-21 03:40:45",118
"2020-07-21 04:40:45",118
"2020-07-21 05:40:43",118
"2020-07-21 06:40:45",118
"2020-07-21 07:40:43",118
"2020-07-21 08:40:42",118
"2020-07-21 09:40:41",118
"2020-07-21 10:40:40",118
"2020-07-21 11:40:41",118
"2020-07-21 12:40:40",118
"2020-07-21 13:40:42",118
"2020-07-21 14:40:41",118
"2020-07-21 15:40:40",118
"2020-07-21 16:40:46",118
"2020-07-21 17:40:44",118
"2020-07-21 18:40:42",118
"2020-07-21 19:40:40",118
"2020-07-21 20:40:42",119
"2020-07-21 21:40:39",119
"2020-07-21 22:40:42",119
"2020-07-21 23:40:43",119
"2020-07-22 00:40:41",119
"2020-07-22 01:40:40",119
"2020-07-22 02:40:39",119
"2020-07-22 03:40:44",119
"2020-07-22 04:40:39",119
"2020-07-22 05:40:39",119
"2020-07-22 06:40:39",119
"2020-07-22 07:40:39",119
"2020-07-22 08:40:38",119
"2020-07-22 09:40:38",119
"2020-07-22 10:40:38",119
"2020-07-22 11:40:37",119
"2020-07-22 12:40:41",119
"2020-07-22 13:40:44",119
"2020-07-22 14:40:41",120
"2020-07-22 15:40:42",120
"2020-07-22 16:40:45",120
"2020-07-22 17:40:41",119
"2020-07-22 18:40:43",119
"2020-07-22 19:40:40",119
"2020-07-22 20:40:43",119
"2020-07-22 21:40:42",119
"2020-07-22 22:40:43",119
"2020-07-22 23:40:39",119
"2020-07-23 00:40:41",119
"2020-07-23 01:40:44",119
"2020-07-23 02:40:42",119
"2020-07-23 03:40:42",119
"2020-07-23 04:40:40",119
"2020-07-23 05:40:43",119
"2020-07-23 06:40:39",119
"2020-07-23 07:40:42",119
"2020-07-23 08:40:41",119
"2020-07-23 09:40:43",119
"2020-07-23 10:40:44",119
"2020-07-23 11:40:42",119
"2020-07-23 13:06:41",119
"2020-07-23 13:40:48",119
"2020-07-23 14:40:41",117
"2020-07-23 15:40:45",117
"2020-07-23 16:40:41",117
"2020-07-23 17:40:42",118
"2020-07-23 18:40:42",117
"2020-07-23 19:40:43",117
"2020-07-23 20:40:41",117
"2020-07-23 21:40:43",117
"2020-07-23 22:40:43",117
"2020-07-23 23:40:40",117
"2020-07-24 00:40:46",117
"2020-07-24 01:40:42",117
"2020-07-24 02:40:42",117
"2020-07-24 03:40:44",117
"2020-07-24 04:40:41",117
"2020-07-24 05:40:45",117
"2020-07-24 06:40:39",117
"2020-07-24 07:40:44",117
"2020-07-24 08:40:42",117
"2020-07-24 09:40:45",117
"2020-07-24 10:40:43",117
"2020-07-24 11:40:42",117
"2020-07-24 12:40:42",117
"2020-07-24 13:40:42",117
"2020-07-24 14:40:42",117
"2020-07-24 15:40:45",117
"2020-07-24 16:40:42",117
"2020-07-24 17:40:39",117
"2020-07-24 18:40:42",117
"2020-07-24 19:40:40",117
"2020-07-24 20:40:44",116
"2020-07-24 21:40:39",116
"2020-07-24 22:40:42",116
"2020-07-24 23:40:43",116
"2020-07-25 00:40:42",116
"2020-07-25 01:40:42",116
"2020-07-25 02:40:41",116
"2020-07-25 03:40:45",116
"2020-07-25 04:40:42",116
"2020-07-25 05:40:44",116
"2020-07-25 06:40:41",116
"2020-07-25 07:40:45",116
"2020-07-25 08:40:44",116
"2020-07-25 09:40:41",116
"2020-07-25 10:40:40",116
"2020-07-25 11:40:44",116
"2020-07-25 12:40:43",116
"2020-07-25 13:40:44",116
"2020-07-25 14:40:41",116
"2020-07-25 15:40:43",116
"2020-07-25 16:40:42",116
"2020-07-25 17:40:42",116
"2020-07-25 18:40:42",116
"2020-07-25 19:40:42",116
"2020-07-25 20:40:44",116
"2020-07-25 21:40:43",116
"2020-07-25 22:40:41",116
"2020-07-25 23:40:43",116
"2020-07-26 00:40:42",116
"2020-07-26 01:40:43",116
"2020-07-26 02:40:44",116
"2020-07-26 03:40:42",116
"2020-07-26 04:40:43",116
"2020-07-26 05:40:44",116
"2020-07-26 06:40:42",116
"2020-07-26 07:40:42",116
"2020-07-26 08:40:42",116
"2020-07-26 09:40:42",116
"2020-07-26 10:40:42",116
"2020-07-26 11:40:44",116
"2020-07-26 12:40:45",116
"2020-07-26 13:40:46",116
"2020-07-26 14:40:41",116
"2020-07-26 15:40:42",116
"2020-07-26 16:40:43",116
"2020-07-26 17:40:42",116
"2020-07-26 18:40:43",116
"2020-07-26 19:40:42",116
"2020-07-26 20:40:42",116
"2020-07-26 21:40:44",116
"2020-07-26 22:40:44",116
"2020-07-26 23:40:42",116
"2020-07-27 00:40:44",116
"2020-07-27 01:40:42",116
"2020-07-27 02:40:46",116
"2020-07-27 03:40:46",116
"2020-07-27 04:40:43",116
"2020-07-27 05:40:47",116
"2020-07-27 06:40:44",116
"2020-07-27 07:40:45",116
"2020-07-27 08:40:43",116
"2020-07-27 09:40:43",116
"2020-07-27 10:40:40",116
"2020-07-27 11:40:44",116
"2020-07-27 12:40:44",116
"2020-07-27 13:40:43",116
"2020-07-27 14:40:46",118
"2020-07-27 15:40:46",118
"2020-07-27 16:40:47",118
"2020-07-27 17:40:46",117
"2020-07-27 18:40:46",117
"2020-07-27 19:40:42",117
"2020-07-27 20:40:47",117
"2020-07-27 21:40:43",117
"2020-07-27 22:40:44",117
"2020-07-27 23:40:44",117
"2020-07-28 00:40:50",117
"2020-07-28 01:40:46",117
"2020-07-28 02:40:49",117
"2020-07-28 03:40:50",117
"2020-07-28 04:40:51",117
"2020-07-28 07:02:59",117
"2020-07-28 07:04:18",117
"2020-07-28 07:40:42",117
"2020-07-28 08:40:41",117
"2020-07-28 09:40:44",117
"2020-07-28 10:40:43",117
"2020-07-28 11:40:43",117
"2020-07-28 13:10:14",117
"2020-07-28 13:40:45",117
"2020-07-28 14:40:42",117
"2020-07-28 15:40:44",116
"2020-07-28 16:40:44",116
"2020-07-28 17:40:41",116
"2020-07-28 18:40:42",116
"2020-07-28 19:40:45",116
"2020-07-28 20:40:44",116
"2020-07-28 21:40:42",116
"2020-07-28 22:40:47",116
"2020-07-28 23:40:46",116
"2020-07-29 00:40:43",116
"2020-07-29 01:40:47",116
"2020-07-29 02:40:42",116
"2020-07-29 03:40:43",116
"2020-07-29 04:40:43",116
"2020-07-29 05:40:47",116
"2020-07-29 06:40:42",116
"2020-07-29 07:40:45",116
"2020-07-29 08:40:44",116
"2020-07-29 09:40:45",116
"2020-07-29 10:40:49",116
"2020-07-29 11:40:46",116
"2020-07-29 13:12:44",116
"2020-07-29 13:40:46",116
"2020-07-29 14:40:46",116
"2020-07-29 15:40:45",116
"2020-07-29 16:41:00",116
"2020-07-29 17:40:48",115
"2020-07-29 18:40:47",115
"2020-07-29 19:40:45",115
"2020-07-29 20:40:46",115
"2020-07-29 21:40:45",115
"2020-07-29 22:40:47",115
"2020-07-29 23:40:46",115
"2020-07-30 00:40:55",115
"2020-07-30 01:40:47",115
"2020-07-30 02:40:46",115
"2020-07-30 03:40:46",115
"2020-07-30 04:40:46",115
"2020-07-30 05:40:45",115
"2020-07-30 06:40:44",115
"2020-07-30 07:40:46",115
"2020-07-30 08:40:48",115
"2020-07-30 09:40:44",115
"2020-07-30 10:40:44",115
"2020-07-30 11:40:45",115
"2020-07-30 13:05:13",115
"2020-07-30 13:40:47",115
"2020-07-30 14:40:47",115
"2020-07-30 15:40:47",115
"2020-07-30 16:40:45",115
"2020-07-30 17:40:47",115
"2020-07-30 18:40:47",115
"2020-07-30 19:40:46",115
"2020-07-30 20:40:44",114
"2020-07-30 21:40:46",114
"2020-07-30 22:40:45",114
"2020-07-30 23:40:42",114
"2020-07-31 00:40:48",114
"2020-07-31 01:40:42",114
"2020-07-31 02:40:45",114
"2020-07-31 03:40:44",114
"2020-07-31 04:40:43",114
"2020-07-31 05:40:44",114
"2020-07-31 06:40:41",114
"2020-07-31 07:40:47",114
"2020-07-31 08:40:45",114
"2020-07-31 09:40:43",114
"2020-07-31 10:40:42",114
"2020-07-31 11:40:40",114
"2020-07-31 12:40:43",114
"2020-07-31 13:40:48",114
"2020-07-31 14:40:43",114
"2020-07-31 15:40:43",114
"2020-07-31 16:40:48",114
"2020-07-31 17:40:44",114
"2020-07-31 18:40:45",114
"2020-07-31 19:40:46",114
"2020-07-31 20:40:44",114
"2020-07-31 21:40:46",114
"2020-07-31 22:40:45",114
"2020-07-31 23:40:45",114
"2020-08-01 00:40:47",114
"2020-08-01 01:40:42",114
"2020-08-01 02:40:43",114
"2020-08-01 03:40:45",114
"2020-08-01 04:40:45",114
"2020-08-01 05:40:45",114
"2020-08-01 06:40:45",114
"2020-08-01 07:40:46",114
"2020-08-01 08:40:47",114
"2020-08-01 09:40:45",114
"2020-08-01 10:40:44",114
"2020-08-01 11:40:43",114
"2020-08-01 12:40:44",114
"2020-08-01 13:40:45",114
"2020-08-01 14:40:42",114
"2020-08-01 15:41:00",114
"2020-08-01 16:40:48",114
"2020-08-01 17:40:44",114
"2020-08-01 18:40:43",114
"2020-08-01 19:40:44",114
"2020-08-01 20:40:43",114
"2020-08-01 21:40:43",114
"2020-08-01 22:40:43",114
"2020-08-01 23:40:45",114
"2020-08-02 00:40:46",114
"2020-08-02 01:40:43",114
"2020-08-02 02:40:42",114
"2020-08-02 03:40:47",114
"2020-08-02 04:40:43",114
"2020-08-02 05:40:46",114
"2020-08-02 06:40:45",114
"2020-08-02 07:40:45",114
"2020-08-02 08:40:44",114
"2020-08-02 09:40:46",114
"2020-08-02 10:40:45",114
"2020-08-02 11:40:42",114
"2020-08-02 12:40:44",114
"2020-08-02 13:40:43",114
"2020-08-02 14:40:42",114
"2020-08-02 15:40:47",114
"2020-08-02 16:40:42",114
"2020-08-02 17:40:46",114
"2020-08-02 18:40:44",114
"2020-08-02 19:40:45",114
"2020-08-02 20:40:42",114
"2020-08-02 21:40:44",114
"2020-08-02 22:40:45",114
"2020-08-02 23:40:47",114
"2020-08-03 00:40:45",114
"2020-08-03 01:40:46",114
"2020-08-03 02:40:43",114
"2020-08-03 03:40:45",114
"2020-08-03 04:40:43",114
"2020-08-03 05:40:47",114
"2020-08-03 06:40:42",114
"2020-08-03 07:40:45",114
"2020-08-03 08:40:46",114
"2020-08-03 09:40:47",114
"2020-08-03 10:40:44",114
"2020-08-03 11:40:43",114
"2020-08-03 12:40:45",114
"2020-08-03 13:40:47",114
"2020-08-03 14:40:44",113
"2020-08-03 15:40:48",113
"2020-08-03 16:40:45",112
"2020-08-03 17:40:45",112
"2020-08-03 18:40:43",112
"2020-08-03 19:40:45",112
"2020-08-03 20:40:44",111
"2020-08-03 21:40:44",111
"2020-08-03 22:40:44",111
"2020-08-03 23:40:47",111
"2020-08-04 00:40:48",111
"2020-08-04 01:40:48",111
"2020-08-04 02:40:46",111
"2020-08-04 03:40:45",111
"2020-08-04 04:40:49",111
"2020-08-04 05:40:44",111
"2020-08-04 06:40:45",111
"2020-08-04 07:40:42",111
"2020-08-04 08:40:51",111
"2020-08-04 09:40:44",111
"2020-08-04 10:40:42",111
"2020-08-04 11:40:43",111
"2020-08-04 12:40:41",111
"2020-08-04 13:40:48",111
"2020-08-04 14:40:45",110
"2020-08-04 15:40:46",110
"2020-08-04 16:40:45",110
"2020-08-04 17:40:46",110
"2020-08-04 18:40:49",109
"2020-08-04 19:40:43",109
"2020-08-04 20:40:45",109
"2020-08-04 21:40:47",109
"2020-08-04 22:40:45",109
"2020-08-04 23:40:49",109
"2020-08-05 00:40:47",109
"2020-08-05 01:40:47",109
"2020-08-05 02:40:44",109
"2020-08-05 03:40:48",109
"2020-08-05 04:40:46",109
"2020-08-05 05:40:46",109
"2020-08-05 06:40:42",109
"2020-08-05 07:40:43",109
"2020-08-05 08:40:47",109
"2020-08-05 09:40:50",109
"2020-08-05 10:40:45",109
"2020-08-05 11:40:46",109
"2020-08-05 13:08:46",109
"2020-08-05 13:40:51",109
"2020-08-05 14:40:47",104
"2020-08-05 15:40:45",104
"2020-08-05 16:40:43",104
"2020-08-05 17:40:43",104
"2020-08-05 18:40:45",104
"2020-08-05 19:40:46",104
"2020-08-05 20:40:42",104
"2020-08-05 21:40:47",104
"2020-08-05 22:40:45",104
"2020-08-05 23:40:46",104
"2020-08-06 00:40:50",104
"2020-08-06 01:40:44",104
"2020-08-06 02:40:47",104
"2020-08-06 03:40:48",104
"2020-08-06 04:40:44",104
"2020-08-06 05:40:52",104
"2020-08-06 06:40:47",104
"2020-08-06 07:40:47",104
"2020-08-06 08:40:50",104
"2020-08-06 09:40:44",104
"2020-08-06 10:40:47",104
"2020-08-06 11:40:43",104
"2020-08-06 12:40:46",104
"2020-08-06 13:40:42",104
"2020-08-06 14:40:41",102
"2020-08-06 15:40:45",100
"2020-08-06 16:40:46",100
"2020-08-06 17:40:44",100
"2020-08-06 18:40:43",100
"2020-08-06 19:40:46",100
"2020-08-06 20:40:46",100
"2020-08-06 21:40:44",100
"2020-08-06 22:40:42",100
"2020-08-06 23:40:46",100
"2020-08-07 00:40:45",100
"2020-08-07 01:40:45",100
"2020-08-07 02:40:45",100
"2020-08-07 03:40:42",100
"2020-08-07 04:40:46",100
"2020-08-07 05:40:45",100
"2020-08-07 06:40:43",100
"2020-08-07 07:40:45",100
"2020-08-07 08:40:46",100
"2020-08-07 09:40:43",100
"2020-08-07 10:40:44",100
"2020-08-07 11:40:41",100
"2020-08-07 12:40:44",100
"2020-08-07 13:40:45",100
"2020-08-07 14:40:43",100
"2020-08-07 15:40:48",100
"2020-08-07 16:40:45",100
"2020-08-07 17:40:45",100
"2020-08-07 18:40:47",100
"2020-08-07 19:40:44",100
"2020-08-07 20:40:48",100
"2020-08-07 21:40:46",100
"2020-08-07 22:40:45",100
"2020-08-07 23:40:45",100
"2020-08-08 00:40:44",100
"2020-08-08 01:40:48",100
"2020-08-08 02:40:46",100
"2020-08-08 03:40:43",100
"2020-08-08 04:40:43",100
"2020-08-08 05:40:45",100
"2020-08-08 06:40:46",100
"2020-08-08 07:40:45",100
"2020-08-08 08:40:50",100
"2020-08-08 09:40:44",100
"2020-08-08 10:40:45",100
"2020-08-08 11:40:47",100
"2020-08-08 12:40:45",100
"2020-08-08 13:40:45",100
"2020-08-08 14:40:45",100
"2020-08-08 15:40:46",100
"2020-08-08 16:40:46",100
"2020-08-08 17:40:46",100
"2020-08-08 18:40:44",100
"2020-08-08 19:40:46",100
"2020-08-08 20:40:49",100
"2020-08-08 21:40:47",100
"2020-08-08 22:40:46",100
"2020-08-08 23:40:49",100
"2020-08-09 00:40:51",100
"2020-08-09 01:40:46",100
"2020-08-09 02:40:47",100
"2020-08-09 03:40:51",100
"2020-08-09 04:40:45",100
"2020-08-09 05:40:50",100
"2020-08-09 06:40:46",100
"2020-08-09 07:40:48",100
"2020-08-09 08:40:44",100
"2020-08-09 09:40:47",100
"2020-08-09 10:40:46",100
"2020-08-09 11:40:42",100
"2020-08-09 12:40:45",100
"2020-08-09 13:40:49",100
"2020-08-09 14:40:48",100
"2020-08-09 15:40:45",100
"2020-08-09 16:40:49",100
"2020-08-09 17:40:45",100
"2020-08-09 18:40:48",100
"2020-08-09 19:40:47",100
"2020-08-09 20:40:47",100
"2020-08-09 21:40:47",100
"2020-08-09 22:40:46",100
"2020-08-09 23:40:46",100
"2020-08-10 00:40:48",100
"2020-08-10 01:40:48",100
"2020-08-10 02:40:47",100
"2020-08-10 03:40:45",100
"2020-08-10 04:40:46",100
"2020-08-10 05:40:45",100
"2020-08-10 06:40:43",100
"2020-08-10 07:40:44",100
"2020-08-10 08:40:50",100
"2020-08-10 09:40:45",100
"2020-08-10 10:40:46",100
"2020-08-10 11:40:45",100
"2020-08-10 12:40:43",100
"2020-08-10 13:40:47",100
"2020-08-10 14:40:47",100
"2020-08-10 15:40:50",100
"2020-08-10 16:40:46",100
"2020-08-10 17:40:48",99
"2020-08-10 18:40:47",99
"2020-08-10 19:40:48",98
"2020-08-10 20:40:44",97
"2020-08-10 21:40:47",97
"2020-08-10 22:40:44",97
"2020-08-10 23:40:46",97
"2020-08-11 00:40:44",97
"2020-08-11 01:40:47",97
"2020-08-11 02:40:49",97
"2020-08-11 03:40:47",97
"2020-08-11 04:40:46",97
"2020-08-11 05:40:47",97
"2020-08-11 06:40:45",97
"2020-08-11 07:40:48",97
"2020-08-11 08:40:45",97
"2020-08-11 09:40:45",97
"2020-08-11 10:40:47",97
"2020-08-11 11:40:43",97
"2020-08-11 12:40:44",97
"2020-08-11 13:40:50",97
"2020-08-11 14:40:47",94
"2020-08-11 15:40:46",94
"2020-08-11 16:40:43",94
"2020-08-11 17:40:47",94
"2020-08-11 18:40:47",94
"2020-08-11 19:40:43",94
"2020-08-11 20:40:46",94
"2020-08-11 21:40:48",94
"2020-08-11 22:40:44",94
"2020-08-11 23:40:45",94
"2020-08-12 00:40:46",94
"2020-08-12 01:40:46",94
"2020-08-12 02:40:46",94
"2020-08-12 03:40:46",94
"2020-08-12 04:40:46",94
"2020-08-12 05:40:46",94
"2020-08-12 06:40:44",94
"2020-08-12 07:40:47",94
"2020-08-12 08:40:46",94
"2020-08-12 09:40:47",94
"2020-08-12 10:40:45",94
"2020-08-12 11:40:45",94
"2020-08-12 12:40:46",94
"2020-08-12 13:40:44",94
"2020-08-12 14:40:46",94
"2020-08-12 15:40:46",94
"2020-08-12 16:40:46",94
"2020-08-12 22:40:43",93
"2020-08-12 23:40:50",93
"2020-08-13 00:40:46",93
"2020-08-13 01:40:44",93
"2020-08-13 02:40:42",93
"2020-08-13 03:40:49",93
"2020-08-13 04:40:45",93
"2020-08-13 05:41:40",93
"2020-08-13 06:41:41",93
"2020-08-13 07:41:11",93
"2020-08-13 08:40:49",93
"2020-08-13 09:41:43",93
"2020-08-13 10:40:44",93
"2020-08-13 11:41:45",93
"2020-08-13 12:41:14",93
"2020-08-13 13:41:13",93
"2020-08-13 14:41:40",93
"2020-08-13 15:41:13",93
"2020-08-13 16:42:41",93
"2020-08-13 20:41:10",92
"2020-08-13 21:40:42",92
"2020-08-13 22:41:42",92
