timestamp,users_holding
"2018-05-02 04:51:52",153
"2018-05-02 06:36:59",153
"2018-05-03 00:33:09",155
"2018-05-03 06:31:48",155
"2018-05-03 06:46:46",155
"2018-05-03 07:04:49",155
"2018-05-03 07:32:08",155
"2018-05-03 07:41:24",155
"2018-05-03 11:17:52",155
"2018-05-03 12:41:16",155
"2018-05-03 13:41:16",155
"2018-05-03 14:41:16",157
"2018-05-03 15:41:17",158
"2018-05-03 16:41:17",157
"2018-05-03 17:41:17",157
"2018-05-03 18:41:16",157
"2018-05-03 19:41:16",157
"2018-05-03 20:41:17",156
"2018-05-03 21:41:16",156
"2018-05-03 22:41:17",156
"2018-05-03 23:41:16",156
"2018-05-04 00:41:16",156
"2018-05-04 01:41:16",156
"2018-05-04 02:41:17",156
"2018-05-04 03:41:16",156
"2018-05-04 04:41:16",156
"2018-05-04 05:41:16",156
"2018-05-04 06:41:16",156
"2018-05-04 07:41:16",156
"2018-05-04 08:41:17",156
"2018-05-04 09:41:16",156
"2018-05-04 10:41:17",156
"2018-05-04 11:41:16",156
"2018-05-04 12:41:16",156
"2018-05-04 20:46:00",155
"2018-05-04 20:52:00",155
"2018-05-04 20:58:00",155
"2018-05-04 21:03:59",155
"2018-05-04 21:09:59",155
"2018-05-04 21:15:58",155
"2018-05-04 21:21:58",155
"2018-05-04 21:27:58",155
"2018-05-04 21:41:15",155
"2018-05-04 22:41:16",155
"2018-05-04 23:41:16",155
"2018-05-05 00:41:16",155
"2018-05-05 01:41:16",155
"2018-05-05 02:41:16",155
"2018-05-05 03:41:16",155
"2018-05-05 04:41:16",155
"2018-05-05 05:41:16",155
"2018-05-05 06:41:17",155
"2018-05-05 07:41:17",155
"2018-05-05 08:41:17",155
"2018-05-05 09:41:15",155
"2018-05-05 10:41:17",155
"2018-05-05 11:41:16",155
"2018-05-05 12:41:17",155
"2018-05-05 13:41:17",155
"2018-05-05 14:41:16",155
"2018-05-05 15:41:17",155
"2018-05-05 16:41:17",155
"2018-05-05 17:41:17",155
"2018-05-05 18:41:16",155
"2018-05-05 19:41:16",155
"2018-05-05 20:41:17",155
"2018-05-05 21:41:16",155
"2018-05-05 22:41:16",155
"2018-05-05 23:41:16",155
"2018-05-06 00:41:16",155
"2018-05-06 01:41:16",155
"2018-05-06 02:41:16",155
"2018-05-06 03:41:16",155
"2018-05-06 04:41:16",155
"2018-05-06 05:41:16",155
"2018-05-06 06:41:16",155
"2018-05-06 07:41:21",155
"2018-05-06 08:41:15",155
"2018-05-06 09:41:16",155
"2018-05-06 10:41:15",155
"2018-05-06 11:41:17",155
"2018-05-06 12:41:16",155
"2018-05-06 13:41:17",155
"2018-05-06 14:41:16",155
"2018-05-06 15:41:16",155
"2018-05-06 16:41:17",155
"2018-05-06 17:41:16",155
"2018-05-06 18:41:17",155
"2018-05-06 19:41:16",155
"2018-05-06 20:41:17",155
"2018-05-06 21:41:17",155
"2018-05-06 22:41:16",155
"2018-05-06 23:41:17",155
"2018-05-07 00:41:16",155
"2018-05-07 01:41:16",155
"2018-05-07 01:54:52",155
"2018-05-07 02:41:17",155
"2018-05-07 03:41:16",155
"2018-05-07 04:41:16",155
"2018-05-07 05:41:16",155
"2018-05-07 06:41:15",155
"2018-05-07 07:41:16",155
"2018-05-07 08:41:18",155
"2018-05-07 09:41:15",155
"2018-05-07 10:41:16",155
"2018-05-07 11:41:16",155
"2018-05-07 12:41:16",155
"2018-05-07 13:41:23",155
"2018-05-07 14:41:16",155
"2018-05-07 15:41:17",154
"2018-05-07 16:41:18",154
"2018-05-07 22:41:16",153
"2018-05-07 23:41:16",153
"2018-05-08 00:41:17",153
"2018-05-08 01:41:17",153
"2018-05-08 02:41:16",153
"2018-05-08 03:41:16",153
"2018-05-08 04:41:16",153
"2018-05-08 05:41:15",153
"2018-05-08 06:41:16",153
"2018-05-08 07:41:16",153
"2018-05-08 08:41:15",153
"2018-05-08 09:41:15",153
"2018-05-08 10:41:15",153
"2018-05-08 11:41:15",153
"2018-05-08 12:41:15",153
"2018-05-08 13:41:16",153
"2018-05-08 14:41:16",153
"2018-05-08 15:41:15",153
"2018-05-08 16:41:15",153
"2018-05-08 17:41:15",153
"2018-05-08 18:41:16",153
"2018-05-08 19:41:16",153
"2018-05-08 20:41:15",153
"2018-05-08 21:41:15",153
"2018-05-08 22:41:16",153
"2018-05-08 23:41:21",153
"2018-05-09 00:41:16",153
"2018-05-09 01:41:16",153
"2018-05-09 02:41:15",153
"2018-05-09 03:41:15",153
"2018-05-09 04:41:16",153
"2018-05-09 05:41:16",153
"2018-05-09 06:41:16",153
"2018-05-09 07:41:15",153
"2018-05-09 08:41:16",153
"2018-05-09 09:41:15",153
"2018-05-09 10:41:15",153
"2018-05-09 11:41:16",153
"2018-05-09 12:41:15",153
"2018-05-09 13:41:16",153
"2018-05-09 14:41:15",154
"2018-05-09 15:41:15",154
"2018-05-09 16:41:15",154
"2018-05-09 17:41:16",154
"2018-05-09 18:41:15",154
"2018-05-09 19:41:15",154
"2018-05-09 20:41:15",154
"2018-05-09 21:41:16",154
"2018-05-09 22:41:15",154
"2018-05-09 23:41:15",154
"2018-05-10 00:41:16",154
"2018-05-10 01:41:16",154
"2018-05-10 02:41:17",154
"2018-05-10 03:41:17",154
"2018-05-10 04:41:17",154
"2018-05-10 05:41:16",154
"2018-05-10 06:41:16",154
"2018-05-10 07:41:17",154
"2018-05-10 08:41:17",154
"2018-05-10 09:41:16",154
"2018-05-10 10:41:17",154
"2018-05-10 11:41:17",154
"2018-05-10 12:41:16",154
"2018-05-10 13:41:25",154
"2018-05-10 14:41:17",154
"2018-05-10 15:41:17",154
"2018-05-10 16:41:17",154
"2018-05-10 17:41:17",155
"2018-05-10 18:41:17",155
"2018-05-10 19:41:18",155
"2018-05-10 20:41:18",155
"2018-05-10 21:41:17",155
"2018-05-10 22:41:18",155
"2018-05-10 23:41:18",155
"2018-05-11 00:41:18",155
"2018-05-11 01:41:18",155
"2018-05-11 02:41:17",155
"2018-05-11 03:41:17",155
"2018-05-11 04:41:17",155
"2018-05-11 05:41:19",155
"2018-05-11 06:41:17",155
"2018-05-11 07:41:17",155
"2018-05-11 08:41:18",155
"2018-05-11 09:41:17",155
"2018-05-11 10:41:17",155
"2018-05-11 11:41:18",155
"2018-05-11 12:41:17",155
"2018-05-11 13:41:19",155
"2018-05-11 14:41:18",155
"2018-05-11 15:41:18",155
"2018-05-11 16:41:18",156
"2018-05-11 17:41:18",155
"2018-05-11 18:41:18",155
"2018-05-11 19:41:18",155
"2018-05-11 20:41:17",155
"2018-05-11 21:41:18",155
"2018-05-11 22:41:17",155
"2018-05-11 23:41:17",155
"2018-05-12 00:41:18",155
"2018-05-12 01:41:18",155
"2018-05-12 02:41:18",155
"2018-05-12 03:41:18",155
"2018-05-12 04:41:17",155
"2018-05-12 05:41:18",155
"2018-05-12 06:41:18",155
"2018-05-12 07:41:17",155
"2018-05-12 08:41:18",155
"2018-05-12 09:41:18",155
"2018-05-12 10:41:18",155
"2018-05-12 11:41:18",155
"2018-05-12 12:41:18",155
"2018-05-12 13:41:19",155
"2018-05-12 14:41:17",155
"2018-05-12 15:41:18",155
"2018-05-12 16:41:17",155
"2018-05-12 17:41:18",155
"2018-05-12 18:41:17",155
"2018-05-12 19:41:18",155
"2018-05-12 20:41:18",155
"2018-05-12 21:41:17",155
"2018-05-12 22:41:17",155
"2018-05-12 23:41:18",155
"2018-05-13 00:41:18",155
"2018-05-13 01:41:18",155
"2018-05-13 02:41:17",155
"2018-05-13 03:41:18",155
"2018-05-13 04:41:18",155
"2018-05-13 05:41:18",155
"2018-05-13 06:41:18",155
"2018-05-13 07:41:18",155
"2018-05-13 08:41:17",155
"2018-05-13 09:41:18",155
"2018-05-13 10:41:17",155
"2018-05-13 11:41:17",155
"2018-05-13 12:41:18",155
"2018-05-13 13:41:17",155
"2018-05-13 14:41:17",155
"2018-05-13 15:41:18",155
"2018-05-13 16:41:18",155
"2018-05-13 17:41:18",155
"2018-05-13 18:41:18",155
"2018-05-13 19:41:17",155
"2018-05-13 20:41:18",155
"2018-05-13 21:41:18",155
"2018-05-13 22:41:18",155
"2018-05-13 23:41:18",155
"2018-05-14 00:41:18",155
"2018-05-14 01:41:18",155
"2018-05-14 02:41:18",155
"2018-05-14 03:41:18",155
"2018-05-14 04:41:18",155
"2018-05-14 05:41:18",155
"2018-05-14 06:41:17",155
"2018-05-14 07:41:17",155
"2018-05-14 08:41:17",155
"2018-05-14 09:41:18",155
"2018-05-14 10:41:17",155
"2018-05-14 11:41:18",155
"2018-05-14 12:41:17",155
"2018-05-14 13:41:19",155
"2018-05-14 14:41:18",156
"2018-05-14 15:41:18",156
"2018-05-14 16:41:17",156
"2018-05-14 17:41:17",155
"2018-05-14 18:41:18",154
"2018-05-14 19:41:17",154
"2018-05-14 20:41:18",154
"2018-05-14 21:41:17",154
"2018-05-14 22:41:18",154
"2018-05-14 23:41:18",154
"2018-05-15 00:41:18",154
"2018-05-15 01:41:17",154
"2018-05-15 02:41:18",154
"2018-05-15 03:41:17",154
"2018-05-15 04:41:18",154
"2018-05-15 05:41:17",154
"2018-05-15 06:41:17",154
"2018-05-15 07:41:17",154
"2018-05-15 08:41:18",154
"2018-05-15 09:41:17",154
"2018-05-15 10:41:18",154
"2018-05-15 11:41:18",154
"2018-05-15 12:41:18",154
"2018-05-15 13:41:17",154
"2018-05-15 14:41:18",154
"2018-05-15 15:41:17",154
"2018-05-15 16:41:18",154
"2018-05-15 17:41:17",154
"2018-05-15 18:41:18",154
"2018-05-15 19:41:17",154
"2018-05-15 20:41:16",154
"2018-05-15 21:41:16",154
"2018-05-15 22:41:17",154
"2018-05-15 23:41:17",154
"2018-05-16 00:41:16",154
"2018-05-16 01:41:17",154
"2018-05-16 02:41:17",154
"2018-05-16 03:41:17",154
"2018-05-16 04:41:17",154
"2018-05-16 05:41:17",154
"2018-05-16 06:41:17",154
"2018-05-16 07:41:17",154
"2018-05-16 08:41:17",154
"2018-05-16 09:41:16",154
"2018-05-16 10:41:16",154
"2018-05-16 11:41:17",154
"2018-05-16 12:41:18",154
"2018-05-16 13:41:17",154
"2018-05-16 14:41:16",155
"2018-05-16 15:41:17",156
"2018-05-16 16:41:17",156
"2018-05-16 17:41:17",156
"2018-05-16 18:41:16",156
"2018-05-16 19:41:17",155
"2018-05-16 20:41:16",156
"2018-05-16 21:41:16",156
"2018-05-16 22:41:16",156
"2018-05-16 23:41:17",156
"2018-05-17 00:41:18",156
"2018-05-17 01:41:16",156
"2018-05-17 02:41:16",156
"2018-05-17 03:41:17",156
"2018-05-17 04:41:16",156
"2018-05-17 05:41:16",156
"2018-05-17 06:41:17",156
"2018-05-17 07:41:17",156
"2018-05-17 08:41:17",156
"2018-05-17 09:41:16",156
"2018-05-17 10:41:16",156
"2018-05-17 11:41:17",156
"2018-05-17 12:41:17",156
"2018-05-17 13:41:18",156
"2018-05-17 14:41:17",156
"2018-05-17 15:41:17",156
"2018-05-18 07:41:17",156
"2018-05-18 08:41:17",156
"2018-05-18 09:41:16",156
"2018-05-18 10:41:16",156
"2018-05-18 11:41:16",156
"2018-05-18 12:41:17",156
"2018-05-18 13:41:17",156
"2018-05-18 14:41:16",156
"2018-05-18 15:41:16",156
"2018-05-18 16:41:16",156
"2018-05-18 17:41:16",156
"2018-05-18 18:41:16",156
"2018-05-18 19:41:17",156
"2018-05-18 20:41:17",156
"2018-05-18 21:41:16",156
"2018-05-18 22:41:17",156
"2018-05-18 23:41:17",156
"2018-05-19 00:41:16",156
"2018-05-19 01:41:17",156
"2018-05-19 02:41:17",156
"2018-05-19 03:41:17",156
"2018-05-19 04:41:17",156
"2018-05-19 05:41:17",156
"2018-05-19 06:41:18",156
"2018-05-19 07:41:16",156
"2018-05-19 08:41:16",156
"2018-05-19 09:41:17",156
"2018-05-19 10:41:16",156
"2018-05-19 11:41:17",156
"2018-05-19 12:41:17",156
"2018-05-19 13:41:17",156
"2018-05-19 14:41:17",156
"2018-05-19 15:41:17",156
"2018-05-19 16:41:17",156
"2018-05-19 17:41:17",156
"2018-05-19 18:41:16",156
"2018-05-19 19:41:16",156
"2018-05-19 20:41:17",156
"2018-05-19 21:41:17",156
"2018-05-19 22:41:16",156
"2018-05-19 23:41:16",156
"2018-05-20 00:41:17",156
"2018-05-20 01:41:17",156
"2018-05-20 02:41:17",156
"2018-05-20 03:41:16",156
"2018-05-20 04:41:17",156
"2018-05-20 05:41:17",156
"2018-05-20 06:41:16",156
"2018-05-20 07:41:16",156
"2018-05-20 08:41:16",156
"2018-05-20 09:41:16",156
"2018-05-20 10:41:17",156
"2018-05-20 11:41:16",156
"2018-05-20 12:41:16",156
"2018-05-20 13:41:16",156
"2018-05-20 14:41:18",156
"2018-05-20 15:41:17",156
"2018-05-20 16:41:17",156
"2018-05-20 17:41:17",156
"2018-05-20 18:41:16",156
"2018-05-20 19:41:16",156
"2018-05-20 20:41:16",156
"2018-05-20 21:41:16",156
"2018-05-20 22:41:17",156
"2018-05-20 23:41:16",156
"2018-05-21 00:41:17",156
"2018-05-21 01:41:25",156
"2018-05-21 02:41:20",156
"2018-05-21 03:41:18",156
"2018-05-21 04:41:19",156
"2018-05-21 05:41:16",156
"2018-05-21 06:41:17",156
"2018-05-21 07:41:17",156
"2018-05-21 08:41:19",156
"2018-05-21 09:41:17",156
"2018-05-21 10:41:16",156
"2018-05-21 11:41:17",156
"2018-05-21 12:41:18",156
"2018-05-21 13:41:17",156
"2018-05-21 14:41:17",156
"2018-05-21 15:41:17",156
"2018-05-21 16:41:17",156
"2018-05-21 17:41:16",156
"2018-05-21 18:41:17",156
"2018-05-21 19:41:17",156
"2018-05-21 20:41:17",156
"2018-05-21 21:41:17",156
"2018-05-21 22:41:16",156
"2018-05-21 23:41:16",156
"2018-05-22 00:41:16",156
"2018-05-22 01:41:17",156
"2018-05-22 02:41:17",156
"2018-05-22 03:41:17",156
"2018-05-22 04:41:17",156
"2018-05-22 05:41:16",156
"2018-05-22 06:41:16",156
"2018-05-22 07:41:17",156
"2018-05-22 08:41:22",156
"2018-05-22 09:41:16",156
"2018-05-22 10:41:16",156
"2018-05-22 11:41:16",156
"2018-05-22 12:41:18",156
"2018-05-22 13:41:19",156
"2018-05-22 14:41:18",156
"2018-05-22 15:41:18",156
"2018-05-22 16:41:17",156
"2018-05-22 17:41:17",156
"2018-05-22 18:41:18",155
"2018-05-22 19:41:18",155
"2018-05-22 20:41:18",155
"2018-05-22 21:41:17",155
"2018-05-22 22:41:18",155
"2018-05-22 23:41:18",155
"2018-05-23 00:41:17",155
"2018-05-23 01:41:18",155
"2018-05-23 02:41:17",155
"2018-05-23 03:41:18",155
"2018-05-23 04:41:17",155
"2018-05-23 05:41:19",155
"2018-05-23 06:41:18",155
"2018-05-23 07:41:21",155
"2018-05-23 08:41:18",155
"2018-05-23 09:41:18",155
"2018-05-23 10:41:18",155
"2018-05-23 11:41:18",155
"2018-05-23 12:41:17",155
"2018-05-23 13:41:18",155
"2018-05-23 14:41:18",154
"2018-05-23 15:41:18",154
"2018-05-23 16:41:20",154
"2018-05-23 17:41:17",154
"2018-05-23 18:41:17",154
"2018-05-23 19:41:17",154
"2018-05-23 20:41:18",154
"2018-05-23 21:41:18",154
"2018-05-23 22:41:18",154
"2018-05-23 23:41:18",154
"2018-05-24 00:41:18",154
"2018-05-24 01:41:18",154
"2018-05-24 02:41:18",154
"2018-05-24 03:41:17",154
"2018-05-24 04:41:17",154
"2018-05-24 06:41:18",154
"2018-05-24 07:41:17",154
"2018-05-24 08:41:18",154
"2018-05-24 09:41:18",154
"2018-05-24 10:41:18",154
"2018-05-24 11:41:18",154
"2018-05-24 12:41:18",154
"2018-05-24 13:41:18",154
"2018-05-24 20:10:26",154
"2018-05-24 20:41:17",154
"2018-05-24 21:41:18",154
"2018-05-24 22:41:18",154
"2018-05-24 23:41:18",154
"2018-05-25 00:41:17",154
"2018-05-25 01:41:18",154
"2018-05-25 02:41:18",154
"2018-05-25 03:41:18",154
"2018-05-25 04:41:18",154
"2018-05-25 05:41:18",154
"2018-05-25 06:41:18",154
"2018-05-25 07:41:17",154
"2018-05-25 08:41:17",154
"2018-05-25 09:41:17",154
"2018-05-25 10:41:18",154
"2018-05-25 11:41:18",154
"2018-05-25 12:41:18",154
"2018-05-25 13:41:18",154
"2018-05-25 14:41:17",153
"2018-05-25 15:41:18",153
"2018-05-25 16:41:18",153
"2018-05-25 17:41:17",153
"2018-05-25 18:41:17",153
"2018-05-25 19:41:18",153
"2018-05-25 20:41:18",153
"2018-05-25 21:41:17",153
"2018-05-25 22:41:17",153
"2018-05-25 23:41:18",153
"2018-05-26 00:41:18",153
"2018-05-26 01:41:17",153
"2018-05-26 02:41:18",153
"2018-05-26 03:41:17",153
"2018-05-26 04:41:17",153
"2018-05-26 05:41:17",153
"2018-05-26 06:41:17",153
"2018-05-26 07:41:18",153
"2018-05-26 08:41:18",153
"2018-05-26 09:41:17",153
"2018-05-26 10:41:17",153
"2018-05-26 11:41:17",153
"2018-05-26 12:41:18",153
"2018-05-26 13:41:18",153
"2018-05-26 14:41:18",153
"2018-05-26 15:41:18",153
"2018-05-26 16:41:17",153
"2018-05-26 17:41:18",153
"2018-05-26 18:41:18",153
"2018-05-26 19:41:21",153
"2018-05-26 20:41:17",153
"2018-05-26 21:41:17",153
"2018-05-26 22:41:18",153
"2018-05-26 23:41:18",153
"2018-05-27 00:41:18",153
"2018-05-27 01:41:18",153
"2018-05-27 02:41:18",153
"2018-05-27 03:41:17",153
"2018-05-27 04:41:18",153
"2018-05-27 05:41:18",153
"2018-05-27 06:41:17",153
"2018-05-27 07:41:17",153
"2018-05-27 08:41:18",153
"2018-05-27 09:41:17",153
"2018-05-27 10:41:17",153
"2018-05-27 11:41:18",153
"2018-05-27 12:41:17",153
"2018-05-27 13:41:18",153
"2018-05-27 14:41:17",153
"2018-05-27 15:41:18",153
"2018-05-27 16:41:18",153
"2018-05-27 17:41:17",153
"2018-05-27 18:41:18",153
"2018-05-27 19:41:17",153
"2018-05-27 20:41:17",153
"2018-05-27 21:41:18",153
"2018-05-27 22:41:19",153
"2018-05-27 23:41:18",153
"2018-05-28 00:41:17",153
"2018-05-28 01:41:17",153
"2018-05-28 02:41:17",153
"2018-05-28 03:41:18",153
"2018-05-28 04:41:18",153
"2018-05-28 05:41:17",153
"2018-05-28 06:41:17",153
"2018-05-28 07:41:17",153
"2018-05-28 08:41:17",153
"2018-05-28 09:41:18",153
"2018-05-28 10:41:17",153
"2018-05-28 11:41:17",153
"2018-05-28 12:41:17",153
"2018-05-28 13:41:17",153
"2018-05-28 14:41:17",153
"2018-05-28 15:41:18",153
"2018-05-28 16:41:17",153
"2018-05-28 17:41:18",153
"2018-05-28 18:41:18",153
"2018-05-28 19:41:18",153
"2018-05-28 20:41:18",153
"2018-05-28 21:41:17",153
"2018-05-28 22:41:18",153
"2018-05-28 23:41:18",153
"2018-05-29 00:41:18",153
"2018-05-29 01:41:17",153
"2018-05-29 02:41:17",153
"2018-05-29 03:41:18",153
"2018-05-29 04:41:18",153
"2018-05-29 05:41:17",153
"2018-05-29 06:41:17",153
"2018-05-29 07:41:17",153
"2018-05-29 08:41:23",153
"2018-05-29 09:41:17",153
"2018-05-29 10:41:17",153
"2018-05-29 11:41:17",153
"2018-05-29 12:41:17",153
"2018-05-30 19:51:58",154
"2018-05-30 20:41:17",154
"2018-05-30 21:41:17",154
"2018-05-30 22:41:18",154
"2018-05-30 23:41:18",154
"2018-05-31 00:41:18",154
"2018-05-31 01:41:18",154
"2018-05-31 02:41:18",154
"2018-05-31 03:41:22",154
"2018-05-31 04:41:17",154
"2018-05-31 05:41:17",154
"2018-05-31 06:41:18",154
"2018-05-31 07:41:17",154
"2018-05-31 08:41:17",154
"2018-05-31 09:41:18",154
"2018-05-31 10:41:17",154
"2018-05-31 11:41:18",154
"2018-05-31 12:41:18",154
"2018-05-31 13:41:18",154
"2018-05-31 14:41:18",154
"2018-05-31 15:41:17",154
"2018-05-31 16:41:17",154
"2018-05-31 17:41:17",154
"2018-05-31 18:41:18",154
"2018-05-31 19:41:18",154
"2018-05-31 20:41:18",154
"2018-05-31 21:41:17",154
"2018-05-31 22:41:18",154
"2018-05-31 23:41:17",154
"2018-06-01 00:41:18",154
"2018-06-01 01:41:17",154
"2018-06-01 02:41:17",154
"2018-06-01 03:41:18",154
"2018-06-01 04:41:17",154
"2018-06-01 05:41:17",154
"2018-06-01 06:41:18",154
"2018-06-01 07:41:18",154
"2018-06-01 08:41:17",154
"2018-06-01 09:41:17",154
"2018-06-01 10:41:17",154
"2018-06-01 11:41:17",154
"2018-06-01 12:41:17",154
"2018-06-01 13:41:25",154
"2018-06-01 14:41:18",157
"2018-06-01 15:41:19",157
"2018-06-01 16:41:19",157
"2018-06-01 17:41:19",157
"2018-06-01 18:41:18",157
"2018-06-01 19:41:19",155
"2018-06-01 20:41:19",155
"2018-06-01 21:41:19",155
"2018-06-01 22:41:19",155
"2018-06-01 23:41:19",155
"2018-06-02 00:41:19",155
"2018-06-02 01:41:19",155
"2018-06-02 02:41:19",155
"2018-06-02 03:41:19",155
"2018-06-02 04:41:19",155
"2018-06-02 05:41:19",155
"2018-06-02 06:41:19",155
"2018-06-02 07:41:18",155
"2018-06-02 08:41:18",155
"2018-06-02 09:41:19",155
"2018-06-02 10:41:18",155
"2018-06-02 11:41:18",155
"2018-06-02 12:41:19",155
"2018-06-02 13:41:20",155
"2018-06-02 14:41:19",155
"2018-06-02 15:41:19",155
"2018-06-02 16:41:19",155
"2018-06-02 17:41:18",155
"2018-06-02 18:41:18",155
"2018-06-02 19:41:19",155
"2018-06-02 20:41:19",155
"2018-06-02 21:41:19",155
"2018-06-02 22:41:18",155
"2018-06-02 23:41:20",155
"2018-06-03 00:41:18",155
"2018-06-03 01:41:19",155
"2018-06-03 02:41:18",155
"2018-06-03 03:41:18",155
"2018-06-03 04:41:18",155
"2018-06-03 05:41:19",155
"2018-06-03 06:41:18",155
"2018-06-03 19:43:34",155
"2018-06-03 20:41:19",155
"2018-06-03 21:41:18",155
"2018-06-03 22:41:19",155
"2018-06-03 23:41:19",155
"2018-06-04 00:41:18",155
"2018-06-04 01:41:18",155
"2018-06-04 02:41:19",155
"2018-06-04 03:41:18",155
"2018-06-04 04:41:20",155
"2018-06-04 05:41:19",155
"2018-06-04 06:41:19",155
"2018-06-04 07:41:19",155
"2018-06-04 08:41:19",155
"2018-06-04 09:41:19",155
"2018-06-04 10:41:18",155
"2018-06-04 11:41:18",155
"2018-06-04 12:41:17",155
"2018-06-04 13:41:18",155
"2018-06-04 14:41:18",155
"2018-06-04 15:41:18",156
"2018-06-04 16:41:17",156
"2018-06-04 17:41:18",155
"2018-06-04 18:41:18",155
"2018-06-04 19:41:17",155
"2018-06-04 20:41:18",155
"2018-06-04 21:41:17",155
"2018-06-04 22:41:18",155
"2018-06-04 23:41:18",155
"2018-06-05 00:41:18",155
"2018-06-05 01:41:18",155
"2018-06-05 02:41:18",155
"2018-06-05 03:41:17",155
"2018-06-05 04:41:18",155
"2018-06-05 05:41:18",155
"2018-06-05 06:41:18",155
"2018-06-05 07:41:17",155
"2018-06-05 08:41:17",155
"2018-06-05 09:41:18",155
"2018-06-05 10:41:18",155
"2018-06-05 11:41:17",155
"2018-06-05 12:41:17",155
"2018-06-05 13:41:19",155
"2018-06-05 14:41:18",155
"2018-06-05 15:41:18",155
"2018-06-05 16:41:18",155
"2018-06-05 17:41:17",155
"2018-06-05 18:41:17",155
"2018-06-05 19:41:18",155
"2018-06-05 20:41:18",156
"2018-06-05 21:41:18",156
"2018-06-05 22:41:18",156
"2018-06-05 23:41:18",156
"2018-06-06 00:41:18",156
"2018-06-06 01:41:18",156
"2018-06-06 02:41:18",156
"2018-06-06 03:41:18",156
"2018-06-06 04:41:18",156
"2018-06-06 05:41:18",156
"2018-06-06 06:41:18",156
"2018-06-06 07:41:17",156
"2018-06-06 08:41:18",156
"2018-06-06 09:41:17",156
"2018-06-06 10:41:17",156
"2018-06-06 11:41:18",156
"2018-06-06 12:41:18",156
"2018-06-06 13:41:18",156
"2018-06-06 14:41:17",156
"2018-06-06 15:41:18",156
"2018-06-06 16:41:19",155
"2018-06-06 17:41:18",155
"2018-06-06 18:41:18",155
"2018-06-06 19:41:17",155
"2018-06-06 20:41:17",155
"2018-06-06 21:41:18",155
"2018-06-06 22:41:19",155
"2018-06-06 23:41:20",155
"2018-06-07 00:41:19",155
"2018-06-07 01:41:20",155
"2018-06-07 02:41:20",155
"2018-06-07 03:41:19",155
"2018-06-07 04:41:20",155
"2018-06-07 05:41:20",155
"2018-06-07 06:41:19",155
"2018-06-07 07:41:20",155
"2018-06-07 08:41:20",155
"2018-06-07 09:41:20",155
"2018-06-07 10:41:19",155
"2018-06-07 11:41:19",155
"2018-06-07 12:41:19",155
"2018-06-07 13:41:20",155
"2018-06-07 14:41:21",156
"2018-06-07 15:41:19",156
"2018-06-07 16:41:20",156
"2018-06-07 17:41:20",156
"2018-06-07 18:41:19",156
"2018-06-07 19:41:20",156
"2018-06-07 20:41:19",156
"2018-06-07 21:41:19",156
"2018-06-07 22:41:20",156
"2018-06-07 23:41:20",156
"2018-06-08 00:41:20",156
"2018-06-08 01:41:19",156
"2018-06-08 02:41:20",156
"2018-06-08 03:41:20",156
"2018-06-08 04:41:20",156
"2018-06-08 05:41:19",156
"2018-06-08 06:41:21",156
"2018-06-08 07:41:20",156
"2018-06-08 08:41:20",156
"2018-06-08 09:41:19",156
"2018-06-08 10:41:20",156
"2018-06-08 11:41:19",156
"2018-06-08 12:41:20",156
"2018-06-08 13:41:21",156
"2018-06-08 14:41:20",157
"2018-06-08 15:41:19",158
"2018-06-08 16:41:20",158
"2018-06-08 17:41:20",158
"2018-06-08 18:41:20",158
"2018-06-08 19:41:20",157
"2018-06-08 20:41:20",157
"2018-06-08 21:41:20",157
"2018-06-08 22:41:20",157
"2018-06-08 23:41:19",157
"2018-06-09 00:41:20",157
"2018-06-09 01:41:20",157
"2018-06-09 02:41:19",157
"2018-06-09 03:41:20",157
"2018-06-09 04:41:20",157
"2018-06-09 05:41:19",157
"2018-06-09 06:41:21",157
"2018-06-09 07:41:20",157
"2018-06-09 08:41:20",157
"2018-06-09 09:41:20",157
"2018-06-09 10:41:20",157
"2018-06-09 11:41:20",157
"2018-06-09 12:41:20",157
"2018-06-09 13:41:20",157
"2018-06-09 14:41:20",157
"2018-06-09 15:41:20",157
"2018-06-09 16:41:20",157
"2018-06-09 17:41:20",157
"2018-06-09 18:41:20",157
"2018-06-09 19:41:20",157
"2018-06-09 20:41:20",157
"2018-06-09 21:41:20",157
"2018-06-09 22:41:20",157
"2018-06-09 23:41:20",157
"2018-06-10 00:41:20",157
"2018-06-10 01:41:19",157
"2018-06-10 02:41:20",157
"2018-06-10 03:41:19",157
"2018-06-10 04:41:20",157
"2018-06-10 05:41:20",157
"2018-06-10 06:41:19",157
"2018-06-10 07:41:20",157
"2018-06-10 08:41:19",157
"2018-06-10 09:41:20",157
"2018-06-10 10:41:20",157
"2018-06-10 11:41:20",157
"2018-06-10 12:41:20",157
"2018-06-10 13:41:19",157
"2018-06-10 14:41:20",157
"2018-06-10 15:41:19",157
"2018-06-10 16:41:20",157
"2018-06-10 17:41:20",157
"2018-06-10 18:41:20",157
"2018-06-10 19:41:19",157
"2018-06-10 20:41:19",157
"2018-06-10 21:41:19",157
"2018-06-10 22:41:20",157
"2018-06-10 23:41:20",157
"2018-06-11 00:41:20",157
"2018-06-11 01:41:19",157
"2018-06-11 02:41:19",157
"2018-06-11 03:41:20",157
"2018-06-11 04:41:20",157
"2018-06-11 06:41:19",157
"2018-06-11 07:41:19",157
"2018-06-11 08:41:20",157
"2018-06-11 09:41:19",157
"2018-06-11 10:41:20",157
"2018-06-11 11:41:19",157
"2018-06-11 12:41:20",157
"2018-06-11 13:41:21",157
"2018-06-11 14:41:20",157
"2018-06-11 15:41:20",157
"2018-06-11 16:41:20",157
"2018-06-11 17:41:19",157
"2018-06-11 18:41:20",156
"2018-06-11 19:41:19",156
"2018-06-11 20:41:20",156
"2018-06-11 21:41:19",156
"2018-06-11 22:41:19",156
"2018-06-11 23:41:20",156
"2018-06-12 00:41:20",156
"2018-06-12 01:41:20",156
"2018-06-12 02:41:20",156
"2018-06-12 03:41:20",156
"2018-06-12 04:41:20",156
"2018-06-12 05:41:20",156
"2018-06-12 06:41:20",156
"2018-06-12 07:41:20",156
"2018-06-12 08:41:19",156
"2018-06-12 09:41:19",156
"2018-06-12 10:41:19",156
"2018-06-12 11:41:19",156
"2018-06-12 12:41:20",156
"2018-06-12 13:41:21",156
"2018-06-12 14:41:20",155
"2018-06-12 15:41:19",155
"2018-06-12 16:41:20",155
"2018-06-12 17:41:19",155
"2018-06-12 18:41:20",155
"2018-06-12 19:41:20",156
"2018-06-12 20:41:19",156
"2018-06-12 21:41:19",156
"2018-06-12 22:41:19",156
"2018-06-12 23:41:20",156
"2018-06-13 00:41:20",156
"2018-06-13 01:41:20",156
"2018-06-13 02:41:19",156
"2018-06-13 03:41:19",156
"2018-06-13 04:41:20",156
"2018-06-13 05:41:19",156
"2018-06-13 06:41:20",156
"2018-06-13 07:41:20",156
"2018-06-13 08:41:20",156
"2018-06-13 09:41:20",156
"2018-06-13 10:41:19",156
"2018-06-13 11:41:19",156
"2018-06-13 12:41:20",156
"2018-06-13 13:41:21",156
"2018-06-13 14:41:20",159
"2018-06-13 15:41:20",159
"2018-06-13 16:41:20",159
"2018-06-13 17:41:20",160
"2018-06-13 18:41:20",160
"2018-06-13 19:41:20",160
"2018-06-13 20:41:20",160
"2018-06-13 21:41:20",160
"2018-06-13 22:41:19",160
"2018-06-13 23:41:20",160
"2018-06-14 00:41:20",160
"2018-06-14 01:41:20",160
"2018-06-14 02:41:20",160
"2018-06-14 03:41:21",160
"2018-06-14 04:41:19",160
"2018-06-14 05:41:20",160
"2018-06-14 06:41:20",160
"2018-06-14 07:41:20",160
"2018-06-14 08:41:20",160
"2018-06-14 09:41:19",160
"2018-06-14 10:41:19",160
"2018-06-14 11:41:20",160
"2018-06-14 12:41:20",160
"2018-06-14 13:41:21",160
"2018-06-14 14:41:19",160
"2018-06-14 15:41:20",160
"2018-06-14 16:41:19",160
"2018-06-14 17:41:19",160
"2018-06-14 18:41:20",160
"2018-06-14 19:41:20",160
"2018-06-14 20:41:20",160
"2018-06-14 21:41:20",160
"2018-06-14 22:41:20",160
"2018-06-14 23:41:19",160
"2018-06-15 00:41:20",160
"2018-06-15 01:41:19",160
"2018-06-15 02:41:20",160
"2018-06-15 03:41:19",160
"2018-06-15 04:41:20",160
"2018-06-15 05:41:21",160
"2018-06-15 06:41:20",160
"2018-06-15 07:41:19",160
"2018-06-15 08:41:20",160
"2018-06-15 09:41:20",160
"2018-06-15 10:41:20",160
"2018-06-15 11:41:19",160
"2018-06-15 12:41:20",160
"2018-06-15 13:41:21",160
"2018-06-15 14:41:21",160
"2018-06-15 15:41:21",162
"2018-06-15 16:41:20",162
"2018-06-15 17:41:20",162
"2018-06-15 18:41:21",162
"2018-06-15 19:41:21",162
"2018-06-15 20:41:21",162
"2018-06-15 21:41:20",162
"2018-06-15 22:41:21",162
"2018-06-15 23:41:21",162
"2018-06-16 00:41:21",162
"2018-06-16 01:41:20",162
"2018-06-16 02:41:21",162
"2018-06-16 03:41:21",162
"2018-06-16 04:41:22",162
"2018-06-16 05:41:22",162
"2018-06-16 06:41:21",162
"2018-06-16 07:41:20",162
"2018-06-16 08:41:21",162
"2018-06-16 09:41:21",162
"2018-06-16 10:41:20",162
"2018-06-16 11:41:21",162
"2018-06-16 12:41:21",162
"2018-06-16 13:41:21",162
"2018-06-16 14:41:21",162
"2018-06-16 15:41:21",162
"2018-06-16 16:41:21",162
"2018-06-16 17:41:20",162
"2018-06-16 18:41:20",162
"2018-06-16 19:41:21",162
"2018-06-16 20:41:21",162
"2018-06-16 21:41:20",162
"2018-06-16 22:41:21",162
"2018-06-16 23:41:20",162
"2018-06-17 00:41:21",162
"2018-06-17 01:41:21",162
"2018-06-17 02:41:22",162
"2018-06-17 03:41:21",162
"2018-06-17 04:41:21",162
"2018-06-17 05:41:21",162
"2018-06-17 06:41:20",162
"2018-06-17 07:41:21",162
"2018-06-17 08:41:21",162
"2018-06-17 09:41:20",162
"2018-06-17 10:41:20",162
"2018-06-17 11:41:20",162
"2018-06-17 12:41:21",162
"2018-06-17 13:41:21",162
"2018-06-17 14:41:21",162
"2018-06-17 15:41:20",162
"2018-06-17 16:41:20",162
"2018-06-17 17:41:20",162
"2018-06-17 18:41:20",162
"2018-06-17 19:41:21",162
"2018-06-17 20:41:21",162
"2018-06-17 21:41:21",162
"2018-06-17 22:41:20",162
"2018-06-17 23:41:21",162
"2018-06-18 00:41:21",162
"2018-06-18 01:41:20",162
"2018-06-18 02:41:21",162
"2018-06-18 03:41:20",162
"2018-06-18 04:41:21",162
"2018-06-18 05:41:21",162
"2018-06-18 06:41:20",162
"2018-06-18 07:41:20",162
"2018-06-18 08:41:22",162
"2018-06-18 09:41:20",162
"2018-06-18 10:41:20",162
"2018-06-18 11:41:21",162
"2018-06-18 12:41:20",162
"2018-06-18 13:41:22",162
"2018-06-18 14:41:20",162
"2018-06-18 15:41:21",162
"2018-06-18 16:41:20",162
"2018-06-18 17:41:20",162
"2018-06-18 18:41:21",162
"2018-06-18 19:41:21",162
"2018-06-18 20:41:21",162
"2018-06-18 21:41:20",162
"2018-06-18 22:41:21",162
"2018-06-18 23:41:21",162
"2018-06-19 00:41:21",162
"2018-06-19 01:41:20",162
"2018-06-19 02:41:21",162
"2018-06-19 03:41:21",162
"2018-06-19 04:41:21",162
"2018-06-19 05:41:20",162
"2018-06-19 06:41:21",162
"2018-06-19 07:41:21",162
"2018-06-19 08:41:22",162
"2018-06-19 09:41:20",162
"2018-06-19 10:41:21",162
"2018-06-19 11:41:20",162
"2018-06-19 12:41:20",162
"2018-06-19 13:41:23",162
"2018-06-19 14:41:21",163
"2018-06-19 15:41:21",165
"2018-06-19 16:41:21",165
"2018-06-19 17:41:21",165
"2018-06-19 18:41:21",167
"2018-06-19 19:41:20",167
"2018-06-19 20:41:20",167
"2018-06-19 21:41:21",167
"2018-06-19 22:41:21",167
"2018-06-19 23:41:21",167
"2018-06-20 00:41:29",167
"2018-06-20 01:41:21",167
"2018-06-20 02:41:20",167
"2018-06-20 03:41:21",167
"2018-06-20 04:41:21",167
"2018-06-20 05:41:20",167
"2018-06-20 06:41:21",167
"2018-06-20 07:41:20",167
"2018-06-20 08:41:20",167
"2018-06-20 09:41:20",167
"2018-06-20 10:41:21",167
"2018-06-20 11:41:20",167
"2018-06-20 12:41:20",167
"2018-06-20 14:05:54",167
"2018-06-20 14:41:23",167
"2018-06-20 15:41:21",166
"2018-06-20 16:41:22",166
"2018-06-20 17:41:21",167
"2018-06-20 18:41:21",167
"2018-06-20 19:41:21",167
"2018-06-20 20:41:20",167
"2018-06-20 21:41:21",167
"2018-06-20 22:41:21",167
"2018-06-20 23:41:21",167
"2018-06-21 00:41:21",167
"2018-06-21 01:41:20",167
"2018-06-21 02:41:21",167
"2018-06-21 03:41:21",167
"2018-06-21 04:41:21",167
"2018-06-21 05:41:21",167
"2018-06-21 06:41:20",167
"2018-06-21 07:41:21",167
"2018-06-21 08:41:21",167
"2018-06-21 09:41:20",167
"2018-06-21 10:41:21",167
"2018-06-21 11:41:20",167
"2018-06-21 12:41:21",167
"2018-06-21 13:41:21",167
"2018-06-21 14:41:21",170
"2018-06-21 15:41:21",169
"2018-06-21 16:41:21",170
"2018-06-21 17:41:21",170
"2018-06-21 18:41:21",170
"2018-06-21 19:41:21",170
"2018-06-21 20:41:21",169
"2018-06-21 21:41:21",169
"2018-06-21 22:41:21",169
"2018-06-21 23:41:21",169
"2018-06-22 00:41:21",169
"2018-06-22 01:41:20",169
"2018-06-22 02:41:21",169
"2018-06-22 03:41:21",169
"2018-06-22 04:41:20",169
"2018-06-22 05:41:22",169
"2018-06-22 06:41:20",169
"2018-06-22 07:41:20",169
"2018-06-22 08:41:21",169
"2018-06-22 09:41:21",169
"2018-06-22 10:41:21",169
"2018-06-22 11:41:21",169
"2018-06-22 12:41:21",169
"2018-06-22 13:41:22",169
"2018-06-22 15:05:23",167
"2018-06-22 15:41:21",167
"2018-06-22 16:41:21",167
"2018-06-22 17:41:21",167
"2018-06-22 18:41:21",167
"2018-06-22 19:41:21",167
"2018-06-22 20:41:20",167
"2018-06-22 21:41:21",167
"2018-06-22 22:41:21",167
"2018-06-22 23:41:21",167
"2018-06-23 00:41:20",167
"2018-06-23 01:41:21",167
"2018-06-23 02:41:21",167
"2018-06-23 03:41:21",167
"2018-06-23 04:41:21",167
"2018-06-23 05:41:21",167
"2018-06-23 06:41:21",167
"2018-06-23 07:41:21",167
"2018-06-23 08:41:21",167
"2018-06-23 09:41:20",167
"2018-06-23 10:41:21",167
"2018-06-23 11:41:21",167
"2018-06-23 12:41:20",167
"2018-06-23 13:41:21",167
"2018-06-23 14:41:20",167
"2018-06-23 15:41:21",167
"2018-06-23 16:41:21",167
"2018-06-23 17:41:20",167
"2018-06-23 18:41:21",167
"2018-06-23 19:41:21",167
"2018-06-23 20:41:21",167
"2018-06-23 21:41:21",167
"2018-06-23 22:41:20",167
"2018-06-23 23:41:20",167
"2018-06-24 00:41:32",167
"2018-06-24 01:41:20",167
"2018-06-24 02:41:20",167
"2018-06-24 03:41:23",167
"2018-06-24 04:41:21",167
"2018-06-24 05:41:20",167
"2018-06-24 06:41:21",167
"2018-06-24 07:41:21",167
"2018-06-24 08:41:20",167
"2018-06-24 09:41:21",167
"2018-06-24 10:41:45",167
"2018-06-24 11:41:21",167
"2018-06-24 12:41:21",167
"2018-06-24 13:41:20",167
"2018-06-24 14:41:25",167
"2018-06-24 15:41:29",167
"2018-06-24 16:41:20",167
"2018-06-24 17:41:21",167
"2018-06-24 18:41:21",167
"2018-06-24 19:41:21",167
"2018-06-24 20:41:20",167
"2018-06-24 21:41:21",167
"2018-06-24 22:41:20",167
"2018-06-24 23:41:21",167
"2018-06-25 00:41:20",167
"2018-06-25 01:41:21",167
"2018-06-25 02:41:21",167
"2018-06-25 03:41:24",167
"2018-06-25 04:41:22",167
"2018-06-25 05:41:22",167
"2018-06-25 06:41:21",167
"2018-06-25 07:41:20",167
"2018-06-25 08:41:21",167
"2018-06-25 09:41:21",167
"2018-06-25 10:41:20",167
"2018-06-25 11:41:21",167
"2018-06-25 12:41:20",167
"2018-06-25 13:41:22",167
"2018-06-25 14:41:21",168
"2018-06-25 15:41:20",168
"2018-06-25 16:41:20",167
"2018-06-25 17:41:21",168
"2018-06-25 18:41:21",168
"2018-06-25 19:41:21",168
"2018-06-25 20:41:22",168
"2018-06-25 21:41:21",168
"2018-06-25 22:41:20",168
"2018-06-26 01:09:47",168
"2018-06-26 01:41:21",168
"2018-06-26 02:41:21",168
"2018-06-26 03:41:25",168
"2018-06-26 04:41:26",168
"2018-06-26 05:41:21",168
"2018-06-26 06:41:21",168
"2018-06-26 07:41:21",168
"2018-06-26 08:41:21",168
"2018-06-26 09:41:22",168
"2018-06-26 10:41:22",168
"2018-06-26 11:41:23",168
"2018-06-26 12:41:26",168
"2018-06-26 13:41:23",168
"2018-06-26 14:41:21",168
"2018-06-26 15:41:29",169
"2018-06-26 16:41:21",169
"2018-06-26 17:41:21",169
"2018-06-26 18:41:21",169
"2018-06-26 19:41:21",169
"2018-06-26 20:41:21",169
"2018-06-26 21:41:21",169
"2018-06-26 22:41:21",169
"2018-06-26 23:41:21",169
"2018-06-27 00:41:21",169
"2018-06-27 01:41:20",169
"2018-06-27 02:41:21",169
"2018-06-27 03:41:22",169
"2018-06-27 04:41:23",169
"2018-06-27 05:41:22",169
"2018-06-27 06:41:21",169
"2018-06-27 07:41:20",169
"2018-06-27 08:41:20",169
"2018-06-27 09:41:21",169
"2018-06-27 10:41:20",169
"2018-06-27 11:41:21",169
"2018-06-27 12:41:21",169
"2018-06-27 13:41:30",169
"2018-06-27 14:41:29",169
"2018-06-27 15:41:30",169
"2018-06-27 16:41:23",169
"2018-06-27 17:41:21",169
"2018-06-27 18:41:22",170
"2018-06-27 19:41:22",169
"2018-06-27 20:41:21",170
"2018-06-27 21:41:21",170
"2018-06-27 22:41:21",170
"2018-06-27 23:41:22",170
"2018-06-28 00:41:22",170
"2018-06-28 01:41:21",170
"2018-06-28 02:41:22",170
"2018-06-28 03:41:28",170
"2018-06-28 04:41:26",170
"2018-06-28 05:41:26",170
"2018-06-28 06:41:22",170
"2018-06-28 07:41:22",170
"2018-06-28 08:41:22",170
"2018-06-28 09:41:21",170
"2018-06-28 10:41:22",170
"2018-06-28 11:41:22",170
"2018-06-28 12:41:22",170
"2018-06-28 13:41:23",170
"2018-06-28 14:41:28",171
"2018-06-28 15:41:29",171
"2018-06-28 16:41:21",173
"2018-06-28 17:41:22",173
"2018-06-28 18:41:21",173
"2018-06-28 19:41:24",173
"2018-06-28 20:41:22",173
"2018-06-28 21:41:22",173
"2018-06-28 22:41:21",173
"2018-06-28 23:41:22",173
"2018-06-29 00:41:22",173
"2018-06-29 01:41:21",173
"2018-06-29 02:41:22",173
"2018-06-29 03:41:26",173
"2018-06-29 04:41:24",173
"2018-06-29 05:41:22",173
"2018-06-29 06:41:23",173
"2018-06-29 07:41:22",173
"2018-06-29 08:41:23",173
"2018-06-29 09:41:22",173
"2018-06-29 10:41:22",173
"2018-06-29 11:41:22",173
"2018-06-29 12:41:24",173
"2018-06-29 13:41:23",173
"2018-06-29 14:41:23",172
"2018-06-29 15:41:22",171
"2018-06-29 16:41:22",171
"2018-06-29 17:41:21",172
"2018-06-29 18:41:22",172
"2018-06-29 19:41:24",174
"2018-06-29 20:41:22",174
"2018-06-29 21:41:23",174
"2018-06-29 22:41:22",174
"2018-06-29 23:41:23",174
"2018-06-30 00:41:23",174
"2018-06-30 01:41:21",174
"2018-06-30 02:41:22",174
"2018-06-30 03:41:27",174
"2018-06-30 04:41:25",174
"2018-06-30 05:41:25",174
"2018-06-30 06:41:23",174
"2018-06-30 07:41:21",174
"2018-06-30 08:41:22",174
"2018-06-30 09:41:21",174
"2018-06-30 10:41:23",174
"2018-06-30 11:41:22",174
"2018-06-30 12:41:24",174
"2018-06-30 13:41:29",174
"2018-06-30 14:41:23",174
"2018-06-30 15:41:26",174
"2018-06-30 16:41:26",174
"2018-06-30 17:41:22",174
"2018-06-30 18:41:21",174
"2018-06-30 19:41:27",174
"2018-06-30 20:41:21",174
"2018-06-30 21:41:21",174
"2018-06-30 22:41:21",174
"2018-06-30 23:41:22",174
"2018-07-01 00:41:22",174
"2018-07-01 01:41:22",174
"2018-07-01 02:41:22",174
"2018-07-01 03:41:22",174
"2018-07-01 04:41:21",174
"2018-07-01 05:41:22",174
"2018-07-01 06:41:22",174
"2018-07-01 07:41:21",174
"2018-07-01 08:41:22",174
"2018-07-01 09:41:22",174
"2018-07-01 10:41:22",174
"2018-07-01 11:41:22",174
"2018-07-01 12:41:22",174
"2018-07-01 13:41:22",174
"2018-07-01 14:41:22",174
"2018-07-01 15:41:22",174
"2018-07-01 16:41:23",174
"2018-07-01 17:41:22",174
"2018-07-01 18:41:22",174
"2018-07-01 19:41:25",174
"2018-07-01 20:41:23",174
"2018-07-01 21:41:22",174
"2018-07-01 22:41:21",174
"2018-07-01 23:41:22",174
"2018-07-02 00:41:22",174
"2018-07-02 01:41:24",174
"2018-07-02 02:41:22",174
"2018-07-02 03:41:21",174
"2018-07-02 04:41:21",174
"2018-07-02 05:41:22",174
"2018-07-02 06:41:22",174
"2018-07-02 07:41:22",174
"2018-07-02 08:41:22",174
"2018-07-02 09:41:22",174
"2018-07-02 10:41:22",174
"2018-07-02 11:41:22",174
"2018-07-02 12:41:22",174
"2018-07-02 13:41:22",174
"2018-07-02 14:41:22",174
"2018-07-02 15:41:22",174
"2018-07-02 16:41:22",174
"2018-07-02 17:41:22",174
"2018-07-02 18:41:22",174
"2018-07-02 19:41:23",174
"2018-07-02 20:41:22",174
"2018-07-02 21:41:22",174
"2018-07-02 22:41:22",174
"2018-07-02 23:41:22",174
"2018-07-03 00:41:22",174
"2018-07-03 01:41:22",174
"2018-07-03 02:41:22",174
"2018-07-03 03:41:21",174
"2018-07-03 04:41:22",174
"2018-07-03 05:41:22",174
"2018-07-03 06:41:21",174
"2018-07-03 07:41:22",174
"2018-07-03 08:41:22",174
"2018-07-03 09:41:22",174
"2018-07-03 10:41:22",174
"2018-07-03 11:41:22",174
"2018-07-03 12:41:22",174
"2018-07-03 13:41:22",174
"2018-07-03 14:41:22",176
"2018-07-03 15:41:22",176
"2018-07-03 16:41:21",177
"2018-07-03 17:41:22",177
"2018-07-03 18:41:21",177
"2018-07-03 19:41:24",177
"2018-07-03 20:41:21",177
"2018-07-03 21:41:21",177
"2018-07-03 22:41:21",177
"2018-07-03 23:41:21",177
"2018-07-04 00:41:22",177
"2018-07-04 01:41:22",177
"2018-07-04 02:41:22",177
"2018-07-04 03:41:22",177
"2018-07-04 04:41:21",177
"2018-07-04 05:41:21",177
"2018-07-04 06:41:22",177
"2018-07-04 07:41:22",177
"2018-07-04 08:41:22",177
"2018-07-04 09:41:22",177
"2018-07-04 10:41:22",177
"2018-07-04 11:41:21",177
"2018-07-04 12:41:21",177
"2018-07-04 13:41:22",177
"2018-07-04 14:41:22",177
"2018-07-04 15:41:21",177
"2018-07-04 16:41:22",177
"2018-07-04 17:41:22",177
"2018-07-04 18:41:22",177
"2018-07-04 19:41:22",177
"2018-07-04 20:41:22",177
"2018-07-04 21:41:22",177
"2018-07-04 22:41:21",177
"2018-07-04 23:41:22",177
"2018-07-05 00:41:21",177
"2018-07-05 01:41:22",177
"2018-07-05 02:41:22",177
"2018-07-05 03:41:22",177
"2018-07-05 04:41:22",177
"2018-07-05 05:41:21",177
"2018-07-05 06:41:21",177
"2018-07-05 07:41:22",177
"2018-07-05 08:41:22",177
"2018-07-05 09:41:21",177
"2018-07-05 10:41:22",177
"2018-07-05 11:41:22",177
"2018-07-05 12:41:22",177
"2018-07-05 13:41:23",177
"2018-07-05 14:41:22",176
"2018-07-05 15:41:22",176
"2018-07-05 16:41:22",176
"2018-07-05 17:41:24",177
"2018-07-05 18:41:22",176
"2018-07-05 19:41:25",176
"2018-07-05 20:41:22",175
"2018-07-05 21:41:23",175
"2018-07-05 22:41:23",175
"2018-07-05 23:41:23",175
"2018-07-06 00:41:22",175
"2018-07-06 01:41:23",175
"2018-07-06 02:41:23",175
"2018-07-06 03:41:23",175
"2018-07-06 04:41:23",175
"2018-07-06 05:41:22",175
"2018-07-06 06:41:22",175
"2018-07-06 07:41:23",175
"2018-07-06 08:41:23",175
"2018-07-06 09:41:23",175
"2018-07-06 10:41:24",175
"2018-07-06 11:41:24",175
"2018-07-06 12:41:23",175
"2018-07-06 13:41:24",175
"2018-07-06 14:41:24",178
"2018-07-06 15:41:24",179
"2018-07-06 16:41:24",179
"2018-07-06 17:41:24",179
"2018-07-06 18:41:22",179
"2018-07-06 19:41:26",179
"2018-07-06 20:41:23",179
"2018-07-06 21:41:23",179
"2018-07-06 22:41:23",179
"2018-07-06 23:41:23",179
"2018-07-07 00:41:23",179
"2018-07-07 01:41:22",179
"2018-07-07 02:41:23",179
"2018-07-07 03:41:23",179
"2018-07-07 04:41:23",179
"2018-07-07 05:41:22",179
"2018-07-07 06:41:23",179
"2018-07-07 07:41:23",179
"2018-07-07 08:41:23",179
"2018-07-07 09:41:23",179
"2018-07-07 10:41:23",180
"2018-07-07 11:41:23",180
"2018-07-07 12:41:23",180
"2018-07-07 13:41:23",180
"2018-07-07 14:41:23",180
"2018-07-07 15:41:23",180
"2018-07-07 16:41:24",180
"2018-07-07 17:41:23",180
"2018-07-07 18:41:24",180
"2018-07-07 19:41:25",180
"2018-07-07 20:41:23",180
"2018-07-07 21:41:22",180
"2018-07-07 22:41:24",180
"2018-07-07 23:41:23",180
"2018-07-08 00:41:23",180
"2018-07-08 01:41:23",180
"2018-07-08 02:41:24",180
"2018-07-08 03:41:24",180
"2018-07-08 04:41:24",180
"2018-07-08 05:41:24",180
"2018-07-08 06:41:24",180
"2018-07-08 07:41:23",180
"2018-07-08 08:41:23",180
"2018-07-08 09:41:23",180
"2018-07-08 10:41:22",180
"2018-07-08 11:41:23",180
"2018-07-08 12:41:24",180
"2018-07-08 13:41:23",180
"2018-07-08 14:41:23",180
"2018-07-08 15:41:23",180
"2018-07-08 16:41:23",180
"2018-07-08 17:41:23",180
"2018-07-08 18:41:24",180
"2018-07-08 19:41:27",180
"2018-07-08 20:41:24",180
"2018-07-08 21:41:23",180
"2018-07-08 22:41:23",180
"2018-07-08 23:41:23",180
"2018-07-09 00:41:23",180
"2018-07-09 01:41:23",180
"2018-07-09 02:41:23",180
"2018-07-09 03:41:24",180
"2018-07-09 04:41:22",180
"2018-07-09 05:41:23",180
"2018-07-09 06:41:22",180
"2018-07-09 07:41:23",180
"2018-07-09 08:41:24",180
"2018-07-09 09:41:23",180
"2018-07-09 10:41:23",180
"2018-07-09 11:41:22",180
"2018-07-09 12:41:23",180
"2018-07-09 13:41:26",180
"2018-07-09 14:41:23",179
"2018-07-09 15:41:23",178
"2018-07-09 16:41:23",178
"2018-07-09 17:41:23",179
"2018-07-09 18:41:25",179
"2018-07-09 19:41:33",179
"2018-07-09 20:41:23",180
"2018-07-09 21:41:23",180
"2018-07-09 22:41:23",180
"2018-07-09 23:41:23",180
"2018-07-10 00:41:23",180
"2018-07-10 01:41:25",180
"2018-07-10 02:41:23",180
"2018-07-10 03:41:23",180
"2018-07-10 04:41:23",180
"2018-07-10 05:41:24",180
"2018-07-10 06:41:23",180
"2018-07-10 07:41:23",180
"2018-07-10 08:41:23",180
"2018-07-10 09:41:23",180
"2018-07-10 10:41:23",180
"2018-07-10 11:41:23",180
"2018-07-10 12:41:22",180
"2018-07-10 13:41:26",180
"2018-07-10 14:41:25",180
"2018-07-10 15:41:23",181
"2018-07-10 16:41:23",181
"2018-07-10 17:41:24",181
"2018-07-10 18:41:23",181
"2018-07-10 19:41:26",181
"2018-07-10 20:41:23",180
"2018-07-10 21:41:23",180
"2018-07-10 22:41:25",180
"2018-07-10 23:41:23",180
"2018-07-11 00:41:24",180
"2018-07-11 01:41:24",180
"2018-07-11 02:41:23",180
"2018-07-11 03:41:24",180
"2018-07-11 04:41:24",180
"2018-07-11 05:41:24",180
"2018-07-11 06:41:24",180
"2018-07-11 07:41:23",180
"2018-07-11 08:41:23",180
"2018-07-11 09:41:23",180
"2018-07-11 10:41:23",180
"2018-07-11 11:41:23",180
"2018-07-11 12:41:22",180
"2018-07-11 13:41:24",180
"2018-07-11 14:41:24",181
"2018-07-11 15:41:24",181
"2018-07-11 16:41:23",181
"2018-07-11 17:41:22",181
"2018-07-11 18:41:23",182
"2018-07-11 19:41:24",182
"2018-07-11 20:41:23",182
"2018-07-11 21:41:23",182
"2018-07-11 22:41:23",182
"2018-07-11 23:41:24",182
"2018-07-12 00:41:24",182
"2018-07-12 01:41:23",182
"2018-07-12 02:41:24",182
"2018-07-12 03:41:23",182
"2018-07-12 04:41:24",182
"2018-07-12 05:41:23",182
"2018-07-12 06:41:23",182
"2018-07-12 07:41:24",182
"2018-07-12 08:41:23",182
"2018-07-12 09:41:24",182
"2018-07-12 10:41:22",181
"2018-07-12 11:41:23",181
"2018-07-12 12:41:23",181
"2018-07-12 13:41:25",181
"2018-07-12 14:41:24",181
"2018-07-12 15:41:24",181
"2018-07-12 16:41:25",183
"2018-07-12 17:41:23",182
"2018-07-12 18:41:24",182
"2018-07-12 19:41:29",182
"2018-07-12 20:41:23",182
"2018-07-12 21:41:22",182
"2018-07-12 22:41:23",182
"2018-07-12 23:41:24",182
"2018-07-13 00:41:23",182
"2018-07-13 01:41:23",182
"2018-07-13 02:41:23",182
"2018-07-13 03:41:23",182
"2018-07-13 04:41:24",182
"2018-07-13 05:41:24",182
"2018-07-13 06:41:23",182
"2018-07-13 07:41:23",182
"2018-07-13 08:41:24",182
"2018-07-13 09:41:23",182
"2018-07-13 10:41:22",182
"2018-07-13 11:41:23",182
"2018-07-13 12:41:23",182
"2018-07-13 13:41:26",182
"2018-07-13 14:41:24",181
"2018-07-13 15:41:24",179
"2018-07-13 16:41:23",179
"2018-07-13 17:41:23",181
"2018-07-13 18:41:23",181
"2018-07-13 19:41:24",181
"2018-07-13 20:41:23",182
"2018-07-13 21:41:22",182
"2018-07-13 22:41:23",182
"2018-07-13 23:41:24",182
"2018-07-14 00:41:23",182
"2018-07-14 01:41:23",182
"2018-07-14 02:41:23",182
"2018-07-14 03:41:24",182
"2018-07-14 04:41:23",182
"2018-07-14 05:41:23",182
"2018-07-14 06:41:23",182
"2018-07-14 07:41:23",182
"2018-07-14 08:41:23",182
"2018-07-14 09:41:23",182
"2018-07-14 10:41:23",182
"2018-07-14 11:41:24",182
"2018-07-14 12:41:23",182
"2018-07-14 13:41:24",182
"2018-07-14 14:41:23",182
"2018-07-14 15:41:23",182
"2018-07-14 16:41:23",182
"2018-07-14 17:41:23",182
"2018-07-14 18:41:23",182
"2018-07-14 19:41:24",182
"2018-07-14 20:41:23",182
"2018-07-14 21:41:23",182
"2018-07-14 22:41:24",182
"2018-07-14 23:41:23",182
"2018-07-15 00:41:22",182
"2018-07-15 01:41:23",182
"2018-07-15 02:41:24",182
"2018-07-15 03:41:23",182
"2018-07-15 04:41:23",182
"2018-07-15 05:41:23",182
"2018-07-15 06:41:23",182
"2018-07-15 07:41:23",182
"2018-07-15 08:41:23",182
"2018-07-15 09:41:23",182
"2018-07-15 10:41:23",182
"2018-07-15 11:41:23",182
"2018-07-15 12:41:23",182
"2018-07-15 13:41:23",182
"2018-07-15 14:41:22",182
"2018-07-15 15:41:24",182
"2018-07-15 16:41:24",182
"2018-07-15 17:41:23",182
"2018-07-15 18:41:23",182
"2018-07-15 19:41:28",182
"2018-07-15 20:41:23",182
"2018-07-15 21:41:25",182
"2018-07-15 22:41:23",182
"2018-07-15 23:41:24",182
"2018-07-16 00:41:23",182
"2018-07-16 01:41:23",182
"2018-07-16 02:41:23",182
"2018-07-16 03:41:24",182
"2018-07-16 04:41:24",182
"2018-07-16 05:41:23",182
"2018-07-16 06:41:24",182
"2018-07-16 07:41:24",182
"2018-07-16 08:41:25",182
"2018-07-16 09:41:22",182
"2018-07-16 10:41:23",182
"2018-07-16 11:41:23",182
"2018-07-16 12:41:22",182
"2018-07-16 13:41:28",182
"2018-07-16 14:41:24",181
"2018-07-16 15:41:26",181
"2018-07-16 16:41:25",181
"2018-07-16 17:41:25",181
"2018-07-16 18:41:24",181
"2018-07-16 19:41:39",180
"2018-07-16 20:41:24",180
"2018-07-16 21:41:25",180
"2018-07-16 22:41:24",180
"2018-07-16 23:41:25",180
"2018-07-17 00:41:32",180
"2018-07-17 01:41:25",180
"2018-07-17 02:41:25",180
"2018-07-17 03:41:23",180
"2018-07-17 04:41:25",180
"2018-07-17 05:41:25",180
"2018-07-17 06:41:25",180
"2018-07-17 07:41:26",180
"2018-07-17 08:41:24",180
"2018-07-17 09:41:24",180
"2018-07-17 10:41:24",180
"2018-07-17 11:41:24",180
"2018-07-17 12:41:24",180
"2018-07-17 13:41:26",180
"2018-07-17 14:41:25",179
"2018-07-17 15:41:24",179
"2018-07-17 16:41:25",179
"2018-07-17 17:41:24",179
"2018-07-17 18:41:25",179
"2018-07-17 19:41:32",179
"2018-07-17 20:41:25",179
"2018-07-17 21:41:24",179
"2018-07-17 22:41:24",180
"2018-07-17 23:41:26",180
"2018-07-18 00:41:26",180
"2018-07-18 01:41:26",180
"2018-07-18 02:41:30",180
"2018-07-18 03:41:26",180
"2018-07-18 04:41:26",180
"2018-07-18 05:41:27",180
"2018-07-18 06:41:25",180
"2018-07-18 07:41:25",180
"2018-07-18 08:41:25",180
"2018-07-18 09:41:25",180
"2018-07-18 10:41:25",180
"2018-07-18 11:41:26",180
"2018-07-18 12:41:25",180
"2018-07-18 13:41:28",180
"2018-07-18 14:41:28",181
"2018-07-18 15:41:27",181
"2018-07-18 16:41:27",181
"2018-07-18 17:41:27",181
"2018-07-18 18:41:26",181
"2018-07-18 19:41:31",181
"2018-07-18 20:41:26",181
"2018-07-18 21:41:26",181
"2018-07-18 22:41:27",181
"2018-07-18 23:41:26",181
"2018-07-19 00:41:26",181
"2018-07-19 01:41:26",181
"2018-07-19 02:41:27",181
"2018-07-19 03:41:27",181
"2018-07-19 04:41:28",181
"2018-07-19 05:41:28",181
"2018-07-19 06:41:28",181
"2018-07-19 07:41:33",181
"2018-07-19 08:41:26",181
"2018-07-19 09:41:26",181
"2018-07-19 10:41:27",181
"2018-07-19 11:41:27",181
"2018-07-19 12:41:26",181
"2018-07-19 13:41:28",181
"2018-07-19 14:41:27",180
"2018-07-19 15:41:27",180
"2018-07-19 16:41:27",180
"2018-07-19 17:41:27",179
"2018-07-19 18:41:27",179
"2018-07-19 19:41:29",179
"2018-07-19 20:41:27",179
"2018-07-19 21:41:26",179
"2018-07-19 22:41:27",179
"2018-07-19 23:41:28",179
"2018-07-20 00:41:26",179
"2018-07-20 01:41:27",179
"2018-07-20 02:41:27",179
"2018-07-20 03:41:28",179
"2018-07-20 04:41:29",179
"2018-07-20 05:41:29",179
"2018-07-20 06:41:28",179
"2018-07-20 07:41:28",179
"2018-07-20 08:41:26",179
"2018-07-20 09:41:32",179
"2018-07-20 10:41:26",179
"2018-07-20 11:41:26",179
"2018-07-20 12:41:25",179
"2018-07-20 14:05:00",179
"2018-07-20 14:41:27",179
"2018-07-20 15:41:27",179
"2018-07-20 16:41:28",179
"2018-07-20 17:41:26",179
"2018-07-20 18:41:28",181
"2018-07-20 19:41:32",181
"2018-07-20 20:41:27",181
"2018-07-20 21:41:26",181
"2018-07-20 22:41:25",181
"2018-07-20 23:41:27",181
"2018-07-21 00:41:27",181
"2018-07-21 01:41:27",181
"2018-07-21 02:41:28",181
"2018-07-21 03:41:30",181
"2018-07-21 04:41:27",181
"2018-07-21 05:41:26",181
"2018-07-21 06:41:26",181
"2018-07-21 07:41:26",181
"2018-07-21 08:41:26",181
"2018-07-21 09:41:26",181
"2018-07-21 10:41:27",181
"2018-07-21 11:41:25",181
"2018-07-21 12:41:26",181
"2018-07-21 13:41:27",181
"2018-07-21 14:41:27",181
"2018-07-21 15:41:26",181
"2018-07-21 16:41:27",181
"2018-07-21 17:41:26",181
"2018-07-21 18:41:27",181
"2018-07-21 19:41:30",181
"2018-07-21 20:41:26",181
"2018-07-21 21:41:26",181
"2018-07-21 22:41:26",181
"2018-07-21 23:41:26",181
"2018-07-22 00:41:26",181
"2018-07-22 01:41:26",181
"2018-07-22 02:41:27",181
"2018-07-22 03:41:27",181
"2018-07-22 04:41:27",181
"2018-07-22 05:41:26",181
"2018-07-22 06:41:29",181
"2018-07-22 07:41:30",181
"2018-07-22 08:41:27",181
"2018-07-22 09:41:25",181
"2018-07-22 10:41:26",181
"2018-07-22 11:41:26",181
"2018-07-22 12:41:27",181
"2018-07-22 13:41:27",181
"2018-07-22 14:41:27",181
"2018-07-22 15:41:26",181
"2018-07-22 16:41:27",181
"2018-07-22 17:41:26",181
"2018-07-22 18:41:26",181
"2018-07-22 19:41:32",181
"2018-07-22 20:41:27",181
"2018-07-22 21:41:26",181
"2018-07-22 22:41:26",181
"2018-07-22 23:41:26",181
"2018-07-23 00:41:26",181
"2018-07-23 01:41:26",181
"2018-07-23 02:41:26",181
"2018-07-23 03:41:26",181
"2018-07-23 04:41:26",181
"2018-07-23 05:41:25",181
"2018-07-23 06:41:26",181
"2018-07-23 07:41:27",181
"2018-07-23 08:41:27",181
"2018-07-23 09:41:27",181
"2018-07-23 23:41:29",182
"2018-07-24 00:41:27",182
"2018-07-24 01:41:26",182
"2018-07-24 02:41:27",182
"2018-07-24 03:41:26",182
"2018-07-24 04:41:26",182
"2018-07-24 05:41:26",182
"2018-07-24 06:41:26",182
"2018-07-24 07:41:26",182
"2018-07-24 08:41:26",182
"2018-07-24 09:41:26",182
"2018-07-24 10:41:26",182
"2018-07-24 11:41:26",182
"2018-07-24 12:41:26",182
"2018-07-24 13:41:34",182
"2018-07-24 14:41:26",182
"2018-07-24 15:41:27",181
"2018-07-24 16:41:27",181
"2018-07-24 17:41:27",181
"2018-07-24 18:41:26",181
"2018-07-24 19:41:26",181
"2018-07-24 20:41:26",181
"2018-07-24 21:41:26",181
"2018-07-24 22:41:26",181
"2018-07-24 23:41:26",181
"2018-07-25 00:41:26",181
"2018-07-25 01:41:26",181
"2018-07-25 02:41:26",181
"2018-07-25 03:41:26",181
"2018-07-25 04:41:26",181
"2018-07-25 05:41:26",181
"2018-07-25 06:41:27",181
"2018-07-25 07:41:25",181
"2018-07-25 08:41:26",181
"2018-07-25 09:41:26",181
"2018-07-25 10:41:26",181
"2018-07-25 11:41:26",181
"2018-07-25 12:41:26",181
"2018-07-25 13:41:30",181
"2018-07-25 14:41:28",181
"2018-07-25 15:41:28",181
"2018-07-25 16:41:29",181
"2018-07-25 17:41:34",180
"2018-07-25 18:41:28",180
"2018-07-25 19:41:28",180
"2018-07-25 20:41:28",181
"2018-07-25 21:41:28",181
"2018-07-25 22:41:28",181
"2018-07-25 23:41:27",181
"2018-07-26 00:41:27",181
"2018-07-26 01:41:28",181
"2018-07-26 02:41:28",181
"2018-07-26 03:41:28",181
"2018-07-26 04:41:28",181
"2018-07-26 05:41:28",181
"2018-07-26 06:41:28",181
"2018-07-26 07:41:27",181
"2018-07-26 08:41:27",181
"2018-07-26 09:41:28",181
"2018-07-26 10:41:28",181
"2018-07-26 11:41:27",181
"2018-07-26 12:41:28",181
"2018-07-26 14:41:29",181
"2018-07-26 15:41:28",181
"2018-07-26 16:41:28",181
"2018-07-26 17:41:29",181
"2018-07-26 18:41:28",181
"2018-07-26 19:41:28",181
"2018-07-26 20:41:28",181
"2018-07-26 21:41:27",181
"2018-07-26 22:41:27",181
"2018-07-26 23:41:28",181
"2018-07-27 00:41:28",181
"2018-07-27 01:41:28",181
"2018-07-27 02:41:27",181
"2018-07-27 03:41:28",181
"2018-07-27 04:41:28",181
"2018-07-27 05:41:27",181
"2018-07-27 06:41:28",181
"2018-07-27 07:41:28",181
"2018-07-27 08:41:27",181
"2018-07-27 09:41:27",181
"2018-07-27 10:41:28",181
"2018-07-27 11:41:27",181
"2018-07-27 12:41:27",181
"2018-07-27 13:41:31",181
"2018-07-27 14:41:29",181
"2018-07-27 15:41:27",182
"2018-07-27 16:41:28",182
"2018-07-27 17:41:28",182
"2018-07-27 18:41:28",182
"2018-07-27 19:41:28",182
"2018-07-27 20:41:27",182
"2018-07-27 21:41:28",182
"2018-07-27 22:41:27",182
"2018-07-27 23:41:27",182
"2018-07-28 00:41:27",182
"2018-07-28 01:41:28",182
"2018-07-28 02:41:28",182
"2018-07-28 03:41:28",182
"2018-07-28 04:41:27",182
"2018-07-28 05:41:28",182
"2018-07-28 06:41:28",182
"2018-07-28 07:41:27",182
"2018-07-28 08:41:27",182
"2018-07-28 09:41:27",182
"2018-07-28 10:41:27",182
"2018-07-28 11:41:27",182
"2018-07-28 12:41:27",182
"2018-07-28 13:41:27",182
"2018-07-28 14:41:27",182
"2018-07-28 15:41:28",182
"2018-07-28 16:41:28",182
"2018-07-28 17:41:28",182
"2018-07-28 18:41:28",182
"2018-07-28 19:41:36",182
"2018-07-28 20:41:30",182
"2018-07-28 21:41:27",182
"2018-07-28 22:41:28",182
"2018-07-28 23:41:28",182
"2018-07-29 00:41:27",182
"2018-07-29 01:41:28",182
"2018-07-29 02:41:28",182
"2018-07-29 03:41:27",182
"2018-07-29 04:41:28",182
"2018-07-29 05:41:28",182
"2018-07-29 06:41:28",182
"2018-07-29 07:41:27",182
"2018-07-29 08:41:27",182
"2018-07-29 09:41:27",182
"2018-07-29 10:41:27",182
"2018-07-29 11:41:27",182
"2018-07-29 12:41:28",182
"2018-07-29 13:41:28",182
"2018-07-29 14:41:28",182
"2018-07-29 15:41:26",182
"2018-07-29 16:41:28",182
"2018-07-29 17:41:28",182
"2018-07-29 18:41:27",182
"2018-07-29 19:41:28",182
"2018-07-29 20:41:28",182
"2018-07-29 21:41:28",182
"2018-07-29 22:41:28",182
"2018-07-29 23:41:28",182
"2018-07-30 00:41:27",182
"2018-07-30 01:41:27",182
"2018-07-30 02:41:27",182
"2018-07-30 03:41:28",182
"2018-07-30 04:41:28",182
"2018-07-30 05:41:27",182
"2018-07-30 06:41:26",182
"2018-07-30 07:41:27",182
"2018-07-30 08:41:27",182
"2018-07-30 09:41:28",182
"2018-07-30 10:41:27",182
"2018-07-30 11:41:27",182
"2018-07-30 12:41:27",182
"2018-07-30 13:41:31",182
"2018-07-30 14:41:29",182
"2018-07-30 15:41:27",183
"2018-07-30 16:41:28",183
"2018-07-30 17:41:28",183
"2018-07-30 18:41:27",183
"2018-07-30 19:41:28",184
"2018-07-30 20:41:27",184
"2018-07-30 21:41:27",184
"2018-07-30 22:41:28",184
"2018-07-30 23:41:27",184
"2018-07-31 00:41:28",184
"2018-07-31 01:41:28",184
"2018-07-31 02:41:27",184
"2018-07-31 03:41:27",184
"2018-07-31 04:41:27",184
"2018-07-31 05:41:28",184
"2018-07-31 06:41:27",184
"2018-07-31 07:41:28",184
"2018-07-31 08:41:40",184
"2018-07-31 09:48:24",184
"2018-07-31 10:41:27",184
"2018-07-31 11:41:27",184
"2018-07-31 12:41:27",184
"2018-07-31 13:41:30",184
"2018-07-31 14:41:28",184
"2018-07-31 15:41:28",184
"2018-07-31 16:41:28",183
"2018-07-31 17:41:27",183
"2018-07-31 18:41:28",183
"2018-07-31 19:41:28",183
"2018-07-31 20:41:28",183
"2018-07-31 21:41:27",183
"2018-07-31 22:41:28",183
"2018-07-31 23:41:28",183
"2018-08-01 00:41:28",183
"2018-08-01 01:41:27",183
"2018-08-01 02:41:27",183
"2018-08-01 03:41:27",183
"2018-08-01 04:41:28",183
"2018-08-01 05:41:28",183
"2018-08-01 06:41:28",183
"2018-08-01 07:41:27",183
"2018-08-01 08:41:28",183
"2018-08-01 09:41:27",183
"2018-08-01 10:41:27",183
"2018-08-01 11:41:28",183
"2018-08-01 12:41:27",183
"2018-08-01 14:06:33",183
"2018-08-01 14:41:29",183
"2018-08-01 15:41:29",183
"2018-08-01 16:41:30",184
"2018-08-01 17:41:29",184
"2018-08-01 18:41:29",183
"2018-08-01 19:41:30",183
"2018-08-01 20:41:28",183
"2018-08-01 21:41:28",183
"2018-08-01 22:41:28",183
"2018-08-01 23:41:28",183
"2018-08-02 00:41:29",183
"2018-08-02 01:41:29",183
"2018-08-02 02:41:29",183
"2018-08-02 03:41:28",183
"2018-08-02 04:41:29",183
"2018-08-02 05:41:29",183
"2018-08-02 06:41:28",183
"2018-08-02 07:41:28",183
"2018-08-02 08:41:28",183
"2018-08-02 09:41:29",183
"2018-08-02 10:41:29",183
"2018-08-02 11:41:28",183
"2018-08-02 12:41:28",183
"2018-08-02 13:41:29",183
"2018-08-02 14:41:30",183
"2018-08-02 15:41:31",183
"2018-08-02 16:41:28",183
"2018-08-02 17:41:29",183
"2018-08-02 18:41:28",183
"2018-08-02 19:41:29",183
"2018-08-02 20:41:29",183
"2018-08-02 21:41:28",183
"2018-08-02 22:41:28",183
"2018-08-02 23:41:28",183
"2018-08-03 00:41:29",183
"2018-08-03 01:41:29",183
"2018-08-03 02:41:29",183
"2018-08-03 03:41:29",183
"2018-08-03 04:41:29",183
"2018-08-03 05:41:29",183
"2018-08-03 06:41:29",183
"2018-08-03 07:41:28",183
"2018-08-03 08:41:29",183
"2018-08-03 09:41:29",183
"2018-08-03 10:41:29",183
"2018-08-03 11:42:30",183
"2018-08-03 13:06:28",183
"2018-08-03 13:41:30",183
"2018-08-03 14:41:29",183
"2018-08-03 15:41:28",183
"2018-08-03 16:41:29",184
"2018-08-03 17:41:29",184
"2018-08-03 18:41:29",184
"2018-08-03 19:41:29",184
"2018-08-03 20:41:29",184
"2018-08-03 21:41:28",184
"2018-08-03 22:41:28",184
"2018-08-03 23:41:28",184
"2018-08-04 00:41:28",184
"2018-08-04 01:41:28",184
"2018-08-04 02:41:28",184
"2018-08-04 03:41:28",184
"2018-08-04 04:41:28",184
"2018-08-04 05:41:29",184
"2018-08-04 06:41:28",184
"2018-08-04 07:41:29",184
"2018-08-04 08:41:28",184
"2018-08-04 09:41:29",184
"2018-08-04 10:41:29",184
"2018-08-04 11:41:28",184
"2018-08-04 12:41:28",184
"2018-08-04 13:41:29",184
"2018-08-04 14:41:28",184
"2018-08-04 15:41:29",184
"2018-08-04 16:41:28",184
"2018-08-04 17:41:29",184
"2018-08-04 18:41:29",184
"2018-08-04 19:41:29",184
"2018-08-04 20:41:28",184
"2018-08-04 21:41:28",184
"2018-08-04 22:41:28",184
"2018-08-04 23:41:29",184
"2018-08-05 00:41:28",184
"2018-08-05 01:41:28",184
"2018-08-05 02:41:29",184
"2018-08-05 03:41:28",184
"2018-08-05 04:41:28",184
"2018-08-05 05:41:28",184
"2018-08-05 06:41:29",184
"2018-08-05 07:41:28",184
"2018-08-05 08:41:28",184
"2018-08-05 09:41:28",184
"2018-08-05 10:41:28",184
"2018-08-05 11:41:28",184
"2018-08-05 12:41:28",184
"2018-08-05 13:41:28",184
"2018-08-05 14:41:28",184
"2018-08-05 15:41:28",184
"2018-08-05 16:41:29",184
"2018-08-05 17:41:28",184
"2018-08-05 18:41:28",184
"2018-08-05 19:41:29",184
"2018-08-05 20:41:28",184
"2018-08-05 21:41:29",184
"2018-08-05 22:41:28",184
"2018-08-05 23:41:28",184
"2018-08-06 00:41:28",184
"2018-08-06 01:41:28",184
"2018-08-06 02:41:28",184
"2018-08-06 03:41:28",184
"2018-08-06 04:41:28",184
"2018-08-06 05:41:28",184
"2018-08-06 06:41:28",184
"2018-08-06 07:41:29",184
"2018-08-06 08:41:29",184
"2018-08-06 09:41:28",184
"2018-08-06 10:41:28",184
"2018-08-06 11:41:28",184
"2018-08-06 12:41:28",184
"2018-08-06 13:41:30",184
"2018-08-06 14:41:29",184
"2018-08-06 15:41:28",184
"2018-08-06 16:41:44",182
"2018-08-06 17:41:30",182
"2018-08-06 18:41:30",183
"2018-08-06 19:41:28",182
"2018-08-06 20:41:28",182
"2018-08-06 21:41:31",182
"2018-08-06 22:41:29",182
"2018-08-06 23:41:29",182
"2018-08-07 00:41:29",182
"2018-08-07 01:41:29",182
"2018-08-07 02:41:29",182
"2018-08-07 03:41:29",182
"2018-08-07 04:41:30",182
"2018-08-07 05:41:29",182
"2018-08-07 06:41:29",182
"2018-08-07 07:41:29",182
"2018-08-07 08:41:29",182
"2018-08-07 09:41:28",182
"2018-08-07 10:41:28",182
"2018-08-07 11:41:29",182
"2018-08-07 12:41:29",182
"2018-08-07 13:41:32",182
"2018-08-07 14:41:28",180
"2018-08-07 15:41:28",180
"2018-08-07 16:41:28",180
"2018-08-07 17:41:30",180
"2018-08-07 18:41:29",180
"2018-08-07 19:41:30",179
"2018-08-07 20:41:29",179
"2018-08-07 21:41:29",180
"2018-08-07 22:41:29",180
"2018-08-07 23:41:29",180
"2018-08-08 00:41:28",180
"2018-08-08 01:41:30",180
"2018-08-08 02:41:29",180
"2018-08-08 03:41:29",180
"2018-08-08 04:41:28",180
"2018-08-08 05:41:29",180
"2018-08-08 06:41:29",180
"2018-08-08 07:41:29",180
"2018-08-08 08:41:29",180
"2018-08-08 09:41:29",180
"2018-08-08 10:41:29",180
"2018-08-08 11:41:29",180
"2018-08-08 12:41:30",180
"2018-08-08 13:41:30",180
"2018-08-08 14:41:29",179
"2018-08-08 15:41:30",179
"2018-08-08 16:41:30",178
"2018-08-08 17:41:28",179
"2018-08-08 18:41:29",179
"2018-08-08 19:41:29",179
"2018-08-08 20:41:29",180
"2018-08-08 21:41:28",180
"2018-08-08 22:41:28",181
"2018-08-08 23:41:28",181
"2018-08-10 00:19:46",180
"2018-08-10 00:41:31",180
"2018-08-10 01:41:31",180
"2018-08-10 02:41:31",180
"2018-08-10 03:41:29",180
"2018-08-10 04:41:31",180
"2018-08-10 05:41:35",180
"2018-08-10 06:41:33",180
"2018-08-10 07:41:34",180
"2018-08-10 08:41:34",180
"2018-08-10 09:41:33",180
"2018-08-10 10:41:33",180
"2018-08-10 11:41:33",180
"2018-08-10 12:41:32",180
"2018-08-10 13:41:35",180
"2018-08-10 14:41:34",180
"2018-08-10 15:41:34",180
"2018-08-10 16:41:35",181
"2018-08-10 17:41:34",181
"2018-08-10 18:41:33",181
"2018-08-10 19:41:34",181
"2018-08-10 20:41:34",181
"2018-08-10 21:41:34",181
"2018-08-10 22:41:33",181
"2018-08-10 23:41:34",181
"2018-08-11 00:41:33",181
"2018-08-11 01:41:34",181
"2018-08-11 02:41:34",181
"2018-08-11 03:41:34",181
"2018-08-11 04:41:33",181
"2018-08-11 05:41:34",181
"2018-08-11 06:41:33",181
"2018-08-11 07:41:33",181
"2018-08-11 08:41:33",181
"2018-08-11 09:41:33",181
"2018-08-11 10:41:33",181
"2018-08-11 11:41:33",181
"2018-08-11 12:41:33",181
"2018-08-11 13:41:33",181
"2018-08-11 14:41:33",181
"2018-08-11 15:41:34",181
"2018-08-11 16:41:33",181
"2018-08-11 17:41:33",181
"2018-08-11 18:41:34",181
"2018-08-11 19:41:33",181
"2018-08-11 20:41:33",181
"2018-08-11 21:41:33",181
"2018-08-11 22:41:34",181
"2018-08-11 23:41:34",181
"2018-08-12 00:41:34",181
"2018-08-12 01:41:33",181
"2018-08-12 02:41:33",181
"2018-08-12 03:41:33",181
"2018-08-12 04:41:34",181
"2018-08-12 05:41:33",181
"2018-08-12 06:41:33",181
"2018-08-12 07:41:33",181
"2018-08-12 08:41:33",181
"2018-08-12 09:41:33",181
"2018-08-12 10:41:33",181
"2018-08-12 11:41:33",181
"2018-08-12 12:41:33",181
"2018-08-12 13:41:34",181
"2018-08-12 14:41:34",181
"2018-08-12 15:41:34",181
"2018-08-12 16:41:34",181
"2018-08-12 17:41:34",181
"2018-08-12 18:41:33",181
"2018-08-12 19:41:34",181
"2018-08-12 20:41:34",181
"2018-08-12 21:41:33",181
"2018-08-12 22:41:33",181
"2018-08-12 23:41:34",181
"2018-08-13 00:41:33",181
"2018-08-13 01:41:34",181
"2018-08-13 02:41:34",181
"2018-08-13 03:41:33",181
"2018-08-13 04:41:34",181
"2018-08-13 05:41:33",181
"2018-08-13 06:41:34",181
"2018-08-13 07:41:34",181
"2018-08-13 08:41:34",181
"2018-08-13 09:41:34",181
"2018-08-13 10:41:33",181
"2018-08-13 11:41:33",181
"2018-08-13 12:41:33",181
"2018-08-13 13:41:35",181
"2018-08-13 14:41:35",183
"2018-08-13 15:41:35",182
"2018-08-13 16:41:34",182
"2018-08-13 17:41:33",183
"2018-08-13 18:41:34",183
"2018-08-13 19:41:35",183
"2018-08-13 20:41:34",183
"2018-08-13 21:41:34",183
"2018-08-13 22:41:33",183
"2018-08-13 23:41:34",183
"2018-08-14 00:41:33",183
"2018-08-14 01:41:35",183
"2018-08-14 02:41:33",183
"2018-08-14 03:41:33",183
"2018-08-14 04:41:34",183
"2018-08-14 05:41:33",183
"2018-08-14 06:41:34",183
"2018-08-14 07:41:34",183
"2018-08-14 08:41:34",183
"2018-08-14 09:41:33",183
"2018-08-14 10:41:34",183
"2018-08-14 11:41:33",183
"2018-08-14 12:41:33",183
"2018-08-14 13:41:35",183
"2018-08-14 14:41:34",183
"2018-08-14 15:41:34",183
"2018-08-14 16:41:34",183
"2018-08-14 17:41:33",184
"2018-08-14 18:41:34",185
"2018-08-14 19:41:34",185
"2018-08-14 20:41:34",187
"2018-08-14 21:41:33",187
"2018-08-14 22:41:34",187
"2018-08-14 23:41:33",187
"2018-08-15 00:41:33",187
"2018-08-15 01:41:34",187
"2018-08-15 02:41:34",187
"2018-08-15 03:41:34",187
"2018-08-15 04:41:34",187
"2018-08-15 05:41:33",187
"2018-08-15 06:41:34",187
"2018-08-15 07:41:33",187
"2018-08-15 08:41:34",187
"2018-08-15 09:41:34",187
"2018-08-15 10:41:34",187
"2018-08-15 11:41:34",187
"2018-08-15 12:41:33",187
"2018-08-15 14:07:08",187
"2018-08-15 14:41:34",187
"2018-08-15 15:41:34",187
"2018-08-15 16:41:35",187
"2018-08-15 17:41:33",188
"2018-08-15 18:41:33",188
"2018-08-15 19:41:33",188
"2018-08-15 20:41:33",188
"2018-08-15 21:41:33",188
"2018-08-15 22:41:33",188
"2018-08-15 23:41:34",188
"2018-08-16 00:41:34",188
"2018-08-16 01:41:33",188
"2018-08-16 02:41:34",188
"2018-08-16 03:41:35",188
"2018-08-16 04:41:34",188
"2018-08-16 05:41:33",188
"2018-08-16 06:41:33",188
"2018-08-16 07:41:34",188
"2018-08-16 08:41:33",188
"2018-08-16 09:41:33",188
"2018-08-16 10:41:34",188
"2018-08-16 11:41:33",188
"2018-08-16 12:41:34",188
"2018-08-16 13:41:35",188
"2018-08-16 14:41:34",188
"2018-08-16 15:41:35",189
"2018-08-16 16:41:34",190
"2018-08-16 17:41:34",189
"2018-08-16 18:41:33",189
"2018-08-16 19:41:34",189
"2018-08-16 20:41:34",189
"2018-08-16 21:41:34",189
"2018-08-16 22:41:34",189
"2018-08-16 23:41:34",189
"2018-08-17 00:41:34",189
"2018-08-17 01:41:34",189
"2018-08-17 02:41:35",189
"2018-08-17 03:41:35",189
"2018-08-17 04:41:35",189
"2018-08-17 05:41:33",189
"2018-08-17 06:41:33",189
"2018-08-17 07:41:33",189
"2018-08-17 08:41:34",189
"2018-08-17 09:41:34",189
"2018-08-17 10:41:33",189
"2018-08-17 11:41:34",189
"2018-08-17 12:41:33",189
"2018-08-17 13:41:35",189
"2018-08-17 14:41:35",189
"2018-08-17 15:41:35",190
"2018-08-17 16:41:34",189
"2018-08-17 17:41:33",189
"2018-08-17 18:41:34",188
"2018-08-17 19:41:34",188
"2018-08-17 20:41:33",188
"2018-08-17 21:41:33",188
"2018-08-17 22:41:34",188
"2018-08-17 23:41:33",188
"2018-08-18 00:41:34",188
"2018-08-18 01:41:34",188
"2018-08-18 02:41:34",188
"2018-08-18 03:41:34",188
"2018-08-18 04:41:34",188
"2018-08-18 05:41:34",188
"2018-08-18 06:41:34",188
"2018-08-18 07:41:33",188
"2018-08-18 08:41:34",188
"2018-08-18 09:41:34",188
"2018-08-18 10:41:33",188
"2018-08-18 11:41:33",188
"2018-08-18 12:41:35",188
"2018-08-18 13:41:35",188
"2018-08-18 14:41:34",188
"2018-08-18 15:41:35",188
"2018-08-18 16:41:34",188
"2018-08-18 17:41:34",188
"2018-08-18 18:41:33",188
"2018-08-18 19:41:34",188
"2018-08-18 20:41:35",188
"2018-08-18 21:41:33",188
"2018-08-18 22:41:33",188
"2018-08-18 23:41:33",188
"2018-08-19 00:41:34",188
"2018-08-19 01:41:33",188
"2018-08-19 02:41:33",188
"2018-08-19 03:41:33",188
"2018-08-19 04:41:34",188
"2018-08-19 05:41:33",188
"2018-08-19 06:41:33",188
"2018-08-19 07:41:33",188
"2018-08-19 08:41:34",188
"2018-08-19 09:41:33",188
"2018-08-19 10:41:33",188
"2018-08-19 11:41:33",188
"2018-08-19 12:41:34",188
"2018-08-19 13:41:34",188
"2018-08-19 14:41:33",188
"2018-08-19 15:41:34",188
"2018-08-19 16:41:33",188
"2018-08-19 17:41:34",188
"2018-08-19 18:41:34",188
"2018-08-19 19:41:34",188
"2018-08-19 20:41:34",188
"2018-08-19 21:41:35",188
"2018-08-19 22:41:34",188
"2018-08-19 23:41:34",188
"2018-08-20 00:41:34",188
"2018-08-20 01:41:34",188
"2018-08-20 02:41:34",188
"2018-08-20 03:41:33",188
"2018-08-20 04:41:34",188
"2018-08-20 05:41:33",188
"2018-08-20 06:41:34",188
"2018-08-20 07:41:33",188
"2018-08-20 08:41:37",188
"2018-08-20 09:41:33",188
"2018-08-20 10:41:34",188
"2018-08-20 11:41:34",188
"2018-08-20 12:41:33",188
"2018-08-20 13:41:35",188
"2018-08-20 14:41:37",187
"2018-08-20 15:41:35",187
"2018-08-20 16:41:35",187
"2018-08-20 17:41:34",186
"2018-08-20 18:41:34",186
"2018-08-20 19:41:34",186
"2018-08-20 20:41:34",186
"2018-08-20 21:41:33",186
"2018-08-20 22:41:34",186
"2018-08-20 23:41:33",186
"2018-08-21 00:41:34",186
"2018-08-21 01:41:34",186
"2018-08-21 02:41:34",186
"2018-08-21 03:41:34",186
"2018-08-21 04:41:34",186
"2018-08-21 05:41:33",186
"2018-08-21 06:41:34",186
"2018-08-21 07:41:33",186
"2018-08-21 08:41:34",186
"2018-08-21 09:41:34",186
"2018-08-21 10:41:34",186
"2018-08-21 11:41:33",186
"2018-08-21 12:41:34",186
"2018-08-21 13:41:36",186
"2018-08-21 14:41:34",187
"2018-08-21 15:41:34",187
"2018-08-21 16:41:34",187
"2018-08-21 17:41:33",187
"2018-08-21 18:41:33",187
"2018-08-21 19:41:33",187
"2018-08-21 20:41:33",187
"2018-08-21 21:41:32",187
"2018-08-21 22:41:34",187
"2018-08-21 23:41:33",187
"2018-08-22 00:41:33",187
"2018-08-22 01:41:33",187
"2018-08-22 02:41:34",187
"2018-08-22 03:41:34",187
"2018-08-22 04:41:34",187
"2018-08-22 05:41:33",187
"2018-08-22 06:41:33",187
"2018-08-22 07:41:33",187
"2018-08-22 08:41:32",187
"2018-08-22 09:41:33",187
"2018-08-22 10:41:33",187
"2018-08-22 11:41:33",187
"2018-08-22 12:41:32",187
"2018-08-22 13:41:37",187
"2018-08-22 14:41:32",187
"2018-08-22 15:41:33",187
"2018-08-22 16:41:33",187
"2018-08-22 17:41:32",188
"2018-08-22 18:41:34",188
"2018-08-22 19:41:34",187
"2018-08-22 20:41:32",187
"2018-08-22 21:41:32",187
"2018-08-22 22:41:33",187
"2018-08-22 23:41:33",187
"2018-08-23 00:41:33",187
"2018-08-23 01:41:33",187
"2018-08-23 02:41:33",187
"2018-08-23 03:41:34",187
"2018-08-23 04:41:33",187
"2018-08-23 05:41:33",187
"2018-08-23 06:41:32",187
"2018-08-23 07:41:33",187
"2018-08-23 08:41:33",187
"2018-08-23 09:41:33",187
"2018-08-23 10:41:32",187
"2018-08-23 11:41:33",187
"2018-08-23 12:41:33",187
"2018-08-23 13:41:36",187
"2018-08-23 14:41:33",188
"2018-08-23 15:41:34",187
"2018-08-23 16:41:34",188
"2018-08-23 17:41:33",188
"2018-08-23 18:41:34",188
"2018-08-23 19:41:33",188
"2018-08-23 20:41:33",188
"2018-08-23 21:41:32",188
"2018-08-23 22:41:33",188
"2018-08-23 23:41:33",188
"2018-08-24 00:41:33",188
"2018-08-24 01:41:33",188
"2018-08-24 02:41:33",188
"2018-08-24 03:41:32",188
"2018-08-24 19:59:52",187
"2018-08-24 20:41:34",187
"2018-08-24 21:41:34",187
"2018-08-24 22:41:33",187
"2018-08-24 23:41:33",187
"2018-08-25 00:41:33",187
"2018-08-25 01:41:33",187
"2018-08-25 02:41:33",187
"2018-08-25 03:41:33",187
"2018-08-25 04:41:33",187
"2018-08-25 05:41:33",187
"2018-08-25 06:41:33",187
"2018-08-25 07:41:32",187
"2018-08-25 08:41:33",187
"2018-08-25 09:41:32",187
"2018-08-25 10:41:33",187
"2018-08-25 11:41:33",187
"2018-08-25 12:41:33",187
"2018-08-25 13:41:34",187
"2018-08-25 14:41:33",187
"2018-08-25 15:41:33",187
"2018-08-25 16:41:33",187
"2018-08-25 17:41:34",187
"2018-08-25 18:41:34",187
"2018-08-25 19:41:33",187
"2018-08-25 20:41:33",187
"2018-08-25 21:41:33",187
"2018-08-25 22:41:33",187
"2018-08-25 23:41:33",187
"2018-08-26 00:41:34",187
"2018-08-26 01:41:33",187
"2018-08-26 02:41:34",187
"2018-08-26 03:41:33",187
"2018-08-26 04:41:32",187
"2018-08-26 05:41:32",187
"2018-08-26 06:41:33",187
"2018-08-26 07:41:33",187
"2018-08-26 08:41:33",187
"2018-08-26 09:41:33",187
"2018-08-26 10:41:33",187
"2018-08-26 11:41:33",187
"2018-08-26 12:41:33",187
"2018-08-26 13:41:33",187
"2018-08-26 14:41:33",187
"2018-08-26 15:41:32",187
"2018-08-26 16:41:33",187
"2018-08-26 17:41:32",187
"2018-08-26 18:41:33",187
"2018-08-26 19:41:33",187
"2018-08-26 20:41:33",187
"2018-08-26 21:41:32",187
"2018-08-26 22:41:32",187
"2018-08-26 23:41:33",187
"2018-08-27 00:41:33",187
"2018-08-27 01:41:33",187
"2018-08-27 02:41:33",187
"2018-08-27 03:41:33",187
"2018-08-27 04:41:33",187
"2018-08-27 05:41:33",187
"2018-08-27 06:41:33",187
"2018-08-27 07:41:33",187
"2018-08-27 08:41:33",187
"2018-08-27 09:41:33",187
"2018-08-27 10:41:33",187
"2018-08-27 11:41:33",187
"2018-08-27 12:41:33",187
"2018-08-27 14:05:36",187
"2018-08-27 14:41:34",187
"2018-08-27 15:41:34",186
"2018-08-27 16:41:34",186
"2018-08-27 17:41:34",185
"2018-08-27 18:41:34",185
"2018-08-27 19:41:34",185
"2018-08-27 20:41:33",185
"2018-08-27 21:41:34",185
"2018-08-27 22:41:33",185
"2018-08-27 23:41:33",185
"2018-08-28 00:41:33",185
"2018-08-28 01:41:33",185
"2018-08-28 02:41:32",185
"2018-08-28 03:41:32",185
"2018-08-28 04:41:33",185
"2018-08-28 05:41:33",185
"2018-08-28 06:41:33",185
"2018-08-28 07:41:32",185
"2018-08-28 08:41:32",185
"2018-08-28 09:41:33",185
"2018-08-28 10:41:33",185
"2018-08-28 11:41:33",185
"2018-08-28 12:41:33",185
"2018-08-28 13:41:47",185
"2018-08-28 14:41:44",185
"2018-08-28 15:41:46",185
"2018-08-28 16:41:46",185
"2018-08-28 17:41:46",185
"2018-08-28 18:41:47",185
"2018-08-28 19:41:46",185
"2018-08-28 20:41:46",184
"2018-08-28 21:41:46",184
"2018-08-28 22:41:46",184
"2018-08-28 23:41:45",184
"2018-08-29 00:41:46",184
"2018-08-29 01:41:46",184
"2018-08-29 02:41:45",184
"2018-08-29 03:41:45",184
"2018-08-29 04:41:46",184
"2018-08-29 05:41:46",184
"2018-08-29 06:41:45",184
"2018-08-29 07:41:46",184
"2018-08-29 08:41:45",184
"2018-08-29 09:41:45",184
"2018-08-29 10:41:45",184
"2018-08-29 11:41:45",184
"2018-08-29 12:41:46",184
"2018-08-29 14:05:22",184
"2018-08-29 14:41:46",184
"2018-08-29 15:41:46",183
"2018-08-29 16:41:45",183
"2018-08-29 17:41:47",181
"2018-08-29 18:41:48",182
"2018-08-29 19:41:46",182
"2018-08-29 20:41:45",182
"2018-08-29 21:41:45",182
"2018-08-29 22:41:45",182
"2018-08-29 23:41:46",182
"2018-08-30 00:42:31",182
"2018-08-30 01:41:45",182
"2018-08-30 02:41:46",182
"2018-08-30 03:41:46",182
"2018-08-30 04:41:45",182
"2018-08-30 05:41:46",182
"2018-08-30 06:41:46",182
"2018-08-30 07:41:45",182
"2018-08-30 08:41:50",182
"2018-08-30 09:41:46",182
"2018-08-30 10:41:46",182
"2018-08-30 11:41:46",182
"2018-08-30 12:41:45",182
"2018-08-30 13:41:49",182
"2018-08-30 14:41:46",181
"2018-08-30 15:41:45",181
"2018-08-30 16:41:46",180
"2018-08-30 17:41:45",180
"2018-08-30 18:41:47",180
"2018-08-30 19:41:46",180
"2018-08-30 20:41:44",180
"2018-08-30 21:41:45",180
"2018-08-30 22:41:45",180
"2018-08-30 23:41:46",180
"2018-08-31 00:41:47",180
"2018-08-31 01:41:45",180
"2018-08-31 02:41:45",180
"2018-08-31 03:41:46",180
"2018-08-31 04:41:46",180
"2018-08-31 05:41:45",180
"2018-08-31 06:41:46",180
"2018-08-31 07:41:45",180
"2018-08-31 08:41:45",180
"2018-08-31 09:41:46",180
"2018-08-31 10:41:45",180
"2018-08-31 11:41:46",180
"2018-08-31 12:41:46",180
"2018-08-31 13:41:47",180
"2018-08-31 14:41:46",180
"2018-08-31 15:41:46",180
"2018-08-31 16:41:45",180
"2018-08-31 17:41:46",181
"2018-08-31 18:41:46",181
"2018-08-31 19:41:46",181
"2018-08-31 20:41:47",181
"2018-08-31 21:41:45",181
"2018-08-31 22:41:45",181
"2018-08-31 23:41:45",181
"2018-09-01 00:41:46",181
"2018-09-01 01:41:46",181
"2018-09-01 02:41:46",181
"2018-09-01 03:41:46",181
"2018-09-01 04:41:46",181
"2018-09-01 05:41:46",181
"2018-09-01 06:41:46",181
"2018-09-01 07:41:46",181
"2018-09-01 08:41:46",181
"2018-09-01 09:41:46",181
"2018-09-01 10:41:46",181
"2018-09-01 11:41:45",181
"2018-09-01 12:41:46",181
"2018-09-01 13:41:47",181
"2018-09-01 14:41:47",181
"2018-09-01 15:41:46",181
"2018-09-01 16:41:45",181
"2018-09-01 17:41:45",181
"2018-09-01 18:41:46",181
"2018-09-01 19:41:45",181
"2018-09-01 20:41:45",181
"2018-09-01 21:41:45",181
"2018-09-01 22:41:46",181
"2018-09-01 23:41:45",181
"2018-09-02 00:41:45",181
"2018-09-02 01:41:45",181
"2018-09-02 02:41:46",181
"2018-09-02 03:41:47",181
"2018-09-02 04:41:46",181
"2018-09-02 05:41:46",181
"2018-09-02 06:41:45",181
"2018-09-02 07:41:45",181
"2018-09-02 08:41:46",181
"2018-09-02 09:41:45",181
"2018-09-02 10:41:45",181
"2018-09-02 11:41:46",181
"2018-09-02 12:41:46",181
"2018-09-02 13:41:46",181
"2018-09-02 14:41:46",181
"2018-09-02 15:41:46",181
"2018-09-02 16:41:46",181
"2018-09-02 17:41:46",181
"2018-09-02 18:41:45",181
"2018-09-02 19:41:45",181
"2018-09-02 20:41:45",181
"2018-09-02 21:41:46",181
"2018-09-02 22:41:46",181
"2018-09-02 23:41:46",181
"2018-09-03 00:41:45",181
"2018-09-03 01:41:46",181
"2018-09-03 02:41:46",181
"2018-09-03 03:41:45",181
"2018-09-03 04:41:46",181
"2018-09-03 05:41:45",181
"2018-09-03 06:41:46",181
"2018-09-03 07:41:46",181
"2018-09-03 08:41:49",181
"2018-09-03 09:41:46",181
"2018-09-03 10:41:45",181
"2018-09-03 11:41:46",181
"2018-09-03 12:41:45",181
"2018-09-03 13:41:46",181
"2018-09-03 14:41:45",181
"2018-09-03 15:41:45",181
"2018-09-03 16:41:46",181
"2018-09-03 17:41:45",181
"2018-09-03 18:41:46",181
"2018-09-03 19:41:45",181
"2018-09-03 20:41:46",181
"2018-09-03 21:41:45",181
"2018-09-03 22:41:46",181
"2018-09-03 23:41:45",181
"2018-09-04 00:41:46",181
"2018-09-04 01:41:46",181
"2018-09-04 02:41:45",181
"2018-09-04 03:41:46",181
"2018-09-04 04:41:45",181
"2018-09-04 05:41:45",181
"2018-09-04 06:41:45",181
"2018-09-04 07:41:46",181
"2018-09-04 08:41:46",181
"2018-09-04 09:41:45",181
"2018-09-04 10:41:46",181
"2018-09-04 11:41:45",181
"2018-09-04 12:41:45",181
"2018-09-04 13:41:48",181
"2018-09-04 14:41:46",180
"2018-09-04 15:41:46",180
"2018-09-04 16:41:46",181
"2018-09-04 17:41:46",181
"2018-09-04 18:41:46",181
"2018-09-04 19:41:48",180
"2018-09-04 20:41:46",180
"2018-09-04 21:41:45",179
"2018-09-04 22:41:46",179
"2018-09-04 23:41:45",179
"2018-09-05 00:41:46",179
"2018-09-05 01:41:46",179
"2018-09-05 02:41:46",179
"2018-09-05 03:41:45",179
"2018-09-05 04:41:45",179
"2018-09-05 05:41:45",179
"2018-09-05 06:41:45",179
"2018-09-05 07:41:46",179
"2018-09-05 08:41:46",179
"2018-09-05 09:41:45",179
"2018-09-05 10:41:45",179
"2018-09-05 11:41:49",179
"2018-09-05 12:41:45",179
"2018-09-05 13:41:51",179
"2018-09-05 14:41:47",179
"2018-09-05 15:41:46",179
"2018-09-05 16:41:47",178
"2018-09-05 17:41:47",178
"2018-09-05 18:41:47",179
"2018-09-05 19:41:46",179
"2018-09-05 20:41:45",178
"2018-09-05 21:41:45",178
"2018-09-05 22:41:45",178
"2018-09-05 23:41:46",178
"2018-09-06 00:41:46",178
"2018-09-06 01:41:46",178
"2018-09-06 02:41:46",178
"2018-09-06 03:41:46",178
"2018-09-06 04:41:46",178
"2018-09-06 05:41:47",178
"2018-09-06 06:41:46",178
"2018-09-06 07:41:45",178
"2018-09-06 08:41:46",178
"2018-09-06 09:41:45",178
"2018-09-06 10:41:45",178
"2018-09-06 11:41:46",178
"2018-09-06 13:06:49",178
"2018-09-06 13:41:50",178
"2018-09-06 14:41:46",178
"2018-09-06 15:41:46",178
"2018-09-06 16:41:46",178
"2018-09-06 17:41:46",178
"2018-09-06 18:41:46",178
"2018-09-06 19:41:46",178
"2018-09-06 20:41:45",177
"2018-09-06 21:41:44",177
"2018-09-06 22:41:45",177
"2018-09-06 23:41:47",177
"2018-09-07 00:41:46",177
"2018-09-07 01:41:46",177
"2018-09-07 02:41:46",177
"2018-09-07 03:41:46",177
"2018-09-07 04:41:45",177
"2018-09-07 05:41:47",177
"2018-09-07 06:41:47",177
"2018-09-07 08:41:47",177
"2018-09-07 09:41:47",177
"2018-09-07 10:41:47",177
"2018-09-07 11:41:46",177
"2018-09-07 12:41:45",177
"2018-09-07 13:41:49",177
"2018-09-07 14:41:46",178
"2018-09-07 15:41:46",178
"2018-09-07 16:41:47",178
"2018-09-07 17:41:46",178
"2018-09-07 18:41:45",179
"2018-09-07 19:41:45",179
"2018-09-07 20:41:46",180
"2018-09-07 21:41:45",180
"2018-09-07 22:41:45",180
"2018-09-07 23:41:46",180
"2018-09-08 00:41:46",180
"2018-09-08 01:41:45",180
"2018-09-08 02:41:46",180
"2018-09-08 03:41:46",180
"2018-09-08 04:41:45",180
"2018-09-08 05:41:46",180
"2018-09-08 06:41:46",180
"2018-09-08 07:41:45",180
"2018-09-08 08:41:45",180
"2018-09-08 09:41:45",180
"2018-09-08 10:41:45",180
"2018-09-08 11:41:45",180
"2018-09-08 12:41:46",180
"2018-09-08 13:41:46",180
"2018-09-08 14:41:45",180
"2018-09-08 15:41:46",180
"2018-09-08 16:41:46",180
"2018-09-08 17:41:46",180
"2018-09-08 18:41:46",180
"2018-09-08 19:41:46",180
"2018-09-08 20:41:45",180
"2018-09-08 21:41:45",180
"2018-09-08 22:41:46",180
"2018-09-08 23:41:46",180
"2018-09-09 00:41:45",180
"2018-09-09 01:41:46",180
"2018-09-09 02:41:46",180
"2018-09-09 03:41:45",180
"2018-09-09 04:41:45",180
"2018-09-09 05:41:45",180
"2018-09-09 06:41:46",180
"2018-09-09 07:41:45",180
"2018-09-09 08:41:46",180
"2018-09-09 09:41:46",180
"2018-09-09 10:41:45",180
"2018-09-09 11:41:46",180
"2018-09-09 12:41:46",180
"2018-09-09 13:41:46",180
"2018-09-09 14:41:46",180
"2018-09-09 15:41:45",180
"2018-09-09 16:41:45",180
"2018-09-09 17:41:45",180
"2018-09-09 18:41:46",180
"2018-09-09 19:41:46",180
"2018-09-09 20:41:45",180
"2018-09-09 21:41:46",180
"2018-09-09 22:41:45",180
"2018-09-09 23:41:46",180
"2018-09-10 00:41:46",180
"2018-09-10 01:41:47",180
"2018-09-10 02:41:46",180
"2018-09-10 03:41:46",180
"2018-09-10 04:41:46",180
"2018-09-10 05:41:45",180
"2018-09-10 06:41:45",180
"2018-09-10 07:41:45",180
"2018-09-10 08:41:45",180
"2018-09-10 09:41:45",180
"2018-09-10 10:41:45",180
"2018-09-10 11:41:45",180
"2018-09-10 12:41:46",180
"2018-09-10 13:41:49",180
"2018-09-10 14:41:46",180
"2018-09-10 15:41:47",180
"2018-09-10 16:41:47",179
"2018-09-10 17:41:46",179
"2018-09-10 18:41:47",178
"2018-09-10 19:41:45",178
"2018-09-10 20:41:46",178
"2018-09-10 21:41:45",178
"2018-09-10 22:41:46",178
"2018-09-10 23:41:46",178
"2018-09-11 00:41:46",178
"2018-09-11 01:41:46",178
"2018-09-11 02:41:46",178
"2018-09-11 03:41:46",178
"2018-09-11 04:41:46",178
"2018-09-11 05:41:47",178
"2018-09-11 06:41:46",178
"2018-09-11 07:41:46",178
"2018-09-11 08:41:45",178
"2018-09-11 09:41:45",178
"2018-09-11 10:41:45",178
"2018-09-11 11:41:45",178
"2018-09-11 12:41:46",178
"2018-09-11 13:41:48",178
"2018-09-11 14:41:46",178
"2018-09-11 15:41:45",178
"2018-09-11 16:41:46",178
"2018-09-11 17:41:46",179
"2018-09-11 18:41:46",179
"2018-09-11 19:41:46",180
"2018-09-11 20:41:45",180
"2018-09-11 21:41:45",180
"2018-09-11 22:41:45",180
"2018-09-11 23:41:46",180
"2018-09-12 00:41:46",180
"2018-09-12 01:41:47",180
"2018-09-12 20:41:48",180
"2018-09-12 21:41:47",180
"2018-09-12 22:41:46",180
"2018-09-12 23:41:46",180
"2018-09-13 00:41:47",180
"2018-09-13 01:41:47",180
"2018-09-13 02:41:50",180
"2018-09-13 03:41:46",180
"2018-09-13 04:41:47",180
"2018-09-13 05:41:47",180
"2018-09-13 06:41:47",180
"2018-09-13 07:41:46",180
"2018-09-13 08:41:46",180
"2018-09-13 09:41:46",180
"2018-09-13 10:41:46",180
"2018-09-13 11:41:46",180
"2018-09-13 12:41:47",180
"2018-09-13 14:41:47",180
"2018-09-13 15:41:47",181
"2018-09-13 16:41:47",180
"2018-09-13 17:41:46",179
"2018-09-13 18:41:47",179
"2018-09-13 19:41:47",179
"2018-09-13 20:41:47",179
"2018-09-13 21:41:46",179
"2018-09-13 22:41:47",179
"2018-09-13 23:41:47",179
"2018-09-14 00:41:47",179
"2018-09-14 01:41:47",179
"2018-09-14 02:41:47",179
"2018-09-14 03:41:47",179
"2018-09-14 04:41:47",179
"2018-09-14 05:41:47",179
"2018-09-14 06:41:46",179
"2018-09-14 07:41:47",179
"2018-09-14 08:41:47",179
"2018-09-14 09:41:47",179
"2018-09-14 10:41:47",179
"2018-09-14 11:41:46",179
"2018-09-14 12:41:47",179
"2018-09-14 13:41:50",179
"2018-09-14 14:41:50",179
"2018-09-14 15:41:49",178
"2018-09-14 16:41:47",178
"2018-09-14 17:41:48",178
"2018-09-14 18:41:47",178
"2018-09-14 19:41:47",178
"2018-09-14 20:41:47",178
"2018-09-14 21:41:46",178
"2018-09-14 22:41:46",178
"2018-09-14 23:41:47",178
"2018-09-15 00:41:47",178
"2018-09-15 01:41:47",178
"2018-09-15 02:41:47",178
"2018-09-15 03:41:46",178
"2018-09-15 04:41:46",178
"2018-09-15 05:41:46",178
"2018-09-15 06:41:46",178
"2018-09-15 07:41:47",178
"2018-09-15 08:41:46",178
"2018-09-15 09:41:47",178
"2018-09-15 10:41:46",178
"2018-09-15 11:41:46",178
"2018-09-15 12:41:48",178
"2018-09-15 13:41:47",178
"2018-09-15 14:41:46",178
"2018-09-15 15:41:47",178
"2018-09-15 16:41:46",178
"2018-09-15 17:41:46",178
"2018-09-15 18:41:46",178
"2018-09-15 19:41:47",178
"2018-09-15 20:41:47",178
"2018-09-15 21:41:46",178
"2018-09-15 22:41:46",178
"2018-09-15 23:41:46",178
"2018-09-16 00:41:46",178
"2018-09-16 01:41:46",178
"2018-09-16 02:41:47",178
"2018-09-16 03:41:46",178
"2018-09-16 04:41:47",178
"2018-09-16 05:41:47",178
"2018-09-16 06:41:47",178
"2018-09-16 07:41:46",178
"2018-09-16 08:41:46",178
"2018-09-16 09:41:46",178
"2018-09-16 10:41:46",178
"2018-09-16 11:41:47",178
"2018-09-16 12:41:46",178
"2018-09-16 13:41:47",178
"2018-09-16 14:41:46",178
"2018-09-16 15:41:47",178
"2018-09-16 16:41:47",178
"2018-09-16 17:41:46",178
"2018-09-16 18:41:47",178
"2018-09-16 19:41:46",178
"2018-09-16 20:41:47",178
"2018-09-16 21:41:46",178
"2018-09-16 22:41:46",178
"2018-09-16 23:41:46",178
"2018-09-17 00:41:47",178
"2018-09-17 01:41:47",178
"2018-09-17 02:41:47",178
"2018-09-17 03:41:46",178
"2018-09-17 04:41:47",178
"2018-09-17 05:41:46",178
"2018-09-17 06:41:46",178
"2018-09-17 07:41:47",178
"2018-09-17 08:41:47",178
"2018-09-17 09:41:46",178
"2018-09-17 10:41:47",178
"2018-09-17 11:41:46",178
"2018-09-17 12:41:47",178
"2018-09-17 13:41:51",178
"2018-09-17 14:41:48",179
"2018-09-17 15:41:54",179
"2018-09-17 16:41:48",179
"2018-09-17 17:41:47",180
"2018-09-17 18:41:48",179
"2018-09-17 19:41:48",179
"2018-09-17 20:41:48",179
"2018-09-17 21:41:48",179
"2018-09-17 22:41:47",179
"2018-09-17 23:41:47",179
"2018-09-18 00:41:47",179
"2018-09-18 01:41:47",179
"2018-09-18 02:41:47",179
"2018-09-18 03:41:47",179
"2018-09-18 04:41:48",179
"2018-09-18 05:41:48",179
"2018-09-18 06:41:48",179
"2018-09-18 07:41:47",179
"2018-09-18 08:41:48",179
"2018-09-18 09:41:47",179
"2018-09-18 10:41:46",179
"2018-09-18 11:41:46",179
"2018-09-18 12:41:48",179
"2018-09-18 13:41:50",179
"2018-09-18 14:41:48",179
"2018-09-18 15:41:47",179
"2018-09-18 16:41:49",179
"2018-09-18 17:41:49",179
"2018-09-18 18:41:48",179
"2018-09-18 19:41:50",179
"2018-09-18 20:41:48",178
"2018-09-18 21:41:47",178
"2018-09-18 22:41:47",178
"2018-09-18 23:41:48",178
"2018-09-19 00:41:49",178
"2018-09-19 01:41:48",178
"2018-09-19 02:41:48",178
"2018-09-19 03:41:48",178
"2018-09-19 04:41:48",178
"2018-09-19 05:41:48",178
"2018-09-19 06:41:48",178
"2018-09-19 07:41:48",178
"2018-09-19 08:41:47",178
"2018-09-19 09:41:47",178
"2018-09-19 10:41:47",178
"2018-09-19 11:41:47",178
"2018-09-19 12:41:47",178
"2018-09-19 13:42:29",178
"2018-09-19 14:41:51",178
"2018-09-19 15:41:50",179
"2018-09-19 16:41:48",178
"2018-09-19 17:41:48",178
"2018-09-19 18:41:48",178
"2018-09-19 19:41:55",178
"2018-09-19 20:41:48",179
"2018-09-19 21:41:48",179
"2018-09-19 22:41:47",179
"2018-09-19 23:41:48",179
"2018-09-20 00:41:48",179
"2018-09-20 01:41:50",179
"2018-09-20 02:41:49",179
"2018-09-20 03:41:52",179
"2018-09-20 04:41:48",179
"2018-09-20 05:41:48",179
"2018-09-20 06:41:48",179
"2018-09-20 07:41:47",179
"2018-09-20 08:41:49",179
"2018-09-20 09:41:48",179
"2018-09-20 10:41:48",179
"2018-09-20 11:41:47",179
"2018-09-20 13:07:52",179
"2018-09-20 14:41:51",179
"2018-09-20 15:41:49",179
"2018-09-20 16:41:49",179
"2018-09-20 17:41:48",179
"2018-09-20 18:41:48",179
"2018-09-20 19:41:49",179
"2018-09-20 20:41:48",179
"2018-09-20 21:41:47",179
"2018-09-20 22:41:47",179
"2018-09-20 23:41:48",179
"2018-09-21 00:41:49",179
"2018-09-21 01:41:48",179
"2018-09-21 02:41:48",179
"2018-09-21 03:41:48",179
"2018-09-21 04:41:51",179
"2018-09-21 05:41:48",179
"2018-09-21 06:41:48",179
"2018-09-21 07:41:48",179
"2018-09-21 08:41:48",179
"2018-09-21 09:41:48",179
"2018-09-21 10:41:47",179
"2018-09-21 11:41:48",179
"2018-09-21 13:09:22",179
"2018-09-21 13:41:53",179
"2018-09-21 14:41:49",181
"2018-09-21 15:41:51",181
"2018-09-21 16:41:50",181
"2018-09-21 17:41:49",181
"2018-09-21 18:41:49",181
"2018-09-21 19:41:50",180
"2018-09-21 20:41:49",180
"2018-09-21 21:41:48",180
"2018-09-21 22:41:48",180
"2018-09-21 23:41:49",180
"2018-09-22 00:41:48",180
"2018-09-22 01:41:48",180
"2018-09-22 02:41:48",180
"2018-09-22 03:41:49",180
"2018-09-22 04:41:49",180
"2018-09-22 05:41:49",180
"2018-09-22 06:41:48",180
"2018-09-22 07:41:49",180
"2018-09-22 08:41:48",180
"2018-09-22 09:41:48",180
"2018-09-22 10:41:48",180
"2018-09-22 11:41:49",180
"2018-09-22 12:41:48",180
"2018-09-22 13:41:50",180
"2018-09-22 14:41:49",180
"2018-09-22 15:41:49",180
"2018-09-22 16:41:49",180
"2018-09-22 17:41:49",180
"2018-09-22 18:41:49",180
"2018-09-22 19:41:49",180
"2018-09-22 20:41:48",180
"2018-09-22 21:41:48",180
"2018-09-22 22:41:49",180
"2018-09-22 23:41:48",180
"2018-09-23 00:41:49",180
"2018-09-23 01:41:49",180
"2018-09-23 02:41:48",180
"2018-09-23 03:41:50",180
"2018-09-23 04:41:50",180
"2018-09-23 05:41:48",180
"2018-09-23 06:41:48",180
"2018-09-23 07:41:49",180
"2018-09-23 08:41:48",180
"2018-09-23 09:41:48",180
"2018-09-23 10:41:49",180
"2018-09-23 11:41:49",180
"2018-09-23 12:41:48",180
"2018-09-23 13:41:49",180
"2018-09-23 14:41:49",180
"2018-09-23 15:41:49",180
"2018-09-23 16:41:49",180
"2018-09-23 17:41:48",180
"2018-09-23 18:41:49",180
"2018-09-23 19:41:49",180
"2018-09-23 20:41:48",180
"2018-09-23 21:41:49",180
"2018-09-23 22:41:49",180
"2018-09-23 23:41:49",180
"2018-09-24 00:41:48",180
"2018-09-24 01:41:50",180
"2018-09-24 02:41:49",180
"2018-09-24 03:41:49",180
"2018-09-24 04:41:50",180
"2018-09-24 05:41:49",180
"2018-09-24 06:41:49",180
"2018-09-24 07:41:49",180
"2018-09-24 08:41:48",180
"2018-09-24 09:41:48",180
"2018-09-24 10:41:47",180
"2018-09-24 11:41:48",180
"2018-09-24 12:41:48",180
"2018-09-24 13:41:53",180
"2018-09-24 14:41:49",181
"2018-09-24 15:41:49",180
"2018-09-24 16:41:48",180
"2018-09-24 17:41:49",178
"2018-09-24 18:41:49",177
"2018-09-24 19:41:50",177
"2018-09-24 20:41:49",177
"2018-09-24 21:41:49",177
"2018-09-24 22:41:49",177
"2018-09-24 23:41:49",177
"2018-09-25 00:41:49",177
"2018-09-25 01:41:48",177
"2018-09-25 02:41:48",177
"2018-09-25 03:41:48",177
"2018-09-25 04:41:49",177
"2018-09-25 05:41:48",177
"2018-09-25 06:41:49",177
"2018-09-25 07:41:49",177
"2018-09-25 08:41:49",177
"2018-09-25 09:41:48",177
"2018-09-25 10:41:48",177
"2018-09-25 11:41:48",177
"2018-09-25 12:41:49",177
"2018-09-25 13:41:51",177
"2018-09-25 14:41:51",177
"2018-09-25 15:41:50",177
"2018-09-25 16:41:50",178
"2018-09-25 17:41:48",179
"2018-09-25 18:41:49",179
"2018-09-25 19:41:49",179
"2018-09-25 20:41:49",179
"2018-09-25 21:41:49",179
"2018-09-25 22:41:49",179
"2018-09-25 23:41:49",179
"2018-09-26 00:41:50",179
"2018-09-26 01:41:51",179
"2018-09-26 02:41:51",179
"2018-09-26 03:41:51",179
"2018-09-26 04:41:49",179
"2018-09-26 05:41:49",179
"2018-09-26 06:41:49",179
"2018-09-26 07:41:49",179
"2018-09-26 08:41:49",179
"2018-09-26 09:41:49",179
"2018-09-26 10:41:48",179
"2018-09-26 11:41:48",179
"2018-09-26 13:08:23",179
"2018-09-26 13:41:53",179
"2018-09-26 14:41:49",179
"2018-09-26 15:41:50",179
"2018-09-26 16:41:50",178
"2018-09-26 17:41:49",178
"2018-09-26 18:41:51",179
"2018-09-26 19:41:50",179
"2018-09-26 20:41:49",179
"2018-09-26 21:41:49",179
"2018-09-26 22:41:49",179
"2018-09-26 23:41:49",179
"2018-09-27 00:41:50",179
"2018-09-27 01:41:48",179
"2018-09-27 02:41:50",179
"2018-09-27 03:41:49",179
"2018-09-27 04:41:49",179
"2018-09-27 05:41:49",179
"2018-09-27 06:41:49",179
"2018-09-27 07:41:49",179
"2018-09-27 08:41:49",179
"2018-09-27 09:41:49",179
"2018-09-27 10:41:49",179
"2018-09-27 11:41:49",179
"2018-09-27 12:41:49",179
"2018-09-27 13:41:51",179
"2018-09-27 14:41:50",179
"2018-09-27 15:41:50",178
"2018-09-27 17:07:29",177
"2018-09-27 17:41:51",177
"2018-09-27 18:41:51",177
"2018-09-27 19:41:50",177
"2018-09-27 20:41:50",176
"2018-09-27 21:41:50",176
"2018-09-27 22:41:49",176
"2018-09-27 23:41:50",176
"2018-09-28 00:41:51",176
"2018-09-28 01:41:50",176
"2018-09-28 02:41:49",176
"2018-09-28 03:41:49",176
"2018-09-28 04:41:50",176
"2018-09-28 05:41:49",176
"2018-09-28 06:41:50",176
"2018-09-28 07:41:50",176
"2018-09-28 08:41:50",176
"2018-09-28 09:41:50",176
"2018-09-28 10:41:50",176
"2018-09-28 11:41:50",176
"2018-09-28 12:41:50",176
"2018-09-28 13:41:53",176
"2018-09-28 14:41:50",176
"2018-09-28 15:41:52",177
"2018-09-28 16:41:51",177
"2018-09-28 17:41:51",177
"2018-09-28 18:41:51",177
"2018-09-28 19:41:51",177
"2018-09-28 20:41:50",177
"2018-09-28 21:41:50",177
"2018-09-28 22:41:50",177
"2018-09-28 23:41:49",177
"2018-09-29 00:41:49",177
"2018-09-29 01:41:50",177
"2018-09-29 02:41:56",177
"2018-09-29 03:41:50",177
"2018-09-29 04:41:49",177
"2018-09-29 05:41:49",177
"2018-09-29 06:41:49",177
"2018-09-29 07:41:49",177
"2018-09-29 08:41:49",177
"2018-09-29 09:41:49",177
"2018-09-29 10:41:49",177
"2018-09-29 11:41:51",177
"2018-09-29 12:41:49",177
"2018-09-29 13:41:50",177
"2018-09-29 14:41:50",177
"2018-09-29 15:41:50",177
"2018-09-29 16:41:49",177
"2018-09-29 17:41:49",177
"2018-09-29 18:41:50",177
"2018-09-29 19:41:49",177
"2018-09-29 20:41:49",177
"2018-09-29 21:41:50",177
"2018-09-29 22:41:49",177
"2018-09-29 23:41:49",177
"2018-09-30 00:41:50",177
"2018-09-30 01:41:49",177
"2018-09-30 02:41:48",177
"2018-09-30 03:41:50",177
"2018-09-30 04:41:50",177
"2018-09-30 05:41:49",177
"2018-09-30 06:41:48",177
"2018-09-30 07:41:48",177
"2018-09-30 08:41:49",177
"2018-09-30 09:41:48",177
"2018-09-30 10:41:49",177
"2018-09-30 11:41:48",177
"2018-09-30 12:41:49",177
"2018-09-30 13:41:49",177
"2018-09-30 14:41:48",177
"2018-09-30 15:41:49",177
"2018-09-30 16:41:49",177
"2018-09-30 17:41:48",177
"2018-09-30 18:41:49",177
"2018-09-30 19:41:49",177
"2018-09-30 20:41:49",177
"2018-09-30 21:41:48",177
"2018-09-30 22:41:49",177
"2018-09-30 23:41:50",177
"2018-10-01 00:41:51",177
"2018-10-01 01:41:49",177
"2018-10-01 02:41:50",177
"2018-10-01 03:41:50",177
"2018-10-01 04:41:49",177
"2018-10-01 05:41:50",177
"2018-10-01 06:41:49",177
"2018-10-01 07:41:49",177
"2018-10-01 08:41:50",177
"2018-10-01 09:41:49",177
"2018-10-01 10:41:48",177
"2018-10-01 11:41:49",177
"2018-10-01 12:41:49",177
"2018-10-01 14:07:02",177
"2018-10-01 14:41:50",177
"2018-10-01 15:41:49",177
"2018-10-01 16:41:50",177
"2018-10-01 17:41:52",178
"2018-10-01 18:41:50",178
"2018-10-01 19:41:51",178
"2018-10-01 20:41:50",178
"2018-10-01 21:41:50",178
"2018-10-01 22:41:49",178
"2018-10-01 23:41:50",178
"2018-10-02 00:41:52",178
"2018-10-02 01:41:50",178
"2018-10-02 02:41:50",178
"2018-10-02 03:41:50",178
"2018-10-02 04:41:51",178
"2018-10-02 05:41:50",178
"2018-10-02 06:41:50",178
"2018-10-02 07:41:51",178
"2018-10-02 08:41:50",178
"2018-10-02 09:41:50",178
"2018-10-02 10:41:49",178
"2018-10-02 11:41:49",178
"2018-10-02 12:41:49",178
"2018-10-02 13:41:53",178
"2018-10-02 14:41:52",178
"2018-10-02 15:41:51",178
"2018-10-02 16:41:51",178
"2018-10-02 17:41:50",178
"2018-10-02 18:41:50",179
"2018-10-02 19:41:50",179
"2018-10-02 20:41:51",179
"2018-10-02 21:41:50",179
"2018-10-02 22:41:50",179
"2018-10-02 23:41:50",179
"2018-10-03 00:41:50",179
"2018-10-03 01:41:49",179
"2018-10-03 02:41:50",179
"2018-10-03 03:41:51",179
"2018-10-03 04:41:52",179
"2018-10-03 05:41:51",179
"2018-10-03 06:41:50",179
"2018-10-03 07:41:51",179
"2018-10-03 08:41:51",179
"2018-10-03 09:41:51",179
"2018-10-03 10:41:51",179
"2018-10-03 11:41:51",179
"2018-10-03 12:41:50",179
"2018-10-03 13:43:00",179
"2018-10-03 15:06:56",180
"2018-10-03 15:41:51",180
"2018-10-03 16:41:51",180
"2018-10-03 17:41:51",180
"2018-10-03 18:41:50",180
"2018-10-03 19:41:50",180
"2018-10-03 20:41:50",180
"2018-10-03 21:41:50",180
"2018-10-03 22:41:51",180
"2018-10-03 23:41:50",180
"2018-10-04 00:41:51",180
"2018-10-04 01:41:51",180
"2018-10-04 02:41:50",180
"2018-10-04 03:41:49",180
"2018-10-04 04:41:50",180
"2018-10-04 05:41:50",180
"2018-10-04 06:41:49",180
"2018-10-04 07:41:50",180
"2018-10-04 08:41:49",180
"2018-10-04 09:41:50",180
"2018-10-04 10:41:50",180
"2018-10-04 11:41:50",180
"2018-10-04 12:41:50",180
"2018-10-04 14:07:58",181
"2018-10-04 14:41:50",181
"2018-10-04 15:41:50",180
"2018-10-04 16:41:53",180
"2018-10-04 17:41:51",180
"2018-10-04 18:41:50",180
"2018-10-04 19:41:51",180
"2018-10-04 20:41:50",180
"2018-10-04 21:41:50",180
"2018-10-04 22:41:50",180
"2018-10-04 23:41:50",180
"2018-10-05 00:41:50",180
"2018-10-05 01:41:50",180
"2018-10-05 02:41:50",180
"2018-10-05 03:41:50",180
"2018-10-05 04:41:51",180
"2018-10-05 05:41:51",180
"2018-10-05 06:41:50",180
"2018-10-05 07:41:50",180
"2018-10-05 08:41:49",180
"2018-10-05 09:41:50",180
"2018-10-05 10:41:50",180
"2018-10-05 11:41:50",180
"2018-10-05 12:41:50",180
"2018-10-05 13:41:53",180
"2018-10-05 14:41:51",180
"2018-10-05 15:41:53",180
"2018-10-05 16:41:52",180
"2018-10-05 17:41:53",180
"2018-10-05 18:41:53",180
"2018-10-05 19:41:50",180
"2018-10-05 20:41:50",180
"2018-10-05 21:41:50",180
"2018-10-05 22:41:50",180
"2018-10-05 23:41:49",180
"2018-10-06 00:41:51",180
"2018-10-06 01:41:51",180
"2018-10-06 02:41:51",180
"2018-10-06 03:41:51",180
"2018-10-06 04:41:51",180
"2018-10-06 05:41:50",180
"2018-10-06 06:41:51",180
"2018-10-06 07:41:50",180
"2018-10-06 08:41:50",180
"2018-10-06 09:41:50",180
"2018-10-06 10:41:50",180
"2018-10-06 11:41:49",180
"2018-10-06 12:41:50",180
"2018-10-06 13:41:50",180
"2018-10-06 14:41:51",180
"2018-10-06 15:41:51",180
"2018-10-06 16:41:50",180
"2018-10-06 17:41:50",180
"2018-10-06 18:41:50",180
"2018-10-06 19:41:51",180
"2018-10-06 20:41:50",180
"2018-10-06 21:41:50",180
"2018-10-06 22:41:50",180
"2018-10-06 23:41:50",180
"2018-10-07 00:41:50",180
"2018-10-07 01:41:50",180
"2018-10-07 02:41:50",180
"2018-10-07 03:41:51",180
"2018-10-07 04:41:50",180
"2018-10-07 05:41:51",180
"2018-10-07 06:41:50",180
"2018-10-07 07:41:50",180
"2018-10-07 08:41:49",180
"2018-10-07 09:41:49",180
"2018-10-07 10:41:50",180
"2018-10-07 11:41:49",180
"2018-10-07 12:41:50",180
"2018-10-07 13:41:50",180
"2018-10-07 14:41:51",180
"2018-10-07 15:41:51",180
"2018-10-07 16:41:51",180
"2018-10-07 17:41:51",180
"2018-10-07 18:41:51",180
"2018-10-07 19:41:51",180
"2018-10-07 20:41:51",180
"2018-10-07 21:41:51",180
"2018-10-07 22:41:50",180
"2018-10-07 23:41:50",180
"2018-10-08 00:41:50",180
"2018-10-08 01:41:50",180
"2018-10-08 02:41:51",180
"2018-10-08 03:41:50",180
"2018-10-08 04:41:50",180
"2018-10-08 05:41:49",180
"2018-10-08 06:41:50",180
"2018-10-08 07:41:50",180
"2018-10-08 08:41:50",180
"2018-10-08 09:41:50",180
"2018-10-08 10:41:49",180
"2018-10-08 11:41:49",180
"2018-10-08 12:41:50",180
"2018-10-08 13:41:55",180
"2018-10-08 14:41:51",180
"2018-10-08 15:41:52",180
"2018-10-08 16:41:52",180
"2018-10-08 17:41:52",180
"2018-10-08 18:41:51",180
"2018-10-08 19:41:51",180
"2018-10-08 20:41:50",180
"2018-10-08 21:41:50",180
"2018-10-08 22:41:49",180
"2018-10-08 23:41:50",180
"2018-10-09 00:41:49",180
"2018-10-09 01:42:20",180
"2018-10-09 02:41:49",180
"2018-10-09 03:41:55",180
"2018-10-09 04:41:49",180
"2018-10-09 05:41:49",180
"2018-10-09 06:41:49",180
"2018-10-09 07:41:49",180
"2018-10-09 08:41:49",180
"2018-10-09 09:41:48",180
"2018-10-09 10:41:49",180
"2018-10-09 11:41:49",180
"2018-10-09 12:41:49",180
"2018-10-09 13:41:54",180
"2018-10-09 14:41:51",181
"2018-10-09 15:41:50",181
"2018-10-09 16:41:49",181
"2018-10-09 17:41:49",182
"2018-10-09 18:41:49",182
"2018-10-09 19:41:48",182
"2018-10-09 21:41:48",182
"2018-10-09 22:41:50",182
"2018-10-09 23:41:49",182
"2018-10-10 00:41:49",182
"2018-10-10 01:41:49",182
"2018-10-10 02:41:49",182
"2018-10-10 03:41:52",182
"2018-10-10 04:41:49",182
"2018-10-10 05:41:49",182
"2018-10-10 06:41:49",182
"2018-10-10 07:41:49",182
"2018-10-10 08:41:49",182
"2018-10-10 09:41:49",182
"2018-10-10 10:41:49",182
"2018-10-10 11:41:49",182
"2018-10-10 12:41:50",182
"2018-10-10 13:41:53",182
"2018-10-10 14:41:52",183
"2018-10-10 15:41:51",183
"2018-10-10 16:41:51",183
"2018-10-10 17:41:50",182
"2018-10-10 18:41:51",182
"2018-10-10 19:41:55",181
"2018-10-10 20:41:51",181
"2018-10-10 21:41:50",181
"2018-10-10 22:41:51",181
"2018-10-10 23:41:51",181
"2018-10-11 00:41:51",181
"2018-10-11 01:41:50",181
"2018-10-11 02:41:50",181
"2018-10-11 03:41:49",181
"2018-10-11 04:41:49",181
"2018-10-11 05:41:49",181
"2018-10-11 06:41:50",181
"2018-10-11 07:41:49",181
"2018-10-11 08:41:50",181
"2018-10-11 09:41:50",181
"2018-10-11 10:41:50",181
"2018-10-11 11:41:49",181
"2018-10-11 12:41:48",181
"2018-10-11 13:41:53",181
"2018-10-11 14:41:50",180
"2018-10-11 15:41:51",180
"2018-10-11 16:41:52",179
"2018-10-11 17:41:51",179
"2018-10-11 18:41:52",179
"2018-10-11 19:41:50",179
"2018-10-11 20:41:51",179
"2018-10-11 21:41:51",179
"2018-10-11 22:41:49",179
"2018-10-11 23:41:51",179
"2018-10-12 00:41:50",179
"2018-10-12 01:41:50",179
"2018-10-12 02:41:51",179
"2018-10-12 03:41:50",179
"2018-10-12 04:41:51",179
"2018-10-12 05:41:49",179
"2018-10-12 06:41:49",179
"2018-10-12 07:41:49",179
"2018-10-12 08:41:50",179
"2018-10-12 09:41:50",179
"2018-10-12 10:41:50",179
"2018-10-12 11:41:50",179
"2018-10-12 12:41:50",179
"2018-10-12 13:41:53",179
"2018-10-12 14:41:50",178
"2018-10-12 15:41:52",178
"2018-10-12 16:41:51",178
"2018-10-12 17:41:50",178
"2018-10-12 18:41:50",178
"2018-10-12 19:41:50",178
"2018-10-12 20:41:50",178
"2018-10-12 21:41:50",178
"2018-10-12 22:41:50",178
"2018-10-12 23:41:50",178
"2018-10-13 00:41:49",178
"2018-10-13 01:41:50",178
"2018-10-13 02:41:50",178
"2018-10-13 03:41:50",178
"2018-10-13 04:41:51",178
"2018-10-13 05:41:50",178
"2018-10-13 06:41:50",178
"2018-10-13 07:41:50",178
"2018-10-13 08:41:51",178
"2018-10-13 09:41:50",178
"2018-10-13 10:41:50",178
"2018-10-13 11:41:49",178
"2018-10-13 12:41:50",178
"2018-10-13 13:41:50",178
"2018-10-13 14:41:50",178
"2018-10-13 15:41:50",178
"2018-10-13 16:41:49",178
"2018-10-13 17:41:50",178
"2018-10-13 18:41:50",178
"2018-10-13 19:41:50",178
"2018-10-13 20:41:50",178
"2018-10-13 21:41:50",178
"2018-10-13 22:41:51",178
"2018-10-13 23:41:50",178
"2018-10-14 00:41:50",178
"2018-10-14 01:41:50",178
"2018-10-14 02:41:50",178
"2018-10-14 03:41:50",178
"2018-10-14 04:41:51",178
"2018-10-14 05:41:49",178
"2018-10-14 06:41:50",178
"2018-10-14 07:41:50",178
"2018-10-14 08:41:49",178
"2018-10-14 09:41:50",178
"2018-10-14 10:41:49",178
"2018-10-14 11:41:50",178
"2018-10-14 12:41:49",178
"2018-10-14 13:41:49",178
"2018-10-14 14:41:50",178
"2018-10-14 15:41:50",178
"2018-10-14 16:41:49",178
"2018-10-14 17:41:49",178
"2018-10-14 18:41:50",178
"2018-10-14 19:41:50",178
"2018-10-14 20:41:49",178
"2018-10-14 21:41:51",178
"2018-10-14 22:41:49",178
"2018-10-14 23:41:50",178
"2018-10-15 00:41:51",178
"2018-10-15 01:41:49",178
"2018-10-15 02:41:49",178
"2018-10-15 03:41:50",178
"2018-10-15 04:41:49",178
"2018-10-15 05:41:50",178
"2018-10-15 06:41:51",178
"2018-10-15 07:41:51",178
"2018-10-15 08:42:02",178
"2018-10-15 09:41:50",178
"2018-10-15 10:41:50",178
"2018-10-15 11:41:50",178
"2018-10-15 12:41:50",178
"2018-10-15 13:41:54",178
"2018-10-15 14:41:51",178
"2018-10-15 15:41:51",177
"2018-10-15 16:41:52",177
"2018-10-15 17:41:51",177
"2018-10-15 18:41:51",177
"2018-10-15 19:41:50",177
"2018-10-15 20:41:52",177
"2018-10-15 21:41:52",177
"2018-10-15 22:41:50",177
"2018-10-15 23:41:51",177
"2018-10-16 00:41:51",177
"2018-10-16 01:41:52",177
"2018-10-16 02:41:51",177
"2018-10-16 03:41:50",177
"2018-10-16 04:41:51",177
"2018-10-16 09:41:49",177
"2018-10-16 10:41:51",177
"2018-10-16 11:41:49",177
"2018-10-16 12:41:50",177
"2018-10-16 13:41:53",177
"2018-10-16 14:41:52",177
"2018-10-16 15:41:51",178
"2018-10-16 16:41:50",178
"2018-10-16 17:41:51",178
"2018-10-16 18:41:52",179
"2018-10-16 19:41:52",179
"2018-10-16 20:41:51",179
"2018-10-16 21:41:50",179
"2018-10-16 22:41:51",179
"2018-10-16 23:41:51",179
"2018-10-17 00:41:50",179
"2018-10-17 01:41:51",179
"2018-10-17 02:41:50",179
"2018-10-17 03:41:50",179
"2018-10-17 04:41:50",179
"2018-10-17 05:41:51",179
"2018-10-17 06:41:50",179
"2018-10-17 07:41:50",179
"2018-10-17 08:41:50",179
"2018-10-17 09:41:51",179
"2018-10-17 10:41:50",179
"2018-10-17 11:41:49",179
"2018-10-17 12:41:51",179
"2018-10-17 14:07:54",180
"2018-10-17 14:41:50",180
"2018-10-17 15:41:51",180
"2018-10-17 16:41:51",180
"2018-10-17 17:41:51",180
"2018-10-17 18:41:51",180
"2018-10-17 19:41:51",180
"2018-10-17 20:41:51",180
"2018-10-17 21:41:51",180
"2018-10-17 22:41:50",180
"2018-10-17 23:41:50",180
"2018-10-18 00:41:51",180
"2018-10-18 01:41:50",180
"2018-10-18 02:41:51",180
"2018-10-18 03:41:52",180
"2018-10-18 04:41:49",180
"2018-10-18 05:41:50",180
"2018-10-18 06:41:49",180
"2018-10-18 07:41:49",180
"2018-10-18 08:41:49",180
"2018-10-18 09:41:49",180
"2018-10-18 10:41:50",180
"2018-10-18 11:41:49",180
"2018-10-18 13:06:53",180
"2018-10-18 13:41:52",180
"2018-10-18 14:41:52",180
"2018-10-18 15:41:52",180
"2018-10-18 16:41:52",179
"2018-10-18 17:41:51",178
"2018-10-18 18:41:51",178
"2018-10-18 19:41:51",178
"2018-10-18 20:41:51",178
"2018-10-18 21:41:51",178
"2018-10-18 22:41:51",178
"2018-10-18 23:41:50",178
"2018-10-19 00:41:52",178
"2018-10-19 01:41:51",178
"2018-10-19 02:41:51",178
"2018-10-19 03:41:51",178
"2018-10-19 04:41:51",178
"2018-10-19 05:41:50",178
"2018-10-19 06:41:51",178
"2018-10-19 07:41:51",178
"2018-10-19 08:41:51",178
"2018-10-19 09:41:50",178
"2018-10-19 10:41:51",178
"2018-10-19 11:41:51",178
"2018-10-19 13:06:25",178
"2018-10-19 13:41:57",178
"2018-10-19 14:41:51",178
"2018-10-19 15:41:52",178
"2018-10-19 16:41:51",178
"2018-10-19 17:41:51",178
"2018-10-19 18:41:52",178
"2018-10-19 19:41:52",178
"2018-10-19 20:41:52",179
"2018-10-19 21:41:51",179
"2018-10-19 22:41:51",179
"2018-10-19 23:42:20",179
"2018-10-20 00:41:51",179
"2018-10-20 01:41:52",179
"2018-10-20 02:41:50",179
"2018-10-20 03:41:50",179
"2018-10-20 04:41:51",179
"2018-10-20 05:41:51",179
"2018-10-20 06:41:52",179
"2018-10-20 07:41:50",179
"2018-10-20 08:41:51",179
"2018-10-20 09:41:51",179
"2018-10-20 10:41:51",179
"2018-10-20 11:41:51",179
"2018-10-20 12:41:50",179
"2018-10-20 13:41:52",179
"2018-10-20 14:41:52",179
"2018-10-20 15:41:52",179
"2018-10-20 16:41:51",179
"2018-10-20 17:41:51",179
"2018-10-20 18:41:51",179
"2018-10-20 19:41:51",179
"2018-10-20 20:41:51",179
"2018-10-20 21:41:52",179
"2018-10-20 22:41:51",179
"2018-10-20 23:41:51",179
"2018-10-21 00:41:51",179
"2018-10-21 01:41:52",179
"2018-10-21 02:41:51",179
"2018-10-21 03:41:51",179
"2018-10-21 04:41:51",179
"2018-10-21 05:41:51",179
"2018-10-21 06:41:50",179
"2018-10-21 07:41:56",179
"2018-10-21 08:41:50",179
"2018-10-21 09:41:50",179
"2018-10-21 10:41:50",179
"2018-10-21 11:41:50",179
"2018-10-21 12:41:50",179
"2018-10-21 13:41:53",179
"2018-10-21 14:41:52",179
"2018-10-21 15:41:52",179
"2018-10-21 16:41:51",179
"2018-10-21 17:41:51",179
"2018-10-21 18:41:51",179
"2018-10-21 19:41:51",179
"2018-10-21 20:41:51",179
"2018-10-21 21:41:51",179
"2018-10-21 22:41:52",179
"2018-10-21 23:41:51",179
"2018-10-22 00:41:52",179
"2018-10-22 01:41:53",179
"2018-10-22 02:41:52",179
"2018-10-22 03:41:53",179
"2018-10-22 04:41:53",179
"2018-10-22 05:41:51",179
"2018-10-22 06:41:51",179
"2018-10-22 07:41:53",179
"2018-10-22 08:41:51",179
"2018-10-22 09:41:51",179
"2018-10-22 10:41:51",179
"2018-10-22 11:41:51",179
"2018-10-22 12:41:52",179
"2018-10-22 13:41:54",179
"2018-10-22 14:41:54",181
"2018-10-22 15:41:52",181
"2018-10-22 16:41:51",181
"2018-10-22 17:41:52",180
"2018-10-22 18:41:50",180
"2018-10-22 19:41:52",180
"2018-10-22 20:41:51",180
"2018-10-22 21:41:52",180
"2018-10-22 22:41:51",180
"2018-10-22 23:41:52",180
"2018-10-23 00:41:52",180
"2018-10-23 01:41:51",180
"2018-10-23 02:41:51",180
"2018-10-23 03:41:51",180
"2018-10-23 04:41:51",180
"2018-10-23 05:41:51",180
"2018-10-23 06:41:51",180
"2018-10-23 07:41:54",180
"2018-10-23 08:41:50",180
"2018-10-23 09:41:51",180
"2018-10-23 10:41:51",180
"2018-10-23 11:41:51",180
"2018-10-23 12:41:50",180
"2018-10-23 13:41:53",180
"2018-10-23 14:41:52",180
"2018-10-23 15:41:51",180
"2018-10-23 16:41:51",180
"2018-10-23 17:41:51",180
"2018-10-23 18:41:52",180
"2018-10-23 19:41:51",180
"2018-10-23 20:41:51",180
"2018-10-23 21:41:51",180
"2018-10-23 22:41:51",180
"2018-10-23 23:41:51",180
"2018-10-24 00:41:51",180
"2018-10-24 01:41:51",180
"2018-10-24 02:41:52",180
"2018-10-24 03:41:52",180
"2018-10-24 04:41:51",180
"2018-10-24 05:41:52",180
"2018-10-24 06:41:52",180
"2018-10-24 07:41:51",180
"2018-10-24 08:41:51",180
"2018-10-24 09:41:51",180
"2018-10-24 10:41:51",180
"2018-10-24 11:41:51",180
"2018-10-24 12:41:50",180
"2018-10-24 13:41:52",180
"2018-10-24 14:41:52",180
"2018-10-24 15:41:52",180
"2018-10-24 16:41:52",181
"2018-10-24 17:41:51",181
"2018-10-24 18:41:52",181
"2018-10-24 19:41:51",181
"2018-10-24 20:41:52",181
"2018-10-24 21:41:51",181
"2018-10-24 22:41:52",181
"2018-10-24 23:41:51",181
"2018-10-25 00:41:51",181
"2018-10-25 01:41:51",181
"2018-10-25 02:41:51",181
"2018-10-25 03:41:50",181
"2018-10-25 04:41:52",181
"2018-10-25 05:41:51",181
"2018-10-25 06:41:51",181
"2018-10-25 07:41:51",181
"2018-10-25 08:41:51",181
"2018-10-25 09:41:51",181
"2018-10-25 10:41:51",181
"2018-10-25 11:41:52",181
"2018-10-25 14:07:58",182
"2018-10-25 14:41:53",182
"2018-10-25 15:41:53",182
"2018-10-25 16:41:52",182
"2018-10-25 17:41:52",182
"2018-10-25 18:41:52",182
"2018-10-25 19:41:51",182
"2018-10-25 20:41:52",182
"2018-10-25 21:41:52",182
"2018-10-25 22:41:51",182
"2018-10-25 23:41:52",182
"2018-10-26 00:41:51",182
"2018-10-26 01:41:51",182
"2018-10-26 02:41:52",182
"2018-10-26 03:41:52",182
"2018-10-26 04:41:52",182
"2018-10-26 05:41:51",182
"2018-10-26 06:41:51",182
"2018-10-26 07:41:50",182
"2018-10-26 08:41:50",182
"2018-10-26 09:41:51",182
"2018-10-26 10:41:51",182
"2018-10-26 11:41:51",182
"2018-10-26 12:41:52",182
"2018-10-26 13:41:53",182
"2018-10-26 14:41:52",182
"2018-10-26 15:41:52",182
"2018-10-26 16:41:52",182
"2018-10-26 17:41:52",182
"2018-10-26 18:41:52",182
"2018-10-26 19:41:52",182
"2018-10-26 20:41:52",182
"2018-10-26 21:41:51",182
"2018-10-26 22:41:51",182
"2018-10-26 23:41:52",182
"2018-10-27 00:41:51",182
"2018-10-27 01:41:52",182
"2018-10-27 02:41:52",182
"2018-10-27 03:41:51",182
"2018-10-27 04:41:51",182
"2018-10-27 05:41:52",182
"2018-10-27 06:41:52",182
"2018-10-27 07:41:52",182
"2018-10-27 08:41:52",182
"2018-10-27 09:41:52",182
"2018-10-27 10:41:52",182
"2018-10-27 11:41:52",182
"2018-10-27 12:41:51",182
"2018-10-27 13:41:51",182
"2018-10-27 14:41:52",182
"2018-10-27 15:41:53",182
"2018-10-27 16:41:52",182
"2018-10-27 17:41:52",182
"2018-10-27 18:41:51",182
"2018-10-27 19:41:52",182
"2018-10-27 20:41:52",182
"2018-10-27 21:41:52",182
"2018-10-27 22:41:52",182
"2018-10-27 23:41:51",182
"2018-10-28 00:41:52",182
"2018-10-28 01:41:52",182
"2018-10-28 02:41:51",182
"2018-10-28 03:41:52",182
"2018-10-28 04:41:52",182
"2018-10-28 05:41:52",182
"2018-10-28 06:41:52",182
"2018-10-28 07:41:51",182
"2018-10-28 08:41:52",182
"2018-10-28 09:41:52",182
"2018-10-28 10:41:51",182
"2018-10-28 11:41:51",182
"2018-10-28 12:41:51",182
"2018-10-28 13:41:52",182
"2018-10-28 14:41:52",182
"2018-10-28 15:41:52",182
"2018-10-28 16:41:52",182
"2018-10-28 17:41:52",182
"2018-10-28 18:41:52",182
"2018-10-28 19:41:51",182
"2018-10-28 20:41:51",182
"2018-10-28 21:41:51",182
"2018-10-28 22:41:52",182
"2018-10-28 23:41:51",182
"2018-10-29 00:41:52",182
"2018-10-29 01:41:52",182
"2018-10-29 02:41:52",182
"2018-10-29 03:41:51",182
"2018-10-29 04:41:52",182
"2018-10-29 05:41:51",182
"2018-10-29 06:41:52",182
"2018-10-29 07:41:51",182
"2018-10-29 08:41:52",182
"2018-10-29 09:41:51",182
"2018-10-29 10:41:51",182
"2018-10-29 11:41:51",182
"2018-10-29 12:41:52",182
"2018-10-29 13:41:54",182
"2018-10-29 14:41:52",183
"2018-10-29 15:41:51",183
"2018-10-29 16:41:53",183
"2018-10-29 17:41:52",183
"2018-10-29 18:41:53",183
"2018-10-29 19:41:53",183
"2018-10-29 20:41:52",182
"2018-10-29 21:41:52",182
"2018-10-29 22:41:53",182
"2018-10-29 23:41:53",182
"2018-10-30 00:41:52",182
"2018-10-30 01:41:51",182
"2018-10-30 02:41:52",182
"2018-10-30 03:41:52",182
"2018-10-30 04:41:52",182
"2018-10-30 05:41:51",182
"2018-10-30 06:41:52",182
"2018-10-30 07:41:51",182
"2018-10-30 08:41:51",182
"2018-10-30 09:41:52",182
"2018-10-30 10:41:52",182
"2018-10-30 11:41:52",182
"2018-10-30 12:41:51",182
"2018-10-30 13:41:54",182
"2018-10-30 14:41:55",184
"2018-10-30 15:41:53",184
"2018-10-30 16:41:52",184
"2018-10-30 17:41:51",184
"2018-10-30 18:41:52",184
"2018-10-30 19:41:52",184
"2018-10-30 20:41:52",184
"2018-10-30 21:41:52",184
"2018-10-30 22:41:52",184
"2018-10-30 23:41:51",184
"2018-10-31 00:41:52",184
"2018-10-31 01:41:53",184
"2018-10-31 02:41:53",184
"2018-10-31 03:41:51",184
"2018-10-31 04:41:52",184
"2018-10-31 05:41:52",184
"2018-10-31 06:41:52",184
"2018-10-31 07:41:51",184
"2018-10-31 08:41:52",184
"2018-10-31 09:41:51",184
"2018-10-31 10:41:52",184
"2018-10-31 11:41:52",184
"2018-10-31 12:41:52",184
"2018-10-31 14:08:27",183
"2018-10-31 14:41:52",183
"2018-10-31 15:41:52",183
"2018-10-31 16:41:52",183
"2018-10-31 17:41:51",183
"2018-10-31 18:41:51",183
"2018-10-31 19:41:51",183
"2018-10-31 20:41:52",183
"2018-10-31 21:41:51",183
"2018-10-31 22:41:51",183
"2018-10-31 23:41:52",183
"2018-11-01 00:41:51",183
"2018-11-01 01:41:52",183
"2018-11-01 02:41:52",183
"2018-11-01 03:41:51",183
"2018-11-01 04:41:52",183
"2018-11-01 05:41:52",183
"2018-11-01 06:41:52",183
"2018-11-01 07:41:52",183
"2018-11-01 08:41:52",183
"2018-11-01 09:41:52",183
"2018-11-01 10:41:52",183
"2018-11-01 11:41:51",183
"2018-11-01 12:41:51",183
"2018-11-01 13:41:52",183
"2018-11-01 14:41:55",183
"2018-11-01 15:41:53",182
"2018-11-01 16:41:53",182
"2018-11-01 17:41:52",182
"2018-11-01 18:41:52",182
"2018-11-01 19:41:53",182
"2018-11-01 20:41:54",182
"2018-11-01 21:41:53",182
"2018-11-01 22:41:53",182
"2018-11-01 23:41:52",182
"2018-11-02 00:41:52",182
"2018-11-02 01:41:52",182
"2018-11-02 02:41:52",182
"2018-11-02 03:41:54",182
"2018-11-02 04:41:52",182
"2018-11-02 05:41:52",182
"2018-11-02 06:41:52",182
"2018-11-02 07:41:51",182
"2018-11-02 08:41:52",182
"2018-11-02 09:41:53",182
"2018-11-02 10:41:52",182
"2018-11-02 11:41:51",182
"2018-11-02 12:41:52",182
"2018-11-02 14:06:27",182
"2018-11-02 14:41:54",182
"2018-11-02 15:41:54",182
"2018-11-02 16:41:54",183
"2018-11-02 17:41:54",183
"2018-11-02 18:41:53",183
"2018-11-02 19:41:53",183
"2018-11-02 20:41:54",183
"2018-11-02 21:41:54",183
"2018-11-02 22:41:53",183
"2018-11-02 23:41:54",183
"2018-11-03 00:41:54",183
"2018-11-03 01:41:53",183
"2018-11-03 02:41:55",183
"2018-11-03 03:41:52",183
"2018-11-03 04:41:53",183
"2018-11-03 05:41:53",183
"2018-11-03 06:41:53",183
"2018-11-03 07:41:52",183
"2018-11-03 08:41:53",183
"2018-11-03 09:41:54",183
"2018-11-03 10:41:53",183
"2018-11-03 11:41:53",183
"2018-11-03 12:41:53",183
"2018-11-03 13:41:53",183
"2018-11-03 14:41:53",183
"2018-11-03 15:41:53",183
"2018-11-03 16:41:53",183
"2018-11-03 17:41:56",183
"2018-11-03 18:41:55",183
"2018-11-03 19:41:54",183
"2018-11-03 20:41:53",183
"2018-11-03 21:42:56",183
"2018-11-03 22:41:53",183
"2018-11-03 23:41:54",183
"2018-11-04 00:41:54",183
"2018-11-04 01:41:54",183
"2018-11-04 02:41:53",183
"2018-11-04 03:41:53",183
"2018-11-04 04:41:54",183
"2018-11-04 05:41:53",183
"2018-11-04 06:41:53",183
"2018-11-04 07:41:53",183
"2018-11-04 08:41:54",183
"2018-11-04 09:41:52",183
"2018-11-04 10:41:52",183
"2018-11-04 11:41:53",183
"2018-11-04 12:41:53",183
"2018-11-04 13:41:53",183
"2018-11-04 14:41:53",183
"2018-11-04 15:41:53",183
"2018-11-04 16:41:53",183
"2018-11-04 17:41:53",183
"2018-11-04 18:41:53",183
"2018-11-04 19:41:53",183
"2018-11-04 20:41:52",183
"2018-11-04 21:41:53",183
"2018-11-04 22:41:54",183
"2018-11-04 23:41:54",183
"2018-11-05 00:41:53",183
"2018-11-05 01:41:53",183
"2018-11-05 02:41:52",183
"2018-11-05 03:41:54",183
"2018-11-05 04:41:54",183
"2018-11-05 05:41:54",183
"2018-11-05 06:41:53",183
"2018-11-05 07:41:53",183
"2018-11-05 08:41:53",183
"2018-11-05 09:41:53",183
"2018-11-05 10:41:53",183
"2018-11-05 11:41:52",183
"2018-11-05 12:41:52",183
"2018-11-05 13:41:53",183
"2018-11-05 14:41:57",183
"2018-11-05 15:41:54",183
"2018-11-05 16:41:55",183
"2018-11-05 17:41:53",183
"2018-11-05 18:41:52",183
"2018-11-05 19:41:53",183
"2018-11-05 20:41:54",183
"2018-11-05 21:41:55",183
"2018-11-05 22:41:54",183
"2018-11-05 23:41:53",183
"2018-11-06 00:41:53",183
"2018-11-06 01:41:53",183
"2018-11-06 02:41:53",183
"2018-11-06 03:41:54",183
"2018-11-06 04:41:54",183
"2018-11-06 05:41:54",183
"2018-11-06 06:41:54",183
"2018-11-06 07:41:55",183
"2018-11-06 08:41:55",183
"2018-11-06 09:41:54",183
"2018-11-06 10:41:54",183
"2018-11-06 11:41:54",183
"2018-11-06 12:41:54",183
"2018-11-06 13:41:55",183
"2018-11-06 14:41:57",183
"2018-11-06 15:41:57",183
"2018-11-06 16:41:56",183
"2018-11-06 17:41:59",183
"2018-11-06 18:41:56",183
"2018-11-06 19:41:54",184
"2018-11-06 20:41:56",184
"2018-11-06 21:41:55",184
"2018-11-06 22:41:56",184
"2018-11-06 23:41:54",184
"2018-11-07 00:41:55",184
"2018-11-07 01:41:55",184
"2018-11-07 02:41:55",184
"2018-11-07 03:41:55",184
"2018-11-07 04:41:54",184
"2018-11-07 05:41:54",184
"2018-11-07 06:41:54",184
"2018-11-07 07:41:54",184
"2018-11-07 08:41:54",184
"2018-11-07 09:41:54",184
"2018-11-07 10:41:54",184
"2018-11-07 11:41:54",184
"2018-11-07 12:41:55",184
"2018-11-07 13:41:54",184
"2018-11-07 14:41:58",184
"2018-11-07 15:41:55",186
"2018-11-07 16:41:54",186
"2018-11-07 17:41:56",186
"2018-11-07 18:41:57",187
"2018-11-07 19:41:57",187
"2018-11-07 20:41:57",187
"2018-11-07 21:41:54",187
"2018-11-07 22:41:55",187
"2018-11-07 23:41:54",187
"2018-11-08 00:41:54",187
"2018-11-08 01:41:55",187
"2018-11-08 02:41:54",187
"2018-11-08 03:41:54",187
"2018-11-08 04:41:55",187
"2018-11-08 05:41:55",187
"2018-11-08 06:41:55",187
"2018-11-08 07:41:55",187
"2018-11-08 08:41:55",187
"2018-11-08 09:41:54",187
"2018-11-08 10:41:54",187
"2018-11-08 11:41:54",187
"2018-11-08 12:41:55",187
"2018-11-08 13:41:54",187
"2018-11-08 14:41:56",187
"2018-11-08 15:41:55",187
"2018-11-08 16:41:56",186
"2018-11-08 17:41:54",186
"2018-11-08 18:41:54",186
"2018-11-08 19:41:55",185
"2018-11-08 20:41:57",185
"2018-11-08 21:41:56",185
"2018-11-08 22:41:54",185
"2018-11-08 23:41:55",185
"2018-11-09 00:41:55",185
"2018-11-09 01:41:55",185
"2018-11-09 02:41:55",185
"2018-11-09 03:41:55",185
"2018-11-09 04:41:55",185
"2018-11-09 05:41:55",185
"2018-11-09 06:41:54",185
"2018-11-09 07:41:55",185
"2018-11-09 08:41:55",185
"2018-11-09 09:41:55",185
"2018-11-09 10:41:54",185
"2018-11-09 11:41:54",185
"2018-11-09 12:41:55",185
"2018-11-09 13:41:53",185
"2018-11-09 15:05:58",185
"2018-11-09 15:41:56",185
"2018-11-09 16:41:55",185
"2018-11-09 17:41:55",187
"2018-11-09 18:41:55",187
"2018-11-09 19:41:58",187
"2018-11-09 20:41:56",188
"2018-11-09 21:41:55",188
"2018-11-09 22:41:55",188
"2018-11-09 23:41:54",188
"2018-11-10 00:41:54",188
"2018-11-10 01:41:55",188
"2018-11-10 02:41:54",188
"2018-11-10 03:41:55",188
"2018-11-10 04:41:55",188
"2018-11-10 05:41:54",188
"2018-11-10 06:41:54",188
"2018-11-10 07:41:54",188
"2018-11-10 08:41:54",188
"2018-11-10 09:41:55",188
"2018-11-10 10:41:53",188
"2018-11-10 11:41:55",188
"2018-11-10 12:41:54",188
"2018-11-10 13:41:54",188
"2018-11-10 14:41:54",188
"2018-11-10 15:41:57",188
"2018-11-10 16:41:54",188
"2018-11-10 17:41:55",188
"2018-11-10 18:41:56",188
"2018-11-10 19:41:56",188
"2018-11-10 20:41:55",188
"2018-11-10 21:41:55",188
"2018-11-10 22:41:55",188
"2018-11-10 23:41:55",188
"2018-11-11 00:41:55",188
"2018-11-11 01:41:55",188
"2018-11-11 02:41:54",188
"2018-11-11 03:41:55",188
"2018-11-11 04:41:54",188
"2018-11-11 05:41:55",188
"2018-11-11 06:41:54",188
"2018-11-11 07:41:55",188
"2018-11-11 08:41:54",188
"2018-11-11 09:41:55",188
"2018-11-11 10:41:55",188
"2018-11-11 11:41:55",188
"2018-11-11 12:41:55",188
"2018-11-11 13:41:54",188
"2018-11-11 14:41:55",188
"2018-11-11 15:41:55",188
"2018-11-11 16:41:54",188
"2018-11-11 17:41:55",188
"2018-11-11 18:41:55",188
"2018-11-11 19:41:54",188
"2018-11-11 20:41:55",188
"2018-11-11 21:41:54",188
"2018-11-11 22:41:55",188
"2018-11-11 23:41:54",188
"2018-11-12 00:41:55",188
"2018-11-12 01:41:54",188
"2018-11-12 02:41:55",188
"2018-11-12 03:41:55",188
"2018-11-12 04:41:55",188
"2018-11-12 05:41:55",188
"2018-11-12 06:41:55",188
"2018-11-12 07:41:55",188
"2018-11-12 08:41:55",188
"2018-11-12 09:41:55",188
"2018-11-12 10:41:55",188
"2018-11-12 11:41:55",188
"2018-11-12 12:41:54",188
"2018-11-12 13:41:55",188
"2018-11-12 14:41:57",188
"2018-11-12 15:41:54",189
"2018-11-12 16:41:56",189
"2018-11-12 17:41:54",189
"2018-11-12 18:41:54",189
"2018-11-12 19:41:55",189
"2018-11-12 20:41:56",189
"2018-11-12 21:41:55",191
"2018-11-12 22:41:56",191
"2018-11-12 23:41:55",191
"2018-11-13 00:41:56",191
"2018-11-13 01:41:56",191
"2018-11-13 02:41:57",191
"2018-11-13 03:41:56",191
"2018-11-13 04:41:56",191
"2018-11-13 05:41:56",191
"2018-11-13 06:41:56",191
"2018-11-13 07:41:56",191
"2018-11-13 08:41:57",191
"2018-11-13 09:41:56",191
"2018-11-13 10:41:57",191
"2018-11-13 11:41:56",191
"2018-11-13 12:41:56",191
"2018-11-13 13:41:55",191
"2018-11-13 14:41:58",191
"2018-11-13 15:41:56",191
"2018-11-13 16:41:55",191
"2018-11-13 17:41:56",191
"2018-11-13 18:41:55",190
"2018-11-13 19:41:56",190
"2018-11-13 20:41:55",190
"2018-11-13 21:41:55",190
"2018-11-13 22:41:55",190
"2018-11-13 23:41:56",190
"2018-11-14 00:41:56",190
"2018-11-14 01:41:56",190
"2018-11-14 02:41:55",190
"2018-11-14 03:41:55",190
"2018-11-14 04:41:56",190
"2018-11-14 05:41:55",190
"2018-11-14 06:41:56",190
"2018-11-14 07:41:56",190
"2018-11-14 08:41:56",190
"2018-11-14 09:41:56",190
"2018-11-14 10:41:55",190
"2018-11-14 11:41:56",190
"2018-11-14 12:41:56",190
"2018-11-14 13:41:56",190
"2018-11-14 14:41:57",190
"2018-11-14 15:41:57",189
"2018-11-14 16:41:57",189
"2018-11-14 17:41:57",189
"2018-11-14 18:41:58",190
"2018-11-14 19:41:57",190
"2018-11-14 20:41:57",190
"2018-11-14 21:41:57",190
"2018-11-14 22:41:57",190
"2018-11-14 23:41:56",190
"2018-11-15 00:41:55",190
"2018-11-15 01:41:56",190
"2018-11-15 02:41:56",190
"2018-11-15 03:41:56",190
"2018-11-15 04:41:56",190
"2018-11-15 05:41:57",190
"2018-11-15 06:41:55",190
"2018-11-15 07:41:55",190
"2018-11-15 08:41:55",190
"2018-11-15 09:41:56",190
"2018-11-15 10:41:56",190
"2018-11-15 11:41:55",190
"2018-11-15 12:41:55",190
"2018-11-15 13:41:56",190
"2018-11-15 14:41:57",190
"2018-11-15 15:41:57",190
"2018-11-15 16:41:55",190
"2018-11-15 17:41:58",189
"2018-11-15 18:41:57",189
"2018-11-15 19:41:55",189
"2018-11-15 20:41:57",189
"2018-11-15 21:41:58",189
"2018-11-15 22:41:57",189
"2018-11-15 23:41:56",189
"2018-11-16 00:41:56",189
"2018-11-16 01:41:55",189
"2018-11-16 02:41:55",189
"2018-11-16 03:41:55",189
"2018-11-16 04:41:55",189
"2018-11-16 05:41:55",189
"2018-11-16 06:41:56",189
"2018-11-16 07:41:56",189
"2018-11-16 08:41:55",189
"2018-11-16 09:41:56",189
"2018-11-16 10:41:56",189
"2018-11-16 11:41:55",189
"2018-11-16 12:41:55",189
"2018-11-16 13:41:56",189
"2018-11-16 14:41:57",189
"2018-11-16 15:41:56",188
"2018-11-16 16:41:56",188
"2018-11-16 17:41:56",188
"2018-11-16 18:41:56",188
"2018-11-16 19:41:55",188
"2018-11-16 20:41:58",188
"2018-11-16 21:41:57",189
"2018-11-16 22:41:57",189
"2018-11-16 23:41:57",189
"2018-11-17 00:41:57",189
"2018-11-17 01:41:56",189
"2018-11-17 02:41:55",189
"2018-11-17 03:42:00",189
"2018-11-17 04:41:56",189
"2018-11-17 05:41:56",189
"2018-11-17 06:41:57",189
"2018-11-17 07:41:55",189
"2018-11-17 08:41:56",189
"2018-11-17 09:41:56",189
"2018-11-17 10:41:56",189
"2018-11-17 11:41:56",189
"2018-11-17 12:41:55",189
"2018-11-17 13:41:56",189
"2018-11-17 14:41:57",189
"2018-11-17 15:41:56",189
"2018-11-17 16:41:55",189
"2018-11-17 17:41:57",189
"2018-11-17 18:41:56",189
"2018-11-17 19:41:56",189
"2018-11-17 20:41:56",189
"2018-11-17 21:41:56",189
"2018-11-17 22:41:55",189
"2018-11-17 23:41:55",189
"2018-11-18 00:41:55",189
"2018-11-18 01:41:56",189
"2018-11-18 02:41:56",189
"2018-11-18 03:41:56",189
"2018-11-18 04:41:55",189
"2018-11-18 05:41:55",189
"2018-11-18 06:41:56",189
"2018-11-18 07:41:55",189
"2018-11-18 08:41:55",189
"2018-11-18 09:41:56",189
"2018-11-18 10:41:55",189
"2018-11-18 11:41:55",189
"2018-11-18 12:41:55",189
"2018-11-18 13:41:55",189
"2018-11-18 14:41:56",189
"2018-11-18 15:41:56",189
"2018-11-18 16:41:55",189
"2018-11-18 17:41:56",189
"2018-11-18 18:41:56",189
"2018-11-18 19:41:55",189
"2018-11-18 20:41:56",189
"2018-11-18 21:41:56",189
"2018-11-18 22:41:55",189
"2018-11-18 23:41:56",189
"2018-11-19 00:41:56",189
"2018-11-19 01:41:56",189
"2018-11-19 02:41:56",189
"2018-11-19 03:41:56",189
"2018-11-19 04:41:56",189
"2018-11-19 05:41:55",189
"2018-11-19 06:41:55",189
"2018-11-19 07:41:56",189
"2018-11-19 08:41:55",189
"2018-11-19 09:41:55",189
"2018-11-19 10:41:56",189
"2018-11-19 11:41:56",189
"2018-11-19 12:41:56",189
"2018-11-19 13:41:54",189
"2018-11-19 14:41:57",189
"2018-11-19 15:41:55",189
"2018-11-19 16:41:58",188
"2018-11-19 17:41:57",188
"2018-11-19 18:41:56",188
"2018-11-19 19:41:56",188
"2018-11-19 20:41:56",188
"2018-11-19 21:41:56",189
"2018-11-19 22:41:56",189
"2018-11-19 23:41:55",189
"2018-11-20 00:41:56",189
"2018-11-20 01:41:56",189
"2018-11-20 02:41:56",189
"2018-11-20 03:41:57",189
"2018-11-20 04:41:55",189
"2018-11-20 05:41:55",189
"2018-11-20 06:41:56",189
"2018-11-20 07:41:56",189
"2018-11-20 08:41:56",189
"2018-11-20 09:41:56",189
"2018-11-20 10:41:56",189
"2018-11-20 11:41:55",189
"2018-11-20 12:41:55",189
"2018-11-20 13:41:57",189
"2018-11-20 14:41:57",189
"2018-11-20 15:41:57",190
"2018-11-20 16:41:55",190
"2018-11-20 17:41:55",190
"2018-11-20 18:41:58",190
"2018-11-20 19:41:56",190
"2018-11-20 20:41:56",190
"2018-11-20 21:41:57",190
"2018-11-20 22:41:56",190
"2018-11-20 23:41:55",190
"2018-11-21 00:41:54",190
"2018-11-21 01:41:55",190
"2018-11-21 02:41:54",190
"2018-11-21 03:41:55",190
"2018-11-21 04:41:55",190
"2018-11-21 05:41:55",190
"2018-11-21 06:41:56",190
"2018-11-21 07:41:56",190
"2018-11-21 08:41:56",190
"2018-11-21 09:41:55",190
"2018-11-21 10:41:55",190
"2018-11-21 11:41:54",190
"2018-11-21 12:41:54",190
"2018-11-21 13:41:54",190
"2018-11-21 14:41:57",190
"2018-11-21 16:41:55",190
"2018-11-21 17:41:58",190
"2018-11-21 18:41:55",190
"2018-11-21 19:41:56",190
"2018-11-21 20:41:57",190
"2018-11-21 21:41:56",190
"2018-11-21 22:41:55",190
"2018-11-21 23:41:55",190
"2018-11-22 00:41:55",190
"2018-11-22 01:41:55",190
"2018-11-22 02:41:56",190
"2018-11-22 03:41:55",190
"2018-11-22 04:41:56",190
"2018-11-22 05:41:55",190
"2018-11-22 06:41:55",190
"2018-11-22 07:41:55",190
"2018-11-22 08:41:55",190
"2018-11-22 09:41:55",190
"2018-11-22 10:41:55",190
"2018-11-22 11:41:56",190
"2018-11-22 12:41:56",190
"2018-11-22 13:41:56",190
"2018-11-22 14:41:55",190
"2018-11-22 15:41:56",190
"2018-11-22 16:41:54",190
"2018-11-22 17:41:56",190
"2018-11-22 18:41:54",190
"2018-11-22 19:41:55",190
"2018-11-22 20:41:55",190
"2018-11-22 21:41:56",190
"2018-11-22 22:41:55",190
"2018-11-22 23:41:55",190
"2018-11-23 00:41:55",190
"2018-11-23 01:41:54",190
"2018-11-23 02:41:55",190
"2018-11-23 03:41:55",190
"2018-11-23 04:41:56",190
"2018-11-23 05:41:55",190
"2018-11-23 06:41:55",190
"2018-11-23 07:41:55",190
"2018-11-23 08:41:55",190
"2018-11-23 09:41:55",190
"2018-11-23 10:41:55",190
"2018-11-23 11:41:56",190
"2018-11-23 12:41:56",190
"2018-11-23 13:41:55",190
"2018-11-23 14:41:56",190
"2018-11-23 15:41:56",189
"2018-11-23 16:41:54",189
"2018-11-23 17:41:55",189
"2018-11-23 18:41:55",189
"2018-11-23 19:41:55",189
"2018-11-23 20:41:56",189
"2018-11-23 21:41:56",189
"2018-11-23 22:41:56",189
"2018-11-23 23:41:57",189
"2018-11-24 00:41:55",189
"2018-11-24 01:41:56",189
"2018-11-24 02:41:57",189
"2018-11-24 03:41:56",189
"2018-11-24 04:41:57",189
"2018-11-24 05:41:57",189
"2018-11-24 06:41:56",189
"2018-11-24 07:41:56",189
"2018-11-24 08:41:56",189
"2018-11-24 09:41:55",189
"2018-11-24 10:41:55",189
"2018-11-24 11:41:57",189
"2018-11-24 12:41:56",189
"2018-11-24 13:41:55",189
"2018-11-24 14:41:56",189
"2018-11-24 15:41:56",189
"2018-11-24 16:41:55",189
"2018-11-24 17:41:57",189
"2018-11-24 18:41:55",189
"2018-11-24 19:41:55",189
"2018-11-24 20:41:57",189
"2018-11-24 21:41:56",189
"2018-11-24 22:41:55",189
"2018-11-24 23:41:56",189
"2018-11-25 00:41:56",189
"2018-11-25 01:41:56",189
"2018-11-25 02:41:56",189
"2018-11-25 03:41:55",189
"2018-11-25 04:41:56",189
"2018-11-25 05:41:56",189
"2018-11-25 06:41:56",189
"2018-11-25 07:41:56",189
"2018-11-25 08:41:55",189
"2018-11-25 09:41:56",189
"2018-11-25 10:41:55",189
"2018-11-25 11:41:56",189
"2018-11-25 12:41:55",189
"2018-11-25 13:41:56",189
"2018-11-25 14:41:55",189
"2018-11-25 15:41:56",189
"2018-11-25 16:41:56",189
"2018-11-25 17:41:56",189
"2018-11-25 18:41:56",189
"2018-11-25 19:41:57",189
"2018-11-25 20:41:56",189
"2018-11-25 21:41:56",189
"2018-11-25 22:41:56",189
"2018-11-25 23:41:56",189
"2018-11-26 00:41:55",189
"2018-11-26 01:41:56",189
"2018-11-26 02:41:57",189
"2018-11-26 03:41:56",189
"2018-11-26 04:41:55",189
"2018-11-26 05:41:56",189
"2018-11-26 06:41:55",189
"2018-11-26 07:41:55",189
"2018-11-26 08:41:56",189
"2018-11-26 09:41:56",189
"2018-11-26 10:41:56",189
"2018-11-26 11:41:56",189
"2018-11-26 12:41:56",189
"2018-11-26 13:41:55",189
"2018-11-26 14:41:58",189
"2018-11-26 15:41:55",189
"2018-11-26 16:41:56",189
"2018-11-26 17:41:56",189
"2018-11-26 18:41:56",189
"2018-11-26 19:41:55",189
"2018-11-26 20:41:56",189
"2018-11-26 21:41:55",189
"2018-11-26 22:41:57",189
"2018-11-26 23:41:57",189
"2018-11-27 00:41:57",189
"2018-11-27 01:41:56",189
"2018-11-27 02:41:56",189
"2018-11-27 03:41:55",189
"2018-11-27 04:41:55",189
"2018-11-27 05:41:56",189
"2018-11-27 06:41:56",189
"2018-11-27 07:41:55",189
"2018-11-27 08:41:55",189
"2018-11-27 09:41:55",189
"2018-11-27 10:42:41",189
"2018-11-27 11:41:55",189
"2018-11-27 12:41:55",189
"2018-11-27 13:41:56",189
"2018-11-27 14:41:58",189
"2018-11-27 15:41:57",189
"2018-11-27 16:41:58",189
"2018-11-27 17:41:58",189
"2018-11-27 18:41:57",189
"2018-11-27 19:41:57",189
"2018-11-27 20:41:57",189
"2018-11-27 21:41:57",190
"2018-11-27 22:41:57",190
"2018-11-27 23:41:57",190
"2018-11-28 00:41:57",190
"2018-11-28 01:41:56",190
"2018-11-28 02:41:57",190
"2018-11-28 03:41:58",190
"2018-11-28 04:41:58",190
"2018-11-28 05:41:57",190
"2018-11-28 06:41:56",190
"2018-11-28 07:41:55",190
"2018-11-28 08:41:56",190
"2018-11-28 09:41:58",190
"2018-11-28 10:41:57",190
"2018-11-28 11:41:56",190
"2018-11-28 12:41:56",190
"2018-11-28 14:06:58",190
"2018-11-28 14:41:57",190
"2018-11-28 15:41:58",190
"2018-11-28 16:41:57",190
"2018-11-28 17:41:58",190
"2018-11-28 18:41:56",190
"2018-11-28 19:41:56",190
"2018-11-28 20:41:57",190
"2018-11-28 21:41:56",191
"2018-11-28 22:41:55",191
"2018-11-28 23:41:55",191
"2018-11-29 00:41:55",191
"2018-11-29 01:41:56",191
"2018-11-29 02:41:55",191
"2018-11-29 03:41:55",191
"2018-11-29 04:41:55",191
"2018-11-29 05:41:55",191
"2018-11-29 06:41:56",191
"2018-11-29 07:41:54",191
"2018-11-29 08:41:54",191
"2018-11-29 09:41:55",191
"2018-11-29 10:41:56",191
"2018-11-29 11:41:55",191
"2018-11-29 12:41:55",191
"2018-11-29 13:41:56",191
"2018-11-29 15:07:00",191
"2018-11-29 15:41:57",191
"2018-11-29 16:41:57",191
"2018-11-29 17:41:58",191
"2018-11-29 18:41:59",191
"2018-11-29 19:41:57",191
"2018-11-29 20:41:56",191
"2018-11-29 21:41:57",191
"2018-11-29 22:41:57",191
"2018-11-29 23:41:58",191
"2018-11-30 00:41:58",191
"2018-11-30 01:41:58",191
"2018-11-30 02:41:56",191
"2018-11-30 03:41:58",191
"2018-11-30 04:41:56",191
"2018-11-30 05:41:58",191
"2018-11-30 06:41:57",191
"2018-11-30 07:41:56",191
"2018-11-30 08:41:56",191
"2018-11-30 09:41:57",191
"2018-11-30 10:41:57",191
"2018-11-30 11:41:56",191
"2018-11-30 12:41:56",191
"2018-11-30 13:41:56",191
"2018-11-30 14:41:59",191
"2018-11-30 15:41:57",190
"2018-11-30 16:41:57",190
"2018-11-30 17:41:57",189
"2018-11-30 18:41:56",189
"2018-11-30 19:41:56",189
"2018-11-30 20:41:57",189
"2018-11-30 21:41:56",189
"2018-11-30 22:41:58",189
"2018-11-30 23:41:57",189
"2018-12-01 00:41:56",189
"2018-12-01 01:41:56",189
"2018-12-01 02:41:56",189
"2018-12-01 03:41:57",189
"2018-12-01 04:41:56",189
"2018-12-01 05:41:56",189
"2018-12-01 06:41:56",189
"2018-12-01 07:41:56",189
"2018-12-01 08:41:56",189
"2018-12-01 09:41:56",189
"2018-12-01 10:41:56",189
"2018-12-01 11:41:57",189
"2018-12-01 12:41:56",189
"2018-12-01 13:41:57",189
"2018-12-01 14:41:56",189
"2018-12-01 15:41:56",189
"2018-12-01 16:41:56",189
"2018-12-01 17:41:56",189
"2018-12-01 18:41:56",189
"2018-12-01 19:41:55",189
"2018-12-01 20:41:56",189
"2018-12-01 21:41:56",189
"2018-12-01 22:41:58",189
"2018-12-01 23:41:57",189
"2018-12-02 00:41:55",189
"2018-12-02 01:41:56",189
"2018-12-02 02:41:56",189
"2018-12-02 03:41:57",189
"2018-12-02 04:41:57",189
"2018-12-02 05:41:56",189
"2018-12-02 06:41:56",189
"2018-12-02 07:41:57",189
"2018-12-02 08:41:58",189
"2018-12-02 09:41:56",189
"2018-12-02 10:41:57",189
"2018-12-02 11:41:56",189
"2018-12-02 12:41:55",189
"2018-12-02 13:41:56",189
"2018-12-02 14:41:56",189
"2018-12-02 15:41:57",189
"2018-12-02 16:41:56",189
"2018-12-02 17:41:56",189
"2018-12-02 18:41:56",189
"2018-12-02 19:41:56",189
"2018-12-02 20:41:56",189
"2018-12-02 21:41:56",189
"2018-12-02 22:41:55",189
"2018-12-02 23:41:56",189
"2018-12-03 00:41:56",189
"2018-12-03 01:41:56",189
"2018-12-03 02:41:56",189
"2018-12-03 03:41:56",189
"2018-12-03 04:41:57",189
"2018-12-03 05:41:55",189
"2018-12-03 06:41:57",189
"2018-12-03 07:41:56",189
"2018-12-03 08:41:56",189
"2018-12-03 09:41:57",189
"2018-12-03 10:41:56",189
"2018-12-03 11:41:57",189
"2018-12-03 12:41:55",189
"2018-12-03 13:41:55",189
"2018-12-03 14:42:00",189
"2018-12-03 15:41:56",189
"2018-12-03 16:41:58",189
"2018-12-03 17:41:57",189
"2018-12-03 18:41:57",190
"2018-12-03 19:41:56",191
"2018-12-03 20:41:57",191
"2018-12-03 21:41:56",191
"2018-12-03 22:41:57",191
"2018-12-03 23:41:58",191
"2018-12-04 00:41:57",191
"2018-12-04 01:41:56",191
"2018-12-04 02:41:57",191
"2018-12-04 03:41:57",191
"2018-12-04 04:41:56",191
"2018-12-04 05:41:58",191
"2018-12-04 06:41:57",191
"2018-12-04 07:41:57",191
"2018-12-04 08:41:57",191
"2018-12-04 09:41:56",191
"2018-12-04 10:41:55",191
"2018-12-04 11:41:56",191
"2018-12-04 12:41:56",191
"2018-12-04 13:41:57",191
"2018-12-04 15:08:30",191
"2018-12-04 15:41:58",191
"2018-12-04 16:41:57",192
"2018-12-04 17:41:57",192
"2018-12-04 18:41:57",192
"2018-12-04 19:41:57",192
"2018-12-04 20:41:57",192
"2018-12-04 21:41:57",192
"2018-12-04 22:41:59",192
"2018-12-04 23:41:57",192
"2018-12-05 00:41:58",192
"2018-12-05 01:41:57",192
"2018-12-05 02:41:58",192
"2018-12-05 03:41:57",192
"2018-12-05 04:41:59",192
"2018-12-05 05:42:00",192
"2018-12-05 06:41:57",192
"2018-12-05 07:41:56",192
"2018-12-05 08:41:56",192
"2018-12-05 09:41:56",192
"2018-12-05 10:41:57",192
"2018-12-05 11:41:57",192
"2018-12-05 12:41:56",192
"2018-12-05 13:41:56",192
"2018-12-05 14:41:56",192
"2018-12-05 15:41:57",192
"2018-12-05 16:41:56",192
"2018-12-05 17:41:57",192
"2018-12-05 18:41:57",192
"2018-12-05 19:41:57",192
"2018-12-05 20:41:56",192
"2018-12-05 21:41:58",192
"2018-12-05 22:41:57",192
"2018-12-05 23:41:58",192
"2018-12-06 00:41:57",192
"2018-12-06 01:41:58",192
"2018-12-06 02:41:57",192
"2018-12-06 03:41:58",192
"2018-12-06 04:41:56",192
"2018-12-06 05:41:56",192
"2018-12-06 06:41:56",192
"2018-12-06 07:41:55",192
"2018-12-06 08:41:58",192
"2018-12-06 09:41:57",192
"2018-12-06 10:41:56",192
"2018-12-06 11:41:57",192
"2018-12-06 12:41:56",192
"2018-12-06 13:41:57",192
"2018-12-06 14:41:58",192
"2018-12-06 15:41:57",192
"2018-12-06 16:41:57",192
"2018-12-06 17:41:58",191
"2018-12-06 18:41:57",191
"2018-12-06 19:41:56",191
"2018-12-06 20:41:57",191
"2018-12-06 21:41:57",191
"2018-12-06 22:41:56",191
"2018-12-06 23:41:59",191
"2018-12-07 00:42:00",191
"2018-12-07 01:42:00",191
"2018-12-07 02:41:59",191
"2018-12-07 03:42:00",191
"2018-12-07 04:42:00",191
"2018-12-07 05:42:00",191
"2018-12-07 06:42:00",191
"2018-12-07 07:41:59",191
"2018-12-07 08:41:59",191
"2018-12-07 09:41:59",191
"2018-12-07 10:41:59",191
"2018-12-07 11:41:59",191
"2018-12-07 12:42:00",191
"2018-12-07 14:07:00",191
"2018-12-07 14:42:02",191
"2018-12-07 16:07:04",188
"2018-12-07 16:41:59",188
"2018-12-07 17:42:00",188
"2018-12-07 18:41:59",188
"2018-12-07 19:42:02",188
"2018-12-07 20:42:00",188
"2018-12-07 21:41:59",188
"2018-12-07 22:42:01",188
"2018-12-07 23:42:02",188
"2018-12-08 00:42:01",188
"2018-12-08 01:42:00",188
"2018-12-08 03:42:01",188
"2018-12-08 04:42:01",188
"2018-12-08 05:42:02",188
"2018-12-08 06:42:00",188
"2018-12-08 07:42:01",188
"2018-12-08 08:42:00",188
"2018-12-08 09:42:00",188
"2018-12-08 10:42:01",188
"2018-12-08 11:42:00",188
"2018-12-08 12:42:01",188
"2018-12-08 13:41:59",188
"2018-12-08 14:42:00",188
"2018-12-08 15:42:00",188
"2018-12-08 16:42:01",188
"2018-12-08 17:42:01",188
"2018-12-08 18:42:00",188
"2018-12-08 19:42:01",188
"2018-12-08 20:42:03",188
"2018-12-08 21:42:03",188
"2018-12-08 22:42:00",188
"2018-12-08 23:42:02",188
"2018-12-09 00:42:01",188
"2018-12-09 01:42:02",188
"2018-12-09 02:42:01",188
"2018-12-09 03:42:00",188
"2018-12-09 04:42:00",188
"2018-12-09 05:42:00",188
"2018-12-09 06:42:00",188
"2018-12-09 07:42:02",188
"2018-12-09 08:42:01",188
"2018-12-09 09:42:03",188
"2018-12-09 10:42:01",188
"2018-12-09 11:42:02",188
"2018-12-09 12:42:00",188
"2018-12-09 13:42:01",188
"2018-12-09 14:42:00",188
"2018-12-09 15:42:01",188
"2018-12-09 16:42:00",188
"2018-12-09 17:42:00",188
"2018-12-09 18:42:00",188
"2018-12-09 19:42:00",188
"2018-12-09 20:42:00",188
"2018-12-09 21:42:00",188
"2018-12-09 22:42:02",188
"2018-12-09 23:42:01",188
"2018-12-10 00:42:02",188
"2018-12-10 01:42:00",188
"2018-12-10 02:42:00",188
"2018-12-10 03:42:00",188
"2018-12-10 04:42:02",188
"2018-12-10 05:42:00",188
"2018-12-10 06:42:03",188
"2018-12-10 07:42:02",188
"2018-12-10 08:42:00",188
"2018-12-10 09:42:01",188
"2018-12-10 10:42:01",188
"2018-12-10 11:42:00",188
"2018-12-10 12:42:01",188
"2018-12-10 13:42:02",188
"2018-12-10 15:05:34",188
"2018-12-10 15:41:59",188
"2018-12-10 16:42:00",188
"2018-12-10 17:42:01",188
"2018-12-10 18:42:00",188
"2018-12-10 19:42:00",188
"2018-12-10 20:41:59",187
"2018-12-10 21:42:00",187
"2018-12-10 22:42:00",187
"2018-12-10 23:42:00",187
"2018-12-11 00:42:00",187
"2018-12-11 01:41:59",187
"2018-12-11 02:41:59",187
"2018-12-11 03:42:00",187
"2018-12-11 04:41:59",187
"2018-12-11 05:42:01",187
"2018-12-11 06:42:00",187
"2018-12-11 07:42:00",187
"2018-12-11 08:42:00",187
"2018-12-11 09:42:00",187
"2018-12-11 10:41:59",187
"2018-12-11 11:42:01",187
"2018-12-11 12:42:00",187
"2018-12-11 13:41:59",187
"2018-12-11 15:06:33",187
"2018-12-11 15:42:00",187
"2018-12-11 16:42:00",187
"2018-12-11 17:42:00",187
"2018-12-11 18:42:00",187
"2018-12-11 19:42:00",187
"2018-12-11 20:42:00",186
"2018-12-11 21:42:02",186
"2018-12-11 22:42:01",186
"2018-12-11 23:42:00",186
"2018-12-12 00:41:59",186
"2018-12-12 01:41:59",186
"2018-12-12 02:42:00",186
"2018-12-12 03:42:00",186
"2018-12-12 04:41:59",186
"2018-12-12 05:41:58",186
"2018-12-12 06:41:59",186
"2018-12-12 07:41:59",186
"2018-12-12 08:42:00",186
"2018-12-12 09:41:59",186
"2018-12-12 10:42:00",186
"2018-12-12 11:42:01",186
"2018-12-12 12:42:02",186
"2018-12-12 14:07:35",186
"2018-12-12 14:42:01",186
"2018-12-12 15:42:00",186
"2018-12-12 16:42:01",186
"2018-12-12 17:42:00",185
"2018-12-12 18:42:00",185
"2018-12-12 19:42:00",184
"2018-12-12 20:42:00",184
"2018-12-12 21:42:00",185
"2018-12-12 22:42:00",185
"2018-12-12 23:42:00",185
"2018-12-13 00:41:59",185
"2018-12-13 01:42:00",185
"2018-12-13 02:42:00",185
"2018-12-13 03:41:59",185
"2018-12-13 04:42:02",185
"2018-12-13 05:42:02",185
"2018-12-13 06:42:01",185
"2018-12-13 07:42:00",185
"2018-12-13 08:41:59",185
"2018-12-13 09:42:00",185
"2018-12-13 10:41:59",185
"2018-12-13 11:41:59",185
"2018-12-13 12:41:59",185
"2018-12-13 14:06:03",185
"2018-12-13 14:42:01",185
"2018-12-13 15:42:01",185
"2018-12-13 16:42:00",185
"2018-12-13 17:42:01",185
"2018-12-13 18:42:00",185
"2018-12-13 19:42:00",185
"2018-12-13 20:42:01",184
"2018-12-13 21:42:00",184
"2018-12-13 22:42:00",184
"2018-12-13 23:42:00",184
"2018-12-14 00:42:00",184
"2018-12-14 01:42:00",184
"2018-12-14 02:41:59",184
"2018-12-14 03:41:59",184
"2018-12-14 04:42:01",184
"2018-12-14 05:42:00",184
"2018-12-14 06:42:00",184
"2018-12-14 07:42:00",184
"2018-12-14 08:42:00",184
"2018-12-14 09:42:00",184
"2018-12-14 10:42:00",184
"2018-12-14 11:42:00",184
"2018-12-14 12:42:00",184
"2018-12-14 14:06:02",184
"2018-12-14 14:42:02",184
"2018-12-14 15:42:02",184
"2018-12-14 16:42:01",184
"2018-12-14 17:42:02",184
"2018-12-14 18:42:03",183
"2018-12-14 19:42:04",183
"2018-12-14 20:42:02",183
"2018-12-14 21:42:01",184
"2018-12-14 22:42:02",184
"2018-12-14 23:42:02",184
"2018-12-15 00:42:01",184
"2018-12-15 01:42:02",184
"2018-12-15 02:42:00",184
"2018-12-15 03:42:01",184
"2018-12-15 04:42:01",184
"2018-12-15 05:42:03",184
"2018-12-15 06:42:01",184
"2018-12-15 07:42:01",184
"2018-12-15 08:42:00",184
"2018-12-15 09:42:00",184
"2018-12-15 10:42:01",184
"2018-12-15 11:42:01",184
"2018-12-15 12:42:02",184
"2018-12-15 13:42:01",184
"2018-12-15 14:42:01",184
"2018-12-15 15:42:02",184
"2018-12-15 16:42:01",184
"2018-12-15 17:42:02",184
"2018-12-15 18:42:01",184
"2018-12-15 19:42:01",184
"2018-12-15 20:42:01",184
"2018-12-15 21:42:00",184
"2018-12-15 22:42:01",184
"2018-12-15 23:42:00",184
"2018-12-16 00:42:01",184
"2018-12-16 01:42:01",184
"2018-12-16 02:42:00",184
"2018-12-16 03:42:01",184
"2018-12-16 04:42:02",184
"2018-12-16 05:42:00",184
"2018-12-16 06:42:03",184
"2018-12-16 07:42:01",184
"2018-12-16 08:42:00",184
"2018-12-16 09:42:02",184
"2018-12-16 10:42:01",184
"2018-12-16 11:42:01",184
"2018-12-16 12:42:00",184
"2018-12-16 13:42:01",184
"2018-12-16 14:42:01",184
"2018-12-16 15:42:00",184
"2018-12-16 16:42:00",184
"2018-12-16 17:42:03",184
"2018-12-16 18:42:01",184
"2018-12-16 19:42:01",184
"2018-12-16 20:42:01",184
"2018-12-16 21:42:01",184
"2018-12-16 22:42:02",184
"2018-12-16 23:42:02",184
"2018-12-17 00:42:01",184
"2018-12-17 01:42:00",184
"2018-12-17 02:42:01",184
"2018-12-17 03:42:01",184
"2018-12-17 04:42:03",184
"2018-12-17 05:42:01",184
"2018-12-17 06:42:02",184
"2018-12-17 07:42:01",184
"2018-12-17 08:42:01",184
"2018-12-17 09:42:01",184
"2018-12-17 10:42:01",184
"2018-12-17 11:42:00",184
"2018-12-17 12:42:01",184
"2018-12-17 13:42:03",184
"2018-12-17 14:42:05",184
"2018-12-17 15:42:02",184
"2018-12-17 16:42:02",183
"2018-12-17 17:42:01",184
"2018-12-17 18:42:02",184
"2018-12-17 20:07:34",184
"2018-12-17 20:42:02",184
"2018-12-17 21:42:03",184
"2018-12-17 22:42:02",184
"2018-12-17 23:42:01",184
"2018-12-18 00:42:01",184
"2018-12-18 01:42:02",184
"2018-12-18 02:42:00",184
"2018-12-18 03:42:01",184
"2018-12-18 04:42:01",184
"2018-12-18 05:42:01",184
"2018-12-18 06:42:01",184
"2018-12-18 07:42:01",184
"2018-12-18 08:42:01",184
"2018-12-18 09:42:00",184
"2018-12-18 10:42:01",184
"2018-12-18 11:42:00",184
"2018-12-18 12:42:01",184
"2018-12-18 13:42:01",184
"2018-12-18 14:42:01",184
"2018-12-18 15:42:01",185
"2018-12-18 16:42:00",184
"2018-12-18 17:42:01",184
"2018-12-18 18:42:00",184
"2018-12-18 19:42:00",184
"2018-12-18 20:42:02",184
"2018-12-18 21:42:01",184
"2018-12-18 22:42:01",184
"2018-12-18 23:42:02",184
"2018-12-19 00:42:01",184
"2018-12-19 01:42:02",184
"2018-12-19 02:42:01",184
"2018-12-19 03:42:02",184
"2018-12-19 04:42:02",184
"2018-12-19 05:42:03",184
"2018-12-19 06:42:02",184
"2018-12-19 07:42:01",184
"2018-12-19 08:42:01",184
"2018-12-19 09:42:02",184
"2018-12-19 11:42:01",184
"2018-12-19 12:42:01",184
"2018-12-19 13:42:01",184
"2018-12-19 14:42:01",184
"2018-12-19 15:42:01",184
"2018-12-19 16:42:01",184
"2018-12-19 17:42:00",184
"2018-12-19 18:42:01",184
"2018-12-19 19:42:01",185
"2018-12-19 20:42:01",186
"2018-12-19 21:42:04",187
"2018-12-19 22:42:04",187
"2018-12-19 23:42:04",187
"2018-12-20 00:42:04",187
"2018-12-20 01:42:03",187
"2018-12-20 02:42:02",187
"2018-12-20 03:42:03",187
"2018-12-20 04:42:02",187
"2018-12-20 05:42:01",187
"2018-12-20 06:42:01",187
"2018-12-20 07:42:03",187
"2018-12-20 08:42:03",187
"2018-12-20 09:42:01",187
"2018-12-20 10:42:02",187
"2018-12-20 11:42:01",187
"2018-12-20 12:42:01",187
"2018-12-20 13:42:01",187
"2018-12-20 14:42:03",187
"2018-12-20 15:42:02",186
"2018-12-20 16:42:03",185
"2018-12-20 17:42:02",185
"2018-12-20 18:42:01",183
"2018-12-20 19:42:01",183
"2018-12-20 20:42:02",183
"2018-12-20 21:42:02",183
"2018-12-20 22:42:02",182
"2018-12-20 23:42:03",182
"2018-12-21 00:42:02",182
"2018-12-21 01:42:02",182
"2018-12-21 02:42:03",182
"2018-12-21 03:42:01",182
"2018-12-21 04:42:03",182
"2018-12-21 05:42:00",182
"2018-12-21 06:42:02",182
"2018-12-21 07:42:00",182
"2018-12-21 08:42:01",182
"2018-12-21 09:42:01",182
"2018-12-21 10:42:00",182
"2018-12-21 11:42:01",182
"2018-12-21 12:42:01",182
"2018-12-21 13:42:01",182
"2018-12-21 14:42:04",182
"2018-12-21 15:42:02",182
"2018-12-21 16:42:02",183
"2018-12-21 17:42:02",185
"2018-12-21 18:42:04",185
"2018-12-21 19:42:01",184
"2018-12-21 20:42:04",184
"2018-12-21 21:42:03",184
"2018-12-21 22:42:03",184
"2018-12-21 23:42:02",184
"2018-12-22 00:42:03",184
"2018-12-22 01:42:02",184
"2018-12-22 02:42:05",184
"2018-12-22 03:42:00",184
"2018-12-22 04:42:04",184
"2018-12-22 05:42:00",184
"2018-12-22 06:42:03",184
"2018-12-22 07:42:02",184
"2018-12-22 08:42:01",184
"2018-12-22 09:42:00",184
"2018-12-22 10:42:01",184
"2018-12-22 11:42:00",184
"2018-12-22 12:42:00",184
"2018-12-22 13:42:00",184
"2018-12-22 14:42:01",184
"2018-12-22 15:42:01",184
"2018-12-22 16:42:00",184
"2018-12-22 17:42:01",184
"2018-12-22 18:42:01",184
"2018-12-22 19:42:02",184
"2018-12-22 20:42:02",184
"2018-12-22 21:42:02",184
"2018-12-22 22:42:03",184
"2018-12-22 23:42:01",184
"2018-12-23 00:42:01",184
"2018-12-23 01:42:01",184
"2018-12-23 02:42:01",184
"2018-12-23 03:42:03",184
"2018-12-23 04:42:02",184
"2018-12-23 05:42:01",184
"2018-12-23 06:42:03",184
"2018-12-23 07:42:01",184
"2018-12-23 08:42:02",184
"2018-12-23 09:42:01",184
"2018-12-23 10:42:04",184
"2018-12-23 11:42:02",184
"2018-12-23 12:42:01",184
"2018-12-23 13:42:02",184
"2018-12-23 14:42:02",184
"2018-12-23 15:42:02",184
"2018-12-23 16:42:03",184
"2018-12-23 17:42:04",184
"2018-12-23 18:42:02",184
"2018-12-23 19:42:02",184
"2018-12-23 20:42:03",184
"2018-12-23 21:42:03",184
"2018-12-23 22:42:02",184
"2018-12-23 23:42:00",184
"2018-12-24 00:42:02",184
"2018-12-24 01:42:04",184
"2018-12-24 02:42:04",184
"2018-12-24 03:42:04",184
"2018-12-24 04:42:00",184
"2018-12-24 05:42:01",184
"2018-12-24 06:42:02",184
"2018-12-24 07:42:03",184
"2018-12-24 08:42:01",184
"2018-12-24 09:42:04",184
"2018-12-24 10:42:01",184
"2018-12-24 11:42:02",184
"2018-12-24 12:42:01",184
"2018-12-24 13:42:02",184
"2018-12-24 15:05:38",185
"2018-12-24 15:42:04",185
"2018-12-24 16:42:03",185
"2018-12-24 17:42:03",185
"2018-12-24 18:42:05",185
"2018-12-24 19:42:04",185
"2018-12-24 20:42:03",185
"2018-12-24 21:42:01",185
"2018-12-24 22:42:01",185
"2018-12-24 23:42:00",185
"2018-12-25 00:42:02",185
"2018-12-25 01:42:01",185
"2018-12-25 02:42:03",185
"2018-12-25 03:42:02",185
"2018-12-25 04:42:02",185
"2018-12-25 05:42:01",185
"2018-12-25 06:42:02",185
"2018-12-25 07:42:02",185
"2018-12-25 08:42:01",185
"2018-12-25 09:42:01",185
"2018-12-25 10:42:00",185
"2018-12-25 11:42:00",185
"2018-12-25 12:42:01",185
"2018-12-25 13:42:01",185
"2018-12-25 14:42:01",185
"2018-12-25 15:42:01",185
"2018-12-25 16:42:01",185
"2018-12-25 17:42:02",185
"2018-12-25 18:42:01",185
"2018-12-25 19:42:01",185
"2018-12-25 20:42:01",185
"2018-12-25 21:42:01",185
"2018-12-25 22:42:01",185
"2018-12-25 23:42:01",185
"2018-12-26 00:42:02",185
"2018-12-26 01:42:01",185
"2018-12-26 02:42:01",185
"2018-12-26 03:42:01",185
"2018-12-26 04:42:01",185
"2018-12-26 05:42:00",185
"2018-12-26 06:42:03",185
"2018-12-26 07:42:02",185
"2018-12-26 08:42:02",185
"2018-12-26 09:42:00",185
"2018-12-26 10:42:02",185
"2018-12-26 11:42:00",185
"2018-12-26 12:42:01",185
"2018-12-26 13:42:05",185
"2018-12-26 15:07:09",186
"2018-12-26 15:42:03",186
"2018-12-26 16:42:03",185
"2018-12-26 17:42:04",185
"2018-12-26 18:42:02",185
"2018-12-26 19:42:03",185
"2018-12-26 20:42:04",185
"2018-12-26 21:42:04",185
"2018-12-26 22:42:04",185
"2018-12-26 23:42:04",185
"2018-12-27 00:42:04",185
"2018-12-27 01:42:04",185
"2018-12-27 02:42:04",185
"2018-12-27 03:42:05",185
"2018-12-27 04:42:02",185
"2018-12-27 05:42:03",185
"2018-12-27 06:42:02",185
"2018-12-27 07:42:03",185
"2018-12-27 08:42:02",185
"2018-12-27 09:42:03",185
"2018-12-27 10:42:04",185
"2018-12-27 11:42:02",185
"2018-12-27 12:42:02",185
"2018-12-27 13:42:01",185
"2018-12-27 14:42:02",185
"2018-12-27 15:42:01",185
"2018-12-27 16:42:02",185
"2018-12-27 17:42:04",185
"2018-12-27 18:42:05",185
"2018-12-27 19:42:05",185
"2018-12-27 20:42:02",185
"2018-12-27 21:42:04",185
"2018-12-27 22:42:08",185
"2018-12-27 23:42:08",185
"2018-12-28 00:42:06",185
"2018-12-28 01:42:05",185
"2018-12-28 02:42:05",185
"2018-12-28 03:42:02",185
"2018-12-28 04:42:04",185
"2018-12-28 05:42:03",185
"2018-12-28 06:42:06",185
"2018-12-28 07:42:06",185
"2018-12-28 08:42:04",185
"2018-12-28 09:42:04",185
"2018-12-28 10:42:02",185
"2018-12-28 11:42:03",185
"2018-12-28 12:42:02",185
"2018-12-28 13:42:02",185
"2018-12-28 14:42:04",185
"2018-12-28 16:07:37",185
"2018-12-28 16:42:03",185
"2018-12-28 17:42:05",185
"2018-12-28 18:42:04",185
"2018-12-28 19:42:03",185
"2018-12-28 20:42:04",185
"2018-12-28 21:42:04",186
"2018-12-28 22:42:02",186
"2018-12-28 23:42:04",186
"2018-12-29 00:42:02",186
"2018-12-29 01:42:02",186
"2018-12-29 02:42:03",186
"2018-12-29 03:42:02",186
"2018-12-29 04:42:03",186
"2018-12-29 05:42:03",186
"2018-12-29 06:42:01",186
"2018-12-29 07:42:05",186
"2018-12-29 08:42:05",186
"2018-12-29 09:42:03",186
"2018-12-29 10:42:03",186
"2018-12-29 11:42:03",186
"2018-12-29 12:42:02",186
"2018-12-29 13:42:02",186
"2018-12-29 14:42:01",186
"2018-12-29 15:42:02",186
"2018-12-29 16:42:03",186
"2018-12-29 17:42:02",186
"2018-12-29 18:42:04",186
"2018-12-29 19:42:05",186
"2018-12-29 20:42:02",186
"2018-12-29 21:42:06",186
"2018-12-29 22:42:03",186
"2018-12-29 23:42:06",186
"2018-12-30 00:42:02",186
"2018-12-30 01:42:03",186
"2018-12-30 02:42:01",186
"2018-12-30 03:42:02",186
"2018-12-30 04:42:02",186
"2018-12-30 05:42:02",186
"2018-12-30 06:42:01",186
"2018-12-30 07:42:02",186
"2018-12-30 08:42:02",186
"2018-12-30 09:42:01",186
"2018-12-30 10:42:01",186
"2018-12-30 11:42:02",186
"2018-12-30 12:42:02",186
"2018-12-30 13:42:02",186
"2018-12-30 14:42:02",186
"2018-12-30 15:42:01",186
"2018-12-30 16:42:02",186
"2018-12-30 17:42:02",186
"2018-12-30 18:42:01",186
"2018-12-30 19:42:02",186
"2018-12-30 20:42:01",186
"2018-12-30 21:42:03",186
"2018-12-30 22:42:03",186
"2018-12-30 23:42:02",186
"2018-12-31 00:42:02",186
"2018-12-31 01:42:02",186
"2018-12-31 02:42:01",186
"2018-12-31 03:42:03",186
"2018-12-31 04:42:03",186
"2018-12-31 05:42:05",186
"2018-12-31 06:42:02",186
"2018-12-31 07:42:02",186
"2018-12-31 08:42:02",186
"2018-12-31 09:42:03",186
"2018-12-31 10:42:03",186
"2018-12-31 11:42:02",186
"2018-12-31 12:42:01",186
"2018-12-31 13:42:01",186
"2018-12-31 14:42:04",186
"2018-12-31 15:42:02",193
"2018-12-31 16:42:02",194
"2018-12-31 17:42:03",194
"2018-12-31 18:42:02",194
"2018-12-31 19:42:03",194
"2018-12-31 20:42:03",194
"2018-12-31 21:42:03",194
"2018-12-31 22:42:03",194
"2018-12-31 23:42:02",194
"2019-01-01 00:42:03",194
"2019-01-01 01:42:03",194
"2019-01-01 02:42:03",194
"2019-01-01 03:42:02",194
"2019-01-01 04:42:02",194
"2019-01-01 05:42:02",194
"2019-01-01 06:42:02",194
"2019-01-01 07:42:02",194
"2019-01-01 08:42:02",194
"2019-01-01 09:42:01",194
"2019-01-01 10:42:01",194
"2019-01-01 11:42:02",194
"2019-01-01 12:42:01",194
"2019-01-01 13:42:02",194
"2019-01-01 14:42:02",194
"2019-01-01 15:42:02",194
"2019-01-01 16:42:02",194
"2019-01-01 17:42:02",194
"2019-01-01 18:42:01",194
"2019-01-01 19:42:02",194
"2019-01-01 20:42:02",194
"2019-01-01 21:42:02",194
"2019-01-01 22:42:04",194
"2019-01-01 23:42:01",194
"2019-01-02 00:42:02",194
"2019-01-02 01:42:01",194
"2019-01-02 02:42:03",194
"2019-01-02 03:42:02",194
"2019-01-02 04:42:02",194
"2019-01-02 05:42:03",194
"2019-01-02 06:42:02",194
"2019-01-02 07:42:03",194
"2019-01-02 08:42:02",194
"2019-01-02 09:42:02",194
"2019-01-02 10:42:03",194
"2019-01-02 11:42:01",194
"2019-01-02 12:42:01",194
"2019-01-02 13:42:02",194
"2019-01-02 15:07:08",196
"2019-01-02 15:42:02",196
"2019-01-02 16:42:01",197
"2019-01-02 17:42:02",197
"2019-01-02 18:42:04",197
"2019-01-02 19:42:04",197
"2019-01-02 20:42:04",197
"2019-01-02 21:42:03",197
"2019-01-02 22:42:03",197
"2019-01-02 23:42:05",197
"2019-01-03 00:42:04",197
"2019-01-03 01:42:03",197
"2019-01-03 02:42:04",197
"2019-01-03 03:42:03",197
"2019-01-03 05:42:04",197
"2019-01-03 06:42:03",197
"2019-01-03 07:42:04",197
"2019-01-03 08:42:03",197
"2019-01-03 09:42:03",197
"2019-01-03 10:42:03",197
"2019-01-03 11:42:02",197
"2019-01-03 12:42:03",197
"2019-01-03 13:42:02",197
"2019-01-03 14:42:05",197
"2019-01-03 15:42:06",198
"2019-01-03 16:42:06",199
"2019-01-03 17:42:07",199
"2019-01-03 18:42:04",200
"2019-01-03 19:42:05",200
"2019-01-03 20:42:04",200
"2019-01-03 21:42:05",201
"2019-01-03 22:42:06",201
"2019-01-03 23:42:03",201
"2019-01-04 00:42:05",201
"2019-01-04 01:42:04",201
"2019-01-04 02:42:06",201
"2019-01-04 03:42:04",201
"2019-01-04 04:42:03",201
"2019-01-04 05:42:04",201
"2019-01-04 06:42:04",201
"2019-01-04 07:42:03",201
"2019-01-04 08:42:03",201
"2019-01-04 09:42:04",201
"2019-01-04 10:42:03",201
"2019-01-04 11:42:04",201
"2019-01-04 12:42:03",201
"2019-01-04 13:42:03",201
"2019-01-04 15:06:39",202
"2019-01-04 15:42:05",202
"2019-01-04 16:42:04",202
"2019-01-04 17:42:03",202
"2019-01-04 18:42:05",202
"2019-01-04 19:42:05",202
"2019-01-04 20:42:04",203
"2019-01-04 21:42:04",203
"2019-01-04 22:42:02",203
"2019-01-04 23:42:04",203
"2019-01-05 00:42:06",203
"2019-01-05 01:42:04",203
"2019-01-05 02:42:05",203
"2019-01-05 03:42:03",203
"2019-01-05 04:42:04",203
"2019-01-05 05:42:03",203
"2019-01-05 06:42:02",203
"2019-01-05 07:42:03",203
"2019-01-05 08:42:04",203
"2019-01-05 09:42:04",203
"2019-01-05 10:42:03",203
"2019-01-05 11:42:02",203
"2019-01-05 12:42:03",203
"2019-01-05 13:42:03",203
"2019-01-05 14:42:03",203
"2019-01-05 15:42:03",203
"2019-01-05 16:42:03",203
"2019-01-05 17:42:03",203
"2019-01-05 18:42:03",203
"2019-01-05 19:42:06",203
"2019-01-05 20:42:03",203
"2019-01-05 21:42:05",203
"2019-01-05 22:42:03",203
"2019-01-05 23:42:03",203
"2019-01-06 00:42:03",203
"2019-01-06 01:42:03",203
"2019-01-06 02:42:03",203
"2019-01-06 03:42:03",203
"2019-01-06 04:42:03",203
"2019-01-06 05:42:03",203
"2019-01-06 06:42:02",203
"2019-01-06 07:42:04",203
"2019-01-06 08:42:02",203
"2019-01-06 09:42:02",203
"2019-01-06 10:42:02",203
"2019-01-06 11:42:02",203
"2019-01-06 12:42:03",203
"2019-01-06 13:42:03",203
"2019-01-06 14:42:03",203
"2019-01-06 15:42:03",203
"2019-01-06 16:42:03",203
"2019-01-06 17:42:03",203
"2019-01-06 18:42:02",203
"2019-01-06 19:42:02",203
"2019-01-06 20:42:02",203
"2019-01-06 21:42:02",203
"2019-01-06 22:42:02",203
"2019-01-06 23:42:03",203
"2019-01-07 00:42:02",203
"2019-01-07 01:42:02",203
"2019-01-07 02:42:04",203
"2019-01-07 03:42:04",203
"2019-01-07 04:42:03",203
"2019-01-07 05:42:02",203
"2019-01-07 06:42:03",203
"2019-01-07 07:42:03",203
"2019-01-07 08:42:03",203
"2019-01-07 09:42:04",203
"2019-01-07 10:42:05",203
"2019-01-07 11:42:03",203
"2019-01-07 12:42:04",203
"2019-01-07 14:07:35",203
"2019-01-07 14:42:04",203
"2019-01-07 15:42:05",204
"2019-01-07 16:42:05",201
"2019-01-07 17:42:07",201
"2019-01-07 18:42:04",201
"2019-01-07 19:42:03",200
"2019-01-07 20:42:06",200
"2019-01-07 21:42:05",200
"2019-01-07 22:42:03",200
"2019-01-07 23:42:06",200
"2019-01-08 00:42:02",200
"2019-01-08 01:42:04",200
"2019-01-08 02:42:05",200
"2019-01-08 03:42:04",200
"2019-01-08 04:42:04",200
"2019-01-08 05:42:04",200
"2019-01-08 06:42:03",200
"2019-01-08 07:42:03",200
"2019-01-08 08:42:04",200
"2019-01-08 09:42:03",200
"2019-01-08 10:42:04",200
"2019-01-08 11:42:04",200
"2019-01-08 12:42:04",200
"2019-01-08 13:42:04",200
"2019-01-08 14:42:06",200
"2019-01-08 15:42:06",201
"2019-01-08 16:42:04",202
"2019-01-08 17:42:04",202
"2019-01-08 18:42:04",202
"2019-01-08 19:42:04",202
"2019-01-08 20:42:03",202
"2019-01-08 21:42:04",202
"2019-01-08 22:42:03",202
"2019-01-08 23:42:05",202
"2019-01-09 00:42:03",202
"2019-01-09 01:42:04",202
"2019-01-09 02:42:07",202
"2019-01-09 04:42:04",202
"2019-01-09 05:42:05",202
"2019-01-09 06:42:04",202
"2019-01-09 07:42:06",202
"2019-01-09 08:42:05",202
"2019-01-09 09:42:04",202
"2019-01-09 10:42:04",202
"2019-01-09 11:42:03",202
"2019-01-09 12:42:02",202
"2019-01-09 14:07:36",202
"2019-01-09 14:42:05",202
"2019-01-09 15:42:04",201
"2019-01-09 16:42:05",201
"2019-01-09 17:42:03",201
"2019-01-09 18:42:05",201
"2019-01-09 19:42:04",200
"2019-01-09 20:42:07",200
"2019-01-09 21:42:05",200
"2019-01-09 22:42:04",200
"2019-01-09 23:42:03",200
"2019-01-10 00:42:02",200
"2019-01-10 01:42:02",200
"2019-01-10 02:42:03",200
"2019-01-10 03:42:03",200
"2019-01-10 04:42:02",200
"2019-01-10 05:42:03",200
"2019-01-10 06:42:02",200
"2019-01-10 07:42:03",200
"2019-01-10 08:42:03",200
"2019-01-10 09:42:03",200
"2019-01-10 10:42:03",200
"2019-01-10 11:42:02",200
"2019-01-10 12:42:02",200
"2019-01-10 13:42:03",200
"2019-01-10 15:06:38",199
"2019-01-10 15:42:05",199
"2019-01-10 16:42:04",199
"2019-01-10 17:42:04",200
"2019-01-10 18:42:03",200
"2019-01-10 19:42:02",200
"2019-01-10 20:42:05",200
"2019-01-10 21:42:05",200
"2019-01-10 22:42:03",200
"2019-01-10 23:42:03",200
"2019-01-11 00:42:04",200
"2019-01-11 01:42:02",200
"2019-01-11 02:42:04",200
"2019-01-11 03:42:03",200
"2019-01-11 04:42:03",200
"2019-01-11 05:42:04",200
"2019-01-11 06:42:02",200
"2019-01-11 07:42:06",200
"2019-01-11 08:42:03",200
"2019-01-11 09:42:03",200
"2019-01-11 10:42:02",200
"2019-01-11 11:42:03",200
"2019-01-11 12:42:04",200
"2019-01-11 13:42:03",200
"2019-01-11 14:42:06",200
"2019-01-11 15:42:06",200
"2019-01-11 16:42:03",200
"2019-01-11 17:42:04",201
"2019-01-11 18:42:03",200
"2019-01-11 19:42:06",200
"2019-01-11 20:42:05",200
"2019-01-11 21:42:03",199
"2019-01-11 22:42:04",199
"2019-01-11 23:42:03",199
"2019-01-12 00:42:03",199
"2019-01-12 01:42:04",199
"2019-01-12 02:42:02",199
"2019-01-12 03:42:04",199
"2019-01-12 04:42:02",199
"2019-01-12 05:42:02",199
"2019-01-12 06:42:03",199
"2019-01-12 07:42:02",199
"2019-01-12 08:42:02",199
"2019-01-12 09:42:03",199
"2019-01-12 10:42:03",199
"2019-01-12 11:42:03",199
"2019-01-12 12:42:02",199
"2019-01-12 13:42:02",199
"2019-01-12 14:42:03",199
"2019-01-12 15:42:02",199
"2019-01-12 16:42:03",199
"2019-01-12 17:42:04",199
"2019-01-12 18:42:02",199
"2019-01-12 19:42:04",199
"2019-01-12 20:42:03",199
"2019-01-12 21:42:03",199
"2019-01-12 22:42:03",199
"2019-01-12 23:42:05",199
"2019-01-13 00:42:03",199
"2019-01-13 01:42:02",199
"2019-01-13 02:42:03",199
"2019-01-13 03:42:03",199
"2019-01-13 04:42:04",199
"2019-01-13 05:42:03",199
"2019-01-13 06:42:03",199
"2019-01-13 07:42:03",199
"2019-01-13 08:42:02",199
"2019-01-13 09:42:04",199
"2019-01-13 10:42:06",199
"2019-01-13 11:42:05",199
"2019-01-13 12:42:02",199
"2019-01-13 13:42:03",199
"2019-01-13 14:42:02",199
"2019-01-13 15:42:03",199
"2019-01-13 16:42:02",199
"2019-01-13 17:42:03",199
"2019-01-13 18:42:02",199
"2019-01-13 19:42:03",199
"2019-01-13 20:42:04",199
"2019-01-13 21:42:03",199
"2019-01-13 22:42:03",199
"2019-01-13 23:42:03",199
"2019-01-14 00:42:02",199
"2019-01-14 01:42:02",199
"2019-01-14 02:42:03",199
"2019-01-14 03:42:02",199
"2019-01-14 04:42:03",199
"2019-01-14 05:42:04",199
"2019-01-14 06:42:02",199
"2019-01-14 07:42:02",199
"2019-01-14 08:42:02",199
"2019-01-14 09:42:03",199
"2019-01-14 10:42:03",199
"2019-01-14 11:42:02",199
"2019-01-14 12:42:03",199
"2019-01-14 13:42:03",199
"2019-01-14 14:42:03",199
"2019-01-14 15:42:05",197
"2019-01-14 16:42:04",196
"2019-01-14 17:42:03",196
"2019-01-14 18:42:03",196
"2019-01-14 19:42:04",196
"2019-01-14 20:42:02",196
"2019-01-14 21:42:03",196
"2019-01-14 22:42:02",196
"2019-01-14 23:42:02",196
"2019-01-15 00:42:03",196
"2019-01-15 01:42:02",196
"2019-01-15 02:42:02",196
"2019-01-15 03:42:02",196
"2019-01-15 04:42:05",196
"2019-01-15 05:42:02",196
"2019-01-15 06:42:02",196
"2019-01-15 07:42:02",196
"2019-01-15 08:42:02",196
"2019-01-15 09:42:02",196
"2019-01-15 10:42:02",196
"2019-01-15 11:42:02",196
"2019-01-15 12:42:03",196
"2019-01-15 13:42:02",196
"2019-01-15 14:42:06",196
"2019-01-15 15:42:04",196
"2019-01-15 16:42:04",196
"2019-01-15 17:42:03",196
"2019-01-15 18:42:03",196
"2019-01-15 19:42:03",196
"2019-01-15 20:42:04",196
"2019-01-15 21:42:03",196
"2019-01-15 22:42:04",196
"2019-01-15 23:42:04",196
"2019-01-16 00:42:03",196
"2019-01-16 01:42:07",196
"2019-01-16 02:42:03",196
"2019-01-16 03:42:02",196
"2019-01-16 04:42:03",196
"2019-01-16 05:42:02",196
"2019-01-16 06:42:02",196
"2019-01-16 07:42:02",196
"2019-01-16 08:42:01",196
"2019-01-16 09:42:02",196
"2019-01-16 10:42:02",196
"2019-01-16 11:42:01",196
"2019-01-16 12:42:02",196
"2019-01-16 14:08:37",196
"2019-01-16 15:07:38",195
"2019-01-16 15:42:04",195
"2019-01-16 16:42:04",195
"2019-01-16 17:42:03",194
"2019-01-16 18:42:06",194
"2019-01-16 19:42:04",194
"2019-01-16 20:42:04",194
"2019-01-16 21:42:04",194
"2019-01-16 22:42:03",194
"2019-01-16 23:42:02",194
"2019-01-17 00:42:03",194
"2019-01-17 01:42:04",194
"2019-01-17 02:42:05",194
"2019-01-17 03:42:04",194
"2019-01-17 04:42:05",194
"2019-01-17 05:42:03",194
"2019-01-17 06:42:03",194
"2019-01-17 07:42:03",194
"2019-01-17 08:42:03",194
"2019-01-17 09:42:04",194
"2019-01-17 10:42:04",194
"2019-01-17 11:42:04",194
"2019-01-17 12:42:03",194
"2019-01-17 13:42:03",194
"2019-01-17 15:08:09",194
"2019-01-17 15:42:05",194
"2019-01-17 16:42:03",194
"2019-01-17 17:42:03",194
"2019-01-17 18:42:04",194
"2019-01-17 19:42:04",194
"2019-01-17 20:42:04",194
"2019-01-17 21:42:03",194
"2019-01-17 22:42:03",194
"2019-01-17 23:42:03",194
"2019-01-18 00:42:03",194
"2019-01-18 01:42:04",194
"2019-01-18 02:42:03",194
"2019-01-18 03:42:05",194
"2019-01-18 04:42:04",194
"2019-01-18 05:42:03",194
"2019-01-18 06:42:03",194
"2019-01-18 07:42:03",194
"2019-01-18 08:42:02",194
"2019-01-18 09:42:04",194
"2019-01-18 10:42:03",194
"2019-01-18 11:42:02",194
"2019-01-18 12:42:04",194
"2019-01-18 13:42:03",194
"2019-01-18 14:42:06",194
"2019-01-18 15:42:05",195
"2019-01-18 16:42:05",194
"2019-01-18 17:42:05",194
"2019-01-18 18:42:04",194
"2019-01-18 19:42:02",194
"2019-01-18 20:42:05",194
"2019-01-18 21:42:03",194
"2019-01-18 22:42:03",194
"2019-01-18 23:42:03",194
"2019-01-19 00:42:03",194
"2019-01-19 01:42:04",194
"2019-01-19 02:42:04",194
"2019-01-19 03:42:03",194
"2019-01-19 04:42:04",194
"2019-01-19 05:42:03",194
"2019-01-19 06:42:03",194
"2019-01-19 07:42:03",194
"2019-01-19 08:42:03",194
"2019-01-19 09:42:04",194
"2019-01-19 10:42:04",194
"2019-01-19 11:42:03",194
"2019-01-19 12:42:02",194
"2019-01-19 13:42:04",194
"2019-01-19 14:42:03",194
"2019-01-19 15:42:04",194
"2019-01-19 16:42:03",194
"2019-01-19 17:42:03",194
"2019-01-19 18:42:02",194
"2019-01-19 19:42:03",194
"2019-01-19 20:42:03",194
"2019-01-19 21:42:03",194
"2019-01-19 22:42:03",194
"2019-01-19 23:42:04",194
"2019-01-20 00:42:04",194
"2019-01-20 01:42:03",194
"2019-01-20 02:42:04",194
"2019-01-20 03:42:03",194
"2019-01-20 04:42:05",194
"2019-01-20 05:42:03",194
"2019-01-20 06:42:03",194
"2019-01-20 07:42:03",194
"2019-01-20 08:42:03",194
"2019-01-20 09:42:03",194
"2019-01-20 10:42:03",194
"2019-01-20 11:42:03",194
"2019-01-20 12:42:03",194
"2019-01-20 13:42:03",194
"2019-01-20 14:42:03",194
"2019-01-20 15:42:04",194
"2019-01-20 16:42:04",194
"2019-01-20 17:42:04",194
"2019-01-20 18:42:03",194
"2019-01-20 19:42:03",194
"2019-01-20 20:42:03",194
"2019-01-20 21:42:03",194
"2019-01-20 22:42:03",194
"2019-01-20 23:42:04",194
"2019-01-21 00:42:03",194
"2019-01-21 01:42:04",194
"2019-01-21 02:42:04",194
"2019-01-21 03:42:03",194
"2019-01-21 04:42:04",194
"2019-01-21 05:42:03",194
"2019-01-21 06:42:02",194
"2019-01-21 07:42:03",194
"2019-01-21 08:42:03",194
"2019-01-21 09:42:04",194
"2019-01-21 10:42:03",194
"2019-01-21 11:42:03",194
"2019-01-21 12:42:03",194
"2019-01-21 13:42:02",194
"2019-01-21 14:42:03",194
"2019-01-21 15:42:02",194
"2019-01-21 16:42:03",194
"2019-01-21 17:42:03",194
"2019-01-21 18:42:03",194
"2019-01-21 19:42:02",194
"2019-01-21 20:42:03",194
"2019-01-21 21:42:02",194
"2019-01-21 22:42:04",194
"2019-01-21 23:42:03",194
"2019-01-22 00:42:03",194
"2019-01-22 01:42:02",194
"2019-01-22 02:42:03",194
"2019-01-22 03:42:03",194
"2019-01-22 04:42:04",194
"2019-01-22 05:42:04",194
"2019-01-22 06:42:02",194
"2019-01-22 07:42:03",194
"2019-01-22 08:42:03",194
"2019-01-22 09:42:02",194
"2019-01-22 10:42:03",194
"2019-01-22 11:42:02",194
"2019-01-22 12:42:03",194
"2019-01-22 13:42:03",194
"2019-01-22 14:42:03",194
"2019-01-22 15:42:03",192
"2019-01-22 16:42:03",192
"2019-01-22 17:42:03",193
"2019-01-22 18:42:03",193
"2019-01-22 19:42:04",193
"2019-01-22 20:42:04",194
"2019-01-22 21:42:04",194
"2019-01-22 22:42:02",194
"2019-01-22 23:42:03",194
"2019-01-23 00:42:03",194
"2019-01-23 01:42:03",194
"2019-01-23 02:42:03",194
"2019-01-23 03:42:04",194
"2019-01-23 04:42:04",194
"2019-01-23 05:42:03",194
"2019-01-23 06:42:04",194
"2019-01-23 07:42:04",194
"2019-01-23 08:42:04",194
"2019-01-23 09:42:05",194
"2019-01-23 10:42:04",194
"2019-01-23 11:42:02",194
"2019-01-23 12:42:03",194
"2019-01-23 13:42:03",194
"2019-01-23 15:06:06",194
"2019-01-23 15:42:03",194
"2019-01-23 16:42:02",194
"2019-01-23 17:42:03",194
"2019-01-23 18:42:03",194
"2019-01-23 19:42:03",194
"2019-01-23 20:42:02",194
"2019-01-23 21:42:03",194
"2019-01-23 22:42:03",194
"2019-01-23 23:42:03",194
"2019-01-30 08:08:32",193
"2019-01-30 08:14:03",193
"2019-01-30 08:20:08",193
"2019-01-30 08:44:14",193
"2019-01-30 08:44:18",193
"2019-01-30 09:44:11",193
"2019-01-30 09:44:16",193
"2019-01-30 10:44:12",193
"2019-01-30 10:44:17",193
"2019-01-30 11:44:13",193
"2019-01-30 11:44:17",193
"2019-01-30 12:44:14",193
"2019-01-30 12:44:19",193
"2019-01-30 13:44:12",193
"2019-01-30 13:44:17",193
"2019-01-30 14:44:14",193
"2019-01-30 14:44:18",193
"2019-01-30 15:44:13",193
"2019-01-30 15:44:18",193
"2019-01-30 16:44:12",192
"2019-01-30 16:44:17",192
"2019-01-30 17:44:14",192
"2019-01-30 17:44:18",192
"2019-01-30 18:44:12",192
"2019-01-30 18:44:16",192
"2019-01-30 19:44:16",190
"2019-01-30 19:44:20",190
"2019-01-30 20:43:09",191
"2019-01-30 21:44:14",190
"2019-01-30 21:44:16",190
"2019-01-30 22:44:12",190
"2019-01-30 22:44:16",190
"2019-01-30 23:44:15",190
"2019-01-30 23:44:19",190
"2019-01-31 00:44:17",190
"2019-01-31 00:44:21",190
"2019-01-31 01:44:12",190
"2019-01-31 01:44:16",190
"2019-01-31 02:44:14",190
"2019-01-31 02:44:19",190
"2019-01-31 03:44:14",190
"2019-01-31 03:44:18",190
"2019-01-31 04:44:12",190
"2019-01-31 04:44:16",190
"2019-01-31 05:44:13",190
"2019-01-31 05:44:16",190
"2019-01-31 06:44:15",190
"2019-01-31 06:44:19",190
"2019-01-31 08:10:59",190
"2019-01-31 08:15:34",190
"2019-01-31 08:42:09",190
"2019-01-31 10:05:42",190
"2019-01-31 10:42:10",190
"2019-01-31 11:42:08",190
"2019-01-31 12:42:08",190
"2019-01-31 13:42:09",190
"2019-01-31 15:42:09",190
"2019-01-31 16:42:13",188
"2019-01-31 17:42:11",188
"2019-01-31 18:42:10",188
"2019-01-31 19:42:12",188
"2019-01-31 20:42:10",188
"2019-01-31 21:42:10",188
"2019-01-31 22:42:09",188
"2019-01-31 23:42:08",188
"2019-02-01 00:42:09",188
"2019-02-01 01:42:10",188
"2019-02-01 02:42:11",188
"2019-02-01 03:42:10",188
"2019-02-01 04:42:09",188
"2019-02-01 05:42:09",188
"2019-02-01 06:42:09",188
"2019-02-01 07:42:10",188
"2019-02-01 08:42:09",188
"2019-02-01 09:42:09",188
"2019-02-01 10:42:09",188
"2019-02-01 11:42:10",188
"2019-02-01 12:42:09",188
"2019-02-01 13:42:09",188
"2019-02-01 14:42:10",188
"2019-02-01 15:42:10",188
"2019-02-01 16:42:10",188
"2019-02-01 17:42:09",188
"2019-02-01 18:42:13",188
"2019-02-01 19:42:12",187
"2019-02-01 20:42:09",187
"2019-02-01 21:42:11",187
"2019-02-01 22:42:11",187
"2019-02-02 00:07:12",187
"2019-02-02 00:42:10",187
"2019-02-02 01:42:10",187
"2019-02-02 02:42:10",187
"2019-02-02 03:42:09",187
"2019-02-02 04:42:09",187
"2019-02-02 05:42:08",187
"2019-02-02 06:42:09",187
"2019-02-02 07:42:09",187
"2019-02-02 08:42:08",187
"2019-02-02 09:42:09",187
"2019-02-02 10:42:08",187
"2019-02-02 11:42:09",187
"2019-02-02 12:42:09",187
"2019-02-02 13:42:10",187
"2019-02-02 14:42:10",187
"2019-02-02 15:42:09",187
"2019-02-02 16:42:12",187
"2019-02-02 17:42:10",187
"2019-02-02 18:42:11",187
"2019-02-02 19:42:09",187
"2019-02-02 20:42:11",187
"2019-02-02 21:42:08",187
"2019-02-02 22:42:10",187
"2019-02-02 23:42:10",187
"2019-02-03 00:42:10",187
"2019-02-03 01:42:09",187
"2019-02-03 02:42:10",187
"2019-02-03 03:42:10",187
"2019-02-03 04:42:11",187
"2019-02-03 05:42:07",187
"2019-02-03 06:42:10",187
"2019-02-03 07:42:09",187
"2019-02-03 08:42:08",187
"2019-02-03 09:42:09",187
"2019-02-03 10:42:08",187
"2019-02-03 11:42:10",187
"2019-02-03 12:42:09",187
"2019-02-03 13:42:10",187
"2019-02-03 14:42:11",187
"2019-02-03 15:42:09",187
"2019-02-03 16:42:10",187
"2019-02-03 17:42:10",187
"2019-02-03 18:42:12",187
"2019-02-03 19:42:08",187
"2019-02-03 20:42:10",187
"2019-02-03 21:42:11",187
"2019-02-03 22:42:12",187
"2019-02-03 23:42:11",187
"2019-02-04 00:42:11",187
"2019-02-04 01:42:10",187
"2019-02-04 02:42:11",187
"2019-02-04 03:42:10",187
"2019-02-04 04:42:11",187
"2019-02-04 05:42:09",187
"2019-02-04 06:42:09",187
"2019-02-04 07:42:09",187
"2019-02-04 08:42:09",187
"2019-02-04 09:42:09",187
"2019-02-04 10:42:10",187
"2019-02-04 11:42:09",187
"2019-02-04 12:42:08",187
"2019-02-04 13:42:09",187
"2019-02-04 14:42:10",187
"2019-02-04 15:42:11",187
"2019-02-04 16:42:10",187
"2019-02-04 17:42:09",187
"2019-02-04 18:42:11",186
"2019-02-04 19:42:09",187
"2019-02-04 20:42:12",187
"2019-02-04 21:42:10",186
"2019-02-04 22:42:11",186
"2019-02-04 23:42:12",186
"2019-02-05 00:42:11",186
"2019-02-05 01:42:13",186
"2019-02-05 02:42:11",186
"2019-02-05 03:42:10",186
"2019-02-05 04:42:20",186
"2019-02-05 05:42:11",186
"2019-02-05 06:42:11",186
"2019-02-05 07:42:10",186
"2019-02-05 08:42:11",186
"2019-02-05 09:42:10",186
"2019-02-05 10:42:11",186
"2019-02-05 11:42:09",186
"2019-02-05 12:42:09",186
"2019-02-05 13:42:10",186
"2019-02-05 14:42:11",186
"2019-02-05 15:42:09",186
"2019-02-05 16:42:12",186
"2019-02-05 17:42:10",186
"2019-02-05 18:42:12",186
"2019-02-05 19:42:12",186
"2019-02-05 20:42:11",186
"2019-02-05 21:42:10",186
"2019-02-05 22:42:12",186
"2019-02-05 23:42:14",186
"2019-02-06 00:42:12",186
"2019-02-06 01:42:10",186
"2019-02-06 02:42:10",186
"2019-02-06 03:42:11",186
"2019-02-06 04:42:10",186
"2019-02-06 05:42:10",186
"2019-02-06 06:42:12",186
"2019-02-06 07:42:12",186
"2019-02-06 08:42:07",186
"2019-02-06 09:42:06",186
"2019-02-07 02:42:15",186
"2019-02-07 03:42:09",186
"2019-02-07 04:42:10",186
"2019-02-07 05:42:10",186
"2019-02-07 06:42:08",186
"2019-02-07 07:42:09",186
"2019-02-07 08:42:09",186
"2019-02-07 09:42:09",186
"2019-02-07 10:42:11",186
"2019-02-07 11:42:12",186
"2019-02-07 12:42:11",186
"2019-02-07 13:42:11",186
"2019-02-07 15:05:43",186
"2019-02-07 15:42:12",186
"2019-02-07 16:42:15",186
"2019-02-07 17:42:11",186
"2019-02-07 18:42:14",186
"2019-02-07 19:42:14",186
"2019-02-07 20:42:12",187
"2019-02-07 21:42:12",187
"2019-02-07 22:42:11",187
"2019-02-07 23:42:12",187
"2019-02-08 00:42:43",187
"2019-02-08 01:42:12",187
"2019-02-08 02:42:12",187
"2019-02-08 03:42:15",187
"2019-02-08 04:42:11",187
"2019-02-08 05:42:10",187
"2019-02-08 06:42:10",187
"2019-02-08 07:42:10",187
"2019-02-08 08:42:09",187
"2019-02-08 09:42:11",187
"2019-02-08 10:42:11",187
"2019-02-08 11:42:12",187
"2019-02-08 12:42:13",187
"2019-02-08 13:42:12",187
"2019-02-08 15:06:45",187
"2019-02-08 15:42:11",187
"2019-02-08 16:42:12",186
"2019-02-08 17:42:14",187
"2019-02-08 18:42:16",188
"2019-02-08 19:42:15",188
"2019-02-08 20:42:15",186
"2019-02-08 21:42:14",186
"2019-02-08 22:42:12",186
"2019-02-08 23:42:12",186
"2019-02-09 00:42:13",186
"2019-02-09 01:42:12",186
"2019-02-09 02:42:12",186
"2019-02-09 03:42:11",186
"2019-02-09 04:42:14",186
"2019-02-09 05:42:13",186
"2019-02-09 06:42:12",186
"2019-02-09 07:42:12",186
"2019-02-09 08:42:11",186
"2019-02-09 09:42:12",186
"2019-02-09 10:42:12",186
"2019-02-09 11:42:11",186
"2019-02-09 12:42:14",186
"2019-02-09 13:42:12",186
"2019-02-09 14:42:12",186
"2019-02-09 15:42:14",186
"2019-02-09 16:42:13",186
"2019-02-09 17:42:14",186
"2019-02-09 18:42:12",186
"2019-02-09 19:42:13",186
"2019-02-09 20:42:12",186
"2019-02-09 21:42:14",186
"2019-02-09 22:42:13",186
"2019-02-09 23:42:14",186
"2019-02-10 00:42:12",186
"2019-02-10 01:42:13",186
"2019-02-10 02:42:13",186
"2019-02-10 03:42:11",186
"2019-02-10 04:42:15",186
"2019-02-10 05:42:15",186
"2019-02-10 06:42:14",186
"2019-02-10 07:42:11",186
"2019-02-10 08:42:12",186
"2019-02-10 09:42:12",186
"2019-02-10 10:42:12",186
"2019-02-10 11:42:11",186
"2019-02-10 12:42:12",186
"2019-02-10 13:42:13",186
"2019-02-10 14:42:13",186
"2019-02-10 15:42:15",186
"2019-02-10 16:42:15",186
"2019-02-10 17:42:12",186
"2019-02-10 18:42:12",186
"2019-02-10 19:42:15",186
"2019-02-10 20:42:14",186
"2019-02-10 21:42:12",186
"2019-02-10 22:42:14",186
"2019-02-10 23:42:15",186
"2019-02-11 00:42:14",186
"2019-02-11 01:42:14",186
"2019-02-11 02:42:16",186
"2019-02-11 03:42:15",186
"2019-02-11 04:42:17",186
"2019-02-11 05:42:13",186
"2019-02-11 06:42:14",186
"2019-02-11 07:42:12",186
"2019-02-11 08:42:12",186
"2019-02-11 09:42:13",186
"2019-02-11 10:42:15",186
"2019-02-11 11:42:11",186
"2019-02-11 12:42:12",186
"2019-02-11 13:42:12",186
"2019-02-11 14:42:11",186
"2019-02-11 15:42:12",186
"2019-02-11 16:42:13",186
"2019-02-11 17:42:13",186
"2019-02-11 18:42:13",186
"2019-02-11 19:42:12",186
"2019-02-11 20:42:13",185
"2019-02-11 21:42:11",185
"2019-02-11 22:42:11",185
"2019-02-11 23:42:13",185
"2019-02-12 00:42:12",185
"2019-02-12 01:42:11",185
"2019-02-12 02:42:16",185
"2019-02-12 03:42:12",185
"2019-02-12 04:42:14",185
"2019-02-12 05:42:12",185
"2019-02-12 06:42:12",185
"2019-02-12 07:42:11",185
"2019-02-12 08:42:11",185
"2019-02-12 09:42:12",185
"2019-02-12 10:42:12",185
"2019-02-12 11:42:13",185
"2019-02-12 12:42:12",185
"2019-02-12 13:42:12",185
"2019-02-12 14:42:12",185
"2019-02-12 15:42:14",185
"2019-02-12 16:42:12",185
"2019-02-12 17:42:11",185
"2019-02-12 18:42:12",185
"2019-02-12 19:42:13",184
"2019-02-12 20:42:12",184
"2019-02-12 21:42:13",185
"2019-02-12 22:42:12",185
"2019-02-12 23:42:12",185
"2019-02-13 00:42:13",185
"2019-02-13 01:42:14",185
"2019-02-13 02:42:12",185
"2019-02-13 03:42:12",185
"2019-02-13 04:42:14",185
"2019-02-13 05:42:13",185
"2019-02-13 06:42:12",185
"2019-02-13 07:42:13",185
"2019-02-13 08:42:12",185
"2019-02-13 09:42:12",185
"2019-02-13 10:42:13",185
"2019-02-13 11:42:12",185
"2019-02-13 12:42:14",185
"2019-02-13 13:42:11",185
"2019-02-13 14:42:11",185
"2019-02-13 15:42:12",185
"2019-02-13 16:42:11",185
"2019-02-13 17:42:14",185
"2019-02-13 18:42:11",185
"2019-02-13 19:42:11",185
"2019-02-13 20:42:12",185
"2019-02-13 21:42:12",185
"2019-02-13 22:42:13",185
"2019-02-13 23:42:13",185
"2019-02-14 00:42:12",185
"2019-02-14 01:42:13",185
"2019-02-14 02:42:13",185
"2019-02-14 03:42:15",185
"2019-02-14 04:42:11",185
"2019-02-14 05:42:16",185
"2019-02-14 06:42:12",185
"2019-02-14 07:42:12",185
"2019-02-14 08:42:11",185
"2019-02-14 09:42:11",185
"2019-02-14 10:42:12",185
"2019-02-14 11:42:12",185
"2019-02-14 12:42:12",185
"2019-02-14 13:42:13",185
"2019-02-14 14:42:13",185
"2019-02-14 15:42:14",185
"2019-02-14 16:42:11",185
"2019-02-14 17:42:13",185
"2019-02-14 18:42:13",185
"2019-02-14 19:42:12",186
"2019-02-14 20:42:14",186
"2019-02-14 21:42:12",186
"2019-02-14 22:42:14",186
"2019-02-15 00:42:14",186
"2019-02-15 01:42:13",186
"2019-02-15 02:42:15",186
"2019-02-15 03:42:16",186
"2019-02-15 04:42:18",186
"2019-02-15 05:42:12",186
"2019-02-15 06:42:11",186
"2019-02-15 07:42:13",186
"2019-02-15 08:42:13",186
"2019-02-15 09:42:13",186
"2019-02-15 10:42:13",186
"2019-02-15 11:42:14",186
"2019-02-15 12:42:11",186
"2019-02-15 14:07:15",186
"2019-02-15 14:42:15",186
"2019-02-15 15:42:20",186
"2019-02-15 16:42:16",186
"2019-02-15 17:42:12",186
"2019-02-15 18:42:16",186
"2019-02-15 19:42:14",186
"2019-02-15 20:42:13",185
"2019-02-15 21:42:15",185
"2019-02-15 22:42:15",185
"2019-02-15 23:42:15",185
"2019-02-16 00:42:15",185
"2019-02-16 01:42:20",185
"2019-02-16 02:42:18",185
"2019-02-16 03:42:17",185
"2019-02-16 04:42:13",185
"2019-02-16 05:42:15",185
"2019-02-16 06:42:13",185
"2019-02-16 07:42:12",185
"2019-02-16 08:42:12",185
"2019-02-16 09:42:15",185
"2019-02-16 10:42:14",185
"2019-02-16 11:42:12",185
"2019-02-16 12:42:14",185
"2019-02-16 13:42:16",185
"2019-02-16 14:42:13",185
"2019-02-16 15:42:18",185
"2019-02-16 16:42:12",185
"2019-02-16 17:42:12",185
"2019-02-16 18:42:13",185
"2019-02-16 19:42:12",185
"2019-02-16 20:42:14",185
"2019-02-16 21:42:14",185
"2019-02-16 22:42:13",185
"2019-02-16 23:42:12",185
"2019-02-17 00:42:14",185
"2019-02-17 01:42:13",185
"2019-02-17 02:42:11",185
"2019-02-17 03:42:14",185
"2019-02-17 04:42:12",185
"2019-02-17 05:42:13",185
"2019-02-17 06:42:12",185
"2019-02-17 07:42:13",185
"2019-02-17 08:42:12",185
"2019-02-17 09:42:11",185
"2019-02-17 10:42:12",185
"2019-02-17 11:42:13",185
"2019-02-17 12:42:10",185
"2019-02-17 13:42:13",185
"2019-02-17 14:42:12",185
"2019-02-17 15:42:14",185
"2019-02-17 16:42:13",185
"2019-02-17 17:42:13",185
"2019-02-17 18:42:14",185
"2019-02-17 19:42:13",185
"2019-02-17 20:42:14",185
"2019-02-17 21:42:11",185
"2019-02-17 22:42:12",185
"2019-02-17 23:42:13",185
"2019-02-18 00:42:12",185
"2019-02-18 01:42:13",185
"2019-02-18 02:42:15",185
"2019-02-18 03:42:15",185
"2019-02-18 04:42:11",185
"2019-02-18 05:42:13",185
"2019-02-18 06:42:11",185
"2019-02-18 07:42:12",185
"2019-02-18 08:42:12",185
"2019-02-18 09:42:14",185
"2019-02-18 10:42:12",185
"2019-02-18 11:42:12",185
"2019-02-18 12:42:13",185
"2019-02-18 13:42:16",185
"2019-02-18 14:42:12",185
"2019-02-18 15:42:14",185
"2019-02-18 16:42:13",185
"2019-02-18 17:42:14",185
"2019-02-18 18:42:13",185
"2019-02-18 19:42:13",185
"2019-02-18 20:42:14",185
"2019-02-18 21:42:12",185
"2019-02-18 22:42:11",185
"2019-02-18 23:42:12",185
"2019-02-19 00:42:12",185
"2019-02-19 01:42:15",185
"2019-02-19 02:42:13",185
"2019-02-19 03:42:13",185
"2019-02-19 04:42:13",185
"2019-02-19 05:42:12",185
"2019-02-19 06:42:12",185
"2019-02-19 07:42:12",185
"2019-02-19 08:42:12",185
"2019-02-19 09:42:11",185
"2019-02-19 10:42:11",185
"2019-02-19 11:42:09",185
"2019-02-19 12:42:10",185
"2019-02-19 14:06:44",185
"2019-02-19 14:42:13",185
"2019-02-19 15:42:15",186
"2019-02-19 16:42:13",186
"2019-02-19 17:42:14",186
"2019-02-19 18:42:17",186
"2019-02-19 19:42:14",186
"2019-02-19 20:42:16",186
"2019-02-19 21:42:15",185
"2019-02-19 22:42:14",185
"2019-02-19 23:42:14",185
"2019-02-20 00:42:20",185
"2019-02-20 01:42:15",185
"2019-02-20 02:42:15",185
"2019-02-20 03:42:20",185
"2019-02-20 04:42:16",185
"2019-02-20 05:42:14",185
"2019-02-20 06:42:15",185
"2019-02-20 07:42:12",185
"2019-02-20 08:42:14",185
"2019-02-20 09:42:14",185
"2019-02-20 10:42:13",185
"2019-02-20 11:42:15",185
"2019-02-20 12:42:13",185
"2019-02-20 13:42:13",185
"2019-02-20 14:42:15",185
"2019-02-20 15:42:17",185
"2019-02-20 16:42:14",185
"2019-02-20 17:42:15",185
"2019-02-20 18:42:15",185
"2019-02-20 19:42:14",185
"2019-02-20 20:42:15",184
"2019-02-20 21:42:16",184
"2019-02-20 22:42:16",184
"2019-02-20 23:42:13",184
"2019-02-21 00:42:15",184
"2019-02-21 01:42:16",184
"2019-02-21 02:42:17",184
"2019-02-21 03:42:15",184
"2019-02-21 04:42:13",184
"2019-02-21 05:42:15",184
"2019-02-21 06:42:14",184
"2019-02-21 07:42:13",184
"2019-02-21 08:42:12",184
"2019-02-21 09:42:13",184
"2019-02-21 10:42:13",184
"2019-02-21 11:42:14",184
"2019-02-21 12:42:12",184
"2019-02-21 13:42:13",184
"2019-02-21 14:42:14",184
"2019-02-21 15:42:17",184
"2019-02-21 17:06:15",184
"2019-02-21 17:42:12",184
"2019-02-21 18:42:12",184
"2019-02-21 19:42:12",183
"2019-02-21 20:42:17",183
"2019-02-21 21:42:12",183
"2019-02-21 22:42:12",183
"2019-02-21 23:42:12",183
"2019-02-22 00:42:13",183
"2019-02-22 01:42:16",183
"2019-02-22 02:42:13",183
"2019-02-22 03:42:15",183
"2019-02-22 04:42:13",183
"2019-02-22 05:42:12",183
"2019-02-22 06:42:12",183
"2019-02-22 07:42:16",183
"2019-02-22 08:42:15",183
"2019-02-22 09:42:13",183
"2019-02-22 10:42:12",183
"2019-02-22 11:42:14",183
"2019-02-22 12:42:13",183
"2019-02-22 13:42:11",183
"2019-02-22 14:42:14",183
"2019-02-22 15:42:15",182
"2019-02-22 16:42:13",182
"2019-02-22 17:42:13",182
"2019-02-22 18:42:14",182
"2019-02-22 19:42:12",182
"2019-02-22 20:42:11",182
"2019-02-22 21:42:15",182
"2019-02-22 22:42:12",182
"2019-02-22 23:42:15",182
"2019-02-23 00:42:11",182
"2019-02-23 01:42:14",182
"2019-02-23 02:42:16",182
"2019-02-23 03:42:16",182
"2019-02-23 04:42:13",182
"2019-02-23 05:42:15",182
"2019-02-23 06:42:12",182
"2019-02-23 07:42:12",182
"2019-02-23 08:42:13",182
"2019-02-23 09:42:12",182
"2019-02-23 10:42:13",182
"2019-02-23 11:42:14",182
"2019-02-23 12:42:12",182
"2019-02-23 13:42:12",182
"2019-02-23 14:42:13",182
"2019-02-23 15:42:13",182
"2019-02-23 16:42:12",182
"2019-02-23 17:42:13",182
"2019-02-23 18:42:13",182
"2019-02-23 19:42:13",182
"2019-02-23 20:42:13",182
"2019-02-23 21:42:15",182
"2019-02-23 22:42:12",182
"2019-02-23 23:42:13",182
"2019-02-24 00:42:14",182
"2019-02-24 01:42:13",182
"2019-02-24 02:42:14",182
"2019-02-24 03:42:14",182
"2019-02-24 04:42:13",182
"2019-02-24 05:42:14",182
"2019-02-24 06:42:12",182
"2019-02-24 07:42:14",182
"2019-02-24 08:42:12",182
"2019-02-24 09:42:13",182
"2019-02-24 10:42:11",182
"2019-02-24 11:42:12",182
"2019-02-24 12:42:12",182
"2019-02-24 13:42:12",182
"2019-02-24 14:42:12",182
"2019-02-24 15:42:14",182
"2019-02-24 16:42:13",182
"2019-02-24 17:42:14",182
"2019-02-24 18:42:15",182
"2019-02-24 19:42:14",182
"2019-02-24 20:42:12",182
"2019-02-24 21:42:12",182
"2019-02-24 22:42:13",182
"2019-02-24 23:42:12",182
"2019-02-25 00:42:14",182
"2019-02-25 01:42:12",182
"2019-02-25 02:42:12",182
"2019-02-25 03:42:14",182
"2019-02-25 04:42:13",182
"2019-02-25 05:42:12",182
"2019-02-25 06:42:12",182
"2019-02-25 07:42:13",182
"2019-02-25 08:42:12",182
"2019-02-25 09:42:13",182
"2019-02-25 10:42:12",182
"2019-02-25 11:42:14",182
"2019-02-25 12:42:12",182
"2019-02-25 14:07:16",182
"2019-02-25 14:42:14",182
"2019-02-25 15:42:14",182
"2019-02-25 16:42:13",183
"2019-02-25 17:42:15",183
"2019-02-25 18:42:16",183
"2019-02-25 19:42:12",183
"2019-02-25 20:42:14",183
"2019-02-25 21:42:14",184
"2019-02-25 22:42:12",184
"2019-02-25 23:42:15",184
"2019-02-26 00:42:14",184
"2019-02-26 01:42:14",184
"2019-02-26 02:42:15",184
"2019-02-26 03:42:16",184
"2019-02-26 04:42:16",184
"2019-02-26 05:42:13",184
"2019-02-26 06:42:15",184
"2019-02-26 07:42:15",184
"2019-02-26 08:42:14",184
"2019-02-26 09:42:14",184
"2019-02-26 10:42:12",184
"2019-02-26 11:42:14",184
"2019-02-26 12:42:12",184
"2019-02-26 13:42:13",184
"2019-02-26 14:42:15",184
"2019-02-26 15:42:18",184
"2019-02-26 16:42:15",185
"2019-02-26 17:42:15",185
"2019-02-26 18:42:14",185
"2019-02-26 19:42:19",186
"2019-02-26 20:42:16",186
"2019-02-26 21:42:14",187
"2019-02-26 22:42:17",187
"2019-02-26 23:42:16",187
"2019-02-27 00:42:18",187
"2019-02-27 01:42:18",187
"2019-02-27 03:42:34",187
"2019-02-27 04:42:18",187
"2019-02-27 05:42:15",187
"2019-02-27 06:42:18",187
"2019-02-27 07:42:16",187
"2019-02-27 08:42:15",187
"2019-02-27 09:42:12",187
"2019-02-27 10:42:13",187
"2019-02-27 11:42:17",187
"2019-02-27 12:42:19",187
"2019-02-27 13:42:14",187
"2019-02-27 14:42:16",187
"2019-02-27 15:42:19",187
"2019-02-27 16:42:14",187
"2019-02-27 17:42:14",187
"2019-02-27 18:42:18",187
"2019-02-27 19:42:17",186
"2019-02-27 20:42:15",187
"2019-02-27 21:42:15",187
"2019-02-27 22:42:17",187
"2019-02-27 23:42:14",187
"2019-02-28 00:42:15",187
"2019-02-28 01:42:13",187
"2019-02-28 02:42:15",187
"2019-02-28 04:42:15",187
"2019-02-28 05:42:14",187
"2019-02-28 06:42:12",187
"2019-02-28 07:42:14",187
"2019-02-28 08:42:14",187
"2019-02-28 09:42:12",187
"2019-02-28 10:42:14",187
"2019-02-28 11:42:14",187
"2019-02-28 12:42:15",187
"2019-02-28 13:42:15",187
"2019-02-28 15:06:20",188
"2019-02-28 15:42:11",188
"2019-02-28 16:42:16",188
"2019-02-28 17:42:14",188
"2019-02-28 18:42:17",187
"2019-02-28 19:42:16",187
"2019-02-28 20:42:13",187
"2019-02-28 21:42:13",187
"2019-02-28 22:42:15",187
"2019-02-28 23:42:14",187
"2019-03-01 00:42:14",187
"2019-03-01 01:42:15",187
"2019-03-01 02:42:16",187
"2019-03-01 03:42:17",187
"2019-03-01 04:42:16",187
"2019-03-01 05:42:16",187
"2019-03-01 06:42:14",187
"2019-03-01 07:42:16",187
"2019-03-01 08:42:14",187
"2019-03-01 09:42:12",187
"2019-03-01 10:42:15",187
"2019-03-01 11:42:14",187
"2019-03-01 12:42:12",187
"2019-03-01 13:42:19",187
"2019-03-01 14:42:17",187
"2019-03-01 15:42:15",187
"2019-03-01 16:42:15",187
"2019-03-01 17:42:14",187
"2019-03-01 18:42:16",187
"2019-03-01 19:42:17",187
"2019-03-01 20:42:18",187
"2019-03-01 21:42:18",187
"2019-03-01 22:42:17",187
"2019-03-01 23:42:17",187
"2019-03-02 07:42:15",187
"2019-03-02 08:42:16",187
"2019-03-02 09:42:13",187
"2019-03-02 10:42:14",187
"2019-03-02 11:42:16",187
"2019-03-02 15:42:19",187
"2019-03-02 16:42:15",187
"2019-03-02 17:42:15",187
"2019-03-04 02:42:16",187
"2019-03-04 07:42:17",187
"2019-03-04 10:42:12",187
"2019-03-04 11:42:14",187
"2019-03-04 12:42:12",187
"2019-03-04 13:42:11",187
"2019-03-04 14:42:16",187
"2019-03-04 15:42:13",188
"2019-03-04 16:42:15",188
"2019-03-04 17:42:15",188
"2019-03-04 18:42:13",190
"2019-03-04 19:42:16",190
"2019-03-04 20:42:15",189
"2019-03-04 21:42:15",189
"2019-03-04 22:42:16",189
"2019-03-04 23:42:14",189
"2019-03-05 00:42:17",189
"2019-03-05 01:42:15",189
"2019-03-05 02:42:17",189
"2019-03-05 03:42:17",189
"2019-03-05 04:42:15",189
"2019-03-05 05:42:14",189
"2019-03-05 06:42:13",189
"2019-03-05 07:42:14",189
"2019-03-05 08:42:14",189
"2019-03-05 09:42:15",189
"2019-03-05 10:42:13",189
"2019-03-05 11:42:12",189
"2019-03-05 12:42:14",189
"2019-03-05 14:07:22",189
"2019-03-05 14:42:15",189
"2019-03-05 15:42:17",190
"2019-03-05 16:42:16",189
"2019-03-05 17:42:18",189
"2019-03-05 18:42:17",189
"2019-03-05 19:42:16",187
"2019-03-05 20:42:18",187
"2019-03-05 21:42:16",187
"2019-03-05 22:42:20",187
"2019-03-05 23:42:19",187
"2019-03-06 00:42:18",187
"2019-03-06 01:42:18",187
"2019-03-06 02:42:17",187
"2019-03-06 03:42:18",187
"2019-03-06 04:42:19",187
"2019-03-06 05:42:19",187
"2019-03-06 06:42:21",187
"2019-03-06 07:42:17",187
"2019-03-06 08:42:15",187
"2019-03-06 09:42:15",187
"2019-03-06 10:42:17",187
"2019-03-06 11:42:57",187
"2019-03-06 12:42:29",187
"2019-03-06 14:07:02",187
"2019-03-06 14:42:41",187
"2019-03-06 15:42:34",188
"2019-03-06 16:42:14",187
"2019-03-06 17:42:21",187
"2019-03-06 18:42:19",189
"2019-03-06 19:42:17",190
"2019-03-06 20:42:17",190
"2019-03-06 21:42:17",190
"2019-03-06 22:42:16",190
"2019-03-06 23:42:17",190
"2019-03-07 00:42:16",190
"2019-03-07 01:42:18",190
"2019-03-07 02:42:18",190
"2019-03-07 04:42:21",190
"2019-03-07 05:42:18",190
"2019-03-07 06:42:16",190
"2019-03-07 07:42:15",190
"2019-03-07 08:42:17",190
"2019-03-07 09:42:16",190
"2019-03-07 10:42:16",190
"2019-03-07 11:42:15",190
"2019-03-07 12:42:14",190
"2019-03-07 13:42:17",190
"2019-03-07 14:42:19",190
"2019-03-07 15:42:15",192
"2019-03-07 16:42:17",193
"2019-03-07 17:42:19",192
"2019-03-07 18:42:18",192
"2019-03-07 20:06:50",193
"2019-03-07 20:42:17",193
"2019-03-07 21:42:18",193
"2019-03-07 22:42:21",193
"2019-03-07 23:42:15",193
"2019-03-08 00:42:16",193
"2019-03-08 01:42:18",193
"2019-03-08 02:42:16",193
"2019-03-08 04:42:16",193
"2019-03-08 05:42:15",193
"2019-03-08 06:42:16",193
"2019-03-08 07:42:17",193
"2019-03-08 08:42:16",193
"2019-03-08 09:42:15",193
"2019-03-08 10:42:15",193
"2019-03-08 11:42:16",193
"2019-03-08 12:42:14",193
"2019-03-08 14:07:20",193
"2019-03-08 14:42:15",193
"2019-03-08 15:42:18",193
"2019-03-08 16:42:15",193
"2019-03-08 17:42:15",194
"2019-03-08 18:42:17",194
"2019-03-08 19:42:18",194
"2019-03-08 20:42:13",194
"2019-03-08 21:42:21",194
"2019-03-08 22:42:14",194
"2019-03-08 23:42:18",194
"2019-03-09 00:42:22",194
"2019-03-09 01:42:18",194
"2019-03-09 02:42:15",194
"2019-03-09 03:42:18",194
"2019-03-09 04:42:17",194
"2019-03-09 05:42:16",194
"2019-03-09 06:42:15",194
"2019-03-09 07:42:14",194
"2019-03-09 08:42:13",194
"2019-03-09 09:42:13",194
"2019-03-09 10:42:15",194
"2019-03-09 11:42:14",194
"2019-03-09 12:42:14",194
"2019-03-09 13:42:14",194
"2019-03-09 14:42:15",194
"2019-03-09 15:42:17",194
"2019-03-09 16:42:15",194
"2019-03-09 17:42:16",194
"2019-03-09 18:42:16",194
"2019-03-09 19:42:15",194
"2019-03-09 20:42:15",194
"2019-03-09 21:42:14",194
"2019-03-09 22:42:16",194
"2019-03-09 23:42:15",194
"2019-03-10 00:42:15",194
"2019-03-10 01:42:16",194
"2019-03-10 02:42:18",194
"2019-03-10 03:42:16",194
"2019-03-10 04:42:16",194
"2019-03-10 05:42:15",194
"2019-03-10 06:42:16",194
"2019-03-10 07:42:14",194
"2019-03-10 08:42:13",194
"2019-03-10 09:42:14",194
"2019-03-10 10:42:13",194
"2019-03-10 11:42:14",194
"2019-03-10 12:42:15",194
"2019-03-10 13:42:13",194
"2019-03-10 14:42:14",194
"2019-03-10 15:42:16",194
"2019-03-10 16:42:15",194
"2019-03-10 17:42:19",194
"2019-03-10 18:42:19",194
"2019-03-10 19:42:15",194
"2019-03-10 20:42:15",194
"2019-03-10 21:42:14",194
"2019-03-10 22:42:14",194
"2019-03-10 23:42:16",194
"2019-03-11 00:42:16",194
"2019-03-11 01:42:17",194
"2019-03-11 02:42:15",194
"2019-03-11 03:42:14",194
"2019-03-11 04:42:16",194
"2019-03-11 05:42:15",194
"2019-03-11 06:42:14",194
"2019-03-11 07:42:14",194
"2019-03-11 08:42:13",194
"2019-03-11 09:42:15",194
"2019-03-11 10:42:16",194
"2019-03-11 11:42:13",194
"2019-03-11 12:42:18",194
"2019-03-11 13:42:16",194
"2019-03-11 14:42:17",194
"2019-03-11 15:42:15",194
"2019-03-11 16:42:15",194
"2019-03-11 17:42:15",193
"2019-03-11 18:42:16",193
"2019-03-11 19:42:15",193
"2019-03-11 20:42:15",193
"2019-03-11 21:42:18",193
"2019-03-11 22:42:15",193
"2019-03-11 23:42:17",193
"2019-03-12 00:42:18",193
"2019-03-12 01:42:14",193
"2019-03-12 02:42:15",193
"2019-03-12 03:42:17",193
"2019-03-12 04:42:16",193
"2019-03-12 05:42:15",193
"2019-03-12 06:42:17",193
"2019-03-12 07:42:13",193
"2019-03-12 08:42:15",193
"2019-03-12 09:42:14",193
"2019-03-12 10:42:18",193
"2019-03-12 11:42:15",193
"2019-03-12 12:42:16",193
"2019-03-12 13:42:16",193
"2019-03-12 14:42:14",192
"2019-03-12 15:42:15",192
"2019-03-12 16:42:15",192
"2019-03-12 17:42:15",192
"2019-03-12 18:42:16",192
"2019-03-12 19:42:15",192
"2019-03-12 20:42:17",192
"2019-03-12 21:42:16",192
"2019-03-12 22:42:17",192
"2019-03-12 23:42:18",192
"2019-03-13 00:42:17",192
"2019-03-13 01:42:17",192
"2019-03-13 02:42:16",192
"2019-03-13 03:42:18",192
"2019-03-13 04:42:17",192
"2019-03-13 05:42:16",192
"2019-03-13 06:42:15",192
"2019-03-13 07:42:19",192
"2019-03-13 08:42:15",192
"2019-03-13 09:42:15",192
"2019-03-13 10:42:14",192
"2019-03-13 11:42:14",192
"2019-03-13 13:06:18",192
"2019-03-13 13:42:15",192
"2019-03-13 14:42:15",193
"2019-03-13 15:42:16",193
"2019-03-13 16:42:16",193
"2019-03-13 17:42:18",193
"2019-03-13 18:42:14",191
"2019-03-13 19:42:17",191
"2019-03-13 20:42:15",191
"2019-03-13 21:42:17",191
"2019-03-13 22:42:15",191
"2019-03-13 23:42:17",191
"2019-03-14 00:42:14",191
"2019-03-14 01:42:18",191
"2019-03-14 02:42:17",191
"2019-03-14 03:42:15",191
"2019-03-14 04:42:16",191
"2019-03-14 05:42:15",191
"2019-03-14 06:42:16",191
"2019-03-14 07:42:15",191
"2019-03-14 08:42:15",191
"2019-03-14 09:42:14",191
"2019-03-14 10:42:17",191
"2019-03-14 11:42:16",191
"2019-03-14 13:06:50",191
"2019-03-14 13:42:15",191
"2019-03-14 14:42:16",192
"2019-03-14 15:42:16",192
"2019-03-14 16:42:16",192
"2019-03-14 17:42:17",191
"2019-03-14 18:42:15",191
"2019-03-14 19:42:20",191
"2019-03-14 20:42:16",192
"2019-03-14 21:42:17",192
"2019-03-14 22:42:21",192
"2019-03-14 23:42:19",192
"2019-03-15 00:42:17",192
"2019-03-15 01:42:17",192
"2019-03-15 02:42:19",192
"2019-03-15 03:42:17",192
"2019-03-15 04:42:16",192
"2019-03-15 05:42:15",192
"2019-03-15 06:42:14",192
"2019-03-15 07:42:16",192
"2019-03-15 08:42:18",192
"2019-03-15 09:42:17",192
"2019-03-15 10:42:19",192
"2019-03-15 11:42:18",192
"2019-03-15 12:42:17",192
"2019-03-15 13:42:17",192
"2019-03-15 14:42:17",193
"2019-03-15 15:42:21",193
"2019-03-15 16:42:18",193
"2019-03-15 17:42:21",193
"2019-03-15 18:42:18",193
"2019-03-15 19:42:17",193
"2019-03-15 20:42:18",193
"2019-03-15 21:42:16",193
"2019-03-15 22:42:16",193
"2019-03-15 23:42:20",193
"2019-03-16 00:42:18",193
"2019-03-16 01:42:16",193
"2019-03-16 02:42:18",193
"2019-03-16 03:42:18",193
"2019-03-16 04:42:19",193
"2019-03-16 05:42:19",193
"2019-03-16 06:42:18",193
"2019-03-16 07:42:17",193
"2019-03-16 08:42:20",193
"2019-03-16 09:42:17",193
"2019-03-16 10:42:16",193
"2019-03-16 11:42:17",193
"2019-03-16 12:42:17",193
"2019-03-16 13:42:17",193
"2019-03-16 14:42:17",193
"2019-03-16 15:42:18",193
"2019-03-16 16:42:17",193
"2019-03-16 17:42:16",193
"2019-03-16 18:42:16",193
"2019-03-16 19:42:16",193
"2019-03-16 20:42:19",193
"2019-03-16 21:42:19",193
"2019-03-16 22:42:19",193
"2019-03-16 23:42:17",193
"2019-03-17 00:42:19",193
"2019-03-17 01:42:18",193
"2019-03-17 02:42:20",193
"2019-03-17 03:42:18",193
"2019-03-17 04:42:18",193
"2019-03-17 05:42:19",193
"2019-03-17 06:42:17",193
"2019-03-17 07:42:16",193
"2019-03-17 08:42:15",193
"2019-03-17 09:42:19",193
"2019-03-17 10:42:16",193
"2019-03-17 11:42:16",193
"2019-03-17 12:42:16",193
"2019-03-17 13:42:16",193
"2019-03-17 14:42:15",193
"2019-03-17 15:42:15",193
"2019-03-17 16:42:15",193
"2019-03-17 17:42:14",193
"2019-03-17 18:42:16",193
"2019-03-17 19:42:16",193
"2019-03-17 20:42:15",193
"2019-03-17 21:42:14",193
"2019-03-17 22:42:14",193
"2019-03-17 23:42:16",193
"2019-03-18 00:42:15",193
"2019-03-18 01:42:16",193
"2019-03-18 02:42:17",193
"2019-03-18 03:42:17",193
"2019-03-18 04:42:17",193
"2019-03-18 05:42:15",193
"2019-03-18 06:42:16",193
"2019-03-18 07:42:17",193
"2019-03-18 08:42:15",193
"2019-03-18 09:42:17",193
"2019-03-18 10:42:16",193
"2019-03-18 11:42:14",193
"2019-03-18 12:42:17",193
"2019-03-18 13:42:18",193
"2019-03-18 14:42:18",193
"2019-03-18 15:42:23",193
"2019-03-18 16:42:16",192
"2019-03-18 17:42:20",192
"2019-03-18 18:42:20",192
"2019-03-18 19:42:20",193
"2019-03-18 20:42:17",193
"2019-03-18 21:42:18",193
"2019-03-18 22:42:21",193
"2019-03-18 23:42:19",193
"2019-03-19 00:42:23",193
"2019-03-19 01:42:20",193
"2019-03-19 02:42:21",193
"2019-03-19 03:42:17",193
"2019-03-19 04:42:18",193
"2019-03-19 05:42:15",193
"2019-03-19 06:42:22",193
"2019-03-19 07:42:18",193
"2019-03-19 08:42:16",193
"2019-03-19 09:42:18",193
"2019-03-19 10:42:17",193
"2019-03-19 11:42:17",193
"2019-03-19 12:42:19",193
"2019-03-19 13:42:17",193
"2019-03-19 14:42:18",193
"2019-03-19 15:42:19",193
"2019-03-19 16:42:19",193
"2019-03-19 17:42:20",193
"2019-03-19 18:42:19",192
"2019-03-19 19:42:21",192
"2019-03-19 20:42:20",192
"2019-03-19 21:42:25",192
"2019-03-19 22:42:22",192
"2019-03-19 23:42:20",192
"2019-03-20 00:42:21",192
"2019-03-20 01:42:21",192
"2019-03-20 02:42:21",192
"2019-03-20 03:42:22",192
"2019-03-20 04:42:20",192
"2019-03-20 05:42:19",192
"2019-03-20 06:42:24",192
"2019-03-20 07:42:23",192
"2019-03-20 08:42:22",192
"2019-03-20 09:42:20",192
"2019-03-20 10:42:21",192
"2019-03-20 11:42:20",192
"2019-03-20 13:06:27",192
"2019-03-20 13:42:20",192
"2019-03-20 14:42:21",193
"2019-03-20 15:42:25",193
"2019-03-20 16:42:20",193
"2019-03-20 17:42:20",193
"2019-03-20 18:42:19",193
"2019-03-20 19:42:18",193
"2019-03-20 20:42:17",193
"2019-03-20 21:42:16",193
"2019-03-20 22:42:17",193
"2019-03-20 23:42:16",193
"2019-03-21 00:42:17",193
"2019-03-21 01:42:16",193
"2019-03-21 02:42:19",193
"2019-03-21 03:42:19",193
"2019-03-21 04:42:17",193
"2019-03-21 05:42:20",193
"2019-03-21 06:42:16",193
"2019-03-21 07:42:16",193
"2019-03-21 08:42:14",193
"2019-03-21 09:42:16",193
"2019-03-21 10:42:18",193
"2019-03-21 11:42:16",193
"2019-03-21 13:07:19",193
"2019-03-21 13:42:15",193
"2019-03-21 14:42:15",193
"2019-03-21 15:42:17",193
"2019-03-21 16:42:14",193
"2019-03-21 17:42:16",193
"2019-03-21 18:42:17",193
"2019-03-21 19:42:16",193
"2019-03-21 20:42:12",193
"2019-03-21 21:42:13",193
"2019-03-21 22:42:14",193
"2019-03-21 23:42:14",193
"2019-03-22 00:42:14",193
"2019-03-22 01:42:13",193
"2019-03-22 02:42:20",193
"2019-03-22 03:42:15",193
"2019-03-22 04:42:13",193
"2019-03-22 05:42:14",193
"2019-03-22 06:42:12",193
"2019-03-22 07:42:13",193
"2019-03-22 08:42:23",193
"2019-03-22 09:42:15",193
"2019-03-22 10:42:14",193
"2019-03-22 11:42:12",193
"2019-03-22 12:42:19",193
"2019-03-22 13:42:13",193
"2019-03-22 14:42:13",193
"2019-03-22 15:42:14",193
"2019-03-22 16:42:14",193
"2019-03-22 17:42:16",193
"2019-03-22 18:42:15",194
"2019-03-22 19:42:14",194
"2019-03-22 20:42:14",194
"2019-03-22 21:42:13",194
"2019-03-22 22:42:14",194
"2019-03-22 23:42:13",194
"2019-03-23 00:42:14",194
"2019-03-23 01:42:20",194
"2019-03-23 02:42:15",194
"2019-03-23 03:42:13",194
"2019-03-23 04:42:13",194
"2019-03-23 05:42:14",194
"2019-03-23 06:42:13",194
"2019-03-23 07:42:18",194
"2019-03-23 08:42:13",194
"2019-03-23 09:42:14",194
"2019-03-23 10:42:12",194
"2019-03-23 11:42:14",194
"2019-03-23 12:42:12",194
"2019-03-23 13:42:16",194
"2019-03-23 14:42:14",194
"2019-03-23 15:42:14",194
"2019-03-23 16:42:12",194
"2019-03-23 17:42:13",194
"2019-03-23 18:42:14",194
"2019-03-23 19:42:17",194
"2019-03-23 20:42:14",194
"2019-03-23 21:42:14",194
"2019-03-23 22:42:14",194
"2019-03-23 23:42:14",194
"2019-03-24 00:42:13",194
"2019-03-24 01:42:15",194
"2019-03-24 02:42:14",194
"2019-03-24 03:42:16",194
"2019-03-24 04:42:20",194
"2019-03-24 05:42:14",194
"2019-03-24 06:42:15",194
"2019-03-24 07:42:15",194
"2019-03-24 08:42:14",194
"2019-03-24 09:42:20",194
"2019-03-24 10:42:17",194
"2019-03-24 11:42:12",194
"2019-03-24 12:42:13",194
"2019-03-24 13:42:17",194
"2019-03-24 14:42:14",194
"2019-03-24 15:42:14",194
"2019-03-24 16:42:13",194
"2019-03-24 17:42:14",194
"2019-03-24 18:42:14",194
"2019-03-24 19:42:14",194
"2019-03-24 20:42:15",194
"2019-03-24 21:42:20",194
"2019-03-24 22:42:15",194
"2019-03-24 23:42:15",194
"2019-03-25 00:42:15",194
"2019-03-25 01:42:15",194
"2019-03-25 02:42:16",194
"2019-03-25 03:42:22",194
"2019-03-25 04:42:15",194
"2019-03-25 05:42:16",194
"2019-03-25 06:42:14",194
"2019-03-25 07:42:15",194
"2019-03-25 08:42:17",194
"2019-03-25 09:42:14",194
"2019-03-25 10:42:15",194
"2019-03-25 11:42:23",194
"2019-03-25 13:06:20",194
"2019-03-25 13:42:19",194
"2019-03-25 14:42:15",194
"2019-03-25 15:42:15",194
"2019-03-25 16:42:15",194
"2019-03-25 17:42:16",194
"2019-03-25 18:42:17",195
"2019-03-25 19:42:19",195
"2019-03-25 20:42:15",195
"2019-03-25 21:42:15",195
"2019-03-25 22:42:23",195
"2019-03-25 23:42:21",195
"2019-03-26 00:42:18",195
"2019-03-26 01:42:17",195
"2019-03-26 02:42:14",195
"2019-03-26 03:42:17",195
"2019-03-26 04:42:15",195
"2019-03-26 05:42:16",195
"2019-03-26 06:42:15",195
"2019-03-26 07:42:14",195
"2019-03-26 08:42:13",195
"2019-03-26 09:42:14",195
"2019-03-26 10:42:18",195
"2019-03-26 11:42:14",195
"2019-03-26 12:42:17",195
"2019-03-26 13:42:23",195
"2019-03-26 14:42:14",195
"2019-03-26 15:42:23",195
"2019-03-26 16:42:21",196
"2019-03-26 17:42:16",196
"2019-03-26 18:42:20",196
"2019-03-26 19:42:22",196
"2019-03-26 20:42:18",195
"2019-03-26 21:42:18",195
"2019-03-26 22:42:17",195
"2019-03-26 23:42:16",195
"2019-03-27 00:42:20",195
"2019-03-27 01:42:16",195
"2019-03-27 02:42:15",195
"2019-03-27 03:42:21",195
"2019-03-27 04:42:19",195
"2019-03-27 05:42:18",195
"2019-03-27 06:42:22",195
"2019-03-27 07:42:16",195
"2019-03-27 08:42:15",195
"2019-03-27 09:42:16",195
"2019-03-27 10:42:20",195
"2019-03-27 11:42:15",195
"2019-03-27 13:06:57",195
"2019-03-27 13:42:18",195
"2019-03-27 14:42:22",195
"2019-03-27 15:42:16",195
"2019-03-27 16:42:17",197
"2019-03-27 17:42:26",197
"2019-03-27 18:42:16",197
"2019-03-27 19:42:15",197
"2019-03-27 20:42:20",197
"2019-03-27 21:42:16",197
"2019-03-27 22:42:25",197
"2019-03-27 23:42:20",197
"2019-03-28 00:42:18",197
"2019-03-28 01:42:16",197
"2019-03-28 02:42:25",197
"2019-03-28 03:42:18",197
"2019-03-28 04:42:21",197
"2019-03-28 05:42:16",197
"2019-03-28 06:42:15",197
"2019-03-28 07:42:16",197
"2019-03-28 08:42:14",197
"2019-03-28 09:42:15",197
"2019-03-28 10:42:15",197
"2019-03-28 11:42:14",197
"2019-03-28 13:06:48",197
"2019-03-28 13:42:20",197
"2019-03-28 14:42:16",198
"2019-03-28 15:42:17",198
"2019-03-28 16:42:19",197
"2019-03-28 17:42:16",198
"2019-03-28 18:42:17",198
"2019-03-28 19:42:16",198
"2019-03-28 20:42:19",198
"2019-03-28 21:42:18",198
"2019-03-28 22:42:15",198
"2019-03-28 23:42:17",198
"2019-03-29 00:42:15",198
"2019-03-29 01:42:30",198
"2019-03-29 02:42:20",198
"2019-03-29 03:42:22",198
"2019-03-29 04:42:19",198
"2019-03-29 05:42:14",198
"2019-03-29 06:42:14",198
"2019-03-29 07:42:15",198
"2019-03-29 08:42:21",198
"2019-03-29 09:42:16",198
"2019-03-29 10:42:16",198
"2019-03-29 11:42:19",198
"2019-03-29 13:07:18",198
"2019-03-29 13:42:17",198
"2019-03-29 14:42:19",199
"2019-03-29 15:42:19",198
"2019-03-29 16:42:13",198
"2019-03-29 17:42:20",198
"2019-03-29 18:42:29",198
"2019-03-29 19:42:20",198
"2019-03-29 20:42:19",198
"2019-03-29 21:42:18",198
"2019-03-29 22:42:22",198
"2019-03-29 23:42:27",198
"2019-03-30 00:42:21",198
"2019-03-30 01:42:20",198
"2019-03-30 02:42:23",198
"2019-03-30 03:42:22",198
"2019-03-30 04:42:23",198
"2019-03-30 05:42:18",198
"2019-03-30 06:42:18",198
"2019-03-30 07:42:18",198
"2019-03-30 08:42:36",198
"2019-03-30 09:42:20",198
"2019-03-30 10:42:20",198
"2019-03-30 11:42:19",198
"2019-03-30 12:42:24",198
"2019-03-30 13:42:15",198
"2019-03-30 14:42:16",198
"2019-03-30 15:42:15",198
"2019-03-30 16:42:15",198
"2019-03-30 17:42:21",198
"2019-03-30 18:42:15",198
"2019-03-30 19:42:16",198
"2019-03-30 20:42:14",198
"2019-03-30 21:42:15",198
"2019-03-30 22:42:22",198
"2019-03-30 23:42:16",198
"2019-03-31 00:42:16",198
"2019-03-31 01:42:18",198
"2019-03-31 02:42:22",198
"2019-03-31 03:42:17",198
"2019-03-31 04:42:15",198
"2019-03-31 05:42:15",198
"2019-03-31 06:42:22",198
"2019-03-31 07:42:17",198
"2019-03-31 08:42:14",198
"2019-03-31 09:42:14",198
"2019-03-31 10:42:20",198
"2019-03-31 11:42:16",198
"2019-03-31 12:42:15",198
"2019-03-31 13:42:18",198
"2019-03-31 14:42:15",198
"2019-03-31 15:42:16",198
"2019-03-31 16:42:17",198
"2019-03-31 17:42:25",198
"2019-03-31 18:42:15",198
"2019-03-31 19:42:16",198
"2019-03-31 20:42:15",198
"2019-03-31 21:42:16",198
"2019-03-31 22:42:15",198
"2019-03-31 23:42:19",198
"2019-04-01 00:42:21",198
"2019-04-01 01:42:18",198
"2019-04-01 02:42:21",198
"2019-04-01 03:42:27",198
"2019-04-01 04:42:18",198
"2019-04-01 05:42:17",198
"2019-04-01 06:42:15",198
"2019-04-01 07:42:22",198
"2019-04-01 08:42:16",198
"2019-04-01 09:42:18",198
"2019-04-01 10:42:23",198
"2019-04-01 11:42:21",198
"2019-04-01 13:42:22",198
"2019-04-01 14:42:22",200
"2019-04-01 15:42:30",200
"2019-04-01 16:42:26",200
"2019-04-01 17:42:21",201
"2019-04-01 18:42:17",201
"2019-04-01 19:42:29",201
"2019-04-01 20:42:19",201
"2019-04-01 21:42:16",201
"2019-04-01 22:42:20",201
"2019-04-01 23:42:19",201
"2019-04-02 00:42:23",201
"2019-04-02 01:42:17",201
"2019-04-02 02:42:19",201
"2019-04-02 03:42:27",201
"2019-04-02 04:42:18",201
"2019-04-02 05:42:17",201
"2019-04-02 06:42:16",201
"2019-04-02 07:42:21",201
"2019-04-02 08:42:18",201
"2019-04-02 09:42:22",201
"2019-04-02 10:42:16",201
"2019-04-02 11:42:17",201
"2019-04-02 13:06:56",201
"2019-04-02 13:42:20",201
"2019-04-02 14:42:16",201
"2019-04-02 15:42:28",201
"2019-04-02 16:42:18",201
"2019-04-02 17:42:26",202
"2019-04-02 18:42:19",202
"2019-04-02 19:42:20",202
"2019-04-02 20:42:25",203
"2019-04-02 21:42:21",203
"2019-04-02 22:42:19",203
"2019-04-02 23:42:21",203
"2019-04-03 00:42:30",203
"2019-04-03 01:42:22",203
"2019-04-03 02:42:18",203
"2019-04-03 03:42:22",203
"2019-04-03 04:42:22",203
"2019-04-03 05:42:22",203
"2019-04-03 06:42:23",203
"2019-04-03 07:42:19",203
"2019-04-03 08:42:19",203
"2019-04-03 09:42:31",203
"2019-04-03 10:42:23",203
"2019-04-03 11:42:21",203
"2019-04-03 13:06:58",203
"2019-04-03 13:42:19",203
"2019-04-03 14:42:26",203
"2019-04-03 15:42:26",203
"2019-04-03 16:42:19",204
"2019-04-03 17:42:17",204
"2019-04-03 18:42:18",203
"2019-04-03 19:42:19",202
"2019-04-03 20:42:21",203
"2019-04-03 21:42:18",203
"2019-04-03 22:42:17",203
"2019-04-03 23:42:25",203
"2019-04-04 00:42:16",203
"2019-04-04 01:42:18",203
"2019-04-04 02:42:19",203
"2019-04-04 03:42:23",203
"2019-04-04 04:42:16",203
"2019-04-04 05:42:15",203
"2019-04-04 06:42:16",203
"2019-04-04 07:42:18",203
"2019-04-04 08:42:22",203
"2019-04-04 09:42:16",203
"2019-04-04 10:42:17",203
"2019-04-04 11:42:22",203
"2019-04-04 12:42:18",203
"2019-04-04 13:42:17",203
"2019-04-04 14:42:25",204
"2019-04-04 15:42:19",205
"2019-04-04 16:42:26",205
"2019-04-04 17:42:16",205
"2019-04-04 18:42:21",205
"2019-04-04 19:42:18",205
"2019-04-04 20:42:17",205
"2019-04-04 21:42:21",205
"2019-04-04 22:42:28",205
"2019-04-04 23:42:18",205
"2019-04-05 00:42:19",205
"2019-04-05 01:42:16",205
"2019-04-05 02:42:17",205
"2019-04-05 03:42:29",205
"2019-04-05 04:42:19",205
"2019-04-05 05:42:17",205
"2019-04-05 06:42:15",205
"2019-04-05 07:42:17",205
"2019-04-05 08:42:26",205
"2019-04-05 09:42:19",205
"2019-04-05 10:42:24",205
"2019-04-05 11:42:18",205
"2019-04-05 13:06:23",205
"2019-04-05 13:42:21",205
"2019-04-05 14:42:20",205
"2019-04-05 15:42:25",205
"2019-04-05 16:42:17",205
"2019-04-05 17:42:17",205
"2019-04-05 18:42:20",205
"2019-04-05 19:42:18",205
"2019-04-05 20:42:17",205
"2019-04-05 21:42:21",205
"2019-04-05 22:42:19",205
"2019-04-05 23:42:22",205
"2019-04-06 00:42:20",205
"2019-04-06 01:42:30",205
"2019-04-06 02:42:22",205
"2019-04-06 03:42:20",205
"2019-04-06 04:42:24",205
"2019-04-06 05:42:20",205
"2019-04-06 06:42:18",205
"2019-04-06 07:42:19",205
"2019-04-06 08:42:28",205
"2019-04-06 09:42:19",205
"2019-04-06 10:42:18",205
"2019-04-06 11:42:20",205
"2019-04-06 12:42:20",205
"2019-04-06 13:42:17",205
"2019-04-06 14:42:17",205
"2019-04-06 15:42:23",205
"2019-04-06 16:42:17",205
"2019-04-06 17:42:18",205
"2019-04-06 18:42:19",205
"2019-04-06 19:42:18",205
"2019-04-06 20:42:16",205
"2019-04-06 21:42:26",205
"2019-04-06 22:42:18",205
"2019-04-06 23:42:17",205
"2019-04-07 00:42:17",205
"2019-04-07 01:42:15",205
"2019-04-07 02:42:20",205
"2019-04-07 03:42:24",205
"2019-04-07 04:42:19",205
"2019-04-07 05:42:19",205
"2019-04-07 06:42:20",205
"2019-04-07 07:42:27",205
"2019-04-07 08:42:20",205
"2019-04-07 09:42:23",205
"2019-04-07 10:42:17",205
"2019-04-07 11:42:24",205
"2019-04-07 12:42:20",205
"2019-04-07 13:42:24",205
"2019-04-07 14:42:18",205
"2019-04-07 15:42:20",205
"2019-04-07 16:42:23",205
"2019-04-07 17:42:18",205
"2019-04-07 18:42:18",205
"2019-04-07 19:42:18",205
"2019-04-07 20:42:25",205
"2019-04-07 21:42:18",205
"2019-04-07 22:42:17",205
"2019-04-07 23:42:16",205
"2019-04-08 00:42:29",205
"2019-04-08 01:42:19",205
"2019-04-08 02:42:19",205
"2019-04-08 03:42:18",205
"2019-04-08 04:42:15",205
"2019-04-08 05:42:27",205
"2019-04-08 06:42:16",205
"2019-04-08 07:42:16",205
"2019-04-08 08:42:17",205
"2019-04-08 09:42:19",205
"2019-04-08 10:42:17",205
"2019-04-08 11:42:29",205
"2019-04-08 12:42:17",205
"2019-04-08 13:42:24",205
"2019-04-08 14:42:17",204
"2019-04-08 15:42:22",204
"2019-04-08 16:42:29",204
"2019-04-08 17:42:19",204
"2019-04-08 18:42:18",205
"2019-04-08 19:42:19",206
"2019-04-08 20:42:19",205
"2019-04-08 21:42:20",205
"2019-04-08 22:42:20",205
"2019-04-08 23:42:17",205
"2019-04-09 00:42:25",205
"2019-04-09 01:42:19",205
"2019-04-09 02:42:22",205
"2019-04-09 03:42:20",205
"2019-04-09 04:42:19",205
"2019-04-09 05:42:22",205
"2019-04-09 06:42:19",205
"2019-04-09 07:42:18",205
"2019-04-09 08:42:22",205
"2019-04-09 09:42:29",205
"2019-04-09 10:42:18",205
"2019-04-09 11:42:20",205
"2019-04-09 13:07:35",205
"2019-04-09 13:42:20",205
"2019-04-09 14:42:19",203
"2019-04-09 15:42:32",202
"2019-04-09 16:42:21",203
"2019-04-09 17:42:20",203
"2019-04-09 18:42:20",203
"2019-04-09 19:42:20",203
"2019-04-09 20:42:20",203
"2019-04-09 21:42:21",203
"2019-04-09 22:42:19",203
"2019-04-09 23:42:26",203
"2019-04-10 00:42:21",203
"2019-04-10 01:42:21",203
"2019-04-10 02:42:22",203
"2019-04-10 03:42:25",203
"2019-04-10 04:42:26",203
"2019-04-10 05:42:20",203
"2019-04-10 06:42:20",203
"2019-04-10 07:42:19",203
"2019-04-10 08:42:26",203
"2019-04-10 09:42:21",203
"2019-04-10 10:42:21",203
"2019-04-10 11:42:22",203
"2019-04-10 12:42:29",203
"2019-04-10 13:42:30",202
"2019-04-10 14:42:20",203
"2019-04-10 15:42:24",203
"2019-04-10 16:42:21",202
"2019-04-10 17:42:21",202
"2019-04-10 18:42:26",202
"2019-04-10 19:42:23",203
"2019-04-10 20:42:19",203
"2019-04-10 21:42:18",203
"2019-04-10 22:42:18",203
"2019-04-10 23:42:28",203
"2019-04-11 00:42:20",203
"2019-04-11 01:42:17",203
"2019-04-11 02:42:21",203
"2019-04-11 03:42:23",203
"2019-04-11 04:42:23",203
"2019-04-11 05:42:22",203
"2019-04-11 06:42:17",203
"2019-04-11 18:42:24",203
"2019-04-11 19:42:32",203
"2019-04-11 20:42:20",203
"2019-04-11 21:42:20",203
"2019-04-11 22:42:20",203
"2019-04-11 23:42:20",203
"2019-04-12 00:42:19",203
"2019-04-12 01:42:22",203
"2019-04-12 02:42:26",203
"2019-04-12 03:42:22",203
"2019-04-12 04:42:21",203
"2019-04-12 05:42:21",203
"2019-04-12 06:42:18",203
"2019-04-12 07:42:19",203
"2019-04-12 08:42:19",203
"2019-04-12 09:42:24",203
"2019-04-12 10:42:19",203
"2019-04-12 11:42:19",203
"2019-04-12 13:06:02",203
"2019-04-12 13:42:22",203
"2019-04-12 14:42:19",202
"2019-04-12 15:42:25",203
"2019-04-12 16:42:24",203
"2019-04-12 17:42:21",205
"2019-04-12 18:42:21",205
"2019-04-12 19:42:20",205
"2019-04-12 20:42:20",205
"2019-04-12 21:42:19",205
"2019-04-12 22:42:29",205
"2019-04-12 23:42:20",205
"2019-04-13 00:42:23",205
"2019-04-13 01:42:20",205
"2019-04-13 02:42:22",205
"2019-04-13 03:42:32",205
"2019-04-13 04:42:23",205
"2019-04-13 05:42:22",205
"2019-04-13 06:42:22",205
"2019-04-13 07:42:18",205
"2019-04-13 08:42:20",205
"2019-04-13 09:42:24",205
"2019-04-13 10:42:19",205
"2019-04-13 11:42:21",205
"2019-04-13 12:42:20",205
"2019-04-13 13:42:21",205
"2019-04-13 14:42:25",205
"2019-04-13 15:42:23",205
"2019-04-13 16:42:22",205
"2019-04-13 17:42:19",205
"2019-04-13 18:42:21",205
"2019-04-13 19:42:21",205
"2019-04-13 20:42:21",205
"2019-04-13 21:42:25",205
"2019-04-13 22:42:20",205
"2019-04-13 23:42:20",205
"2019-04-14 00:42:23",205
"2019-04-14 01:42:25",205
"2019-04-14 02:42:20",205
"2019-04-14 03:42:20",205
"2019-04-14 04:42:29",205
"2019-04-14 05:42:20",205
"2019-04-14 06:42:21",205
"2019-04-14 07:42:25",205
"2019-04-14 08:42:21",205
"2019-04-14 09:42:23",205
"2019-04-14 10:42:18",205
"2019-04-14 11:42:24",205
"2019-04-14 12:42:19",205
"2019-04-14 13:42:22",205
"2019-04-14 14:42:27",205
"2019-04-14 15:42:25",205
"2019-04-14 16:42:24",205
"2019-04-14 17:42:21",205
"2019-04-14 18:42:22",205
"2019-04-14 19:42:23",205
"2019-04-14 20:42:24",205
"2019-04-14 21:42:29",205
"2019-04-14 22:42:21",205
"2019-04-14 23:42:23",205
"2019-04-15 00:42:22",205
"2019-04-15 01:42:20",205
"2019-04-15 02:42:22",205
"2019-04-15 03:42:30",205
"2019-04-15 04:42:21",205
"2019-04-15 05:42:22",205
"2019-04-15 06:42:19",205
"2019-04-15 07:42:21",205
"2019-04-15 08:42:25",205
"2019-04-15 09:42:19",205
"2019-04-15 10:42:20",205
"2019-04-15 11:42:20",205
"2019-04-15 13:08:00",205
"2019-04-15 13:42:19",205
"2019-04-15 14:42:22",205
"2019-04-15 15:42:27",205
"2019-04-15 16:42:21",205
"2019-04-15 17:42:24",205
"2019-04-15 18:42:25",205
"2019-04-15 19:42:37",205
"2019-04-15 20:42:21",205
"2019-04-15 21:42:21",205
"2019-04-15 22:42:23",205
"2019-04-15 23:42:25",205
"2019-04-16 00:42:23",205
"2019-04-16 01:42:21",205
"2019-04-16 02:42:23",205
"2019-04-16 03:42:26",205
"2019-04-16 04:42:22",205
"2019-04-16 05:42:21",205
"2019-04-16 06:42:21",205
"2019-04-16 07:42:19",205
"2019-04-16 08:42:33",205
"2019-04-16 09:42:20",205
"2019-04-16 10:42:27",205
"2019-04-16 11:42:21",205
"2019-04-16 13:06:23",205
"2019-04-16 13:42:21",205
"2019-04-16 14:42:26",206
"2019-04-16 15:42:19",207
"2019-04-16 16:42:19",207
"2019-04-16 17:42:18",207
"2019-04-16 18:42:26",207
"2019-04-16 19:42:22",207
"2019-04-16 20:42:22",207
"2019-04-16 21:42:18",207
"2019-04-16 22:42:19",208
"2019-04-16 23:42:19",208
"2019-04-17 00:42:20",208
"2019-04-17 01:42:22",208
"2019-04-17 02:42:26",208
"2019-04-17 03:42:21",208
"2019-04-17 04:42:21",208
"2019-04-17 05:42:21",208
"2019-04-17 06:42:34",208
"2019-04-17 07:42:22",208
"2019-04-17 08:42:19",208
"2019-04-17 09:42:25",208
"2019-04-17 10:42:19",208
"2019-04-17 11:42:21",208
"2019-04-17 13:07:26",208
"2019-04-17 13:42:22",208
"2019-04-17 14:42:20",208
"2019-04-17 15:42:36",208
"2019-04-17 16:42:20",208
"2019-04-17 17:42:26",208
"2019-04-17 18:42:21",208
"2019-04-17 19:42:19",207
"2019-04-17 20:42:21",207
"2019-04-17 21:42:20",207
"2019-04-17 22:42:20",207
"2019-04-17 23:45:56",207
"2019-04-18 00:42:19",207
"2019-04-18 01:42:22",207
"2019-04-18 02:42:19",207
"2019-04-18 03:42:29",207
"2019-04-18 04:42:21",207
"2019-04-18 05:42:26",207
"2019-04-18 06:42:20",207
"2019-04-18 07:42:20",207
"2019-04-18 08:42:25",207
"2019-04-18 09:42:20",207
"2019-04-18 10:42:22",207
"2019-04-18 11:42:24",207
"2019-04-18 13:07:24",207
"2019-04-18 13:42:22",207
"2019-04-18 14:42:27",207
"2019-04-18 15:42:22",207
"2019-04-18 16:42:23",206
"2019-04-18 17:42:28",206
"2019-04-18 18:42:21",206
"2019-04-18 19:42:20",206
"2019-04-18 20:42:21",206
"2019-04-18 21:42:23",206
"2019-04-18 22:42:22",206
"2019-04-18 23:42:26",206
"2019-04-19 00:42:52",206
"2019-04-19 02:42:21",206
"2019-04-19 03:42:29",206
"2019-04-19 04:42:21",206
"2019-04-19 05:42:20",206
"2019-04-19 06:42:22",206
"2019-04-19 07:42:26",206
"2019-04-19 08:42:24",206
"2019-04-19 09:42:22",206
"2019-04-19 10:42:24",206
"2019-04-19 11:42:19",206
"2019-04-19 12:42:21",206
"2019-04-19 13:42:24",206
"2019-04-19 14:42:26",206
"2019-04-19 15:42:20",206
"2019-04-19 16:42:22",206
"2019-04-19 17:42:28",206
"2019-04-19 18:42:21",206
"2019-04-19 19:42:20",206
"2019-04-19 20:42:20",206
"2019-04-19 21:42:20",206
"2019-04-19 22:42:21",206
"2019-04-19 23:42:23",206
"2019-04-20 00:42:28",206
"2019-04-20 01:42:23",206
"2019-04-20 02:42:23",206
"2019-04-20 03:42:21",206
"2019-04-20 04:42:26",206
"2019-04-20 05:42:21",206
"2019-04-20 06:42:21",206
"2019-04-20 07:42:24",206
"2019-04-20 08:42:22",206
"2019-04-20 09:42:26",206
"2019-04-20 10:42:22",206
"2019-04-20 11:42:18",206
"2019-04-20 12:42:30",206
"2019-04-20 13:43:14",206
"2019-04-20 14:42:21",206
"2019-04-20 15:42:18",206
"2019-04-20 16:42:24",206
"2019-04-20 17:42:24",206
"2019-04-20 18:42:20",206
"2019-04-20 19:42:21",206
"2019-04-20 20:42:21",206
"2019-04-20 21:42:19",206
"2019-04-20 22:42:21",206
"2019-04-20 23:42:28",206
"2019-04-21 00:42:20",206
"2019-04-21 01:42:21",206
"2019-04-21 02:42:23",206
"2019-04-21 03:42:22",206
"2019-04-21 04:42:24",206
"2019-04-21 05:42:21",206
"2019-04-21 06:42:20",206
"2019-04-21 07:42:27",206
"2019-04-21 08:42:19",206
"2019-04-21 09:42:19",206
"2019-04-21 10:42:22",206
"2019-04-21 11:42:22",206
"2019-04-21 12:42:21",206
"2019-04-21 13:42:20",206
"2019-04-21 14:42:26",206
"2019-04-21 15:42:21",206
"2019-04-21 16:42:22",206
"2019-04-21 17:42:22",206
"2019-04-21 18:42:19",206
"2019-04-21 19:42:27",206
"2019-04-21 20:42:19",206
"2019-04-21 21:42:21",206
"2019-04-21 22:42:20",206
"2019-04-21 23:42:20",206
"2019-04-22 00:42:20",206
"2019-04-22 01:42:24",206
"2019-04-22 02:42:30",206
"2019-04-22 03:42:22",206
"2019-04-22 04:42:18",206
"2019-04-22 05:42:19",206
"2019-04-22 06:42:23",206
"2019-04-22 07:42:23",206
"2019-04-22 08:42:21",206
"2019-04-22 09:42:19",206
"2019-04-22 10:42:26",206
"2019-04-22 11:42:24",206
"2019-04-22 13:07:56",206
"2019-04-22 13:42:23",206
"2019-04-22 14:42:24",207
"2019-04-22 15:42:21",207
"2019-04-22 16:42:20",207
"2019-04-22 17:42:23",207
"2019-04-22 18:42:25",207
"2019-04-22 19:42:24",207
"2019-04-22 20:42:22",207
"2019-04-22 21:42:21",207
"2019-04-22 22:42:22",207
"2019-04-22 23:42:25",207
"2019-04-23 00:42:24",207
"2019-04-23 01:42:20",207
"2019-04-23 02:42:20",207
"2019-04-23 03:42:24",207
"2019-04-23 04:42:25",207
"2019-04-23 05:42:22",207
"2019-04-23 06:42:56",207
"2019-04-23 07:42:21",207
"2019-04-23 08:42:18",207
"2019-04-23 09:42:21",207
"2019-04-23 10:42:24",207
"2019-04-23 11:42:25",207
"2019-04-23 13:08:26",207
"2019-04-23 13:42:21",207
"2019-04-23 14:42:19",207
"2019-04-23 15:42:24",207
"2019-04-23 16:42:22",207
"2019-04-23 17:42:21",207
"2019-04-23 18:42:19",207
"2019-04-23 19:42:22",207
"2019-04-23 20:42:29",207
"2019-04-23 21:42:24",207
"2019-04-23 22:42:21",207
"2019-04-23 23:42:22",207
"2019-04-24 00:42:20",207
"2019-04-24 01:42:22",207
"2019-04-24 02:42:26",207
"2019-04-24 03:42:22",207
"2019-04-24 04:42:21",207
"2019-04-24 05:42:19",207
"2019-04-24 06:42:23",207
"2019-04-24 07:42:26",207
"2019-04-24 08:42:20",207
"2019-04-24 09:42:22",207
"2019-04-24 10:42:25",207
"2019-04-24 11:42:26",207
"2019-04-24 12:42:20",207
"2019-04-24 13:42:34",207
"2019-04-24 14:42:24",207
"2019-04-24 15:42:23",207
"2019-04-24 16:42:22",207
"2019-04-24 17:42:24",207
"2019-04-24 18:42:33",208
"2019-04-24 19:42:22",208
"2019-04-24 20:42:24",208
"2019-04-24 21:42:22",208
"2019-04-24 22:42:21",208
"2019-04-24 23:42:31",208
"2019-04-25 00:42:24",208
"2019-04-25 01:42:23",208
"2019-04-25 02:42:22",208
"2019-04-25 03:42:29",208
"2019-04-25 04:42:22",208
"2019-04-25 05:42:22",208
"2019-04-25 06:42:25",208
"2019-04-25 07:42:20",208
"2019-04-25 08:42:26",208
"2019-04-25 09:42:22",208
"2019-04-25 10:42:26",208
"2019-04-25 11:42:24",208
"2019-04-25 13:06:56",208
"2019-04-25 13:42:23",208
"2019-04-25 14:42:27",208
"2019-04-25 15:42:21",208
"2019-04-25 16:42:26",208
"2019-04-25 17:42:20",207
"2019-04-25 18:42:20",207
"2019-04-25 19:42:24",208
"2019-04-25 20:42:20",208
"2019-04-25 21:42:27",208
"2019-04-25 22:42:21",208
"2019-04-25 23:42:20",208
"2019-04-26 00:42:22",208
"2019-04-26 01:42:26",208
"2019-04-26 02:42:22",208
"2019-04-26 03:42:23",208
"2019-04-26 04:42:24",208
"2019-04-26 05:42:24",208
"2019-04-26 06:42:24",208
"2019-04-26 07:42:20",208
"2019-04-26 08:42:27",208
"2019-04-26 09:42:19",208
"2019-04-26 10:42:28",208
"2019-04-26 11:42:20",208
"2019-04-26 12:42:21",208
"2019-04-26 13:42:26",208
"2019-04-26 14:42:20",208
"2019-04-26 15:42:26",208
"2019-04-26 16:42:19",208
"2019-04-26 17:42:21",209
"2019-04-26 18:42:22",209
"2019-04-26 19:42:19",208
"2019-04-26 20:42:25",208
"2019-04-26 21:42:20",208
"2019-04-26 22:42:20",208
"2019-04-26 23:42:21",208
"2019-04-27 00:42:21",208
"2019-04-27 01:42:25",208
"2019-04-27 02:42:20",208
"2019-04-27 03:42:20",208
"2019-04-27 04:42:19",208
"2019-04-27 05:42:21",208
"2019-04-27 06:42:25",208
"2019-04-27 07:42:19",208
"2019-04-27 08:42:19",208
"2019-04-27 09:42:23",208
"2019-04-27 10:42:21",208
"2019-04-27 11:42:18",208
"2019-04-27 12:42:19",208
"2019-04-27 13:42:22",208
"2019-04-27 14:42:19",208
"2019-04-27 15:42:18",208
"2019-04-27 16:42:20",208
"2019-04-27 17:42:28",208
"2019-04-27 18:42:20",208
"2019-04-27 19:42:18",208
"2019-04-27 20:42:21",208
"2019-04-27 21:42:21",208
"2019-04-27 22:42:18",208
"2019-04-27 23:42:19",208
"2019-04-28 00:42:19",208
"2019-04-28 01:42:21",208
"2019-04-28 02:42:20",208
"2019-04-28 03:42:18",208
"2019-04-28 04:42:26",208
"2019-04-28 05:42:20",208
"2019-04-28 06:42:19",208
"2019-04-28 07:42:18",208
"2019-04-28 08:42:23",208
"2019-04-28 09:42:19",208
"2019-04-28 10:42:24",208
"2019-04-28 11:42:21",208
"2019-04-28 12:42:19",208
"2019-04-28 13:42:19",208
"2019-04-28 14:42:23",208
"2019-04-28 15:42:20",208
"2019-04-28 16:42:18",208
"2019-04-28 17:42:20",208
"2019-04-28 18:42:20",208
"2019-04-28 19:42:32",208
"2019-04-28 20:42:19",208
"2019-04-28 21:42:21",208
"2019-04-28 22:42:19",208
"2019-04-28 23:42:21",208
"2019-04-29 00:42:24",208
"2019-04-29 01:42:18",208
"2019-04-29 02:42:18",208
"2019-04-29 03:42:22",208
"2019-04-29 04:42:24",208
"2019-04-29 05:42:19",208
"2019-04-29 06:42:19",208
"2019-04-29 07:42:20",208
"2019-04-29 08:42:24",208
"2019-04-29 09:42:23",208
"2019-04-29 10:42:19",208
"2019-04-29 11:42:19",208
"2019-04-29 12:42:26",208
"2019-04-29 13:42:20",208
"2019-04-29 14:42:24",208
"2019-04-29 15:42:19",208
"2019-04-29 16:42:23",208
"2019-04-29 17:42:22",207
"2019-04-29 18:42:22",207
"2019-04-29 19:42:23",207
"2019-04-29 20:42:29",207
"2019-04-29 21:42:21",207
"2019-04-29 22:42:19",207
"2019-04-29 23:42:23",207
"2019-04-30 00:42:20",207
"2019-04-30 01:42:22",207
"2019-04-30 02:42:25",207
"2019-04-30 03:42:27",207
"2019-04-30 04:42:22",207
"2019-04-30 05:42:22",207
"2019-04-30 06:42:19",207
"2019-04-30 07:42:21",207
"2019-04-30 08:42:21",207
"2019-04-30 09:42:26",207
"2019-04-30 10:42:22",207
"2019-04-30 11:42:22",207
"2019-04-30 13:06:26",207
"2019-04-30 13:42:25",207
"2019-04-30 14:42:24",207
"2019-04-30 15:42:25",207
"2019-04-30 16:42:25",207
"2019-04-30 17:42:30",206
"2019-04-30 18:42:23",206
"2019-04-30 19:42:26",205
"2019-04-30 20:42:23",206
"2019-04-30 21:42:23",206
"2019-04-30 22:42:19",206
"2019-04-30 23:42:26",206
"2019-05-01 00:42:19",206
"2019-05-01 01:42:29",206
"2019-05-01 02:42:23",206
"2019-05-01 03:42:29",206
"2019-05-01 04:42:27",206
"2019-05-01 05:42:25",206
"2019-05-01 06:42:21",206
"2019-05-01 07:42:24",206
"2019-05-01 08:42:25",206
"2019-05-01 09:42:25",206
"2019-05-01 10:42:21",206
"2019-05-01 11:42:23",206
"2019-05-01 13:06:26",206
"2019-05-01 13:42:26",206
"2019-05-01 14:42:19",206
"2019-05-01 15:42:26",206
"2019-05-01 16:42:23",206
"2019-05-01 17:42:20",206
"2019-05-01 18:42:25",206
"2019-05-01 19:42:29",208
"2019-05-01 20:42:26",208
"2019-05-01 21:42:23",208
"2019-05-01 22:42:26",208
"2019-05-01 23:42:26",208
"2019-05-02 00:42:27",208
"2019-05-02 01:42:23",208
"2019-05-02 02:42:28",208
"2019-05-02 03:42:24",208
"2019-05-02 04:42:28",208
"2019-05-02 05:42:31",208
"2019-05-02 06:42:28",208
"2019-05-02 07:42:25",208
"2019-05-02 08:42:25",208
"2019-05-02 09:42:23",208
"2019-05-02 10:42:26",208
"2019-05-02 11:42:22",208
"2019-05-02 13:42:30",208
"2019-05-02 14:42:22",208
"2019-05-02 15:42:23",208
"2019-05-02 16:42:28",208
"2019-05-02 17:42:22",207
"2019-05-02 18:42:23",207
"2019-05-02 19:42:29",207
"2019-05-02 20:42:24",207
"2019-05-02 21:42:25",207
"2019-05-02 22:42:30",207
"2019-05-02 23:42:22",207
"2019-05-03 00:42:23",207
"2019-05-03 01:42:31",207
"2019-05-03 02:42:24",207
"2019-05-03 03:42:30",207
"2019-05-03 04:42:23",207
"2019-05-03 05:42:38",207
"2019-05-03 06:42:27",207
"2019-05-03 07:42:27",207
"2019-05-03 08:42:26",207
"2019-05-03 09:42:26",207
"2019-05-03 10:42:30",207
"2019-05-03 11:42:26",207
"2019-05-03 13:05:34",207
"2019-05-03 13:42:35",207
"2019-05-03 14:42:29",207
"2019-05-03 15:42:27",208
"2019-05-03 16:42:27",209
"2019-05-03 17:42:29",210
"2019-05-03 18:42:34",211
"2019-05-03 19:42:31",211
"2019-05-03 20:42:23",211
"2019-05-03 21:42:34",211
"2019-05-03 22:42:24",211
"2019-05-03 23:42:30",211
"2019-05-04 00:42:27",211
"2019-05-04 01:42:28",211
"2019-05-04 02:42:30",211
"2019-05-04 03:42:34",211
"2019-05-04 04:42:28",211
"2019-05-04 05:42:27",211
"2019-05-04 06:42:29",211
"2019-05-04 07:42:28",211
"2019-05-04 08:42:23",211
"2019-05-04 09:42:27",211
"2019-05-04 10:42:22",211
"2019-05-04 11:42:27",211
"2019-05-04 12:42:30",211
"2019-05-04 13:42:29",211
"2019-05-04 14:42:23",211
"2019-05-04 15:42:24",211
"2019-05-04 16:42:28",211
"2019-05-04 17:42:24",211
"2019-05-04 18:42:23",211
"2019-05-04 19:42:26",211
"2019-05-04 20:42:22",211
"2019-05-04 21:42:24",211
"2019-05-04 22:42:23",211
"2019-05-04 23:42:29",211
"2019-05-05 00:42:25",211
"2019-05-05 01:42:28",211
"2019-05-05 02:42:24",211
"2019-05-05 03:42:26",211
"2019-05-05 04:42:28",211
"2019-05-05 05:42:29",211
"2019-05-05 06:42:30",211
"2019-05-05 07:42:26",211
"2019-05-05 08:42:22",211
"2019-05-05 09:42:23",211
"2019-05-05 10:42:26",211
"2019-05-05 11:42:26",211
"2019-05-05 12:42:25",211
"2019-05-05 13:42:26",211
"2019-05-05 14:42:27",211
"2019-05-05 15:42:24",211
"2019-05-05 16:42:23",211
"2019-05-05 17:42:30",211
"2019-05-05 18:42:24",211
"2019-05-05 19:42:22",211
"2019-05-05 20:42:25",211
"2019-05-05 21:42:22",211
"2019-05-05 22:42:27",211
"2019-05-05 23:42:27",211
"2019-05-06 00:42:24",211
"2019-05-06 01:42:23",211
"2019-05-06 02:42:24",211
"2019-05-06 03:42:27",211
"2019-05-06 04:42:21",211
"2019-05-06 05:42:22",211
"2019-05-06 06:42:22",211
"2019-05-06 07:42:28",211
"2019-05-06 08:42:23",211
"2019-05-06 09:42:21",211
"2019-05-06 10:42:26",211
"2019-05-06 11:42:26",211
"2019-05-06 13:07:35",211
"2019-05-06 13:42:34",211
"2019-05-06 14:42:34",214
"2019-05-06 15:42:23",214
"2019-05-06 16:42:26",213
"2019-05-06 17:34:16",213
"2019-05-06 17:42:24",213
"2019-05-06 18:42:25",213
"2019-05-06 19:42:27",213
"2019-05-06 20:42:22",213
"2019-05-06 21:42:22",213
"2019-05-06 22:42:25",213
"2019-05-06 23:42:22",213
"2019-05-07 00:42:23",213
"2019-05-07 01:42:31",213
"2019-05-07 02:42:23",213
"2019-05-07 03:42:26",213
"2019-05-07 04:42:25",213
"2019-05-07 05:42:23",213
"2019-05-07 06:42:22",213
"2019-05-07 07:42:23",213
"2019-05-07 08:42:21",213
"2019-05-07 09:42:25",213
"2019-05-07 10:42:23",213
"2019-05-07 11:42:21",213
"2019-05-07 12:42:28",213
"2019-05-07 13:42:26",213
"2019-05-07 14:42:21",213
"2019-05-07 15:42:21",213
"2019-05-07 16:42:25",213
"2019-05-07 17:42:26",213
"2019-05-07 18:42:23",212
"2019-05-07 19:42:28",212
"2019-05-07 20:42:24",212
"2019-05-07 21:42:22",212
"2019-05-07 22:42:22",212
"2019-05-07 23:42:26",212
"2019-05-08 00:42:22",212
"2019-05-08 01:42:23",212
"2019-05-08 02:42:23",212
"2019-05-08 03:42:28",212
"2019-05-08 04:42:24",212
"2019-05-08 05:42:24",212
"2019-05-08 06:42:25",212
"2019-05-08 07:42:23",212
"2019-05-08 08:42:22",212
"2019-05-08 09:42:29",212
"2019-05-08 10:42:22",212
"2019-05-08 11:42:26",212
"2019-05-08 13:06:28",212
"2019-05-08 13:42:25",212
"2019-05-08 14:42:27",213
"2019-05-08 15:42:27",214
"2019-05-08 16:42:25",214
"2019-05-08 17:42:26",214
"2019-05-08 18:42:29",214
"2019-05-08 19:42:24",215
"2019-05-08 20:42:22",215
"2019-05-08 21:42:24",215
"2019-05-08 22:42:22",215
"2019-05-08 23:42:32",215
"2019-05-09 00:42:23",215
"2019-05-09 01:42:25",215
"2019-05-09 02:42:26",215
"2019-05-09 03:42:31",215
"2019-05-09 04:42:30",215
"2019-05-09 05:42:25",215
"2019-05-09 06:42:28",215
"2019-05-09 07:42:27",215
"2019-05-09 08:42:26",215
"2019-05-09 09:42:31",215
"2019-05-09 10:42:23",215
"2019-05-09 11:42:28",215
"2019-05-09 13:05:58",214
"2019-05-09 13:42:25",214
"2019-05-09 14:42:23",215
"2019-05-09 15:42:28",215
"2019-05-09 16:42:25",215
"2019-05-09 17:42:30",215
"2019-05-09 18:42:24",215
"2019-05-09 19:42:26",214
"2019-05-09 20:42:25",214
"2019-05-09 21:42:23",214
"2019-05-09 22:42:30",214
"2019-05-09 23:42:23",214
"2019-05-10 00:42:23",214
"2019-05-10 01:42:27",214
"2019-05-10 02:42:31",214
"2019-05-10 03:42:23",214
"2019-05-10 04:42:31",214
"2019-05-10 05:42:24",214
"2019-05-10 06:42:23",214
"2019-05-10 07:42:22",214
"2019-05-10 08:42:28",214
"2019-05-10 09:42:23",214
"2019-05-10 10:42:25",214
"2019-05-10 11:42:24",214
"2019-05-10 12:42:30",214
"2019-05-10 13:42:24",214
"2019-05-10 14:42:29",214
"2019-05-10 15:42:24",214
"2019-05-10 16:42:24",214
"2019-05-10 17:42:25",214
"2019-05-10 18:42:30",214
"2019-05-10 19:42:24",215
"2019-05-10 20:42:23",215
"2019-05-10 21:42:24",215
"2019-05-10 22:42:27",215
"2019-05-10 23:42:25",215
"2019-05-11 00:42:32",215
"2019-05-11 01:42:24",215
"2019-05-11 02:42:31",215
"2019-05-11 03:42:24",215
"2019-05-11 04:42:25",215
"2019-05-11 05:42:34",215
"2019-05-11 06:42:23",215
"2019-05-11 07:42:23",215
"2019-05-11 08:42:29",215
"2019-05-11 09:42:23",215
"2019-05-11 10:42:31",215
"2019-05-11 11:42:24",215
"2019-05-11 12:42:24",215
"2019-05-11 13:42:27",215
"2019-05-11 14:42:23",215
"2019-05-11 15:42:26",215
"2019-05-11 16:42:33",215
"2019-05-11 17:42:25",215
"2019-05-11 18:42:26",215
"2019-05-11 19:42:25",215
"2019-05-11 20:42:24",215
"2019-05-11 21:42:25",215
"2019-05-11 22:42:28",215
"2019-05-11 23:42:26",215
"2019-05-12 00:42:24",215
"2019-05-12 01:42:25",215
"2019-05-12 02:42:25",215
"2019-05-12 03:42:30",215
"2019-05-12 04:42:24",215
"2019-05-12 05:42:26",215
"2019-05-12 06:42:24",215
"2019-05-12 07:42:29",215
"2019-05-12 08:42:24",215
"2019-05-12 09:42:27",215
"2019-05-12 10:42:23",215
"2019-05-12 11:42:23",215
"2019-05-12 12:42:23",215
"2019-05-12 13:42:29",215
"2019-05-12 14:42:24",215
"2019-05-12 15:42:25",215
"2019-05-12 16:42:26",215
"2019-05-12 17:42:30",215
"2019-05-12 18:42:23",215
"2019-05-12 19:42:24",215
"2019-05-12 20:42:23",215
"2019-05-12 21:42:21",215
"2019-05-12 22:42:30",215
"2019-05-12 23:42:23",215
"2019-05-13 00:42:26",215
"2019-05-13 01:42:22",215
"2019-05-13 02:42:23",215
"2019-05-13 03:42:27",215
"2019-05-13 04:42:22",215
"2019-05-13 05:42:22",215
"2019-05-13 06:42:27",215
"2019-05-13 07:42:21",215
"2019-05-13 08:42:22",215
"2019-05-13 09:42:24",215
"2019-05-13 10:42:27",215
"2019-05-13 11:42:24",215
"2019-05-13 13:05:58",215
"2019-05-13 13:42:24",215
"2019-05-13 14:42:23",216
"2019-05-13 15:42:29",216
"2019-05-13 16:42:23",216
"2019-05-13 17:42:24",215
"2019-05-13 18:42:26",214
"2019-05-13 19:42:26",214
"2019-05-13 20:42:23",214
"2019-05-13 21:42:25",214
"2019-05-13 22:42:23",214
"2019-05-13 23:42:23",214
"2019-05-14 00:42:40",214
"2019-05-14 01:42:23",214
"2019-05-14 02:42:25",214
"2019-05-14 03:42:30",214
"2019-05-14 04:42:25",214
"2019-05-14 05:42:23",214
"2019-05-14 06:42:30",214
"2019-05-14 07:42:26",214
"2019-05-14 08:42:26",214
"2019-05-14 09:42:30",214
"2019-05-14 10:42:24",214
"2019-05-14 11:42:24",214
"2019-05-14 13:05:30",214
"2019-05-14 13:42:26",214
"2019-05-14 14:42:23",214
"2019-05-14 15:42:26",215
"2019-05-14 16:42:25",215
"2019-05-14 17:42:25",215
"2019-05-14 18:42:26",215
"2019-05-14 19:42:22",214
"2019-05-14 20:42:23",214
"2019-05-14 21:42:22",214
"2019-05-14 22:42:27",214
"2019-05-14 23:42:25",214
"2019-05-15 00:42:24",214
"2019-05-15 01:42:24",214
"2019-05-15 02:42:23",214
"2019-05-15 03:42:27",214
"2019-05-15 04:42:25",214
"2019-05-15 05:42:26",214
"2019-05-15 06:42:27",214
"2019-05-15 07:42:25",214
"2019-05-15 08:42:26",214
"2019-05-15 09:42:29",214
"2019-05-15 10:42:32",214
"2019-05-15 11:42:24",214
"2019-05-15 13:06:29",214
"2019-05-15 13:42:25",214
"2019-05-15 14:42:25",213
"2019-05-15 15:42:23",213
"2019-05-15 16:42:28",213
"2019-05-15 17:42:25",213
"2019-05-15 18:42:27",213
"2019-05-15 19:42:25",213
"2019-05-15 20:42:25",213
"2019-05-15 21:42:27",213
"2019-05-15 22:42:24",213
"2019-05-15 23:42:24",213
"2019-05-16 00:42:23",213
"2019-05-16 01:42:28",213
"2019-05-16 02:42:28",213
"2019-05-16 03:42:23",213
"2019-05-16 04:42:24",213
"2019-05-16 05:42:28",213
"2019-05-16 06:42:26",213
"2019-05-16 07:42:29",213
"2019-05-16 08:42:27",213
"2019-05-16 09:42:28",213
"2019-05-16 10:42:38",213
"2019-05-16 11:42:25",213
"2019-05-16 13:05:28",213
"2019-05-16 13:42:38",213
"2019-05-16 14:42:26",213
"2019-05-16 15:42:25",211
"2019-05-16 16:42:29",211
"2019-05-16 17:42:26",211
"2019-05-16 18:42:28",211
"2019-05-16 19:42:29",211
"2019-05-16 20:42:25",211
"2019-05-16 21:42:27",211
"2019-05-16 22:42:29",211
"2019-05-16 23:42:26",211
"2019-05-17 00:42:34",211
"2019-05-17 01:42:29",211
"2019-05-17 02:42:26",211
"2019-05-17 03:42:25",211
"2019-05-17 04:42:25",211
"2019-05-17 05:42:27",211
"2019-05-17 06:42:32",211
"2019-05-17 07:42:27",211
"2019-05-17 08:42:33",211
"2019-05-17 09:42:31",211
"2019-05-17 10:42:25",211
"2019-05-17 11:42:29",211
"2019-05-17 13:07:00",211
"2019-05-17 13:42:34",211
"2019-05-17 14:42:27",211
"2019-05-17 15:42:25",211
"2019-05-17 16:42:28",211
"2019-05-17 17:42:26",212
"2019-05-17 18:42:28",211
"2019-05-17 19:42:29",211
"2019-05-17 20:42:25",211
"2019-05-17 21:42:25",211
"2019-05-17 22:42:25",211
"2019-05-17 23:42:26",211
"2019-05-18 00:42:26",211
"2019-05-18 01:42:28",211
"2019-05-18 02:42:27",211
"2019-05-18 04:42:23",211
"2019-05-18 05:42:20",211
"2019-05-18 06:42:22",211
"2019-05-18 07:42:20",211
"2019-05-18 08:42:20",211
"2019-05-18 09:42:20",211
"2019-05-18 10:42:19",211
"2019-05-18 11:42:22",211
"2019-05-18 12:42:19",211
"2019-05-18 13:42:21",211
"2019-05-18 14:42:20",211
"2019-05-18 15:42:23",211
"2019-05-18 16:42:20",211
"2019-05-18 17:42:22",211
"2019-05-18 18:42:19",211
"2019-05-18 19:42:20",211
"2019-05-18 20:42:20",211
"2019-05-18 21:42:20",211
"2019-05-18 22:42:20",211
"2019-05-18 23:42:19",211
"2019-05-19 00:42:19",211
"2019-05-19 01:42:19",211
"2019-05-19 02:42:19",211
"2019-05-19 03:42:19",211
"2019-05-19 04:42:22",211
"2019-05-19 05:42:19",211
"2019-05-19 06:42:19",211
"2019-05-19 07:42:19",211
"2019-05-19 08:42:19",211
"2019-05-19 09:42:19",211
"2019-05-19 10:42:19",211
"2019-05-19 11:42:20",211
"2019-05-19 12:42:21",211
"2019-05-19 13:42:21",211
"2019-05-19 14:42:19",211
"2019-05-19 15:42:19",211
"2019-05-19 16:42:21",211
"2019-05-19 17:42:20",211
"2019-05-19 18:42:20",211
"2019-05-19 19:42:20",211
"2019-05-19 20:42:20",211
"2019-05-19 21:42:21",211
"2019-05-19 22:42:20",211
"2019-05-19 23:42:20",211
"2019-05-20 00:42:21",211
"2019-05-20 01:42:20",211
"2019-05-20 02:42:22",211
"2019-05-20 03:42:21",211
"2019-05-20 04:42:22",211
"2019-05-20 05:42:22",211
"2019-05-20 06:42:21",211
"2019-05-20 07:42:21",211
"2019-05-20 08:42:20",211
"2019-05-20 09:42:21",211
"2019-05-20 10:42:21",211
"2019-05-20 11:42:21",211
"2019-05-20 12:42:23",211
"2019-05-20 13:42:22",211
"2019-05-20 14:42:21",212
"2019-05-20 15:42:19",212
"2019-05-20 16:42:22",212
"2019-05-20 17:42:21",212
"2019-05-20 18:42:19",212
"2019-05-20 19:42:20",212
"2019-05-20 20:42:19",212
"2019-05-20 21:42:20",212
"2019-05-20 22:42:20",212
"2019-05-20 23:42:24",212
"2019-05-21 00:42:20",212
"2019-05-21 01:42:21",212
"2019-05-21 02:42:20",212
"2019-05-21 03:42:20",212
"2019-05-21 04:42:21",212
"2019-05-21 05:42:20",212
"2019-05-21 06:42:19",212
"2019-05-21 07:42:21",212
"2019-05-21 08:42:20",212
"2019-05-21 09:42:18",212
"2019-05-21 10:42:20",212
"2019-05-21 11:42:19",212
"2019-05-21 13:06:24",212
"2019-05-21 13:42:21",212
"2019-05-21 14:42:22",213
"2019-05-21 15:42:20",213
"2019-05-21 16:42:20",213
"2019-05-21 17:42:20",213
"2019-05-21 18:42:21",214
"2019-05-21 19:42:22",214
"2019-05-21 20:42:21",214
"2019-05-21 21:42:20",214
"2019-05-21 22:42:24",214
"2019-05-21 23:42:21",214
"2019-05-22 00:42:20",214
"2019-05-22 01:42:21",214
"2019-05-22 02:42:20",214
"2019-05-22 03:42:20",214
"2019-05-22 04:42:22",214
"2019-05-22 05:42:21",214
"2019-05-22 06:42:20",214
"2019-05-22 07:42:21",214
"2019-05-22 08:42:26",214
"2019-05-22 09:42:26",214
"2019-05-22 10:42:20",214
"2019-05-22 11:42:21",214
"2019-05-22 12:42:21",214
"2019-05-22 13:42:22",214
"2019-05-22 14:42:21",214
"2019-05-22 15:42:24",214
"2019-05-22 16:42:21",213
"2019-05-22 17:42:20",213
"2019-05-22 18:42:21",213
"2019-05-22 19:42:20",213
"2019-05-22 20:42:20",213
"2019-05-22 21:42:21",213
"2019-05-22 22:42:20",213
"2019-05-22 23:42:20",213
"2019-05-23 00:42:21",213
"2019-05-23 01:42:20",213
"2019-05-23 02:42:22",213
"2019-05-23 03:42:20",213
"2019-05-23 04:42:24",213
"2019-05-23 05:42:20",213
"2019-05-23 06:42:21",213
"2019-05-23 07:42:22",213
"2019-05-23 08:42:21",213
"2019-05-23 09:42:21",213
"2019-05-23 10:42:21",213
"2019-05-23 11:42:20",213
"2019-05-23 12:42:23",213
"2019-05-23 13:42:21",213
"2019-05-23 14:42:21",213
"2019-05-23 15:42:20",213
"2019-05-23 16:42:20",213
"2019-05-23 17:42:21",213
"2019-05-23 18:42:21",213
"2019-05-23 19:42:23",213
"2019-05-23 20:42:21",213
"2019-05-23 21:42:21",213
"2019-05-23 22:42:21",213
"2019-05-23 23:42:21",213
"2019-05-24 00:42:22",213
"2019-05-24 01:42:21",213
"2019-05-24 02:42:20",213
"2019-05-24 03:42:20",213
"2019-05-24 04:42:21",213
"2019-05-24 05:42:22",213
"2019-05-24 06:42:20",213
"2019-05-24 07:42:19",213
"2019-05-24 08:42:21",213
"2019-05-24 09:42:22",213
"2019-05-24 10:42:22",213
"2019-05-24 11:42:21",213
"2019-05-24 13:06:24",213
"2019-05-24 13:42:21",213
"2019-05-24 14:42:21",213
"2019-05-24 15:42:21",214
"2019-05-24 16:42:20",214
"2019-05-24 17:42:22",214
"2019-05-24 18:42:23",214
"2019-05-24 19:42:22",215
"2019-05-24 20:42:22",215
"2019-05-24 21:42:23",215
"2019-05-24 22:42:22",215
"2019-05-24 23:42:24",215
"2019-05-25 00:42:22",215
"2019-05-25 01:42:22",215
"2019-05-25 04:42:23",215
"2019-05-26 04:42:25",215
"2019-05-26 05:42:23",215
"2019-05-26 06:42:22",215
"2019-05-26 07:42:24",215
"2019-05-26 08:42:21",215
"2019-05-26 09:42:21",215
"2019-05-26 10:42:22",215
"2019-05-26 11:42:23",215
"2019-05-26 12:42:21",215
"2019-05-26 13:42:21",215
"2019-05-26 14:42:23",215
"2019-05-26 15:42:21",215
"2019-05-26 16:42:22",215
"2019-05-26 17:42:25",215
"2019-05-26 18:42:22",215
"2019-05-26 19:42:21",215
"2019-05-26 20:42:21",215
"2019-05-26 21:42:22",215
"2019-05-26 22:42:22",215
"2019-05-26 23:42:21",215
"2019-05-27 00:42:21",215
"2019-05-27 01:42:22",215
"2019-05-27 02:42:22",215
"2019-05-27 03:42:23",215
"2019-05-27 04:42:23",215
"2019-05-27 05:42:22",215
"2019-05-27 06:42:22",215
"2019-05-27 07:42:27",215
"2019-05-27 08:42:26",215
"2019-05-27 09:42:25",215
"2019-05-27 10:42:23",215
"2019-05-27 11:42:21",215
"2019-05-27 12:42:21",215
"2019-05-27 13:42:22",215
"2019-05-27 14:42:22",215
"2019-05-27 15:42:22",215
"2019-05-27 16:42:22",215
"2019-05-27 17:42:24",215
"2019-05-27 18:42:22",215
"2019-05-27 19:42:21",215
"2019-05-27 20:42:21",215
"2019-05-27 21:42:22",215
"2019-05-27 22:42:21",215
"2019-05-27 23:42:21",215
"2019-05-28 00:42:21",215
"2019-05-28 01:42:22",215
"2019-05-28 02:42:23",215
"2019-05-28 03:42:22",215
"2019-05-28 04:42:21",215
"2019-05-28 05:42:21",215
"2019-05-28 06:42:26",215
"2019-05-28 07:42:22",215
"2019-05-28 08:42:21",215
"2019-05-28 09:42:23",215
"2019-05-28 10:42:21",215
"2019-05-28 11:42:20",215
"2019-05-28 12:42:20",215
"2019-05-28 13:42:22",215
"2019-05-28 14:42:22",215
"2019-05-28 15:42:21",215
"2019-05-28 16:42:22",216
"2019-05-28 17:42:25",216
"2019-05-28 18:42:22",216
"2019-05-28 19:42:21",216
"2019-05-28 20:42:22",216
"2019-05-28 21:42:21",216
"2019-05-28 22:42:21",216
"2019-05-28 23:42:22",216
"2019-05-29 00:42:22",216
"2019-05-29 01:42:21",216
"2019-05-29 02:42:22",216
"2019-05-29 03:42:21",216
"2019-05-29 04:42:21",216
"2019-05-29 05:42:24",216
"2019-05-29 06:42:22",216
"2019-05-29 07:42:24",216
"2019-05-29 08:42:22",216
"2019-05-29 09:42:26",216
"2019-05-29 10:42:22",216
"2019-05-29 11:42:21",216
"2019-05-29 13:05:26",216
"2019-05-29 13:42:24",216
"2019-05-29 14:42:24",216
"2019-05-29 15:42:22",216
"2019-05-29 16:42:22",217
"2019-05-29 17:42:23",218
"2019-05-29 18:42:23",219
"2019-05-29 19:42:24",219
"2019-05-29 20:42:21",219
"2019-05-29 21:42:22",219
"2019-05-29 22:42:22",219
"2019-05-29 23:42:23",219
"2019-05-30 00:42:21",219
"2019-05-30 01:42:22",219
"2019-05-30 02:42:23",219
"2019-05-30 03:42:22",219
"2019-05-30 04:42:23",219
"2019-05-30 05:42:24",219
"2019-05-30 06:42:22",219
"2019-05-30 07:42:22",219
"2019-05-30 08:42:26",219
"2019-05-30 09:42:22",219
"2019-05-30 10:42:21",219
"2019-05-30 11:42:22",219
"2019-05-30 12:42:25",219
"2019-05-30 13:42:21",219
"2019-05-30 14:42:24",218
"2019-05-30 15:42:23",218
"2019-05-30 16:42:21",218
"2019-05-30 17:42:22",218
"2019-05-30 18:42:22",219
"2019-05-30 19:42:22",219
"2019-05-30 20:42:21",219
"2019-05-30 21:42:21",219
"2019-05-30 22:42:23",219
"2019-05-30 23:42:21",219
"2019-05-31 00:42:20",219
"2019-05-31 01:42:22",219
"2019-05-31 02:42:21",219
"2019-05-31 03:42:21",219
"2019-05-31 04:42:21",219
"2019-05-31 05:42:21",219
"2019-05-31 06:42:23",219
"2019-05-31 07:42:20",219
"2019-05-31 08:42:21",219
"2019-05-31 09:42:23",219
"2019-05-31 10:42:21",219
"2019-05-31 11:42:21",219
"2019-05-31 12:43:06",219
"2019-05-31 13:42:23",220
"2019-05-31 14:42:22",219
"2019-05-31 15:42:22",219
"2019-05-31 16:42:21",219
"2019-05-31 17:42:25",219
"2019-05-31 18:42:22",218
"2019-05-31 19:42:21",218
"2019-05-31 20:42:22",218
"2019-05-31 21:42:22",218
"2019-05-31 22:42:20",218
"2019-05-31 23:42:21",218
"2019-06-01 00:42:21",218
"2019-06-01 01:42:21",218
"2019-06-01 02:42:21",218
"2019-06-01 03:42:21",218
"2019-06-01 04:42:21",218
"2019-06-01 05:42:21",218
"2019-06-01 06:42:24",218
"2019-06-01 07:42:21",218
"2019-06-01 08:42:22",218
"2019-06-01 09:42:21",218
"2019-06-01 10:42:22",218
"2019-06-01 11:42:21",218
"2019-06-01 12:42:21",218
"2019-06-01 13:42:21",218
"2019-06-01 14:42:24",218
"2019-06-01 15:42:23",218
"2019-06-01 16:42:21",218
"2019-06-01 17:42:22",218
"2019-06-01 18:42:21",218
"2019-06-01 19:42:23",218
"2019-06-01 20:42:21",218
"2019-06-01 21:42:22",218
"2019-06-01 22:42:22",218
"2019-06-01 23:42:22",218
"2019-06-02 00:42:23",218
"2019-06-02 01:42:25",218
"2019-06-02 02:42:23",218
"2019-06-02 03:42:22",218
"2019-06-02 04:42:21",218
"2019-06-02 05:42:25",218
"2019-06-02 06:42:22",218
"2019-06-02 07:42:21",218
"2019-06-02 08:42:21",218
"2019-06-02 09:42:21",218
"2019-06-02 10:42:21",218
"2019-06-02 11:42:21",218
"2019-06-02 12:42:25",218
"2019-06-02 13:42:22",218
"2019-06-02 14:42:23",218
"2019-06-02 15:42:20",218
"2019-06-02 16:42:21",218
"2019-06-02 17:42:22",218
"2019-06-02 18:42:22",218
"2019-06-02 19:42:22",218
"2019-06-02 20:42:21",218
"2019-06-02 21:42:22",218
"2019-06-02 22:42:22",218
"2019-06-02 23:42:21",218
"2019-06-03 00:42:21",218
"2019-06-03 01:42:24",218
"2019-06-03 02:42:22",218
"2019-06-03 03:42:21",218
"2019-06-03 04:42:21",218
"2019-06-03 05:42:22",218
"2019-06-03 06:42:22",218
"2019-06-03 07:42:21",218
"2019-06-03 08:42:23",218
"2019-06-03 09:42:21",218
"2019-06-03 10:42:24",218
"2019-06-03 11:42:23",218
"2019-06-03 12:42:22",218
"2019-06-03 13:42:24",218
"2019-06-03 14:42:24",218
"2019-06-03 15:42:23",218
"2019-06-03 16:42:22",219
"2019-06-03 17:42:22",219
"2019-06-03 18:42:24",219
"2019-06-03 19:42:24",219
"2019-06-03 20:42:22",219
"2019-06-03 21:42:24",219
"2019-06-03 22:42:23",219
"2019-06-03 23:42:26",219
"2019-06-04 00:42:22",219
"2019-06-04 01:42:23",219
"2019-06-04 02:42:23",219
"2019-06-04 03:42:23",219
"2019-06-04 04:42:24",219
"2019-06-04 05:42:23",219
"2019-06-04 06:42:22",219
"2019-06-04 07:42:22",219
"2019-06-04 08:42:26",219
"2019-06-04 09:42:22",219
"2019-06-04 10:42:24",219
"2019-06-04 11:42:23",219
"2019-06-04 13:04:56",220
"2019-06-04 13:42:23",220
"2019-06-04 14:42:26",219
"2019-06-04 15:42:23",218
"2019-06-04 16:42:23",218
"2019-06-04 17:42:24",218
"2019-06-04 18:42:23",218
"2019-06-04 19:42:23",218
"2019-06-04 20:42:23",218
"2019-06-04 21:42:22",218
"2019-06-04 22:42:23",218
"2019-06-04 23:42:26",218
"2019-06-05 00:42:22",218
"2019-06-05 01:42:24",218
"2019-06-05 02:42:25",218
"2019-06-05 03:42:24",218
"2019-06-05 04:42:26",218
"2019-06-05 05:42:23",218
"2019-06-05 06:42:23",218
"2019-06-05 07:42:23",218
"2019-06-05 08:42:27",218
"2019-06-05 09:42:22",218
"2019-06-05 10:42:23",218
"2019-06-05 11:42:26",218
"2019-06-05 13:06:26",218
"2019-06-05 13:42:22",218
"2019-06-05 14:42:22",219
"2019-06-05 15:42:23",219
"2019-06-05 16:42:23",219
"2019-06-05 17:42:23",219
"2019-06-05 18:42:23",219
"2019-06-05 19:42:26",219
"2019-06-05 20:42:23",219
"2019-06-05 21:42:22",219
"2019-06-05 22:42:23",219
"2019-06-05 23:42:22",219
"2019-06-06 00:42:23",219
"2019-06-06 01:42:21",219
"2019-06-06 02:42:23",219
"2019-06-06 03:42:23",219
"2019-06-06 04:42:27",219
"2019-06-06 05:42:23",219
"2019-06-06 06:42:25",219
"2019-06-06 07:42:23",219
"2019-06-06 08:42:27",219
"2019-06-06 09:42:24",219
"2019-06-06 10:42:28",219
"2019-06-06 11:42:22",219
"2019-06-06 13:06:26",219
"2019-06-06 13:42:23",219
"2019-06-06 14:42:23",220
"2019-06-06 15:42:25",220
"2019-06-06 16:42:23",220
"2019-06-06 17:42:25",220
"2019-06-06 18:42:26",221
"2019-06-06 19:42:25",221
"2019-06-06 20:42:22",221
"2019-06-06 21:42:23",221
"2019-06-06 22:42:22",221
"2019-06-06 23:42:22",221
"2019-06-07 00:42:25",221
"2019-06-07 01:42:24",221
"2019-06-07 02:42:24",221
"2019-06-07 03:42:24",221
"2019-06-07 04:42:26",221
"2019-06-07 05:42:22",221
"2019-06-07 06:42:24",221
"2019-06-07 07:42:24",221
"2019-06-07 08:42:24",221
"2019-06-07 09:42:25",221
"2019-06-07 10:42:23",221
"2019-06-07 11:42:23",221
"2019-06-07 13:06:29",221
"2019-06-07 13:42:25",221
"2019-06-07 14:42:24",221
"2019-06-07 15:42:24",221
"2019-06-07 16:42:24",220
"2019-06-07 17:42:23",220
"2019-06-07 18:42:23",220
"2019-06-07 19:42:23",220
"2019-06-07 20:42:23",220
"2019-06-07 21:42:24",220
"2019-06-07 22:42:22",220
"2019-06-07 23:42:25",220
"2019-06-08 00:42:24",220
"2019-06-08 01:42:26",220
"2019-06-08 02:42:25",220
"2019-06-08 03:42:26",220
"2019-06-08 04:42:23",220
"2019-06-08 05:42:29",220
"2019-06-08 06:42:26",220
"2019-06-08 07:42:26",220
"2019-06-08 08:42:24",220
"2019-06-08 09:42:25",220
"2019-06-08 10:42:24",220
"2019-06-08 11:42:25",220
"2019-06-08 12:42:24",220
"2019-06-08 13:42:22",220
"2019-06-08 14:42:21",220
"2019-06-08 15:42:25",220
"2019-06-08 16:42:24",220
"2019-06-08 17:42:24",220
"2019-06-08 18:42:24",220
"2019-06-08 19:42:23",220
"2019-06-08 20:42:24",220
"2019-06-08 21:42:22",220
"2019-06-08 22:42:23",220
"2019-06-08 23:42:26",220
"2019-06-09 00:42:22",220
"2019-06-09 01:42:23",220
"2019-06-09 02:42:29",220
"2019-06-09 03:42:28",220
"2019-06-09 04:42:23",220
"2019-06-09 05:42:27",220
"2019-06-09 06:42:22",220
"2019-06-09 07:42:26",220
"2019-06-09 08:42:23",220
"2019-06-09 09:42:24",220
"2019-06-09 10:42:23",220
"2019-06-09 11:42:24",220
"2019-06-09 12:42:25",220
"2019-06-09 13:42:23",220
"2019-06-09 14:42:22",220
"2019-06-09 15:42:25",220
"2019-06-09 16:42:23",220
"2019-06-09 17:42:25",220
"2019-06-09 18:42:23",220
"2019-06-09 19:42:23",220
"2019-06-09 20:42:23",220
"2019-06-09 21:42:23",220
"2019-06-09 22:42:26",220
"2019-06-09 23:42:24",220
"2019-06-10 00:42:24",220
"2019-06-10 01:42:26",220
"2019-06-10 02:42:23",220
"2019-06-10 03:42:25",220
"2019-06-10 04:42:24",220
"2019-06-10 05:42:25",220
"2019-06-10 06:42:23",220
"2019-06-10 07:42:26",220
"2019-06-10 08:42:24",220
"2019-06-10 09:42:23",220
"2019-06-10 10:42:27",220
"2019-06-10 11:42:25",220
"2019-06-10 12:42:30",220
"2019-06-10 13:42:27",220
"2019-06-10 14:42:24",223
"2019-06-10 15:42:25",223
"2019-06-10 16:42:28",223
"2019-06-10 17:42:25",223
"2019-06-10 18:42:26",223
"2019-06-10 19:42:27",223
"2019-06-10 20:42:25",223
"2019-06-10 21:42:24",223
"2019-06-10 22:42:25",223
"2019-06-10 23:42:25",223
"2019-06-11 00:42:26",223
"2019-06-11 01:42:28",223
"2019-06-11 02:42:27",223
"2019-06-11 03:42:25",223
"2019-06-11 04:42:25",223
"2019-06-11 05:42:25",223
"2019-06-11 06:42:25",223
"2019-06-11 07:42:25",223
"2019-06-11 08:42:24",223
"2019-06-11 09:42:26",223
"2019-06-11 10:42:25",223
"2019-06-11 11:42:25",223
"2019-06-11 13:06:00",223
"2019-06-11 13:42:29",223
"2019-06-11 14:42:26",223
"2019-06-11 15:42:26",223
"2019-06-11 16:42:30",223
"2019-06-11 17:42:26",223
"2019-06-11 18:42:29",223
"2019-06-11 19:42:26",222
"2019-06-11 20:42:28",222
"2019-06-11 21:42:27",222
"2019-06-11 22:42:26",222
"2019-06-11 23:42:26",222
"2019-06-12 00:42:29",222
"2019-06-12 01:42:27",222
"2019-06-12 02:42:28",222
"2019-06-12 03:42:32",222
"2019-06-12 04:42:28",222
"2019-06-12 05:42:28",222
"2019-06-12 06:42:28",222
"2019-06-12 07:42:29",222
"2019-06-12 08:42:28",222
"2019-06-12 09:42:31",222
"2019-06-12 10:42:28",222
"2019-06-12 11:42:29",222
"2019-06-12 13:05:32",222
"2019-06-12 13:42:27",222
"2019-06-12 14:42:26",222
"2019-06-12 15:42:28",222
"2019-06-12 16:42:27",223
"2019-06-12 17:42:26",223
"2019-06-12 18:42:27",223
"2019-06-12 19:42:28",224
"2019-06-12 20:42:27",224
"2019-06-12 21:42:27",224
"2019-06-12 22:42:26",224
"2019-06-12 23:42:26",224
"2019-06-13 00:42:27",224
"2019-06-13 01:42:28",224
"2019-06-13 02:42:28",224
"2019-06-13 03:42:27",224
"2019-06-13 04:42:28",224
"2019-06-13 05:42:29",224
"2019-06-13 06:42:27",224
"2019-06-13 07:42:26",224
"2019-06-13 08:42:26",224
"2019-06-13 09:42:26",224
"2019-06-13 10:42:30",224
"2019-06-13 11:42:25",224
"2019-06-13 13:06:29",224
"2019-06-13 13:42:30",224
"2019-06-13 14:42:27",224
"2019-06-13 15:42:29",224
"2019-06-13 16:42:28",224
"2019-06-13 17:42:25",225
"2019-06-13 18:42:27",224
"2019-06-13 19:42:27",224
"2019-06-13 20:42:24",224
"2019-06-13 21:42:26",224
"2019-06-13 22:42:25",224
"2019-06-13 23:42:27",224
"2019-06-14 00:42:27",224
"2019-06-14 01:42:28",224
"2019-06-14 02:42:28",224
"2019-06-14 03:42:26",224
"2019-06-14 04:42:27",224
"2019-06-14 05:42:27",224
"2019-06-14 06:42:32",224
"2019-06-14 07:42:29",224
"2019-06-14 08:42:28",224
"2019-06-14 09:42:27",224
"2019-06-14 10:42:28",224
"2019-06-14 11:42:28",224
"2019-06-14 12:42:28",224
"2019-06-14 13:42:27",224
"2019-06-14 14:42:28",225
"2019-06-14 15:42:29",225
"2019-06-14 16:42:29",225
"2019-06-14 17:42:27",225
"2019-06-14 18:42:27",225
"2019-06-14 19:42:27",225
"2019-06-14 20:42:27",225
"2019-06-14 21:42:28",225
"2019-06-14 22:42:26",225
"2019-06-14 23:42:28",225
"2019-06-15 00:42:27",225
"2019-06-15 01:42:30",225
"2019-06-15 02:42:28",225
"2019-06-15 03:42:27",225
"2019-06-15 04:42:28",225
"2019-06-15 05:42:29",225
"2019-06-15 06:42:27",225
"2019-06-15 07:42:27",225
"2019-06-15 08:42:27",225
"2019-06-15 09:42:28",225
"2019-06-15 10:42:27",225
"2019-06-15 11:42:27",225
"2019-06-15 12:42:29",225
"2019-06-15 13:42:30",225
"2019-06-15 14:42:27",225
"2019-06-15 15:42:27",225
"2019-06-15 16:42:27",225
"2019-06-15 17:42:26",225
"2019-06-15 18:42:28",225
"2019-06-15 19:42:27",225
"2019-06-15 20:42:28",225
"2019-06-15 21:42:31",225
"2019-06-15 22:42:32",225
"2019-06-15 23:42:27",225
"2019-06-16 00:42:27",225
"2019-06-16 01:42:28",225
"2019-06-16 02:42:29",225
"2019-06-16 03:42:27",225
"2019-06-16 04:42:31",225
"2019-06-16 05:42:28",225
"2019-06-16 06:42:29",225
"2019-06-16 07:42:30",225
"2019-06-16 08:42:28",225
"2019-06-16 09:42:26",225
"2019-06-16 10:42:26",225
"2019-06-16 11:42:26",225
"2019-06-16 12:42:27",225
"2019-06-16 13:42:26",225
"2019-06-16 14:42:28",225
"2019-06-16 15:42:28",225
"2019-06-16 16:42:29",225
"2019-06-16 17:42:29",225
"2019-06-16 18:42:30",225
"2019-06-16 19:42:27",225
"2019-06-16 20:42:27",225
"2019-06-16 21:42:29",225
"2019-06-16 22:42:26",225
"2019-06-16 23:42:27",225
"2019-06-17 00:42:27",225
"2019-06-17 01:42:27",225
"2019-06-17 02:42:30",225
"2019-06-17 03:42:30",225
"2019-06-17 04:42:29",225
"2019-06-17 05:42:28",225
"2019-06-17 06:42:28",225
"2019-06-17 07:42:26",225
"2019-06-17 08:42:28",225
"2019-06-17 09:42:26",225
"2019-06-17 10:42:28",225
"2019-06-17 11:42:28",225
"2019-06-17 13:07:00",224
"2019-06-17 13:42:26",224
"2019-06-17 14:42:27",225
"2019-06-17 15:42:28",225
"2019-06-17 16:42:38",225
"2019-06-17 17:42:29",225
"2019-06-17 18:42:31",226
"2019-06-17 19:42:28",226
"2019-06-17 20:42:30",226
"2019-06-17 21:42:27",226
"2019-06-17 22:42:28",226
"2019-06-17 23:42:26",226
"2019-06-18 00:42:27",226
"2019-06-18 01:42:26",226
"2019-06-18 02:42:35",226
"2019-06-18 03:42:29",226
"2019-06-18 04:42:28",226
"2019-06-18 05:42:29",226
"2019-06-18 06:42:28",226
"2019-06-18 07:42:29",226
"2019-06-18 08:42:33",226
"2019-06-18 09:42:26",226
"2019-06-18 10:42:26",226
"2019-06-18 11:42:27",226
"2019-06-18 13:05:01",226
"2019-06-18 13:42:27",226
"2019-06-18 14:42:27",226
"2019-06-18 15:42:27",225
"2019-06-18 16:42:27",225
"2019-06-18 17:42:26",225
"2019-06-18 18:42:29",225
"2019-06-18 19:42:29",225
"2019-06-18 20:42:27",225
"2019-06-18 21:42:26",225
"2019-06-18 22:42:27",225
"2019-06-18 23:42:28",225
"2019-06-19 00:42:27",225
"2019-06-19 01:42:29",225
"2019-06-19 02:42:29",225
"2019-06-19 03:42:29",225
"2019-06-19 04:42:26",225
"2019-06-19 05:42:36",225
"2019-06-19 06:42:40",225
"2019-06-19 07:42:30",225
"2019-06-19 08:42:31",225
"2019-06-19 09:42:27",225
"2019-06-19 10:42:29",225
"2019-06-19 11:42:28",225
"2019-06-19 13:05:02",225
"2019-06-19 13:42:27",225
"2019-06-19 14:42:28",224
"2019-06-19 15:42:28",224
"2019-06-19 16:42:37",224
"2019-06-19 17:42:29",224
"2019-06-19 18:42:26",224
"2019-06-19 19:42:29",224
"2019-06-19 20:42:28",224
"2019-06-19 21:42:28",224
"2019-06-19 22:42:27",224
"2019-06-19 23:42:27",224
"2019-06-20 00:42:28",224
"2019-06-20 01:42:26",224
"2019-06-20 02:42:26",224
"2019-06-20 03:42:27",224
"2019-06-20 04:42:29",224
"2019-06-20 05:42:25",224
"2019-06-20 06:42:27",224
"2019-06-20 07:42:27",224
"2019-06-20 08:42:27",224
"2019-06-20 09:42:28",224
"2019-06-20 10:42:28",224
"2019-06-20 11:42:26",224
"2019-06-20 13:06:42",224
"2019-06-20 13:42:31",224
"2019-06-20 14:42:29",223
"2019-06-20 15:42:29",223
"2019-06-20 16:42:30",224
"2019-06-20 17:42:30",224
"2019-06-20 18:42:28",225
"2019-06-20 19:42:28",225
"2019-06-20 20:42:33",225
"2019-06-20 21:42:28",225
"2019-06-20 22:42:28",225
"2019-06-20 23:42:30",225
"2019-06-21 00:42:29",225
"2019-06-21 01:42:29",225
"2019-06-21 02:42:30",225
"2019-06-21 03:42:29",225
"2019-06-21 04:42:30",225
"2019-06-21 05:42:30",225
"2019-06-21 06:42:30",225
"2019-06-21 07:42:31",225
"2019-06-21 08:42:29",225
"2019-06-21 09:42:29",225
"2019-06-21 10:42:28",225
"2019-06-21 11:42:27",225
"2019-06-21 12:42:29",225
"2019-06-21 13:42:30",225
"2019-06-21 14:42:28",224
"2019-06-21 15:42:28",225
"2019-06-21 16:42:30",225
"2019-06-21 17:42:29",225
"2019-06-21 18:42:29",225
"2019-06-21 19:42:27",225
"2019-06-21 20:42:27",225
"2019-06-21 21:42:29",225
"2019-06-21 22:42:28",225
"2019-06-21 23:42:27",225
"2019-06-22 00:42:29",225
"2019-06-22 01:42:31",225
"2019-06-22 02:42:31",225
"2019-06-22 03:42:27",225
"2019-06-22 04:42:28",225
"2019-06-22 05:42:30",225
"2019-06-22 06:42:30",225
"2019-06-22 07:42:29",225
"2019-06-22 08:42:29",225
"2019-06-22 09:42:31",225
"2019-06-22 10:42:30",225
"2019-06-22 11:42:28",225
"2019-06-22 12:42:33",225
"2019-06-22 13:42:29",225
"2019-06-22 14:42:32",225
"2019-06-22 15:42:41",225
"2019-06-22 16:42:36",225
"2019-06-22 17:42:29",225
"2019-06-22 18:42:34",225
"2019-06-22 19:42:30",225
"2019-06-22 20:42:29",225
"2019-06-22 21:42:29",225
"2019-06-22 22:42:33",225
"2019-06-22 23:42:30",225
"2019-06-23 00:42:40",225
"2019-06-23 01:42:32",225
"2019-06-23 02:42:33",225
"2019-06-23 03:42:31",225
"2019-06-23 04:42:29",225
"2019-06-23 05:42:34",225
"2019-06-23 06:42:29",225
"2019-06-23 07:42:28",225
"2019-06-23 08:42:29",225
"2019-06-23 09:42:29",225
"2019-06-23 10:42:29",225
"2019-06-23 11:42:30",225
"2019-06-23 12:42:27",225
"2019-06-23 13:42:29",225
"2019-06-23 14:42:28",225
"2019-06-23 15:42:28",225
"2019-06-23 16:42:30",225
"2019-06-23 17:42:30",225
"2019-06-23 18:42:26",225
"2019-06-23 19:42:27",225
"2019-06-23 20:42:30",225
"2019-06-23 21:42:28",225
"2019-06-23 22:42:28",225
"2019-06-23 23:42:28",225
"2019-06-24 00:42:30",225
"2019-06-24 01:42:29",225
"2019-06-24 02:42:29",225
"2019-06-24 03:42:32",225
"2019-06-24 04:42:30",225
"2019-06-24 05:42:31",225
"2019-06-24 06:42:33",225
"2019-06-24 07:42:28",225
"2019-06-24 08:42:28",225
"2019-06-24 09:42:31",225
"2019-06-24 10:42:27",225
"2019-06-24 11:42:34",225
"2019-06-24 12:42:32",225
"2019-06-24 13:42:28",225
"2019-06-24 14:42:30",226
"2019-06-24 15:42:29",226
"2019-06-24 16:42:34",226
"2019-06-24 17:42:31",225
"2019-06-24 18:42:31",225
"2019-06-24 19:42:31",225
"2019-06-24 20:42:30",225
"2019-06-24 21:42:31",225
"2019-06-24 22:42:29",225
"2019-06-24 23:42:29",225
"2019-06-25 00:42:29",225
"2019-06-25 01:42:30",225
"2019-06-25 02:42:31",225
"2019-06-25 03:42:30",225
"2019-06-25 04:42:29",225
"2019-06-25 05:42:30",225
"2019-06-25 06:42:33",225
"2019-06-25 07:42:30",225
"2019-06-25 08:42:28",225
"2019-06-25 09:42:33",225
"2019-06-25 10:42:29",225
"2019-06-25 11:42:27",225
"2019-06-25 13:06:02",225
"2019-06-25 13:42:29",225
"2019-06-25 14:42:29",225
"2019-06-25 15:42:29",225
"2019-06-25 16:42:30",225
"2019-06-25 17:42:31",225
"2019-06-25 18:42:31",225
"2019-06-25 19:42:28",225
"2019-06-25 20:42:29",225
"2019-06-25 21:42:27",225
"2019-06-25 22:42:26",225
"2019-06-25 23:42:32",225
"2019-06-26 00:42:30",225
"2019-06-26 01:42:29",225
"2019-06-26 02:42:29",225
"2019-06-26 03:42:38",225
"2019-06-26 04:42:29",225
"2019-06-26 05:42:30",225
"2019-06-26 06:42:30",225
"2019-06-26 07:42:30",225
"2019-06-26 08:42:28",225
"2019-06-26 09:42:26",225
"2019-06-26 10:42:28",225
"2019-06-26 11:42:27",225
"2019-06-26 13:05:00",225
"2019-06-26 13:42:29",225
"2019-06-26 14:42:29",225
"2019-06-26 15:42:28",226
"2019-06-26 16:42:30",225
"2019-06-26 17:42:28",225
"2019-06-26 18:42:29",225
"2019-06-26 19:42:29",225
"2019-06-26 20:42:27",225
"2019-06-26 21:42:28",225
"2019-06-26 22:42:29",225
"2019-06-26 23:42:28",225
"2019-06-27 00:42:30",225
"2019-06-27 01:42:28",225
"2019-06-27 02:42:30",225
"2019-06-27 03:42:27",225
"2019-06-27 04:42:30",225
"2019-06-27 05:42:28",225
"2019-06-27 06:42:30",225
"2019-06-27 07:42:26",225
"2019-06-27 08:42:27",225
"2019-06-27 09:42:28",225
"2019-06-27 10:42:28",225
"2019-06-27 11:42:27",225
"2019-06-27 13:05:02",225
"2019-06-27 13:42:27",225
"2019-06-27 14:42:28",225
"2019-06-27 15:42:29",225
"2019-06-27 16:42:27",225
"2019-06-27 17:42:27",225
"2019-06-27 18:42:27",225
"2019-06-27 19:42:26",225
"2019-06-27 20:42:30",225
"2019-06-27 21:42:31",225
"2019-06-27 22:42:26",225
"2019-06-27 23:42:46",225
"2019-06-28 00:42:28",225
"2019-06-28 01:42:27",225
"2019-06-28 02:42:27",225
"2019-06-28 03:42:30",225
"2019-06-28 04:42:31",225
"2019-06-28 05:42:28",225
"2019-06-28 06:42:27",225
"2019-06-28 07:42:27",225
"2019-06-28 08:42:26",225
"2019-06-28 09:42:27",225
"2019-06-28 10:42:26",225
"2019-06-28 11:42:27",225
"2019-06-28 13:06:02",225
"2019-06-28 13:42:27",225
"2019-06-28 14:42:27",225
"2019-06-28 15:42:29",225
"2019-06-28 16:42:29",225
"2019-06-28 17:42:28",225
"2019-06-28 18:42:27",225
"2019-06-28 19:42:28",225
"2019-06-28 20:42:28",225
"2019-06-28 21:42:29",225
"2019-06-28 22:42:28",225
"2019-06-28 23:42:27",225
"2019-06-29 00:42:30",225
"2019-06-29 01:42:33",225
"2019-06-29 02:42:28",225
"2019-06-29 03:42:27",225
"2019-06-29 04:42:28",225
"2019-06-29 05:42:28",225
"2019-06-29 06:42:28",225
"2019-06-29 07:42:28",225
"2019-06-29 08:42:28",225
"2019-06-29 09:42:29",225
"2019-06-29 10:42:28",225
"2019-06-29 11:42:32",225
"2019-06-29 12:42:31",225
"2019-06-29 13:42:29",225
"2019-06-29 14:42:30",225
"2019-06-29 15:42:30",225
"2019-06-29 16:42:32",225
"2019-06-29 17:42:28",225
"2019-06-29 18:42:29",225
"2019-06-29 19:42:30",225
"2019-06-29 20:42:29",225
"2019-06-29 21:42:31",225
"2019-06-29 22:42:27",225
"2019-06-29 23:42:30",225
"2019-06-30 00:42:29",225
"2019-06-30 01:42:33",225
"2019-06-30 02:42:30",225
"2019-06-30 03:42:30",225
"2019-06-30 04:42:31",225
"2019-06-30 05:42:29",225
"2019-06-30 06:42:30",225
"2019-06-30 07:42:30",225
"2019-06-30 08:42:30",225
"2019-06-30 09:42:29",225
"2019-06-30 10:42:29",225
"2019-06-30 11:42:29",225
"2019-06-30 12:42:29",225
"2019-06-30 13:42:30",225
"2019-06-30 14:42:28",225
"2019-06-30 15:42:29",225
"2019-06-30 16:42:30",225
"2019-06-30 17:42:29",225
"2019-06-30 18:42:29",225
"2019-06-30 19:42:30",225
"2019-06-30 20:42:30",225
"2019-06-30 21:42:29",225
"2019-06-30 22:42:29",225
"2019-06-30 23:42:29",225
"2019-07-01 00:42:30",225
"2019-07-01 01:42:30",225
"2019-07-01 02:42:31",225
"2019-07-01 03:42:30",225
"2019-07-01 04:42:28",225
"2019-07-01 05:42:34",225
"2019-07-01 06:42:29",225
"2019-07-01 07:42:35",225
"2019-07-01 08:42:39",225
"2019-07-01 09:42:29",225
"2019-07-01 10:42:28",225
"2019-07-01 11:42:31",225
"2019-07-01 13:06:01",225
"2019-07-01 13:42:32",225
"2019-07-01 14:42:52",225
"2019-07-01 15:42:33",226
"2019-07-01 16:42:32",226
"2019-07-01 17:42:31",226
"2019-07-01 18:42:31",226
"2019-07-01 19:42:33",226
"2019-07-01 20:42:31",226
"2019-07-01 21:42:30",226
"2019-07-01 22:42:32",226
"2019-07-01 23:42:31",226
"2019-07-02 00:42:33",226
"2019-07-02 01:42:30",226
"2019-07-02 02:42:42",226
"2019-07-02 03:42:39",226
"2019-07-02 04:42:30",226
"2019-07-02 05:42:46",226
"2019-07-02 06:42:30",226
"2019-07-02 07:42:32",226
"2019-07-02 08:42:30",226
"2019-07-02 09:42:28",226
"2019-07-02 10:42:29",226
"2019-07-02 11:42:29",226
"2019-07-02 12:42:34",226
"2019-07-02 13:42:31",226
"2019-07-02 14:42:33",226
"2019-07-02 15:42:31",226
"2019-07-02 16:42:30",227
"2019-07-02 17:42:31",226
"2019-07-02 18:42:30",226
"2019-07-02 19:42:32",226
"2019-07-02 20:42:30",226
"2019-07-02 21:42:31",226
"2019-07-02 22:42:33",226
"2019-07-03 00:42:31",226
"2019-07-03 01:42:29",226
"2019-07-03 02:42:33",226
"2019-07-03 03:42:32",226
"2019-07-03 04:42:32",226
"2019-07-03 05:42:32",226
"2019-07-03 06:42:32",226
"2019-07-03 07:42:31",226
"2019-07-03 08:42:42",226
"2019-07-03 09:42:31",226
"2019-07-03 10:42:36",226
"2019-07-03 11:42:31",226
"2019-07-03 13:07:04",226
"2019-07-03 13:42:31",226
"2019-07-03 14:42:37",227
"2019-07-03 15:42:31",228
"2019-07-03 16:42:49",228
"2019-07-03 17:42:32",228
"2019-07-03 18:42:32",228
"2019-07-03 19:42:30",228
"2019-07-03 20:42:30",228
"2019-07-03 21:42:31",228
"2019-07-03 22:42:30",228
"2019-07-03 23:42:32",228
"2019-07-04 00:42:31",228
"2019-07-04 01:42:30",228
"2019-07-04 02:42:34",228
"2019-07-04 03:42:30",228
"2019-07-04 04:42:30",228
"2019-07-04 05:42:32",228
"2019-07-04 06:42:31",228
"2019-07-04 07:42:30",228
"2019-07-04 08:42:29",228
"2019-07-04 09:42:30",228
"2019-07-04 10:42:31",228
"2019-07-04 11:42:30",228
"2019-07-04 12:42:33",228
"2019-07-04 13:42:34",228
"2019-07-04 14:42:33",228
"2019-07-04 15:42:30",228
"2019-07-04 16:42:31",228
"2019-07-04 17:42:29",228
"2019-07-04 18:42:30",228
"2019-07-04 19:42:30",228
"2019-07-04 20:42:31",228
"2019-07-04 21:42:31",228
"2019-07-04 22:42:31",228
"2019-07-04 23:42:30",228
"2019-07-05 00:42:31",228
"2019-07-05 01:42:30",228
"2019-07-05 02:42:30",228
"2019-07-05 03:42:31",228
"2019-07-05 04:42:29",228
"2019-07-05 05:42:33",228
"2019-07-05 06:42:34",228
"2019-07-05 07:42:31",228
"2019-07-05 08:42:30",228
"2019-07-05 09:42:30",228
"2019-07-05 10:42:32",228
"2019-07-05 11:42:38",228
"2019-07-05 12:42:30",228
"2019-07-05 13:42:37",228
"2019-07-05 14:42:32",228
"2019-07-05 15:42:30",228
"2019-07-05 16:42:41",228
"2019-07-05 17:42:31",228
"2019-07-05 18:42:30",228
"2019-07-05 19:42:30",229
"2019-07-05 20:42:31",230
"2019-07-05 21:42:32",230
"2019-07-05 22:42:33",230
"2019-07-05 23:42:30",230
"2019-07-06 00:42:34",230
"2019-07-06 01:42:34",230
"2019-07-06 02:42:36",230
"2019-07-06 03:42:31",230
"2019-07-06 04:42:30",230
"2019-07-06 05:42:32",230
"2019-07-06 06:42:32",230
"2019-07-06 07:42:29",230
"2019-07-06 08:42:30",230
"2019-07-06 09:42:30",230
"2019-07-06 10:42:30",230
"2019-07-06 11:42:48",230
"2019-07-06 12:42:32",230
"2019-07-06 13:42:30",230
"2019-07-06 14:42:29",230
"2019-07-06 15:42:29",230
"2019-07-06 16:42:33",230
"2019-07-06 17:42:32",230
"2019-07-06 18:42:30",230
"2019-07-06 19:42:34",230
"2019-07-06 20:42:29",230
"2019-07-06 21:42:30",230
"2019-07-06 22:42:30",230
"2019-07-06 23:42:31",230
"2019-07-07 00:42:30",230
"2019-07-07 01:42:30",230
"2019-07-07 02:42:32",230
"2019-07-07 03:42:30",230
"2019-07-07 04:42:31",230
"2019-07-07 05:42:34",230
"2019-07-07 06:42:30",230
"2019-07-07 07:42:30",230
"2019-07-07 08:42:31",230
"2019-07-07 09:42:30",230
"2019-07-07 10:42:32",230
"2019-07-07 11:42:28",230
"2019-07-07 12:42:28",230
"2019-07-07 13:42:28",230
"2019-07-07 14:42:29",230
"2019-07-07 15:42:30",230
"2019-07-07 16:42:31",230
"2019-07-07 17:42:30",230
"2019-07-07 18:42:30",230
"2019-07-07 19:42:28",230
"2019-07-07 20:42:29",230
"2019-07-07 21:42:30",230
"2019-07-07 22:42:31",230
"2019-07-07 23:42:29",230
"2019-07-08 00:42:29",230
"2019-07-08 01:42:32",230
"2019-07-08 02:42:30",230
"2019-07-08 03:42:33",230
"2019-07-08 04:42:30",230
"2019-07-08 05:42:28",230
"2019-07-08 06:42:34",230
"2019-07-08 07:42:35",230
"2019-07-08 08:42:33",230
"2019-07-08 09:42:37",230
"2019-07-08 10:42:38",230
"2019-07-08 11:42:45",230
"2019-07-08 12:42:30",230
"2019-07-08 13:42:30",230
"2019-07-08 14:42:30",232
"2019-07-08 15:42:30",232
"2019-07-08 16:42:31",232
"2019-07-08 17:42:29",232
"2019-07-08 18:42:31",232
"2019-07-08 19:42:29",232
"2019-07-08 20:42:30",231
"2019-07-08 21:42:30",231
"2019-07-08 22:42:30",231
"2019-07-08 23:42:29",231
"2019-07-09 00:42:29",231
"2019-07-09 01:42:29",231
"2019-07-09 02:42:36",231
"2019-07-09 03:42:32",231
"2019-07-09 04:42:31",231
"2019-07-09 05:42:37",231
"2019-07-09 06:42:32",231
"2019-07-09 07:42:33",231
"2019-07-09 08:42:30",231
"2019-07-09 09:42:30",231
"2019-07-09 10:42:28",231
"2019-07-09 11:42:31",231
"2019-07-09 13:05:33",231
"2019-07-09 13:42:29",231
"2019-07-09 14:42:30",230
"2019-07-09 15:42:31",231
"2019-07-09 16:42:29",231
"2019-07-09 17:42:33",231
"2019-07-09 18:42:30",231
"2019-07-09 19:42:30",231
"2019-07-09 20:42:30",232
"2019-07-09 21:42:29",232
"2019-07-09 22:42:28",232
"2019-07-09 23:42:30",232
"2019-07-10 00:42:29",232
"2019-07-10 01:42:31",232
"2019-07-10 02:42:29",232
"2019-07-10 03:42:29",232
"2019-07-10 04:42:29",232
"2019-07-10 05:42:33",232
"2019-07-10 06:42:31",232
"2019-07-10 07:42:27",232
"2019-07-10 08:42:29",232
"2019-07-10 09:42:28",232
"2019-07-10 10:42:29",232
"2019-07-10 11:42:31",232
"2019-07-10 12:42:33",232
"2019-07-10 13:42:30",232
"2019-07-10 14:42:29",230
"2019-07-10 15:42:31",230
"2019-07-10 16:42:36",231
"2019-07-10 17:42:29",230
"2019-07-10 18:42:29",229
"2019-07-10 19:42:29",228
"2019-07-10 20:42:29",228
"2019-07-10 21:42:29",228
"2019-07-10 22:42:34",228
"2019-07-10 23:42:29",228
"2019-07-11 00:42:29",228
"2019-07-11 01:42:29",228
"2019-07-11 02:42:34",228
"2019-07-11 03:42:31",228
"2019-07-11 04:42:32",228
"2019-07-11 05:42:32",228
"2019-07-11 06:42:31",228
"2019-07-11 07:42:30",228
"2019-07-11 08:42:32",228
"2019-07-11 09:42:29",228
"2019-07-11 10:42:31",228
"2019-07-11 11:42:29",228
"2019-07-11 12:42:29",228
"2019-07-11 13:42:29",228
"2019-07-11 14:42:29",229
"2019-07-11 15:42:29",228
"2019-07-11 16:42:29",228
"2019-07-11 17:42:29",229
"2019-07-11 18:42:30",229
"2019-07-11 19:42:29",229
"2019-07-11 20:42:29",229
"2019-07-11 21:42:34",229
"2019-07-11 22:42:28",229
"2019-07-11 23:42:30",229
"2019-07-12 00:42:28",229
"2019-07-12 01:42:30",229
"2019-07-12 02:42:29",229
"2019-07-12 03:42:29",229
"2019-07-12 04:42:28",229
"2019-07-12 05:42:32",229
"2019-07-12 06:42:35",229
"2019-07-12 07:42:29",229
"2019-07-12 08:42:29",229
"2019-07-12 09:42:32",229
"2019-07-12 10:42:31",229
"2019-07-12 11:42:29",229
"2019-07-12 13:06:03",229
"2019-07-12 13:42:31",229
"2019-07-12 14:42:29",228
"2019-07-12 15:42:45",228
"2019-07-12 16:42:32",228
"2019-07-12 17:42:33",228
"2019-07-12 18:42:29",229
"2019-07-12 19:42:28",229
"2019-07-12 20:42:28",229
"2019-07-12 21:42:29",229
"2019-07-12 22:42:36",229
"2019-07-12 23:42:30",229
"2019-07-13 00:42:29",229
"2019-07-13 01:42:31",229
"2019-07-13 02:42:32",229
"2019-07-13 03:42:28",229
"2019-07-13 04:42:30",229
"2019-07-13 05:42:29",229
"2019-07-13 06:42:29",229
"2019-07-13 07:42:30",229
"2019-07-13 08:42:28",229
"2019-07-13 09:42:30",229
"2019-07-13 10:42:30",229
"2019-07-13 11:42:32",229
"2019-07-13 12:42:32",229
"2019-07-13 13:42:29",229
"2019-07-13 14:42:29",229
"2019-07-13 15:42:30",229
"2019-07-13 16:42:53",229
"2019-07-13 17:42:33",229
"2019-07-13 18:42:33",229
"2019-07-13 19:42:32",229
"2019-07-13 20:42:33",229
"2019-07-13 21:42:32",229
"2019-07-13 22:42:29",229
"2019-07-13 23:42:30",229
"2019-07-14 00:42:29",229
"2019-07-14 01:42:38",229
"2019-07-14 02:42:30",229
"2019-07-14 03:42:31",229
"2019-07-14 04:42:30",229
"2019-07-14 05:42:32",229
"2019-07-14 06:42:31",229
"2019-07-14 07:42:29",229
"2019-07-14 08:42:30",229
"2019-07-14 09:42:28",229
"2019-07-14 10:42:29",229
"2019-07-14 11:42:31",229
"2019-07-14 12:42:29",229
"2019-07-14 13:42:31",229
"2019-07-14 14:42:29",229
"2019-07-14 15:42:30",229
"2019-07-14 16:42:34",229
"2019-07-14 17:42:30",229
"2019-07-14 18:42:29",229
"2019-07-14 19:42:29",229
"2019-07-14 20:42:36",229
"2019-07-14 21:42:28",229
"2019-07-14 22:42:28",229
"2019-07-14 23:42:29",229
"2019-07-15 00:42:30",229
"2019-07-15 01:42:28",229
"2019-07-15 02:42:29",229
"2019-07-15 03:42:28",229
"2019-07-15 04:42:28",229
"2019-07-15 05:42:32",229
"2019-07-15 06:42:34",229
"2019-07-15 07:42:30",229
"2019-07-15 08:42:28",229
"2019-07-15 09:42:29",229
"2019-07-15 10:42:29",229
"2019-07-15 11:42:28",229
"2019-07-15 13:06:33",229
"2019-07-15 13:42:31",229
"2019-07-15 14:42:29",228
"2019-07-15 15:42:29",229
"2019-07-15 16:42:43",229
"2019-07-15 17:42:30",229
"2019-07-15 18:42:29",229
"2019-07-15 19:42:29",229
"2019-07-15 20:42:30",229
"2019-07-15 21:42:30",229
"2019-07-15 22:42:33",229
"2019-07-15 23:42:29",229
"2019-07-16 00:42:29",229
"2019-07-16 01:42:29",229
"2019-07-16 02:42:35",229
"2019-07-16 03:42:29",229
"2019-07-16 04:42:29",229
"2019-07-16 05:42:34",229
"2019-07-16 06:42:32",229
"2019-07-16 07:42:29",229
"2019-07-16 08:42:30",229
"2019-07-16 09:42:29",229
"2019-07-16 10:42:31",229
"2019-07-16 11:42:29",229
"2019-07-16 13:06:32",229
"2019-07-16 13:42:31",229
"2019-07-16 14:42:29",229
"2019-07-16 15:42:37",229
"2019-07-16 16:42:31",229
"2019-07-16 17:42:32",229
"2019-07-16 18:42:30",229
"2019-07-16 19:42:29",229
"2019-07-16 20:42:47",229
"2019-07-16 21:42:29",229
"2019-07-16 22:42:30",229
"2019-07-16 23:42:29",229
"2019-07-17 00:42:29",229
"2019-07-17 01:42:30",229
"2019-07-17 02:42:31",229
"2019-07-17 03:42:30",229
"2019-07-17 04:42:30",229
"2019-07-17 05:42:43",229
"2019-07-17 06:42:32",229
"2019-07-17 07:42:33",229
"2019-07-17 08:42:30",229
"2019-07-17 09:42:30",229
"2019-07-17 10:42:30",229
"2019-07-17 11:42:29",229
"2019-07-17 13:06:04",229
"2019-07-17 13:42:30",229
"2019-07-17 14:42:31",229
"2019-07-17 15:42:35",229
"2019-07-17 16:42:34",229
"2019-07-17 17:42:29",229
"2019-07-17 18:42:30",229
"2019-07-17 19:42:28",229
"2019-07-17 20:42:29",229
"2019-07-17 21:42:29",229
"2019-07-17 22:42:29",229
"2019-07-17 23:42:29",229
"2019-07-18 00:42:28",229
"2019-07-18 01:42:34",229
"2019-07-18 02:42:30",229
"2019-07-18 03:42:30",229
"2019-07-18 04:42:29",229
"2019-07-18 05:42:32",229
"2019-07-18 06:42:33",229
"2019-07-18 07:42:28",229
"2019-07-18 08:42:33",229
"2019-07-18 09:42:29",229
"2019-07-18 10:42:30",229
"2019-07-18 11:42:28",229
"2019-07-18 13:06:37",229
"2019-07-18 13:42:30",229
"2019-07-18 14:42:30",229
"2019-07-18 15:42:30",229
"2019-07-18 16:42:36",229
"2019-07-18 17:42:31",229
"2019-07-18 18:42:31",229
"2019-07-18 19:42:33",229
"2019-07-18 20:42:31",229
"2019-07-18 21:42:31",229
"2019-07-18 22:42:31",229
"2019-07-18 23:42:33",229
"2019-07-19 00:42:31",229
"2019-07-19 01:42:31",229
"2019-07-19 02:42:33",229
"2019-07-19 03:42:31",229
"2019-07-19 04:42:31",229
"2019-07-19 05:42:46",229
"2019-07-19 06:42:32",229
"2019-07-19 07:42:34",229
"2019-07-19 08:42:31",229
"2019-07-19 09:42:31",229
"2019-07-19 10:42:30",229
"2019-07-19 11:42:30",229
"2019-07-19 13:06:03",229
"2019-07-19 13:42:30",229
"2019-07-19 14:42:29",230
"2019-07-19 15:42:31",230
"2019-07-19 16:42:30",230
"2019-07-19 17:42:32",230
"2019-07-19 18:42:31",231
"2019-07-19 19:42:30",231
"2019-07-19 20:42:31",231
"2019-07-19 21:42:29",231
"2019-07-19 22:42:31",231
"2019-07-19 23:42:30",231
"2019-07-20 00:42:30",231
"2019-07-20 01:42:37",231
"2019-07-20 02:42:38",231
"2019-07-20 03:42:30",231
"2019-07-20 04:42:38",231
"2019-07-20 05:42:35",231
"2019-07-20 06:42:31",231
"2019-07-20 07:42:30",231
"2019-07-20 08:42:31",231
"2019-07-20 09:42:28",231
"2019-07-20 10:42:29",231
"2019-07-20 11:42:30",231
"2019-07-20 12:42:30",231
"2019-07-20 13:42:30",231
"2019-07-20 14:42:29",231
"2019-07-20 15:42:29",231
"2019-07-20 16:42:32",231
"2019-07-20 17:42:30",231
"2019-07-20 18:42:30",231
"2019-07-20 19:42:31",231
"2019-07-20 20:42:29",231
"2019-07-20 21:42:31",231
"2019-07-20 22:42:28",231
"2019-07-20 23:42:29",231
"2019-07-21 00:42:31",231
"2019-07-21 01:42:30",231
"2019-07-21 02:42:31",231
"2019-07-21 03:42:29",231
"2019-07-21 04:42:30",231
"2019-07-21 05:42:37",231
"2019-07-21 06:42:38",231
"2019-07-21 07:42:28",231
"2019-07-21 08:42:31",231
"2019-07-21 09:42:31",231
"2019-07-21 10:42:38",231
"2019-07-21 11:42:30",231
"2019-07-21 12:42:29",231
"2019-07-21 13:42:31",231
"2019-07-21 14:42:30",231
"2019-07-21 15:42:30",231
"2019-07-21 16:42:30",231
"2019-07-21 17:42:30",231
"2019-07-21 18:42:30",231
"2019-07-21 19:42:30",231
"2019-07-21 20:42:30",231
"2019-07-21 21:42:31",231
"2019-07-21 22:42:29",231
"2019-07-21 23:42:30",231
"2019-07-22 00:42:29",231
"2019-07-22 01:42:30",231
"2019-07-22 02:42:30",231
"2019-07-22 03:42:30",231
"2019-07-22 04:42:30",231
"2019-07-22 05:42:33",231
"2019-07-22 06:42:38",231
"2019-07-22 07:42:30",231
"2019-07-22 08:42:30",231
"2019-07-22 09:42:29",231
"2019-07-22 10:42:30",231
"2019-07-22 11:42:38",231
"2019-07-22 12:42:34",231
"2019-07-22 13:42:30",231
"2019-07-22 14:42:31",231
"2019-07-22 15:42:30",231
"2019-07-22 16:42:32",230
"2019-07-22 17:42:31",230
"2019-07-22 18:42:35",230
"2019-07-22 19:42:32",230
"2019-07-22 20:42:32",230
"2019-07-22 21:42:34",230
"2019-07-22 22:42:30",230
"2019-07-22 23:42:30",230
"2019-07-23 00:42:29",230
"2019-07-23 01:42:29",230
"2019-07-23 02:42:33",230
"2019-07-23 03:42:31",230
"2019-07-23 04:42:31",230
"2019-07-23 05:42:34",230
"2019-07-23 06:42:36",230
"2019-07-23 07:42:31",230
"2019-07-23 08:42:29",230
"2019-07-23 09:42:32",230
"2019-07-23 10:42:31",230
"2019-07-23 11:42:31",230
"2019-07-23 13:05:34",230
"2019-07-23 13:42:31",230
"2019-07-23 14:42:31",229
"2019-07-23 15:42:36",229
"2019-07-23 16:42:32",229
"2019-07-23 17:42:30",229
"2019-07-23 18:42:31",229
"2019-07-23 19:42:30",229
"2019-07-23 20:42:31",229
"2019-07-23 21:42:31",229
"2019-07-23 22:42:33",229
"2019-07-23 23:42:31",229
"2019-07-24 00:42:31",229
"2019-07-24 01:42:31",229
"2019-07-24 02:42:36",229
"2019-07-24 03:42:31",229
"2019-07-24 04:42:31",229
"2019-07-24 05:42:32",229
"2019-07-24 06:42:30",229
"2019-07-24 07:42:29",229
"2019-07-24 08:42:30",229
"2019-07-24 09:42:32",229
"2019-07-24 10:42:32",229
"2019-07-24 11:42:29",229
"2019-07-24 13:05:04",229
"2019-07-24 13:42:32",229
"2019-07-24 14:42:31",229
"2019-07-24 15:42:33",229
"2019-07-24 16:42:32",229
"2019-07-24 17:42:30",229
"2019-07-24 18:42:33",229
"2019-07-24 19:42:31",229
"2019-07-24 20:42:32",230
"2019-07-24 21:42:32",230
"2019-07-24 22:42:31",230
"2019-07-24 23:42:31",230
"2019-07-25 00:42:31",230
"2019-07-25 01:42:36",230
"2019-07-25 02:42:45",230
"2019-07-25 03:42:31",230
"2019-07-25 04:42:31",230
"2019-07-25 05:42:36",230
"2019-07-25 06:42:35",230
"2019-07-25 07:42:32",230
"2019-07-25 08:42:33",230
"2019-07-25 09:42:31",230
"2019-07-25 10:42:41",230
"2019-07-25 11:42:31",230
"2019-07-25 13:05:36",229
"2019-07-25 13:42:35",229
"2019-07-25 14:42:33",229
"2019-07-25 15:42:31",229
"2019-07-25 16:42:34",229
"2019-07-25 17:42:33",229
"2019-07-25 18:42:39",229
"2019-07-25 19:43:07",229
"2019-07-25 20:42:36",229
"2019-07-25 21:42:36",229
"2019-07-25 22:42:32",229
"2019-07-25 23:42:32",229
"2019-07-26 00:42:43",229
"2019-07-26 01:42:32",229
"2019-07-26 02:42:34",229
"2019-07-26 03:42:34",229
"2019-07-26 04:42:36",229
"2019-07-26 05:42:39",229
"2019-07-26 06:42:48",229
"2019-07-26 07:42:39",229
"2019-07-26 08:42:30",229
"2019-07-26 09:42:31",229
"2019-07-26 10:42:33",229
"2019-07-26 11:42:36",229
"2019-07-26 13:07:36",229
"2019-07-26 13:42:33",229
"2019-07-26 14:42:33",229
"2019-07-26 15:42:32",229
"2019-07-26 16:42:34",229
"2019-07-26 17:42:34",229
"2019-07-26 18:42:34",229
"2019-07-26 19:42:32",229
"2019-07-26 20:42:31",229
"2019-07-26 22:42:31",229
"2019-07-26 23:42:30",229
"2019-07-27 00:42:31",229
"2019-07-27 01:42:32",229
"2019-07-27 02:42:33",229
"2019-07-27 03:42:31",229
"2019-07-27 04:42:31",229
"2019-07-27 05:42:31",229
"2019-07-27 06:42:31",229
"2019-07-27 07:42:30",229
"2019-07-27 08:42:31",229
"2019-07-27 09:42:30",229
"2019-07-27 10:42:33",229
"2019-07-27 11:42:30",229
"2019-07-27 12:42:32",229
"2019-07-27 13:42:30",229
"2019-07-27 14:42:31",229
"2019-07-27 15:42:33",229
"2019-07-27 16:42:38",229
"2019-07-27 17:42:35",229
"2019-07-27 18:42:33",229
"2019-07-27 19:42:32",229
"2019-07-27 20:42:33",229
"2019-07-27 21:42:32",229
"2019-07-27 22:42:32",229
"2019-07-27 23:42:31",229
"2019-07-28 00:42:31",229
"2019-07-28 01:42:30",229
"2019-07-28 02:42:30",229
"2019-07-28 03:42:30",229
"2019-07-28 04:42:31",229
"2019-07-28 05:42:30",229
"2019-07-28 06:42:30",229
"2019-07-28 07:42:31",229
"2019-07-28 08:42:30",229
"2019-07-28 09:42:30",229
"2019-07-28 10:42:29",229
"2019-07-28 11:42:29",229
"2019-07-28 12:42:30",229
"2019-07-28 13:42:30",229
"2019-07-28 14:42:31",229
"2019-07-28 15:42:29",229
"2019-07-28 16:42:32",229
"2019-07-28 17:42:31",229
"2019-07-28 18:42:30",229
"2019-07-28 19:42:30",229
"2019-07-28 20:42:30",229
"2019-07-28 21:42:30",229
"2019-07-28 22:42:32",229
"2019-07-28 23:42:32",229
"2019-07-29 00:42:31",229
"2019-07-29 01:42:31",229
"2019-07-29 02:42:31",229
"2019-07-29 03:42:31",229
"2019-07-29 04:42:32",229
"2019-07-29 05:42:34",229
"2019-07-29 06:42:40",229
"2019-07-29 07:42:32",229
"2019-07-29 08:42:30",229
"2019-07-29 09:42:31",229
"2019-07-29 10:42:31",229
"2019-07-29 11:42:31",229
"2019-07-29 13:06:34",229
"2019-07-29 13:42:33",229
"2019-07-29 14:42:31",229
"2019-07-29 15:42:31",229
"2019-07-29 16:42:32",229
"2019-07-29 17:42:31",229
"2019-07-29 18:42:32",229
"2019-07-29 19:42:31",229
"2019-07-29 20:42:31",229
"2019-07-29 21:42:30",229
"2019-07-29 22:42:32",229
"2019-07-29 23:42:31",229
"2019-07-30 00:42:31",229
"2019-07-30 01:42:31",229
"2019-07-30 02:42:32",229
"2019-07-30 03:42:30",229
"2019-07-30 04:42:30",229
"2019-07-30 05:42:31",229
"2019-07-30 06:42:31",229
"2019-07-30 07:42:38",229
"2019-07-30 08:42:31",229
"2019-07-30 09:42:31",229
"2019-07-30 10:42:30",229
"2019-07-30 11:42:33",229
"2019-07-30 12:42:31",229
"2019-07-30 13:42:32",229
"2019-07-30 14:42:33",229
"2019-07-30 15:42:33",229
"2019-07-30 16:42:32",229
"2019-07-30 17:42:36",228
"2019-07-30 18:42:35",228
"2019-07-30 19:42:35",228
"2019-07-30 20:42:33",228
"2019-07-30 21:42:32",228
"2019-07-30 22:42:34",228
"2019-07-30 23:42:32",228
"2019-07-31 00:42:32",228
"2019-07-31 01:42:32",228
"2019-07-31 02:42:32",228
"2019-07-31 03:42:33",228
"2019-07-31 04:42:33",228
"2019-07-31 05:42:39",228
"2019-07-31 06:42:33",228
"2019-07-31 07:42:32",228
"2019-07-31 08:42:33",228
"2019-07-31 09:42:33",228
"2019-07-31 10:42:31",228
"2019-07-31 11:42:30",228
"2019-07-31 13:06:38",228
"2019-07-31 13:42:32",228
"2019-07-31 14:42:33",227
"2019-07-31 15:42:32",227
"2019-07-31 16:42:36",227
"2019-07-31 17:42:32",227
"2019-07-31 18:42:31",227
"2019-07-31 19:42:32",227
"2019-07-31 20:42:33",227
"2019-07-31 21:42:33",227
"2019-07-31 22:42:31",227
"2019-07-31 23:42:32",227
"2019-08-01 00:42:32",227
"2019-08-01 01:42:43",227
"2019-08-01 02:42:34",227
"2019-08-01 03:42:32",227
"2019-08-01 04:42:31",227
"2019-08-01 05:42:35",227
"2019-08-01 06:42:33",227
"2019-08-01 07:42:37",227
"2019-08-01 08:42:31",227
"2019-08-01 09:42:33",227
"2019-08-01 10:42:32",227
"2019-08-01 11:42:30",227
"2019-08-01 13:05:06",227
"2019-08-01 13:42:34",227
"2019-08-01 14:42:34",227
"2019-08-01 15:42:40",227
"2019-08-01 16:42:38",227
"2019-08-01 17:42:36",226
"2019-08-01 18:42:32",226
"2019-08-01 19:42:33",226
"2019-08-01 20:42:33",226
"2019-08-01 21:42:33",226
"2019-08-01 22:42:32",226
"2019-08-01 23:42:34",226
"2019-08-02 00:42:32",226
"2019-08-02 01:42:32",226
"2019-08-02 02:42:32",226
"2019-08-02 03:42:32",226
"2019-08-02 04:42:33",226
"2019-08-02 05:42:35",226
"2019-08-02 06:42:33",226
"2019-08-02 07:42:31",226
"2019-08-02 08:42:33",226
"2019-08-02 09:42:34",226
"2019-08-02 10:42:41",226
"2019-08-02 11:42:32",226
"2019-08-02 13:06:38",225
"2019-08-02 13:42:34",225
"2019-08-02 14:42:34",225
"2019-08-02 15:42:34",226
"2019-08-02 16:42:33",227
"2019-08-02 17:42:32",227
"2019-08-02 18:42:33",227
"2019-08-02 19:42:34",227
"2019-08-02 20:42:33",228
"2019-08-02 21:42:33",228
"2019-08-02 22:42:32",228
"2019-08-02 23:42:33",228
"2019-08-03 00:42:32",228
"2019-08-03 01:42:32",228
"2019-08-03 02:42:38",228
"2019-08-03 03:42:33",228
"2019-08-03 04:42:32",228
"2019-08-03 05:42:39",228
"2019-08-03 06:42:33",228
"2019-08-03 07:42:31",228
"2019-08-03 08:42:33",228
"2019-08-03 09:42:32",228
"2019-08-03 10:42:32",228
"2019-08-03 11:42:32",228
"2019-08-03 12:42:33",228
"2019-08-03 13:42:33",228
"2019-08-03 14:42:33",228
"2019-08-03 15:42:31",228
"2019-08-03 16:42:33",228
"2019-08-03 17:42:33",228
"2019-08-03 18:42:33",228
"2019-08-03 19:42:32",228
"2019-08-03 20:42:31",228
"2019-08-03 21:42:31",228
"2019-08-03 22:42:32",228
"2019-08-03 23:42:31",228
"2019-08-04 00:42:32",228
"2019-08-04 01:42:31",228
"2019-08-04 02:42:37",228
"2019-08-04 03:42:33",228
"2019-08-04 04:42:32",228
"2019-08-04 05:42:36",228
"2019-08-04 06:42:32",228
"2019-08-04 07:42:32",228
"2019-08-04 08:42:33",228
"2019-08-04 09:42:32",228
"2019-08-04 10:42:32",228
"2019-08-04 11:42:30",228
"2019-08-04 12:42:32",228
"2019-08-04 13:42:32",228
"2019-08-04 14:42:31",228
"2019-08-04 15:42:32",228
"2019-08-04 16:42:33",228
"2019-08-04 17:42:32",228
"2019-08-04 18:42:33",228
"2019-08-04 19:42:32",228
"2019-08-04 20:42:32",228
"2019-08-04 21:42:33",228
"2019-08-04 22:42:33",228
"2019-08-04 23:42:32",228
"2019-08-05 00:42:32",228
"2019-08-05 01:42:33",228
"2019-08-05 02:42:34",228
"2019-08-05 03:42:33",228
"2019-08-05 04:42:33",228
"2019-08-05 05:42:34",228
"2019-08-05 06:42:32",228
"2019-08-05 07:42:36",228
"2019-08-05 08:42:33",228
"2019-08-05 09:42:34",228
"2019-08-05 10:42:32",228
"2019-08-05 11:42:32",228
"2019-08-05 13:07:08",228
"2019-08-05 13:42:35",228
"2019-08-05 14:42:34",228
"2019-08-05 15:42:32",229
"2019-08-05 16:42:33",228
"2019-08-05 17:42:34",228
"2019-08-05 18:42:35",228
"2019-08-05 19:42:34",229
"2019-08-05 20:42:32",230
"2019-08-05 21:42:33",230
"2019-08-05 22:42:34",230
"2019-08-05 23:42:34",230
"2019-08-06 00:42:42",230
"2019-08-06 01:42:35",230
"2019-08-06 02:42:33",230
"2019-08-06 03:42:32",230
"2019-08-06 04:42:34",230
"2019-08-06 05:42:35",230
"2019-08-06 06:42:32",230
"2019-08-06 07:42:32",230
"2019-08-06 08:42:32",230
"2019-08-06 09:42:37",230
"2019-08-06 10:42:31",230
"2019-08-06 11:42:31",230
"2019-08-06 12:42:33",230
"2019-08-06 13:42:34",230
"2019-08-06 14:42:32",230
"2019-08-06 15:42:33",231
"2019-08-06 16:42:35",231
"2019-08-06 17:42:33",231
"2019-08-06 18:42:32",231
"2019-08-06 19:42:32",231
"2019-08-06 20:42:34",231
"2019-08-06 21:42:32",231
"2019-08-06 22:42:31",231
"2019-08-06 23:42:33",231
"2019-08-07 00:42:34",231
"2019-08-07 01:42:34",231
"2019-08-07 02:42:35",231
"2019-08-07 03:42:33",231
"2019-08-07 04:42:32",231
"2019-08-07 05:42:34",231
"2019-08-07 06:42:38",231
"2019-08-07 07:42:31",231
"2019-08-07 08:42:33",231
"2019-08-07 09:42:32",231
"2019-08-07 10:42:40",231
"2019-08-07 11:42:32",231
"2019-08-07 12:42:34",231
"2019-08-07 13:42:35",231
"2019-08-07 14:42:34",230
"2019-08-07 15:42:33",230
"2019-08-07 16:42:34",230
"2019-08-07 17:42:33",230
"2019-08-07 18:42:33",230
"2019-08-07 19:42:32",230
"2019-08-07 20:42:33",230
"2019-08-07 21:42:33",230
"2019-08-07 22:42:32",230
"2019-08-07 23:42:33",230
"2019-08-08 00:42:33",230
"2019-08-08 01:42:33",230
"2019-08-08 02:42:39",230
"2019-08-08 03:42:32",230
"2019-08-08 04:42:32",230
"2019-08-08 05:42:32",230
"2019-08-08 06:42:36",230
"2019-08-08 07:42:33",230
"2019-08-08 08:42:32",230
"2019-08-08 09:42:32",230
"2019-08-08 10:42:36",230
"2019-08-08 11:42:31",230
"2019-08-08 12:42:34",230
"2019-08-08 13:42:33",231
"2019-08-08 14:42:33",233
"2019-08-08 15:42:33",233
"2019-08-08 16:42:35",233
"2019-08-08 17:42:34",233
"2019-08-08 18:42:33",233
"2019-08-08 19:42:33",234
"2019-08-08 20:42:34",235
"2019-08-08 21:42:35",236
"2019-08-08 22:42:34",236
"2019-08-08 23:42:35",236
"2019-08-09 00:42:35",236
"2019-08-09 01:42:36",236
"2019-08-09 02:42:36",236
"2019-08-09 03:42:34",236
"2019-08-09 04:42:36",236
"2019-08-09 05:42:38",236
"2019-08-09 06:42:36",236
"2019-08-09 07:42:38",236
"2019-08-09 08:42:36",236
"2019-08-09 09:42:42",236
"2019-08-09 10:42:36",236
"2019-08-09 11:42:35",236
"2019-08-09 13:06:39",236
"2019-08-09 13:42:36",236
"2019-08-09 14:42:39",237
"2019-08-09 15:42:35",236
"2019-08-09 16:42:42",236
"2019-08-09 17:42:35",235
"2019-08-09 18:42:35",235
"2019-08-09 19:42:35",235
"2019-08-09 20:42:34",235
"2019-08-09 21:42:36",235
"2019-08-09 22:42:35",235
"2019-08-09 23:42:37",235
"2019-08-10 00:42:37",235
"2019-08-10 01:42:35",235
"2019-08-10 02:42:48",235
"2019-08-10 03:42:35",235
"2019-08-10 04:42:36",235
"2019-08-10 05:42:38",235
"2019-08-10 06:42:35",235
"2019-08-10 07:42:34",235
"2019-08-10 08:42:34",235
"2019-08-10 09:42:35",235
"2019-08-10 10:42:36",235
"2019-08-10 11:42:34",235
"2019-08-10 12:42:37",235
"2019-08-10 13:42:37",235
"2019-08-10 14:42:34",235
"2019-08-10 15:42:34",235
"2019-08-10 16:42:42",235
"2019-08-10 17:42:35",235
"2019-08-10 18:42:35",235
"2019-08-10 19:42:35",235
"2019-08-10 20:42:35",235
"2019-08-10 21:42:33",235
"2019-08-10 22:42:34",235
"2019-08-10 23:42:34",235
"2019-08-11 00:42:33",235
"2019-08-11 01:42:34",235
"2019-08-11 02:42:43",235
"2019-08-11 03:42:36",235
"2019-08-11 04:42:35",235
"2019-08-11 05:42:40",235
"2019-08-11 06:42:34",235
"2019-08-11 07:42:35",235
"2019-08-11 08:42:34",235
"2019-08-11 09:42:33",235
"2019-08-11 10:42:34",235
"2019-08-11 11:42:34",235
"2019-08-11 12:42:35",235
"2019-08-11 13:42:35",235
"2019-08-11 14:42:35",235
"2019-08-11 15:42:34",235
"2019-08-11 16:42:35",235
"2019-08-11 17:42:34",235
"2019-08-11 18:42:35",235
"2019-08-11 19:42:36",235
"2019-08-11 20:42:37",235
"2019-08-11 21:42:36",235
"2019-08-11 22:42:36",235
"2019-08-11 23:42:37",235
"2019-08-12 00:42:37",235
"2019-08-12 01:42:37",235
"2019-08-12 02:42:39",235
"2019-08-12 03:42:37",235
"2019-08-12 04:42:36",235
"2019-08-12 05:42:41",235
"2019-08-12 06:42:43",235
"2019-08-12 07:42:35",235
"2019-08-12 08:42:37",235
"2019-08-12 09:42:35",235
"2019-08-12 10:42:39",235
"2019-08-12 11:42:35",235
"2019-08-12 12:42:39",235
"2019-08-12 13:42:45",235
"2019-08-12 14:42:34",234
"2019-08-12 15:42:36",234
"2019-08-12 16:42:45",235
"2019-08-12 17:42:36",234
"2019-08-12 18:42:33",234
"2019-08-12 19:42:34",234
"2019-08-12 20:42:35",234
"2019-08-12 21:42:34",234
"2019-08-12 22:42:34",234
"2019-08-12 23:42:35",234
"2019-08-13 00:42:33",234
"2019-08-13 01:42:36",234
"2019-08-13 02:42:39",234
"2019-08-13 03:42:36",234
"2019-08-13 04:42:32",234
"2019-08-13 05:42:38",234
"2019-08-13 06:42:34",234
"2019-08-13 07:42:35",234
"2019-08-13 08:42:33",234
"2019-08-13 09:42:35",234
"2019-08-13 10:42:37",234
"2019-08-13 11:42:36",234
"2019-08-13 12:42:37",234
"2019-08-13 13:42:37",234
"2019-08-13 14:42:35",232
"2019-08-13 15:42:39",233
"2019-08-13 16:42:37",233
"2019-08-13 17:42:35",233
"2019-08-13 18:42:36",233
"2019-08-13 19:42:35",233
"2019-08-13 20:42:35",233
"2019-08-13 21:42:36",233
"2019-08-13 22:42:43",233
"2019-08-13 23:42:35",233
"2019-08-14 00:42:38",233
"2019-08-14 01:42:37",233
"2019-08-14 02:42:37",233
"2019-08-14 03:42:35",233
"2019-08-14 04:42:34",233
"2019-08-14 05:42:43",233
"2019-08-14 06:42:35",233
"2019-08-14 07:42:34",233
"2019-08-14 08:42:33",233
"2019-08-14 09:42:37",233
"2019-08-14 10:42:32",233
"2019-08-14 11:42:34",233
"2019-08-14 13:05:42",233
"2019-08-14 13:42:37",233
"2019-08-14 14:42:38",234
"2019-08-14 15:42:38",234
"2019-08-14 16:42:36",234
"2019-08-14 17:42:35",234
"2019-08-14 18:42:37",234
"2019-08-14 19:42:38",234
"2019-08-14 20:42:36",234
"2019-08-14 21:42:42",234
"2019-08-14 22:42:36",234
"2019-08-14 23:42:35",234
"2019-08-15 00:42:35",234
"2019-08-15 01:42:36",234
"2019-08-15 02:42:38",234
"2019-08-15 03:42:36",234
"2019-08-15 04:42:35",234
"2019-08-15 05:42:39",234
"2019-08-15 06:42:34",234
"2019-08-15 07:42:33",234
"2019-08-15 08:42:48",234
"2019-08-15 09:42:34",234
"2019-08-15 10:42:34",234
"2019-08-15 11:42:33",234
"2019-08-15 13:05:40",234
"2019-08-15 13:42:43",234
"2019-08-15 14:42:37",236
"2019-08-15 15:42:34",236
"2019-08-15 16:42:50",236
"2019-08-15 17:42:33",236
"2019-08-15 18:42:36",236
"2019-08-15 19:42:34",236
"2019-08-15 20:42:35",236
"2019-08-15 21:42:34",236
"2019-08-15 22:42:33",236
"2019-08-15 23:42:39",236
"2019-08-16 00:42:36",236
"2019-08-16 01:42:47",236
"2019-08-16 02:42:36",236
"2019-08-16 03:42:36",236
"2019-08-16 04:42:33",236
"2019-08-16 05:42:50",236
"2019-08-16 06:42:33",236
"2019-08-16 07:42:34",236
"2019-08-16 08:42:35",236
"2019-08-16 09:42:33",236
"2019-08-16 10:42:33",236
"2019-08-16 11:42:33",236
"2019-08-16 12:42:34",236
"2019-08-16 13:42:38",236
"2019-08-16 14:42:35",236
"2019-08-16 15:42:36",236
"2019-08-16 16:42:39",236
"2019-08-16 18:43:21",236
"2019-08-16 19:42:38",236
"2019-08-16 20:42:39",236
"2019-08-16 21:42:37",236
"2019-08-16 22:42:39",236
"2019-08-16 23:42:38",236
"2019-08-17 00:42:38",236
"2019-08-17 01:42:41",236
"2019-08-17 02:42:51",236
"2019-08-17 03:42:37",236
"2019-08-17 04:42:39",236
"2019-08-17 05:42:37",236
"2019-08-17 06:42:37",236
"2019-08-17 07:42:37",236
"2019-08-17 08:42:38",236
"2019-08-17 09:42:37",236
"2019-08-17 10:42:36",236
"2019-08-17 11:42:36",236
"2019-08-17 12:42:36",236
"2019-08-17 13:42:38",236
"2019-08-17 14:42:58",236
"2019-08-17 15:42:37",236
"2019-08-17 16:42:37",236
"2019-08-17 17:42:35",236
"2019-08-17 18:42:36",236
"2019-08-17 19:42:36",236
"2019-08-17 20:42:39",236
"2019-08-17 21:42:36",236
"2019-08-17 22:42:36",236
"2019-08-17 23:42:36",236
"2019-08-18 00:42:37",236
"2019-08-18 01:42:35",236
"2019-08-18 02:42:38",236
"2019-08-18 03:42:36",236
"2019-08-18 04:42:35",236
"2019-08-18 05:42:47",236
"2019-08-18 06:42:54",236
"2019-08-18 07:42:38",236
"2019-08-18 08:42:40",236
"2019-08-18 09:42:39",236
"2019-08-18 10:42:36",236
"2019-08-18 11:42:37",236
"2019-08-18 12:42:38",236
"2019-08-18 13:42:38",236
"2019-08-18 14:42:37",236
"2019-08-18 15:42:39",236
"2019-08-18 16:42:41",236
"2019-08-18 17:42:37",236
"2019-08-18 18:42:37",236
"2019-08-18 19:42:38",236
"2019-08-18 20:42:38",236
"2019-08-18 21:42:45",236
"2019-08-18 22:42:39",236
"2019-08-18 23:42:37",236
"2019-08-19 00:42:38",236
"2019-08-19 01:42:40",236
"2019-08-19 02:42:38",236
"2019-08-19 03:42:36",236
"2019-08-19 04:42:37",236
"2019-08-19 05:42:40",236
"2019-08-19 06:42:39",236
"2019-08-19 07:42:49",236
"2019-08-19 08:42:38",236
"2019-08-19 09:42:43",236
"2019-08-19 10:42:38",236
"2019-08-19 11:42:37",236
"2019-08-19 12:42:42",236
"2019-08-19 13:42:38",236
"2019-08-19 14:42:34",236
"2019-08-19 15:42:35",236
"2019-08-19 16:42:35",236
"2019-08-19 17:42:35",235
"2019-08-19 18:42:37",235
"2019-08-19 19:42:35",235
"2019-08-19 20:42:34",235
"2019-08-19 21:42:35",235
"2019-08-19 22:42:34",235
"2019-08-19 23:42:35",235
"2019-08-20 00:42:38",235
"2019-08-20 01:42:35",235
"2019-08-20 02:42:38",235
"2019-08-20 03:42:35",235
"2019-08-20 04:42:35",235
"2019-08-20 05:42:45",235
"2019-08-20 06:42:40",235
"2019-08-20 07:42:34",235
"2019-08-20 08:42:34",235
"2019-08-20 09:42:34",235
"2019-08-20 10:42:55",235
"2019-08-20 11:42:34",235
"2019-08-20 13:04:40",235
"2019-08-20 13:42:43",235
"2019-08-20 14:42:36",235
"2019-08-20 15:42:35",234
"2019-08-20 16:42:37",234
"2019-08-20 17:42:36",234
"2019-08-20 18:42:36",234
"2019-08-20 19:42:36",234
"2019-08-20 20:42:37",233
"2019-08-20 21:42:39",233
"2019-08-20 22:42:37",233
"2019-08-20 23:42:36",233
"2019-08-21 00:42:37",233
"2019-08-21 01:42:38",233
"2019-08-21 02:42:41",233
"2019-08-21 03:42:40",233
"2019-08-21 04:42:36",233
"2019-08-21 05:42:38",233
"2019-08-21 06:42:42",233
"2019-08-21 07:42:36",233
"2019-08-21 08:42:36",233
"2019-08-21 09:42:36",233
"2019-08-21 10:42:35",233
"2019-08-21 11:42:36",233
"2019-08-21 12:42:36",233
"2019-08-21 13:42:38",233
"2019-08-21 14:42:37",233
"2019-08-21 15:42:39",234
"2019-08-21 16:42:52",234
"2019-08-21 17:42:36",234
"2019-08-21 18:42:37",234
"2019-08-21 19:42:38",234
"2019-08-21 20:42:37",233
"2019-08-21 21:42:38",233
"2019-08-21 22:42:40",233
"2019-08-21 23:42:37",233
"2019-08-22 00:42:38",233
"2019-08-22 01:42:36",233
"2019-08-22 02:42:39",233
"2019-08-22 03:42:37",233
"2019-08-22 04:42:36",233
"2019-08-22 05:42:38",233
"2019-08-22 06:42:37",233
"2019-08-22 07:42:37",233
"2019-08-22 08:42:37",233
"2019-08-22 09:42:37",233
"2019-08-22 10:42:38",233
"2019-08-22 11:42:38",233
"2019-08-22 12:42:37",233
"2019-08-22 13:42:38",233
"2019-08-22 14:42:41",234
"2019-08-22 15:42:39",234
"2019-08-22 16:42:42",234
"2019-08-22 17:42:40",234
"2019-08-22 18:42:40",234
"2019-08-22 19:42:39",233
"2019-08-22 20:42:39",233
"2019-08-22 21:42:41",233
"2019-08-22 22:42:38",233
"2019-08-22 23:42:39",233
"2019-08-23 00:42:41",233
"2019-08-23 01:42:43",233
"2019-08-23 02:42:44",233
"2019-08-23 03:42:38",233
"2019-08-23 04:42:37",233
"2019-08-23 05:42:39",233
"2019-08-23 06:42:39",233
"2019-08-23 07:42:38",233
"2019-08-23 08:42:40",233
"2019-08-23 09:42:37",233
"2019-08-23 10:42:42",233
"2019-08-23 11:42:36",233
"2019-08-23 12:42:41",233
"2019-08-23 13:42:39",233
"2019-08-23 14:42:38",233
"2019-08-23 15:42:40",233
"2019-08-23 16:42:41",233
"2019-08-23 17:42:37",233
"2019-08-23 18:42:40",233
"2019-08-23 19:42:39",233
"2019-08-23 20:42:37",233
"2019-08-23 21:42:38",233
"2019-08-23 22:43:16",233
"2019-08-23 23:42:38",233
"2019-08-24 00:42:38",233
"2019-08-24 01:42:37",233
"2019-08-24 02:42:56",233
"2019-08-24 03:42:36",233
"2019-08-24 04:42:35",233
"2019-08-24 05:42:39",233
"2019-08-24 06:42:38",233
"2019-08-24 07:42:41",233
"2019-08-24 08:42:39",233
"2019-08-24 09:42:38",233
"2019-08-24 10:42:38",233
"2019-08-24 11:42:36",233
"2019-08-24 12:42:39",233
"2019-08-24 13:42:37",233
"2019-08-24 14:42:37",233
"2019-08-24 15:42:38",233
"2019-08-24 16:42:45",233
"2019-08-24 17:42:37",233
"2019-08-24 18:42:40",233
"2019-08-24 19:42:37",233
"2019-08-24 20:42:38",233
"2019-08-24 21:42:37",233
"2019-08-24 22:42:38",233
"2019-08-24 23:42:37",233
"2019-08-25 00:42:36",233
"2019-08-25 01:42:41",233
"2019-08-25 02:42:48",233
"2019-08-25 03:42:36",233
"2019-08-25 04:42:37",233
"2019-08-25 05:42:37",233
"2019-08-25 06:42:37",233
"2019-08-25 07:42:37",233
"2019-08-25 08:42:39",233
"2019-08-25 09:42:35",233
"2019-08-25 10:42:37",233
"2019-08-25 11:42:40",233
"2019-08-25 12:42:37",233
"2019-08-25 13:42:36",233
"2019-08-25 14:42:37",233
"2019-08-25 15:42:38",233
"2019-08-25 16:42:42",233
"2019-08-25 17:42:36",233
"2019-08-25 18:42:35",233
"2019-08-25 19:42:39",233
"2019-08-25 20:42:37",233
"2019-08-25 21:42:38",233
"2019-08-25 22:42:36",233
"2019-08-25 23:42:38",233
"2019-08-26 00:42:36",233
"2019-08-26 01:42:35",233
"2019-08-26 02:42:41",233
"2019-08-26 03:42:36",233
"2019-08-26 04:42:37",233
"2019-08-26 05:42:40",233
"2019-08-26 06:42:36",233
"2019-08-26 07:42:38",233
"2019-08-26 08:42:36",233
"2019-08-26 09:42:36",233
"2019-08-26 10:42:38",233
"2019-08-26 11:42:36",233
"2019-08-26 12:42:39",233
"2019-08-26 13:42:37",233
"2019-08-26 14:42:37",234
"2019-08-26 15:42:39",234
"2019-08-26 16:42:42",234
"2019-08-26 17:42:37",234
"2019-08-26 18:42:37",234
"2019-08-26 19:42:40",234
"2019-08-26 20:42:38",234
"2019-08-26 21:42:39",234
"2019-08-26 22:42:36",234
"2019-08-26 23:42:36",234
"2019-08-27 00:42:39",234
"2019-08-27 01:42:37",234
"2019-08-27 02:42:42",234
"2019-08-27 03:42:37",234
"2019-08-27 04:42:37",234
"2019-08-27 05:42:41",234
"2019-08-27 06:42:40",234
"2019-08-27 07:42:37",234
"2019-08-27 08:42:40",234
"2019-08-27 09:42:37",234
"2019-08-27 10:42:36",234
"2019-08-27 11:42:41",234
"2019-08-27 12:42:40",234
"2019-08-27 13:42:53",234
"2019-08-27 14:42:37",234
"2019-08-27 15:42:40",234
"2019-08-27 16:42:42",234
"2019-08-27 17:42:36",234
"2019-08-27 18:42:37",234
"2019-08-27 19:42:39",235
"2019-08-27 20:42:37",235
"2019-08-27 21:42:39",235
"2019-08-27 22:42:39",235
"2019-08-27 23:42:40",235
"2019-08-28 00:42:43",235
"2019-08-28 01:42:40",235
"2019-08-28 02:42:44",235
"2019-08-28 03:42:46",235
"2019-08-28 04:42:39",235
"2019-08-28 05:42:40",235
"2019-08-28 06:42:40",235
"2019-08-28 07:42:42",235
"2019-08-28 08:42:36",235
"2019-08-28 09:42:40",235
"2019-08-28 10:42:40",235
"2019-08-28 11:42:41",235
"2019-08-28 12:42:39",235
"2019-08-28 13:42:37",235
"2019-08-28 14:42:36",235
"2019-08-28 15:42:35",235
"2019-08-28 16:42:50",235
"2019-08-28 17:42:36",235
"2019-08-28 18:42:37",235
"2019-08-28 19:42:37",234
"2019-08-28 20:42:38",234
"2019-08-28 21:42:38",234
"2019-08-28 22:42:37",234
"2019-08-28 23:42:40",234
"2019-08-29 00:42:35",234
"2019-08-29 01:42:38",234
"2019-08-29 02:42:40",234
"2019-08-29 03:42:36",234
"2019-08-29 04:42:37",234
"2019-08-29 05:42:50",234
"2019-08-29 06:42:35",234
"2019-08-29 07:42:38",234
"2019-08-29 08:42:37",234
"2019-08-29 09:42:38",234
"2019-08-29 10:42:34",234
"2019-08-29 11:42:34",234
"2019-08-29 12:42:38",234
"2019-08-29 13:42:37",234
"2019-08-29 14:42:36",234
"2019-08-29 15:42:36",234
"2019-08-29 16:42:41",233
"2019-08-29 17:42:35",233
"2019-08-29 18:42:35",233
"2019-08-29 19:42:33",233
"2019-08-29 20:42:36",233
"2019-08-29 21:42:36",233
"2019-08-29 22:42:34",233
"2019-08-29 23:42:35",233
"2019-08-30 00:42:38",233
"2019-08-30 01:42:41",233
"2019-08-30 02:42:37",233
"2019-08-30 03:42:37",233
"2019-08-30 04:42:37",233
"2019-08-30 05:42:45",233
"2019-08-30 06:42:34",233
"2019-08-30 07:42:34",233
"2019-08-30 08:42:33",233
"2019-08-30 09:42:34",233
"2019-08-30 10:42:33",233
"2019-08-30 11:42:33",233
"2019-08-30 12:42:35",233
"2019-08-30 13:42:35",233
"2019-08-30 14:42:35",232
"2019-08-30 15:42:35",233
"2019-08-30 16:42:36",233
"2019-08-30 17:42:36",233
"2019-08-30 18:42:34",233
"2019-08-30 19:42:33",233
"2019-08-30 20:42:48",233
"2019-08-30 21:42:44",233
"2019-08-30 22:42:46",233
"2019-08-30 23:42:45",233
"2019-08-31 00:42:44",233
"2019-08-31 01:42:47",233
"2019-08-31 02:42:45",233
"2019-08-31 03:42:45",233
"2019-08-31 04:42:44",233
"2019-08-31 23:42:59",233
"2019-09-01 00:42:47",233
"2019-09-01 01:42:45",233
"2019-09-01 02:42:46",233
"2019-09-01 03:42:46",233
"2019-09-01 04:42:45",233
"2019-09-01 05:42:45",233
"2019-09-01 06:42:45",233
"2019-09-01 07:42:43",233
"2019-09-01 08:42:45",233
"2019-09-01 09:42:44",233
"2019-09-01 10:42:45",233
"2019-09-01 11:42:44",233
"2019-09-01 12:42:46",233
"2019-09-01 13:42:45",233
"2019-09-01 14:42:45",233
"2019-09-01 15:42:45",233
"2019-09-01 16:42:50",233
"2019-09-01 17:42:48",233
"2019-09-01 18:42:45",233
"2019-09-01 19:42:44",233
"2019-09-01 20:42:44",233
"2019-09-01 21:42:45",233
"2019-09-01 22:42:46",233
"2019-09-01 23:42:46",233
"2019-09-02 00:42:44",233
"2019-09-02 01:42:43",233
"2019-09-02 02:42:44",233
"2019-09-02 03:42:46",233
"2019-09-02 04:42:46",233
"2019-09-02 05:42:54",233
"2019-09-02 06:42:47",233
"2019-09-02 07:42:48",233
"2019-09-02 08:42:45",233
"2019-09-02 09:42:47",233
"2019-09-02 10:42:51",233
"2019-09-02 11:42:46",233
"2019-09-02 12:42:43",233
"2019-09-02 13:42:45",233
"2019-09-02 14:42:45",233
"2019-09-02 15:42:45",233
"2019-09-02 16:42:54",233
"2019-09-02 17:42:44",233
"2019-09-02 18:42:46",233
"2019-09-02 19:42:45",233
"2019-09-02 20:42:45",233
"2019-09-02 21:42:45",233
"2019-09-02 22:42:46",233
"2019-09-02 23:42:46",233
"2019-09-03 00:42:45",233
"2019-09-03 01:42:47",233
"2019-09-03 02:42:48",233
"2019-09-03 03:42:45",233
"2019-09-03 04:42:44",233
"2019-09-03 05:42:52",233
"2019-09-03 06:42:48",233
"2019-09-03 07:42:44",233
"2019-09-03 08:42:51",233
"2019-09-03 09:42:45",233
"2019-09-03 10:42:49",233
"2019-09-03 11:42:44",233
"2019-09-03 13:06:54",233
"2019-09-03 13:42:51",233
"2019-09-03 14:42:47",231
"2019-09-03 15:42:46",232
"2019-09-03 16:42:49",231
"2019-09-03 17:42:46",231
"2019-09-03 18:42:44",231
"2019-09-03 19:42:44",231
"2019-09-03 20:42:45",231
"2019-09-03 21:42:45",231
"2019-09-03 22:42:49",231
"2019-09-03 23:42:45",231
"2019-09-04 00:42:47",231
"2019-09-04 01:42:47",231
"2019-09-04 02:42:45",231
"2019-09-04 03:42:45",231
"2019-09-04 04:42:44",231
"2019-09-04 05:42:53",231
"2019-09-04 06:42:47",231
"2019-09-04 07:42:45",231
"2019-09-04 08:42:45",231
"2019-09-04 09:42:46",231
"2019-09-04 10:42:45",231
"2019-09-04 11:42:44",231
"2019-09-04 13:05:52",231
"2019-09-04 13:42:46",231
"2019-09-04 14:42:45",233
"2019-09-04 15:42:46",233
"2019-09-04 16:42:53",233
"2019-09-04 17:42:44",233
"2019-09-04 18:42:47",233
"2019-09-04 19:42:46",233
"2019-09-04 20:42:45",233
"2019-09-04 21:42:44",233
"2019-09-04 22:42:44",233
"2019-09-04 23:42:47",233
"2019-09-05 01:42:45",233
"2019-09-05 02:42:50",233
"2019-09-05 03:42:44",233
"2019-09-05 04:42:45",233
"2019-09-05 05:42:53",233
"2019-09-05 06:42:44",233
"2019-09-05 07:42:48",233
"2019-09-05 08:42:45",233
"2019-09-05 09:42:43",233
"2019-09-05 10:42:51",233
"2019-09-05 11:42:45",233
"2019-09-05 13:06:49",233
"2019-09-05 13:42:46",233
"2019-09-05 14:42:49",233
"2019-09-05 15:42:46",233
"2019-09-05 16:42:57",233
"2019-09-05 17:42:46",232
"2019-09-05 18:42:44",232
"2019-09-05 19:42:44",232
"2019-09-05 20:42:47",232
"2019-09-05 21:42:45",232
"2019-09-05 22:42:46",232
"2019-09-05 23:42:47",232
"2019-09-06 00:42:46",232
"2019-09-06 01:42:46",232
"2019-09-06 02:42:45",232
"2019-09-06 03:42:43",232
"2019-09-06 04:42:44",232
"2019-09-06 05:42:57",232
"2019-09-06 06:42:46",232
"2019-09-06 07:42:47",232
"2019-09-06 08:42:44",232
"2019-09-06 09:42:46",232
"2019-09-06 10:42:46",232
"2019-09-06 11:42:58",232
"2019-09-06 13:05:50",232
"2019-09-06 13:42:46",232
"2019-09-06 14:42:44",232
"2019-09-06 15:42:44",231
"2019-09-06 16:42:55",231
"2019-09-06 17:42:45",231
"2019-09-06 18:42:48",230
"2019-09-06 19:42:44",230
"2019-09-06 20:42:46",230
"2019-09-06 21:42:46",230
"2019-09-06 22:42:46",230
"2019-09-06 23:42:44",230
"2019-09-07 00:42:44",230
"2019-09-07 01:42:47",230
"2019-09-07 02:42:46",230
"2019-09-07 03:42:47",230
"2019-09-07 04:42:45",230
"2019-09-07 05:43:07",230
"2019-09-07 06:42:45",230
"2019-09-07 07:42:43",230
"2019-09-07 08:42:44",230
"2019-09-07 09:42:44",230
"2019-09-07 10:42:47",230
"2019-09-07 11:42:45",230
"2019-09-07 12:42:43",230
"2019-09-07 13:42:46",230
"2019-09-07 14:42:46",230
"2019-09-07 15:42:46",230
"2019-09-07 16:42:45",230
"2019-09-07 17:42:45",230
"2019-09-07 18:42:45",230
"2019-09-07 19:42:44",230
"2019-09-07 20:42:45",230
"2019-09-07 22:42:43",230
"2019-09-07 23:42:46",230
"2019-09-08 00:42:46",230
"2019-09-08 01:42:48",230
"2019-09-08 02:42:50",230
"2019-09-08 03:42:46",230
"2019-09-08 04:42:45",230
"2019-09-08 05:42:49",230
"2019-09-08 06:42:45",230
"2019-09-08 07:42:44",230
"2019-09-08 08:42:45",230
"2019-09-08 09:42:44",230
"2019-09-08 10:42:48",230
"2019-09-08 11:42:44",230
"2019-09-08 12:42:44",230
"2019-09-08 13:42:46",230
"2019-09-08 14:42:45",230
"2019-09-08 15:42:44",230
"2019-09-08 16:42:51",230
"2019-09-08 17:42:45",230
"2019-09-08 18:42:45",230
"2019-09-08 19:42:50",230
"2019-09-08 20:42:47",230
"2019-09-08 21:42:46",230
"2019-09-08 22:42:44",230
"2019-09-08 23:42:44",230
"2019-09-09 00:42:44",230
"2019-09-09 01:42:45",230
"2019-09-09 02:42:46",230
"2019-09-09 03:42:45",230
"2019-09-09 04:42:44",230
"2019-09-09 05:42:55",230
"2019-09-09 06:42:44",230
"2019-09-09 07:42:45",230
"2019-09-09 08:42:45",230
"2019-09-09 09:42:43",230
"2019-09-09 10:42:44",230
"2019-09-09 11:42:45",230
"2019-09-09 13:05:50",230
"2019-09-09 13:42:48",230
"2019-09-09 14:42:52",230
"2019-09-09 15:42:46",231
"2019-09-09 16:42:57",231
"2019-09-09 17:42:45",231
"2019-09-09 18:42:45",232
"2019-09-09 19:42:45",231
"2019-09-09 20:42:44",231
"2019-09-09 21:42:45",231
"2019-09-09 22:42:44",231
"2019-09-09 23:42:45",231
"2019-09-10 00:42:46",231
"2019-09-10 01:42:45",231
"2019-09-10 02:42:48",231
"2019-09-10 03:42:46",231
"2019-09-10 04:42:46",231
"2019-09-10 05:42:48",231
"2019-09-10 06:42:45",231
"2019-09-10 07:42:43",231
"2019-09-10 08:42:46",231
"2019-09-10 09:42:56",231
"2019-09-10 10:42:45",231
"2019-09-10 11:42:44",231
"2019-09-10 12:42:46",231
"2019-09-10 13:42:46",231
"2019-09-10 14:42:44",231
"2019-09-10 15:42:44",231
"2019-09-10 16:42:49",232
"2019-09-10 17:42:45",233
"2019-09-10 18:42:45",233
"2019-09-10 19:42:52",234
"2019-09-10 20:42:43",234
"2019-09-10 21:42:45",234
"2019-09-10 22:42:44",234
"2019-09-10 23:42:45",234
"2019-09-11 00:42:44",234
"2019-09-11 01:42:45",234
"2019-09-11 02:42:44",234
"2019-09-11 03:42:43",234
"2019-09-11 04:42:44",234
"2019-09-11 05:42:51",234
"2019-09-11 06:42:47",234
"2019-09-11 07:42:43",234
"2019-09-11 08:42:44",234
"2019-09-11 09:42:47",234
"2019-09-11 10:42:55",234
"2019-09-11 11:42:51",234
"2019-09-11 12:42:45",234
"2019-09-11 13:42:48",234
"2019-09-11 14:42:45",234
"2019-09-11 15:42:44",234
"2019-09-11 16:42:47",235
"2019-09-11 17:42:44",235
"2019-09-11 18:42:45",235
"2019-09-11 19:42:45",235
"2019-09-11 20:42:44",234
"2019-09-11 21:42:50",234
"2019-09-11 22:42:44",234
"2019-09-11 23:42:44",234
"2019-09-12 00:42:46",234
"2019-09-12 01:42:45",234
"2019-09-12 02:42:51",234
"2019-09-12 03:42:45",234
"2019-09-12 04:42:43",234
"2019-09-12 05:42:55",234
"2019-09-12 06:42:46",234
"2019-09-12 07:42:45",234
"2019-09-12 08:42:43",234
"2019-09-12 09:42:44",234
"2019-09-12 10:42:55",234
"2019-09-12 11:42:47",234
"2019-09-12 13:06:51",234
"2019-09-12 13:42:46",234
"2019-09-12 14:42:49",233
"2019-09-12 15:42:47",233
"2019-09-12 16:42:46",232
"2019-09-12 17:42:45",233
"2019-09-12 18:42:45",233
"2019-09-12 19:42:44",233
"2019-09-12 20:42:43",233
"2019-09-12 21:42:43",233
"2019-09-12 22:42:44",233
"2019-09-12 23:42:44",233
"2019-09-13 00:42:44",233
"2019-09-13 01:42:46",233
"2019-09-13 02:42:45",233
"2019-09-13 03:42:45",233
"2019-09-13 04:42:43",233
"2019-09-13 05:42:45",233
"2019-09-13 06:42:45",233
"2019-09-13 07:42:43",233
"2019-09-13 08:42:45",233
"2019-09-13 09:42:44",233
"2019-09-13 10:42:45",233
"2019-09-13 11:42:44",233
"2019-09-13 13:06:47",233
"2019-09-13 14:07:49",235
"2019-09-13 14:42:45",235
"2019-09-13 15:42:44",234
"2019-09-13 16:42:44",236
"2019-09-13 17:42:44",236
"2019-09-13 18:42:43",236
"2019-09-13 19:42:44",236
"2019-09-13 20:42:41",236
"2019-09-13 21:42:47",236
"2019-09-13 22:42:42",236
"2019-09-13 23:42:44",236
"2019-09-14 00:42:47",236
"2019-09-14 01:42:42",236
"2019-09-14 02:42:45",236
"2019-09-14 03:42:46",236
"2019-09-14 04:42:42",236
"2019-09-14 05:42:44",236
"2019-09-14 06:42:45",236
"2019-09-14 07:42:44",236
"2019-09-14 08:42:44",236
"2019-09-14 09:42:43",236
"2019-09-14 10:42:45",236
"2019-09-14 11:42:42",236
"2019-09-14 12:42:44",236
"2019-09-14 13:42:42",236
"2019-09-14 14:42:44",236
"2019-09-14 15:42:42",236
"2019-09-14 16:42:46",236
"2019-09-14 17:42:45",236
"2019-09-14 18:42:42",236
"2019-09-14 19:42:43",236
"2019-09-14 20:42:42",236
"2019-09-14 21:42:46",236
"2019-09-14 22:42:44",236
"2019-09-14 23:42:45",236
"2019-09-15 00:42:45",236
"2019-09-15 01:42:42",236
"2019-09-15 02:42:47",236
"2019-09-15 03:42:46",236
"2019-09-15 04:42:45",236
"2019-09-15 05:42:43",236
"2019-09-15 06:42:47",236
"2019-09-15 07:42:46",236
"2019-09-15 08:42:46",236
"2019-09-15 09:42:44",236
"2019-09-15 10:42:44",236
"2019-09-15 11:42:45",236
"2019-09-15 12:42:46",236
"2019-09-15 13:42:46",236
"2019-09-15 14:42:44",236
"2019-09-15 15:42:43",236
"2019-09-15 16:42:46",236
"2019-09-15 17:42:41",236
"2019-09-15 18:42:43",236
"2019-09-15 19:42:44",236
"2019-09-15 20:42:43",236
"2019-09-15 21:42:45",236
"2019-09-15 22:42:43",236
"2019-09-15 23:42:43",236
"2019-09-16 00:42:46",236
"2019-09-16 01:42:44",236
"2019-09-16 02:42:46",236
"2019-09-16 03:42:47",236
"2019-09-16 04:42:43",236
"2019-09-16 05:42:45",236
"2019-09-16 06:42:46",236
"2019-09-16 07:42:44",236
"2019-09-16 08:42:45",236
"2019-09-16 09:42:45",236
"2019-09-16 10:42:44",236
"2019-09-16 11:42:42",236
"2019-09-16 13:06:20",237
"2019-09-16 13:42:46",237
"2019-09-16 14:42:49",237
"2019-09-16 15:42:46",237
"2019-09-16 16:42:48",235
"2019-09-16 17:42:45",235
"2019-09-16 18:42:47",235
"2019-09-16 19:42:53",235
"2019-09-16 20:42:50",235
"2019-09-16 21:42:47",235
"2019-09-16 22:42:49",235
"2019-09-16 23:42:47",235
"2019-09-17 00:42:47",235
"2019-09-17 01:42:45",235
"2019-09-17 02:42:47",235
"2019-09-17 03:42:48",235
"2019-09-17 04:42:45",235
"2019-09-17 05:42:46",235
"2019-09-17 06:42:44",235
"2019-09-17 07:42:46",235
"2019-09-17 08:42:44",235
"2019-09-17 09:42:48",235
"2019-09-17 10:42:47",235
"2019-09-17 11:42:45",235
"2019-09-17 12:42:45",235
"2019-09-17 13:42:48",235
"2019-09-17 14:42:46",235
"2019-09-17 15:42:46",235
"2019-09-17 16:42:48",236
"2019-09-17 17:42:45",236
"2019-09-17 18:42:46",236
"2019-09-17 19:42:45",236
"2019-09-17 20:42:46",236
"2019-09-17 21:42:46",236
"2019-09-17 22:42:48",236
"2019-09-17 23:42:46",236
"2019-09-18 00:42:46",236
"2019-09-18 01:42:45",236
"2019-09-18 02:42:44",236
"2019-09-18 03:42:45",236
"2019-09-18 04:42:53",236
"2019-09-18 05:42:46",236
"2019-09-18 06:42:47",236
"2019-09-18 07:42:45",236
"2019-09-18 08:42:47",236
"2019-09-18 09:42:46",236
"2019-09-18 10:42:45",236
"2019-09-18 11:42:45",236
"2019-09-18 13:37:54",236
"2019-09-18 13:45:10",236
"2019-09-18 14:42:46",237
"2019-09-18 15:42:48",237
"2019-09-18 16:42:49",237
"2019-09-18 17:42:45",237
"2019-09-18 18:42:44",238
"2019-09-18 19:42:47",238
"2019-09-18 20:42:46",238
"2019-09-18 21:42:45",238
"2019-09-18 22:42:47",238
"2019-09-18 23:42:49",238
"2019-09-19 00:42:43",238
"2019-09-19 01:42:45",238
"2019-09-19 02:42:49",238
"2019-09-19 03:42:47",238
"2019-09-19 04:42:44",238
"2019-09-19 05:42:47",238
"2019-09-19 06:42:48",238
"2019-09-19 07:42:43",238
"2019-09-19 08:42:46",238
"2019-09-19 09:42:45",238
"2019-09-19 10:42:46",238
"2019-09-19 11:42:43",238
"2019-09-19 13:06:20",238
"2019-09-19 13:42:48",238
"2019-09-19 14:42:45",237
"2019-09-19 15:42:46",237
"2019-09-19 16:42:50",236
"2019-09-19 17:42:47",236
"2019-09-19 18:42:46",237
"2019-09-19 19:42:43",237
"2019-09-19 20:42:48",237
"2019-09-19 21:42:44",237
"2019-09-19 22:42:48",237
"2019-09-19 23:42:44",237
"2019-09-20 00:42:48",237
"2019-09-20 01:42:52",237
"2019-09-20 02:42:43",237
"2019-09-20 03:42:47",237
"2019-09-20 04:42:46",237
"2019-09-20 05:42:48",237
"2019-09-20 06:42:45",237
"2019-09-20 07:42:45",237
"2019-09-20 08:42:47",237
"2019-09-20 09:42:44",237
"2019-09-20 10:42:44",237
"2019-09-20 11:42:46",237
"2019-09-20 12:42:47",237
"2019-09-20 13:42:42",237
"2019-09-20 14:42:45",237
"2019-09-20 15:42:46",237
"2019-09-20 16:42:46",237
"2019-09-20 17:42:49",237
"2019-09-20 18:42:44",237
"2019-09-20 19:42:47",237
"2019-09-20 20:42:42",237
"2019-09-20 21:42:44",237
"2019-09-20 22:42:47",237
"2019-09-20 23:42:42",237
"2019-09-21 00:42:42",237
"2019-09-21 01:42:43",237
"2019-09-21 02:42:45",237
"2019-09-21 03:42:47",237
"2019-09-21 04:42:42",237
"2019-09-21 05:42:46",237
"2019-09-21 06:42:46",237
"2019-09-21 07:42:42",237
"2019-09-21 08:42:43",237
"2019-09-21 09:42:44",237
"2019-09-21 10:42:42",237
"2019-09-21 11:42:44",237
"2019-09-21 12:42:46",237
"2019-09-21 13:42:45",237
"2019-09-21 14:42:43",237
"2019-09-21 15:42:42",237
"2019-09-21 16:42:46",237
"2019-09-21 17:42:44",237
"2019-09-21 18:42:43",237
"2019-09-21 19:42:44",237
"2019-09-21 20:42:43",237
"2019-09-21 21:42:43",237
"2019-09-21 22:42:43",237
"2019-09-21 23:42:45",237
"2019-09-22 00:42:42",237
"2019-09-22 01:42:43",237
"2019-09-22 02:42:44",237
"2019-09-22 03:42:43",237
"2019-09-22 04:42:45",237
"2019-09-22 05:42:43",237
"2019-09-22 06:42:45",237
"2019-09-22 07:42:46",237
"2019-09-22 08:42:43",237
"2019-09-22 09:42:45",237
"2019-09-22 10:42:43",237
"2019-09-22 11:42:42",237
"2019-09-22 12:42:44",237
"2019-09-22 13:42:43",237
"2019-09-22 14:42:46",237
"2019-09-22 15:42:42",237
"2019-09-22 16:42:46",237
"2019-09-22 17:42:43",237
"2019-09-22 18:42:43",237
"2019-09-22 19:42:46",237
"2019-09-22 20:42:42",237
"2019-09-22 21:42:43",237
"2019-09-22 22:42:42",237
"2019-09-22 23:42:43",237
"2019-09-23 00:42:45",237
"2019-09-23 01:42:42",237
"2019-09-23 02:42:42",237
"2019-09-23 03:42:45",237
"2019-09-23 04:42:43",237
"2019-09-23 05:42:42",237
"2019-09-23 06:42:45",237
"2019-09-23 07:42:43",237
"2019-09-23 08:42:45",237
"2019-09-23 09:42:44",237
"2019-09-23 10:42:44",237
"2019-09-23 11:42:47",237
"2019-09-23 12:42:45",237
"2019-09-23 13:42:43",237
"2019-09-23 14:42:46",239
"2019-09-23 15:42:42",239
"2019-09-23 16:42:45",239
"2019-09-23 17:42:43",237
"2019-09-23 18:42:47",237
"2019-09-23 19:42:43",237
"2019-09-23 20:42:43",237
"2019-09-23 21:42:44",237
"2019-09-23 22:42:45",237
"2019-09-23 23:42:42",237
"2019-09-24 00:42:45",237
"2019-09-24 01:42:43",237
"2019-09-24 02:46:20",237
"2019-09-24 03:42:46",237
"2019-09-24 04:42:43",237
"2019-09-24 05:42:48",237
"2019-09-24 06:42:43",237
"2019-09-24 07:42:44",237
"2019-09-24 08:42:45",237
"2019-09-24 09:42:42",237
"2019-09-24 10:42:44",237
"2019-09-24 11:42:45",237
"2019-09-24 12:42:46",237
"2019-09-24 13:42:43",237
"2019-09-24 14:42:45",238
"2019-09-24 15:42:47",238
"2019-09-24 16:42:45",238
"2019-09-24 17:42:45",238
"2019-09-24 18:42:46",238
"2019-09-24 19:42:42",238
"2019-09-24 20:42:44",238
"2019-09-24 21:42:46",238
"2019-09-24 22:42:43",238
"2019-09-24 23:42:42",238
"2019-09-25 00:42:45",238
"2019-09-25 01:42:47",238
"2019-09-25 02:42:41",238
"2019-09-25 03:42:47",238
"2019-09-25 04:42:46",238
"2019-09-25 05:42:43",238
"2019-09-25 06:42:45",238
"2019-09-25 07:42:47",238
"2019-09-25 08:42:45",238
"2019-09-25 09:42:45",238
"2019-09-25 10:42:46",238
"2019-09-25 11:42:44",238
"2019-09-25 12:42:46",238
"2019-09-25 13:42:48",238
"2019-09-25 14:42:47",238
"2019-09-25 15:42:47",238
"2019-09-25 16:42:45",238
"2019-09-25 17:42:45",238
"2019-09-25 18:42:45",238
"2019-09-25 19:42:48",238
"2019-09-25 20:42:43",238
"2019-09-25 21:42:45",238
"2019-09-25 22:42:43",238
"2019-09-25 23:42:47",238
"2019-09-26 00:42:44",238
"2019-09-26 01:42:44",238
"2019-09-26 02:42:47",238
"2019-09-26 03:42:45",238
"2019-09-26 04:42:48",238
"2019-09-26 05:42:46",238
"2019-09-26 06:42:45",238
"2019-09-26 07:42:43",238
"2019-09-26 08:42:46",238
"2019-09-26 09:42:45",238
"2019-09-26 10:42:43",238
"2019-09-26 11:42:43",238
"2019-09-26 13:05:50",237
"2019-09-26 13:42:51",237
"2019-09-26 14:42:46",237
"2019-09-26 15:42:47",237
"2019-09-26 16:42:48",237
"2019-09-26 17:42:47",237
"2019-09-26 18:42:49",237
"2019-09-26 19:42:46",237
"2019-09-26 20:42:44",237
"2019-09-26 21:42:47",237
"2019-09-26 22:42:46",237
"2019-09-26 23:42:45",237
"2019-09-27 00:42:46",237
"2019-09-27 01:42:42",237
"2019-09-27 02:42:52",237
"2019-09-27 03:42:45",237
"2019-09-27 04:42:44",237
"2019-09-27 05:42:46",237
"2019-09-27 06:42:46",237
"2019-09-27 07:42:49",237
"2019-09-27 08:42:45",237
"2019-09-27 09:42:44",237
"2019-09-27 10:42:47",237
"2019-09-27 11:42:44",237
"2019-09-27 13:06:51",237
"2019-09-27 13:42:49",237
"2019-09-27 14:42:47",237
"2019-09-27 15:42:47",237
"2019-09-27 16:42:47",237
"2019-09-27 17:42:46",237
"2019-09-27 18:42:44",237
"2019-09-27 19:42:47",237
"2019-09-27 20:42:43",238
"2019-09-27 21:42:44",238
"2019-09-27 22:42:49",238
"2019-09-27 23:42:46",238
"2019-09-28 00:42:45",238
"2019-09-28 01:42:48",238
"2019-09-28 02:42:46",238
"2019-09-28 03:42:47",238
"2019-09-28 04:42:46",238
"2019-09-28 05:42:49",238
"2019-09-28 06:42:43",238
"2019-09-28 07:42:48",238
"2019-09-28 08:42:45",238
"2019-09-28 09:42:46",238
"2019-09-28 10:42:43",238
"2019-09-28 11:42:46",238
"2019-09-28 12:42:47",238
"2019-09-28 13:42:48",238
"2019-09-28 14:42:44",238
"2019-09-28 15:42:43",238
"2019-09-28 16:42:48",238
"2019-09-28 17:42:47",238
"2019-09-28 18:42:43",238
"2019-09-28 19:42:44",238
"2019-09-28 20:42:47",238
"2019-09-28 21:42:45",238
"2019-09-28 22:42:46",238
"2019-09-28 23:42:44",238
"2019-09-29 00:42:44",238
"2019-09-29 01:42:47",238
"2019-09-29 02:42:46",238
"2019-09-29 03:42:47",238
"2019-09-29 04:42:45",238
"2019-09-29 05:42:47",238
"2019-09-29 06:42:43",238
"2019-09-29 07:42:46",238
"2019-09-29 08:42:44",238
"2019-09-29 09:42:46",238
"2019-09-29 10:42:44",238
"2019-09-29 11:42:46",238
"2019-09-29 12:42:45",238
"2019-09-29 13:42:44",238
"2019-09-29 14:42:46",238
"2019-09-29 15:42:43",238
"2019-09-29 16:42:46",238
"2019-09-29 17:42:49",238
"2019-09-29 18:42:44",238
"2019-09-29 19:42:49",238
"2019-09-29 20:42:47",238
"2019-09-29 21:42:44",238
"2019-09-29 22:42:45",238
"2019-09-29 23:42:48",238
"2019-09-30 00:42:42",238
"2019-09-30 01:42:46",238
"2019-09-30 02:42:44",238
"2019-09-30 03:42:47",238
"2019-09-30 04:42:45",238
"2019-09-30 05:42:46",238
"2019-09-30 06:42:44",238
"2019-09-30 07:42:48",238
"2019-09-30 08:42:46",238
"2019-09-30 09:42:46",238
"2019-09-30 10:42:43",238
"2019-09-30 11:42:44",238
"2019-09-30 12:42:48",238
"2019-09-30 13:42:45",238
"2019-09-30 14:42:49",238
"2019-09-30 15:42:47",238
"2019-09-30 16:42:53",238
"2019-09-30 17:42:47",238
"2019-09-30 18:42:49",238
"2019-09-30 19:42:46",238
"2019-09-30 20:42:44",238
"2019-09-30 21:42:46",238
"2019-09-30 22:42:44",238
"2019-09-30 23:42:47",238
"2019-10-01 00:42:46",238
"2019-10-01 01:42:44",238
"2019-10-01 02:42:46",238
"2019-10-01 03:42:47",238
"2019-10-01 04:42:43",238
"2019-10-01 05:42:44",238
"2019-10-01 06:42:45",238
"2019-10-01 07:42:48",238
"2019-10-01 08:42:44",238
"2019-10-01 09:42:50",238
"2019-10-01 10:42:45",238
"2019-10-01 11:42:44",238
"2019-10-01 13:05:49",238
"2019-10-01 13:42:46",238
"2019-10-01 14:42:44",238
"2019-10-01 15:42:45",238
"2019-10-01 16:42:47",238
"2019-10-01 17:42:43",238
"2019-10-01 18:42:46",238
"2019-10-01 19:42:46",239
"2019-10-01 20:42:43",239
"2019-10-01 21:42:44",239
"2019-10-01 22:42:45",239
"2019-10-01 23:42:44",239
"2019-10-02 00:42:55",239
"2019-10-02 01:42:44",239
"2019-10-02 02:42:43",239
"2019-10-02 03:42:45",239
"2019-10-02 04:42:47",239
"2019-10-02 05:42:46",239
"2019-10-02 06:42:44",239
"2019-10-02 07:42:44",239
"2019-10-02 08:42:43",239
"2019-10-02 09:42:46",239
"2019-10-02 10:42:42",239
"2019-10-02 11:42:43",239
"2019-10-02 13:06:19",238
"2019-10-02 13:42:45",238
"2019-10-02 14:42:44",238
"2019-10-02 15:42:46",238
"2019-10-02 16:42:42",238
"2019-10-02 17:42:43",238
"2019-10-02 18:42:44",238
"2019-10-02 19:42:44",238
"2019-10-02 20:42:44",239
"2019-10-02 21:42:44",239
"2019-10-02 22:42:46",239
"2019-10-02 23:42:42",239
"2019-10-03 00:42:42",239
"2019-10-03 01:42:43",239
"2019-10-03 02:42:43",239
"2019-10-03 03:42:44",239
"2019-10-03 04:42:44",239
"2019-10-03 06:42:43",239
"2019-10-03 07:42:45",239
"2019-10-03 08:42:44",239
"2019-10-03 09:42:44",239
"2019-10-03 10:42:46",239
"2019-10-03 11:42:43",239
"2019-10-03 13:06:16",239
"2019-10-03 13:43:28",239
"2019-10-03 14:42:46",241
"2019-10-03 15:42:42",241
"2019-10-03 16:42:43",241
"2019-10-03 17:42:44",242
"2019-10-03 18:42:45",242
"2019-10-03 19:42:44",242
"2019-10-03 20:42:43",242
"2019-10-03 21:42:44",242
"2019-10-03 22:42:44",242
"2019-10-03 23:42:46",242
"2019-10-04 00:42:43",242
"2019-10-04 01:42:43",242
"2019-10-04 02:42:42",242
"2019-10-04 03:42:43",242
"2019-10-04 04:42:43",242
"2019-10-04 05:42:47",242
"2019-10-04 06:42:46",242
"2019-10-04 07:42:43",242
"2019-10-04 08:42:44",242
"2019-10-04 09:42:43",242
"2019-10-04 10:42:45",242
"2019-10-04 11:42:43",242
"2019-10-04 12:42:44",242
"2019-10-04 13:42:46",242
"2019-10-04 14:42:42",243
"2019-10-04 15:42:43",243
"2019-10-04 16:42:46",243
"2019-10-04 17:42:43",243
"2019-10-04 18:42:44",244
"2019-10-04 19:42:44",244
"2019-10-04 20:42:44",245
"2019-10-04 21:42:44",245
"2019-10-04 22:42:42",245
"2019-10-04 23:42:43",245
"2019-10-05 00:42:46",245
"2019-10-05 01:42:43",245
"2019-10-05 02:42:43",245
"2019-10-05 03:42:42",245
"2019-10-05 04:42:42",245
"2019-10-05 05:42:47",245
"2019-10-05 06:42:42",245
"2019-10-05 07:42:43",245
"2019-10-05 08:42:45",245
"2019-10-05 09:42:43",245
"2019-10-05 10:42:43",245
"2019-10-05 11:42:44",245
"2019-10-05 12:42:44",245
"2019-10-05 13:42:45",245
"2019-10-05 14:42:43",245
"2019-10-05 15:42:43",245
"2019-10-05 16:42:44",245
"2019-10-05 17:42:47",245
"2019-10-05 18:42:44",245
"2019-10-05 19:42:43",245
"2019-10-05 20:42:45",245
"2019-10-05 21:42:43",245
"2019-10-05 22:42:44",245
"2019-10-05 23:42:44",245
"2019-10-06 00:42:43",245
"2019-10-06 01:42:44",245
"2019-10-06 02:42:48",245
"2019-10-06 03:42:45",245
"2019-10-06 04:42:43",245
"2019-10-06 05:42:43",245
"2019-10-06 06:42:47",245
"2019-10-06 07:42:44",245
"2019-10-06 08:42:46",245
"2019-10-06 09:42:44",245
"2019-10-06 10:42:44",245
"2019-10-06 11:42:44",245
"2019-10-06 12:42:45",245
"2019-10-06 13:42:43",245
"2019-10-06 14:42:45",245
"2019-10-06 15:42:42",245
"2019-10-06 16:42:43",245
"2019-10-06 17:42:43",245
"2019-10-06 18:42:46",245
"2019-10-06 19:42:46",245
"2019-10-06 20:42:42",245
"2019-10-06 21:42:42",245
"2019-10-06 22:42:42",245
"2019-10-06 23:42:42",245
"2019-10-07 00:42:43",245
"2019-10-07 01:42:44",245
"2019-10-07 02:42:45",245
"2019-10-07 03:42:43",245
"2019-10-07 04:42:43",245
"2019-10-07 05:42:43",245
"2019-10-07 06:42:44",245
"2019-10-07 07:42:43",245
"2019-10-07 08:42:43",245
"2019-10-07 09:42:48",245
"2019-10-07 10:42:44",245
"2019-10-07 11:42:43",245
"2019-10-07 12:42:50",245
"2019-10-07 13:42:45",245
"2019-10-07 14:42:43",247
"2019-10-07 15:42:44",247
"2019-10-07 16:42:45",247
"2019-10-07 17:42:43",247
"2019-10-07 18:42:44",247
"2019-10-07 19:42:45",247
"2019-10-07 20:42:43",247
"2019-10-07 21:42:43",247
"2019-10-07 22:42:43",247
"2019-10-07 23:42:46",247
"2019-10-08 00:42:43",247
"2019-10-08 01:42:43",247
"2019-10-08 02:42:43",247
"2019-10-08 03:42:46",247
"2019-10-08 04:42:43",247
"2019-10-08 05:42:43",247
"2019-10-08 06:42:44",247
"2019-10-08 07:42:43",247
"2019-10-08 08:42:43",247
"2019-10-08 09:42:44",247
"2019-10-08 10:42:45",247
"2019-10-08 11:42:42",247
"2019-10-08 12:42:43",247
"2019-10-08 13:42:45",247
"2019-10-08 14:42:42",248
"2019-10-08 15:42:43",248
"2019-10-08 16:42:47",248
"2019-10-08 17:42:46",247
"2019-10-08 18:42:45",247
"2019-10-08 19:42:45",247
"2019-10-08 20:42:43",247
"2019-10-08 21:42:43",247
"2019-10-08 22:42:44",247
"2019-10-08 23:42:44",247
"2019-10-09 00:42:43",247
"2019-10-09 01:42:44",247
"2019-10-09 02:42:44",247
"2019-10-09 03:42:42",247
"2019-10-09 04:42:46",247
"2019-10-09 05:42:43",247
"2019-10-09 06:42:44",247
"2019-10-09 07:42:48",247
"2019-10-09 08:42:44",247
"2019-10-09 09:42:42",247
"2019-10-09 10:42:44",247
"2019-10-09 11:42:43",247
"2019-10-09 12:42:49",247
"2019-10-09 13:42:45",247
"2019-10-09 14:42:45",248
"2019-10-09 15:42:50",248
"2019-10-09 16:42:46",248
"2019-10-09 17:42:51",248
"2019-10-09 18:42:47",250
"2019-10-09 19:42:49",250
"2019-10-09 20:42:45",250
"2019-10-09 21:42:44",250
"2019-10-09 22:42:45",250
"2019-10-09 23:42:45",250
"2019-10-10 00:42:47",250
"2019-10-10 01:42:44",250
"2019-10-10 02:42:46",250
"2019-10-10 03:42:44",250
"2019-10-10 04:42:44",250
"2019-10-10 05:42:49",250
"2019-10-10 06:42:45",250
"2019-10-10 07:42:47",250
"2019-10-10 08:42:45",250
"2019-10-10 09:42:44",250
"2019-10-10 10:42:44",250
"2019-10-10 11:42:46",250
"2019-10-10 13:05:51",250
"2019-10-10 13:42:47",250
"2019-10-10 14:42:45",250
"2019-10-10 15:42:46",250
"2019-10-10 16:42:45",250
"2019-10-10 17:42:45",250
"2019-10-10 18:42:44",250
"2019-10-10 19:42:46",251
"2019-10-10 20:42:45",251
"2019-10-10 21:42:46",251
"2019-10-10 22:42:45",251
"2019-10-10 23:42:57",251
"2019-10-11 00:42:46",251
"2019-10-11 01:42:46",251
"2019-10-11 02:42:46",251
"2019-10-11 03:42:50",251
"2019-10-11 04:42:45",251
"2019-10-11 05:42:45",251
"2019-10-11 06:42:47",251
"2019-10-11 07:42:46",251
"2019-10-11 08:42:45",251
"2019-10-11 09:42:49",251
"2019-10-11 10:42:45",251
"2019-10-11 11:42:45",251
"2019-10-11 13:06:21",251
"2019-10-11 13:42:48",251
"2019-10-11 14:42:45",251
"2019-10-11 15:42:52",250
"2019-10-11 16:42:47",250
"2019-10-11 17:42:46",250
"2019-10-11 18:42:46",250
"2019-10-11 19:42:46",250
"2019-10-11 20:42:45",250
"2019-10-11 21:42:45",250
"2019-10-11 22:42:45",250
"2019-10-11 23:42:45",250
"2019-10-12 00:42:48",250
"2019-10-12 01:42:44",250
"2019-10-12 02:42:46",250
"2019-10-12 03:42:47",250
"2019-10-12 04:42:44",250
"2019-10-12 05:42:48",250
"2019-10-12 06:42:49",250
"2019-10-12 07:42:45",250
"2019-10-12 08:42:45",250
"2019-10-12 09:42:48",250
"2019-10-12 10:42:44",250
"2019-10-12 11:42:44",250
"2019-10-12 12:42:49",250
"2019-10-12 13:42:45",250
"2019-10-12 14:42:46",250
"2019-10-12 15:42:45",250
"2019-10-12 16:42:48",250
"2019-10-12 17:42:48",250
"2019-10-12 18:42:45",250
"2019-10-12 19:42:46",250
"2019-10-12 20:42:46",250
"2019-10-12 21:42:44",250
"2019-10-12 22:42:46",250
"2019-10-12 23:42:45",250
"2019-10-13 00:42:48",250
"2019-10-13 01:42:45",250
"2019-10-13 02:42:45",250
"2019-10-13 03:42:48",250
"2019-10-13 04:42:44",250
"2019-10-13 05:42:45",250
"2019-10-13 06:42:46",250
"2019-10-13 07:42:45",250
"2019-10-13 08:42:48",250
"2019-10-13 09:42:47",250
"2019-10-13 10:42:43",250
"2019-10-13 11:42:49",250
"2019-10-13 12:42:45",250
"2019-10-13 13:42:48",250
"2019-10-13 14:42:47",250
"2019-10-13 15:42:45",250
"2019-10-13 16:42:50",250
"2019-10-13 17:42:45",250
"2019-10-13 18:42:46",250
"2019-10-13 19:42:46",250
"2019-10-13 20:42:49",250
"2019-10-13 21:42:47",250
"2019-10-13 22:42:47",250
"2019-10-13 23:42:51",250
"2019-10-14 00:42:46",250
"2019-10-14 01:42:47",250
"2019-10-14 02:42:46",250
"2019-10-14 03:42:46",250
"2019-10-14 04:42:47",250
"2019-10-14 05:42:45",250
"2019-10-14 06:42:48",250
"2019-10-14 07:42:45",250
"2019-10-14 08:42:46",250
"2019-10-14 09:42:49",250
"2019-10-14 10:42:46",250
"2019-10-14 11:42:48",250
"2019-10-14 12:42:48",250
"2019-10-14 13:42:47",250
"2019-10-14 14:42:46",250
"2019-10-14 15:42:47",250
"2019-10-14 16:42:50",250
"2019-10-14 17:42:45",250
"2019-10-14 18:42:49",250
"2019-10-14 19:42:45",250
"2019-10-14 20:42:47",250
"2019-10-14 21:42:47",250
"2019-10-14 22:42:48",250
"2019-10-14 23:42:53",250
"2019-10-15 00:42:45",250
"2019-10-15 02:42:50",250
"2019-10-15 03:42:45",250
"2019-10-15 04:42:46",250
"2019-10-15 05:42:48",250
"2019-10-15 06:42:47",250
"2019-10-15 07:42:51",250
"2019-10-15 08:42:47",250
"2019-10-15 09:42:46",250
"2019-10-15 10:42:46",250
"2019-10-15 11:42:49",250
"2019-10-15 12:42:46",250
"2019-10-15 13:42:50",250
"2019-10-15 14:42:45",251
"2019-10-15 15:42:45",251
"2019-10-15 16:42:47",250
"2019-10-15 17:42:47",251
"2019-10-15 18:42:50",251
"2019-10-15 19:42:48",251
"2019-10-15 20:42:52",251
"2019-10-15 21:42:46",251
"2019-10-15 22:42:45",251
"2019-10-15 23:42:45",251
"2019-10-16 00:42:46",251
"2019-10-16 01:42:45",251
"2019-10-16 02:42:46",251
"2019-10-16 03:42:50",251
"2019-10-16 04:42:46",251
"2019-10-16 05:42:46",251
"2019-10-16 06:42:45",251
"2019-10-16 07:42:51",251
"2019-10-16 08:42:53",251
"2019-10-16 09:42:46",251
"2019-10-16 10:42:48",251
"2019-10-16 11:42:45",251
"2019-10-16 12:42:46",251
"2019-10-16 13:42:50",251
"2019-10-16 14:42:46",251
"2019-10-16 15:42:51",252
"2019-10-16 16:42:46",252
"2019-10-16 17:42:45",252
"2019-10-16 18:42:47",252
"2019-10-16 19:42:45",252
"2019-10-16 20:42:46",252
"2019-10-16 21:42:47",252
"2019-10-16 22:42:44",252
"2019-10-16 23:42:46",252
"2019-10-17 00:42:45",252
"2019-10-17 01:42:47",252
"2019-10-17 02:42:46",252
"2019-10-17 04:42:47",252
"2019-10-17 05:42:45",252
"2019-10-17 06:42:45",252
"2019-10-17 07:42:48",252
"2019-10-17 08:42:46",252
"2019-10-17 09:42:45",252
"2019-10-17 10:42:44",252
"2019-10-17 11:42:48",252
"2019-10-17 12:42:46",252
"2019-10-17 13:42:47",252
"2019-10-17 14:42:48",252
"2019-10-17 15:42:45",252
"2019-10-17 16:42:44",252
"2019-10-17 17:42:47",252
"2019-10-17 18:42:46",252
"2019-10-17 19:42:48",252
"2019-10-17 20:42:46",252
"2019-10-17 21:42:45",252
"2019-10-17 22:42:46",252
"2019-10-17 23:42:46",252
"2019-10-18 00:42:45",252
"2019-10-18 01:42:46",252
"2019-10-18 02:42:45",252
"2019-10-18 03:42:49",252
"2019-10-18 04:42:45",252
"2019-10-18 05:42:46",252
"2019-10-18 06:42:50",252
"2019-10-18 07:42:46",252
"2019-10-18 08:42:47",252
"2019-10-18 09:42:47",252
"2019-10-18 10:42:49",252
"2019-10-18 11:42:46",252
"2019-10-18 13:05:20",251
"2019-10-18 13:42:44",251
"2019-10-18 14:42:45",253
"2019-10-18 15:42:48",253
"2019-10-18 16:42:44",253
"2019-10-18 17:42:46",253
"2019-10-18 18:42:45",253
"2019-10-18 19:42:45",253
"2019-10-18 20:42:48",253
"2019-10-18 21:42:45",253
"2019-10-18 22:42:45",253
"2019-10-18 23:42:46",253
"2019-10-19 00:42:45",253
"2019-10-19 01:42:48",253
"2019-10-19 02:42:45",253
"2019-10-19 03:42:45",253
"2019-10-19 04:42:47",253
"2019-10-19 05:42:44",253
"2019-10-19 06:42:48",253
"2019-10-19 07:42:46",253
"2019-10-19 08:42:46",253
"2019-10-19 09:42:46",253
"2019-10-19 10:42:47",253
"2019-10-19 11:42:45",253
"2019-10-19 12:42:49",253
"2019-10-19 13:42:44",253
"2019-10-19 14:42:46",253
"2019-10-19 15:42:46",253
"2019-10-19 16:42:49",253
"2019-10-19 17:42:45",253
"2019-10-19 18:42:45",253
"2019-10-19 19:42:48",253
"2019-10-19 20:42:46",253
"2019-10-19 21:42:44",253
"2019-10-19 22:42:45",253
"2019-10-19 23:42:44",253
"2019-10-20 00:42:45",253
"2019-10-20 01:42:44",253
"2019-10-20 02:42:48",253
"2019-10-20 03:42:45",253
"2019-10-20 04:42:46",253
"2019-10-20 05:42:48",253
"2019-10-20 06:42:47",253
"2019-10-20 07:42:48",253
"2019-10-20 08:42:46",253
"2019-10-20 09:42:45",253
"2019-10-20 10:42:48",253
"2019-10-20 11:42:45",253
"2019-10-20 12:42:48",253
"2019-10-20 13:42:45",253
"2019-10-20 14:42:44",253
"2019-10-20 16:42:47",253
"2019-10-20 17:42:44",253
"2019-10-20 18:42:45",253
"2019-10-20 19:42:44",253
"2019-10-20 20:42:44",253
"2019-10-20 21:42:44",253
"2019-10-20 22:42:45",253
"2019-10-20 23:42:45",253
"2019-10-21 00:42:46",253
"2019-10-21 01:42:48",253
"2019-10-21 02:42:45",253
"2019-10-21 03:42:45",253
"2019-10-21 04:42:44",253
"2019-10-21 05:42:49",253
"2019-10-21 06:42:45",253
"2019-10-21 07:42:46",253
"2019-10-21 08:42:47",253
"2019-10-21 09:42:46",253
"2019-10-21 10:42:45",253
"2019-10-21 11:42:48",253
"2019-10-21 13:06:18",253
"2019-10-21 13:42:50",253
"2019-10-21 14:42:46",254
"2019-10-21 15:42:47",254
"2019-10-21 16:42:47",254
"2019-10-21 17:42:45",254
"2019-10-21 18:42:46",254
"2019-10-21 19:42:46",254
"2019-10-21 20:42:45",254
"2019-10-21 22:42:49",254
"2019-10-21 23:42:45",254
"2019-10-22 00:42:45",254
"2019-10-22 01:42:46",254
"2019-10-22 02:42:48",254
"2019-10-22 03:42:49",254
"2019-10-22 04:42:47",254
"2019-10-22 05:42:46",254
"2019-10-22 06:42:45",254
"2019-10-22 07:42:49",254
"2019-10-22 08:42:46",254
"2019-10-22 09:42:47",254
"2019-10-22 10:42:45",254
"2019-10-22 11:42:44",254
"2019-10-22 12:42:52",254
"2019-10-22 13:42:46",254
"2019-10-22 14:42:45",254
"2019-10-22 15:42:50",255
"2019-10-22 16:42:47",256
"2019-10-22 17:42:49",256
"2019-10-22 18:42:48",256
"2019-10-22 19:42:45",256
"2019-10-22 20:42:47",256
"2019-10-22 21:42:46",256
"2019-10-22 22:42:48",256
"2019-10-22 23:42:47",256
"2019-10-23 00:42:52",256
"2019-10-23 01:42:48",256
"2019-10-23 02:42:46",256
"2019-10-23 03:42:45",256
"2019-10-23 04:42:50",256
"2019-10-23 05:42:47",256
"2019-10-23 06:42:53",256
"2019-10-23 07:42:47",256
"2019-10-23 08:42:46",256
"2019-10-23 09:42:48",256
"2019-10-23 10:42:48",256
"2019-10-23 11:42:45",256
"2019-10-23 12:42:50",256
"2019-10-23 13:42:50",256
"2019-10-23 14:42:46",256
"2019-10-23 15:42:45",256
"2019-10-23 16:42:48",256
"2019-10-23 17:42:46",256
"2019-10-23 18:42:45",256
"2019-10-23 19:42:46",255
"2019-10-23 20:42:48",255
"2019-10-23 21:42:45",255
"2019-10-23 22:42:46",255
"2019-10-23 23:42:46",255
"2019-10-24 00:48:44",255
"2019-10-24 01:42:47",255
"2019-10-24 02:42:47",255
"2019-10-24 03:42:50",255
"2019-10-24 04:42:46",254
"2019-10-24 05:42:49",254
"2019-10-24 06:42:52",254
"2019-10-24 07:42:46",254
"2019-10-24 08:42:46",254
"2019-10-24 09:42:50",254
"2019-10-24 10:42:45",254
"2019-10-24 11:42:45",254
"2019-10-24 13:06:21",254
"2019-10-24 13:42:46",254
"2019-10-24 14:42:45",254
"2019-10-24 15:42:49",254
"2019-10-24 16:42:46",253
"2019-10-24 17:42:46",252
"2019-10-24 18:42:46",251
"2019-10-24 19:42:49",251
"2019-10-24 20:42:45",251
"2019-10-24 21:42:46",251
"2019-10-24 22:42:46",251
"2019-10-24 23:42:47",251
"2019-10-25 00:42:46",251
"2019-10-25 01:42:46",251
"2019-10-25 02:42:49",251
"2019-10-25 03:42:46",251
"2019-10-25 04:42:44",251
"2019-10-25 05:42:47",251
"2019-10-25 06:42:47",251
"2019-10-25 07:42:48",251
"2019-10-25 08:42:49",251
"2019-10-25 09:42:45",251
"2019-10-25 10:42:45",251
"2019-10-25 11:42:51",251
"2019-10-25 13:06:20",251
"2019-10-25 13:42:49",251
"2019-10-25 14:42:52",251
"2019-10-25 15:42:47",251
"2019-10-25 16:42:52",251
"2019-10-25 17:42:47",251
"2019-10-25 18:42:47",251
"2019-10-25 19:42:46",252
"2019-10-25 20:42:46",254
"2019-10-25 21:42:46",254
"2019-10-25 22:42:47",254
"2019-10-25 23:42:47",254
"2019-10-26 00:42:48",254
"2019-10-26 01:42:50",254
"2019-10-26 02:42:47",254
"2019-10-26 03:42:48",254
"2019-10-26 04:42:50",254
"2019-10-26 05:42:47",254
"2019-10-26 06:42:45",254
"2019-10-26 07:42:50",254
"2019-10-26 08:42:47",254
"2019-10-26 09:42:46",254
"2019-10-26 10:42:46",254
"2019-10-26 11:42:49",254
"2019-10-26 12:42:47",254
"2019-10-26 13:42:48",254
"2019-10-26 14:42:49",254
"2019-10-26 15:42:50",254
"2019-10-26 16:42:48",254
"2019-10-26 17:42:48",254
"2019-10-26 18:42:50",254
"2019-10-26 19:42:48",254
"2019-10-26 20:42:48",254
"2019-10-26 21:42:49",254
"2019-10-26 22:42:48",254
"2019-10-26 23:42:48",254
"2019-10-27 00:42:49",254
"2019-10-27 01:42:47",254
"2019-10-27 02:42:49",254
"2019-10-27 03:42:49",254
"2019-10-27 04:42:47",254
"2019-10-27 05:42:51",254
"2019-10-27 06:42:48",254
"2019-10-27 07:42:46",254
"2019-10-27 08:42:47",254
"2019-10-27 09:42:46",254
"2019-10-27 10:42:45",254
"2019-10-27 11:42:46",254
"2019-10-27 12:42:49",254
"2019-10-27 13:42:47",254
"2019-10-27 14:42:46",254
"2019-10-27 15:42:52",254
"2019-10-27 16:42:46",254
"2019-10-27 17:42:47",254
"2019-10-27 18:42:49",254
"2019-10-27 19:42:49",254
"2019-10-27 20:42:51",254
"2019-10-27 21:42:46",254
"2019-10-27 22:42:46",254
"2019-10-27 23:42:46",254
"2019-10-28 00:42:46",254
"2019-10-28 01:42:48",254
"2019-10-28 02:42:46",254
"2019-10-28 03:42:50",254
"2019-10-28 04:42:46",254
"2019-10-28 05:42:46",254
"2019-10-28 06:42:48",254
"2019-10-28 07:42:48",254
"2019-10-28 08:42:47",254
"2019-10-28 09:42:46",254
"2019-10-28 10:42:49",254
"2019-10-28 11:42:45",254
"2019-10-28 12:42:50",254
"2019-10-28 14:42:50",255
"2019-10-28 15:42:55",255
"2019-10-28 16:42:53",254
"2019-10-28 17:42:49",254
"2019-10-28 18:42:49",253
"2019-10-28 19:42:49",253
"2019-10-28 23:42:48",253
"2019-10-29 00:42:47",253
"2019-10-29 01:42:51",253
"2019-10-29 02:42:48",253
"2019-10-29 03:42:51",253
"2019-10-29 04:42:47",253
"2019-10-29 05:42:50",253
"2019-10-29 06:42:50",253
"2019-10-29 07:42:48",253
"2019-10-29 08:42:48",253
"2019-10-29 09:42:46",253
"2019-10-29 10:42:50",253
"2019-10-29 11:42:47",253
"2019-10-29 12:42:47",253
"2019-10-29 13:42:54",253
"2019-10-29 14:42:48",253
"2019-10-29 15:42:49",253
"2019-10-29 16:42:50",252
"2019-10-29 17:42:46",252
"2019-10-29 18:42:49",252
"2019-10-29 19:42:50",252
"2019-10-29 20:42:47",252
"2019-10-29 21:42:49",252
"2019-10-29 22:42:48",252
"2019-10-29 23:42:48",252
"2019-10-30 00:42:53",252
"2019-10-30 01:42:48",252
"2019-10-30 02:42:47",252
"2019-10-30 03:42:48",252
"2019-10-30 04:42:51",252
"2019-10-30 05:42:52",252
"2019-10-30 06:42:48",252
"2019-10-30 07:42:55",252
"2019-10-30 08:42:48",252
"2019-10-30 09:42:49",252
"2019-10-30 10:42:49",252
"2019-10-30 11:42:46",252
"2019-10-30 13:42:50",252
"2019-10-30 14:42:47",252
"2019-10-30 15:42:47",252
"2019-10-30 16:42:49",252
"2019-10-30 17:42:49",251
"2019-10-30 18:42:48",251
"2019-10-30 19:42:48",251
"2019-10-30 20:42:48",251
"2019-10-30 21:42:48",251
"2019-10-30 22:42:47",251
"2019-10-30 23:42:48",251
"2019-10-31 00:42:48",251
"2019-10-31 01:42:49",251
"2019-10-31 02:42:47",251
"2019-10-31 03:42:50",251
"2019-10-31 04:42:47",251
"2019-10-31 05:42:47",251
"2019-10-31 06:42:49",251
"2019-10-31 07:42:48",251
"2019-10-31 08:42:48",251
"2019-10-31 09:42:50",251
"2019-10-31 10:42:47",251
"2019-10-31 11:42:48",251
"2019-10-31 13:07:53",251
"2019-10-31 13:42:50",251
"2019-10-31 14:42:49",250
"2019-10-31 15:42:51",250
"2019-10-31 16:42:50",251
"2019-10-31 17:42:49",251
"2019-10-31 18:42:48",251
"2019-10-31 19:42:48",251
"2019-10-31 20:42:50",251
"2019-10-31 22:05:52",251
"2019-10-31 22:42:53",251
"2019-10-31 23:42:48",251
"2019-11-01 00:42:48",251
"2019-11-01 01:42:48",251
"2019-11-01 02:42:48",251
"2019-11-01 03:42:50",251
"2019-11-01 04:42:48",251
"2019-11-01 05:42:52",251
"2019-11-01 06:42:47",251
"2019-11-01 07:42:53",251
"2019-11-01 08:42:49",251
"2019-11-01 09:42:50",251
"2019-11-01 10:42:50",251
"2019-11-01 11:42:53",251
"2019-11-01 13:38:57",250
"2019-11-01 13:48:15",250
"2019-11-01 14:42:48",250
"2019-11-01 15:42:47",251
"2019-11-01 16:42:52",251
"2019-11-01 17:42:50",250
"2019-11-01 18:42:53",250
"2019-11-01 19:42:48",250
"2019-11-01 20:42:48",250
"2019-11-01 21:42:47",250
"2019-11-01 22:42:48",250
"2019-11-01 23:42:48",250
"2019-11-02 00:42:50",250
"2019-11-02 01:42:48",250
"2019-11-02 02:42:48",250
"2019-11-02 03:42:52",250
"2019-11-02 04:42:48",250
"2019-11-02 05:42:48",250
"2019-11-02 06:42:50",250
"2019-11-02 07:42:48",250
"2019-11-02 08:42:48",250
"2019-11-02 09:42:47",250
"2019-11-02 10:42:51",250
"2019-11-02 11:42:48",250
"2019-11-02 12:42:51",250
"2019-11-02 13:42:49",250
"2019-11-02 14:42:49",250
"2019-11-02 15:42:51",250
"2019-11-02 16:42:48",250
"2019-11-02 17:42:48",250
"2019-11-02 18:42:49",250
"2019-11-02 19:42:48",250
"2019-11-02 20:42:48",250
"2019-11-02 23:42:49",250
"2019-11-03 00:42:47",250
"2019-11-03 01:42:48",250
"2019-11-03 03:42:49",250
"2019-11-03 05:42:50",250
"2019-11-03 06:42:48",250
"2019-11-03 07:42:49",250
"2019-11-03 21:42:50",250
"2019-11-03 22:42:47",250
"2019-11-03 23:42:51",250
"2019-11-04 00:42:47",250
"2019-11-04 01:42:48",250
"2019-11-04 02:42:47",250
"2019-11-04 03:42:47",250
"2019-11-04 04:42:47",250
"2019-11-04 05:42:50",250
"2019-11-04 06:42:48",250
"2019-11-04 07:42:46",250
"2019-11-04 08:42:47",250
"2019-11-04 09:42:49",250
"2019-11-04 10:42:47",250
"2019-11-04 11:42:47",250
"2019-11-04 12:42:47",250
"2019-11-04 14:08:21",250
"2019-11-04 15:42:47",251
"2019-11-04 16:42:48",250
"2019-11-04 17:42:48",250
"2019-11-04 18:42:48",250
"2019-11-04 19:42:50",251
"2019-11-04 20:42:48",252
"2019-11-04 21:42:48",252
"2019-11-04 22:42:48",252
"2019-11-04 23:42:48",252
"2019-11-05 00:42:48",252
"2019-11-05 01:42:48",252
"2019-11-05 02:42:51",252
"2019-11-05 03:42:49",252
"2019-11-05 04:42:47",252
"2019-11-05 05:42:50",252
"2019-11-05 06:42:49",252
"2019-11-05 07:42:48",252
"2019-11-05 08:42:49",252
"2019-11-05 09:42:50",252
"2019-11-05 10:42:48",252
"2019-11-05 11:42:48",252
"2019-11-05 12:42:48",252
"2019-11-05 14:08:21",252
"2019-11-05 14:42:51",252
"2019-11-05 15:42:48",253
"2019-11-05 16:42:49",253
"2019-11-05 17:42:48",253
"2019-11-05 18:42:48",253
"2019-11-05 19:42:49",253
"2019-11-05 20:42:50",253
"2019-11-05 21:42:48",253
"2019-11-05 22:42:48",253
"2019-11-05 23:42:48",253
"2019-11-06 00:42:48",253
"2019-11-06 01:42:49",253
"2019-11-06 02:42:49",253
"2019-11-06 03:42:49",253
"2019-11-06 04:42:51",253
"2019-11-06 05:42:48",253
"2019-11-06 06:42:52",253
"2019-11-06 07:42:47",253
"2019-11-06 08:42:48",253
"2019-11-06 09:42:50",253
"2019-11-06 10:42:50",253
"2019-11-06 11:42:48",253
"2019-11-06 12:42:47",253
"2019-11-06 13:42:48",253
"2019-11-06 14:42:52",253
"2019-11-06 15:42:49",253
"2019-11-06 16:42:50",253
"2019-11-06 17:42:50",253
"2019-11-06 18:42:50",253
"2019-11-06 19:42:49",253
"2019-11-06 20:42:50",253
"2019-11-06 21:42:50",254
"2019-11-06 22:42:49",254
"2019-11-06 23:42:49",254
"2019-11-07 00:42:49",254
"2019-11-07 01:42:49",254
"2019-11-07 02:42:50",254
"2019-11-07 03:42:49",254
"2019-11-07 04:42:51",254
"2019-11-07 05:42:50",254
"2019-11-07 06:42:48",254
"2019-11-07 07:42:50",254
"2019-11-07 08:42:49",254
"2019-11-07 09:42:50",254
"2019-11-07 10:42:47",254
"2019-11-07 11:42:48",254
"2019-11-07 12:42:48",254
"2019-11-07 14:06:52",254
"2019-11-07 14:43:22",254
"2019-11-07 15:42:52",251
"2019-11-07 16:42:51",251
"2019-11-07 17:42:51",250
"2019-11-07 18:42:51",251
"2019-11-07 19:42:51",251
"2019-11-07 21:07:24",251
"2019-11-07 21:42:53",251
"2019-11-07 22:42:54",251
"2019-11-07 23:42:55",251
"2019-11-08 00:42:56",251
"2019-11-08 01:42:55",251
"2019-11-08 02:42:57",251
"2019-11-08 03:42:55",251
"2019-11-08 04:42:54",251
"2019-11-08 05:42:56",251
"2019-11-08 06:42:53",251
"2019-11-08 07:42:54",251
"2019-11-08 08:42:57",251
"2019-11-08 09:42:55",251
"2019-11-08 10:42:54",251
"2019-11-08 11:42:52",251
"2019-11-08 12:42:53",251
"2019-11-08 14:08:28",251
"2019-11-08 14:43:29",251
"2019-11-08 15:42:54",252
"2019-11-08 16:42:54",252
"2019-11-08 17:42:55",252
"2019-11-08 18:42:54",252
"2019-11-08 19:42:56",254
"2019-11-08 20:42:53",254
"2019-11-08 21:42:55",254
"2019-11-08 22:42:54",254
"2019-11-08 23:42:55",254
"2019-11-09 00:42:55",254
"2019-11-09 01:42:55",254
"2019-11-09 02:42:55",254
"2019-11-09 03:42:54",254
"2019-11-09 04:42:56",254
"2019-11-09 05:42:53",254
"2019-11-09 06:42:55",254
"2019-11-09 07:42:55",254
"2019-11-09 08:42:56",254
"2019-11-09 09:42:54",254
"2019-11-09 10:42:53",254
"2019-11-09 11:42:56",254
"2019-11-09 12:42:54",254
"2019-11-09 13:42:53",254
"2019-11-09 14:42:55",254
"2019-11-09 15:42:56",254
"2019-11-09 16:42:55",254
"2019-11-09 17:42:55",254
"2019-11-09 18:42:53",254
"2019-11-09 19:42:55",254
"2019-11-09 20:42:56",254
"2019-11-09 21:42:54",254
"2019-11-09 22:42:56",254
"2019-11-09 23:42:54",254
"2019-11-10 00:42:53",254
"2019-11-10 01:42:55",254
"2019-11-10 02:42:56",254
"2019-11-10 03:42:53",254
"2019-11-10 04:42:54",254
"2019-11-10 05:42:54",254
"2019-11-10 06:42:53",254
"2019-11-10 07:42:52",254
"2019-11-10 08:42:56",254
"2019-11-10 09:42:56",254
"2019-11-10 10:42:53",254
"2019-11-10 11:42:53",254
"2019-11-10 12:42:54",254
"2019-11-10 13:42:53",254
"2019-11-10 14:42:52",254
"2019-11-10 15:42:55",254
"2019-11-10 16:42:54",254
"2019-11-10 17:42:54",254
"2019-11-10 18:42:56",254
"2019-11-10 19:42:53",254
"2019-11-10 20:42:53",254
"2019-11-10 21:42:52",254
"2019-11-10 22:42:55",254
"2019-11-10 23:42:56",254
"2019-11-11 00:42:55",254
"2019-11-11 01:42:56",254
"2019-11-11 02:42:55",254
"2019-11-11 03:42:55",254
"2019-11-11 04:42:54",254
"2019-11-11 05:42:56",254
"2019-11-11 06:42:54",254
"2019-11-11 07:42:55",254
"2019-11-11 08:42:57",254
"2019-11-11 09:42:56",254
"2019-11-11 10:42:56",254
"2019-11-11 11:42:54",254
"2019-11-11 12:42:56",254
"2019-11-11 13:42:55",254
"2019-11-11 14:42:57",254
"2019-11-11 15:42:58",253
"2019-11-11 16:42:55",253
"2019-11-11 17:42:57",252
"2019-11-11 18:42:58",251
"2019-11-11 19:42:56",252
"2019-11-11 21:42:55",253
"2019-11-11 22:42:54",253
"2019-11-11 23:42:54",254
"2019-11-12 00:42:52",254
"2019-11-12 01:42:53",254
"2019-11-12 02:42:57",254
"2019-11-12 03:42:55",254
"2019-11-12 04:42:53",254
"2019-11-12 05:42:55",254
"2019-11-12 06:42:53",254
"2019-11-12 07:42:56",254
"2019-11-12 08:42:53",254
"2019-11-12 09:42:54",254
"2019-11-12 10:42:52",254
"2019-11-12 11:42:56",254
"2019-11-12 12:42:58",254
"2019-11-12 14:06:57",254
"2019-11-12 14:42:57",254
"2019-11-12 15:42:53",252
"2019-11-12 16:42:55",252
"2019-11-12 17:42:55",252
"2019-11-12 18:42:57",252
"2019-11-12 19:42:53",252
"2019-11-12 20:42:53",251
"2019-11-12 21:42:54",251
"2019-11-12 22:42:56",251
"2019-11-12 23:42:54",251
"2019-11-13 00:42:57",251
"2019-11-13 01:42:54",251
"2019-11-13 02:42:55",251
"2019-11-13 03:42:57",251
"2019-11-13 04:42:55",251
"2019-11-13 05:43:00",251
"2019-11-13 06:42:54",251
"2019-11-13 07:42:59",251
"2019-11-13 08:42:56",251
"2019-11-13 09:42:55",251
"2019-11-13 10:42:54",251
"2019-11-13 11:42:58",251
"2019-11-13 12:42:53",251
"2019-11-13 13:42:54",251
"2019-11-13 15:42:58",251
"2019-11-13 16:42:54",251
"2019-11-13 17:42:56",250
"2019-11-13 18:42:57",250
"2019-11-13 19:42:54",250
"2019-11-13 20:42:54",250
"2019-11-13 21:42:53",250
"2019-11-13 22:42:55",250
"2019-11-13 23:42:55",250
"2019-11-14 00:42:54",250
"2019-11-14 01:42:53",250
"2019-11-14 02:42:58",250
"2019-11-14 03:42:53",250
"2019-11-14 04:42:54",250
"2019-11-14 05:42:58",250
"2019-11-14 06:42:53",250
"2019-11-14 07:42:58",250
"2019-11-14 08:42:56",250
"2019-11-14 09:42:57",250
"2019-11-14 10:42:55",250
"2019-11-14 11:42:58",250
"2019-11-14 12:42:52",250
"2019-11-14 14:06:31",250
"2019-11-14 14:42:56",250
"2019-11-14 15:42:54",251
"2019-11-14 17:42:55",252
"2019-11-14 18:42:53",252
"2019-11-14 19:42:54",252
"2019-11-14 20:42:55",252
"2019-11-14 21:42:58",252
"2019-11-14 22:42:53",252
"2019-11-14 23:42:54",252
"2019-11-15 00:42:55",252
"2019-11-15 01:42:54",252
"2019-11-15 02:42:53",252
"2019-11-15 03:42:55",252
"2019-11-15 04:42:55",252
"2019-11-15 05:42:55",252
"2019-11-15 06:42:56",252
"2019-11-15 07:42:53",252
"2019-11-15 08:43:01",252
"2019-11-15 09:42:53",252
"2019-11-15 10:42:54",252
"2019-11-15 11:42:53",252
"2019-11-15 12:42:57",252
"2019-11-15 14:09:28",252
"2019-11-15 15:42:59",252
"2019-11-15 16:42:54",252
"2019-11-15 17:42:56",252
"2019-11-15 18:43:01",254
"2019-11-15 19:42:57",254
"2019-11-15 20:42:57",254
"2019-11-15 21:42:54",255
"2019-11-15 22:42:56",255
"2019-11-15 23:42:56",255
"2019-11-16 00:42:57",255
"2019-11-16 01:42:55",255
"2019-11-16 02:42:56",255
"2019-11-16 03:42:55",255
"2019-11-16 04:42:57",255
"2019-11-16 05:42:55",255
"2019-11-16 06:42:56",255
"2019-11-16 07:42:55",255
"2019-11-16 08:42:56",255
"2019-11-16 09:42:57",255
"2019-11-16 10:42:54",255
"2019-11-16 11:42:54",255
"2019-11-16 12:42:57",255
"2019-11-16 13:42:57",255
"2019-11-16 14:42:57",255
"2019-11-16 15:42:55",255
"2019-11-16 16:42:55",255
"2019-11-16 17:42:57",255
"2019-11-16 18:42:54",255
"2019-11-16 19:42:54",255
"2019-11-16 20:42:53",255
"2019-11-16 21:42:54",255
"2019-11-16 22:42:54",255
"2019-11-16 23:42:53",255
"2019-11-17 00:42:54",255
"2019-11-17 01:42:53",255
"2019-11-17 02:42:56",255
"2019-11-17 03:42:53",255
"2019-11-17 04:42:55",255
"2019-11-17 05:42:55",255
"2019-11-17 06:42:57",255
"2019-11-17 07:42:56",255
"2019-11-17 08:42:54",255
"2019-11-17 10:42:58",255
"2019-11-17 11:42:58",255
"2019-11-17 12:42:55",255
"2019-11-17 13:42:56",255
"2019-11-17 14:42:54",255
"2019-11-17 15:42:53",255
"2019-11-17 16:42:56",255
"2019-11-17 17:42:53",255
"2019-11-17 18:42:53",255
"2019-11-17 19:42:54",255
"2019-11-17 20:42:56",255
"2019-11-17 21:42:57",255
"2019-11-17 22:42:55",255
"2019-11-17 23:42:57",255
"2019-11-18 00:42:53",255
"2019-11-18 01:42:53",255
"2019-11-18 02:42:55",255
"2019-11-18 03:42:54",255
"2019-11-18 04:42:53",255
"2019-11-18 05:42:55",255
"2019-11-18 06:42:51",255
"2019-11-18 07:42:53",255
"2019-11-18 08:42:57",255
"2019-11-18 09:42:57",255
"2019-11-18 10:42:55",255
"2019-11-18 11:42:52",255
"2019-11-18 12:42:55",255
"2019-11-18 14:07:59",255
"2019-11-18 14:42:54",255
"2019-11-18 15:42:59",255
"2019-11-18 16:42:56",254
"2019-11-18 17:42:58",255
"2019-11-18 18:42:58",255
"2019-11-18 19:42:55",257
"2019-11-18 20:42:57",258
"2019-11-18 21:42:56",258
"2019-11-18 22:42:53",258
"2019-11-18 23:42:56",258
"2019-11-19 00:42:55",258
"2019-11-19 01:42:55",258
"2019-11-19 02:42:54",258
"2019-11-19 03:42:54",258
"2019-11-19 04:42:56",258
"2019-11-19 05:42:53",258
"2019-11-19 06:42:56",258
"2019-11-19 07:42:54",258
"2019-11-19 08:42:55",258
"2019-11-19 09:42:57",258
"2019-11-19 10:42:55",258
"2019-11-19 11:42:54",258
"2019-11-19 12:42:55",258
"2019-11-19 14:07:59",258
"2019-11-19 14:42:56",258
"2019-11-19 15:42:57",259
"2019-11-19 16:42:55",260
"2019-11-19 17:42:56",259
"2019-11-19 18:42:54",259
"2019-11-19 19:42:56",259
"2019-11-19 20:42:56",259
"2019-11-19 21:42:59",259
"2019-11-19 22:42:56",259
"2019-11-19 23:42:55",259
"2019-11-20 00:42:56",259
"2019-11-20 01:42:56",259
"2019-11-20 02:42:57",259
"2019-11-20 03:42:57",259
"2019-11-20 04:42:55",259
"2019-11-20 05:42:56",259
"2019-11-20 06:42:56",259
"2019-11-20 07:42:57",259
"2019-11-20 08:42:58",259
"2019-11-20 09:43:02",259
"2019-11-20 10:43:02",259
"2019-11-20 11:43:01",259
"2019-11-20 12:42:59",259
"2019-11-20 14:07:32",259
"2019-11-20 14:43:01",259
"2019-11-20 15:42:58",258
"2019-11-20 16:42:59",257
"2019-11-20 22:42:57",259
"2019-11-20 23:42:54",259
"2019-11-21 00:42:54",259
"2019-11-21 01:42:54",259
"2019-11-21 02:42:57",259
"2019-11-21 03:42:55",259
"2019-11-21 04:42:54",259
"2019-11-21 05:42:56",259
"2019-11-21 06:42:58",259
"2019-11-21 07:42:53",259
"2019-11-21 08:42:54",259
"2019-11-21 09:42:55",259
"2019-11-21 10:42:56",259
"2019-11-21 11:42:54",259
"2019-11-21 12:42:54",259
"2019-11-21 14:06:58",259
"2019-11-21 14:42:59",259
"2019-11-21 15:42:54",260
"2019-11-21 16:42:55",259
"2019-11-21 17:42:57",258
"2019-11-21 18:42:53",257
"2019-11-21 19:42:53",257
"2019-11-21 20:42:54",257
"2019-11-21 21:42:54",257
"2019-11-21 22:42:55",257
"2019-11-21 23:42:55",257
"2019-11-22 00:42:55",257
"2019-11-22 01:42:58",257
"2019-11-22 02:42:55",257
"2019-11-22 03:42:54",257
"2019-11-22 04:42:54",257
"2019-11-22 05:42:58",257
"2019-11-22 06:42:55",257
"2019-11-22 07:42:57",257
"2019-11-22 08:42:58",257
"2019-11-22 09:42:57",257
"2019-11-22 10:42:58",257
"2019-11-22 11:42:55",257
"2019-11-22 12:42:54",257
"2019-11-22 13:42:53",257
"2019-11-22 14:42:56",257
"2019-11-22 15:42:52",256
"2019-11-22 16:42:53",256
"2019-11-22 17:42:57",256
"2019-11-22 18:42:56",256
"2019-11-22 19:42:53",256
"2019-11-22 20:42:54",256
"2019-11-22 21:42:53",256
"2019-11-22 22:42:52",256
"2019-11-22 23:42:55",256
"2019-11-23 00:43:00",256
"2019-11-23 01:42:53",256
"2019-11-23 02:42:53",256
"2019-11-23 03:42:53",256
"2019-11-23 04:42:57",256
"2019-11-23 05:42:53",256
"2019-11-23 06:42:54",256
"2019-11-23 07:42:55",256
"2019-11-23 08:42:54",256
"2019-11-23 09:42:56",256
"2019-11-23 10:42:56",256
"2019-11-23 11:42:52",256
"2019-11-23 12:42:52",256
"2019-11-23 13:42:52",256
"2019-11-23 14:42:53",256
"2019-11-23 15:42:53",256
"2019-11-23 16:42:53",256
"2019-11-23 17:42:54",256
"2019-11-23 18:42:53",256
"2019-11-23 19:42:55",256
"2019-11-23 20:42:51",256
"2019-11-23 21:42:54",256
"2019-11-23 22:42:51",256
"2019-11-23 23:42:52",256
"2019-11-24 00:42:54",256
"2019-11-24 01:42:52",256
"2019-11-24 02:42:52",256
"2019-11-24 03:42:53",256
"2019-11-24 04:42:51",256
"2019-11-24 05:42:52",256
"2019-11-24 06:42:53",256
"2019-11-24 07:42:51",256
"2019-11-24 08:42:53",256
"2019-11-24 09:42:55",256
"2019-11-24 10:42:55",256
"2019-11-24 11:42:53",256
"2019-11-24 12:42:51",256
"2019-11-24 13:42:51",256
"2019-11-24 14:42:52",256
"2019-11-24 15:42:53",256
"2019-11-24 16:42:53",256
"2019-11-24 17:42:52",256
"2019-11-24 18:42:54",256
"2019-11-24 19:42:52",256
"2019-11-24 20:42:55",256
"2019-11-24 21:42:52",256
"2019-11-24 22:42:56",256
"2019-11-24 23:42:53",256
"2019-11-25 00:42:53",256
"2019-11-25 01:42:56",256
"2019-11-25 02:42:54",256
"2019-11-25 04:42:51",256
"2019-11-25 05:42:53",256
"2019-11-25 06:42:53",256
"2019-11-25 07:42:54",256
"2019-11-25 08:42:58",256
"2019-11-25 09:42:58",256
"2019-11-25 10:42:57",256
"2019-11-25 11:42:56",256
"2019-11-25 12:42:57",256
"2019-11-25 13:42:53",256
"2019-11-25 14:42:54",256
"2019-11-25 15:42:56",255
"2019-11-25 16:42:54",255
"2019-11-25 17:42:54",254
"2019-11-25 18:42:52",254
"2019-11-25 19:42:55",254
"2019-11-25 20:42:54",254
"2019-11-25 21:42:52",255
"2019-11-25 22:42:58",255
"2019-11-25 23:42:54",255
"2019-11-26 00:42:55",255
"2019-11-26 01:42:54",255
"2019-11-26 02:42:55",255
"2019-11-26 03:42:54",255
"2019-11-26 04:42:54",255
"2019-11-26 05:42:58",255
"2019-11-26 06:43:00",255
"2019-11-26 07:42:55",255
"2019-11-26 08:42:55",255
"2019-11-26 09:43:00",255
"2019-11-26 20:42:58",257
"2019-11-26 21:42:55",259
"2019-11-26 22:42:57",259
"2019-11-26 23:42:55",259
"2019-11-27 00:42:58",259
"2019-11-27 01:42:54",259
"2019-11-27 02:42:54",259
"2019-11-27 03:42:55",259
"2019-11-27 04:42:53",259
"2019-11-27 05:42:55",259
"2019-11-27 06:42:55",259
"2019-11-27 07:42:54",259
"2019-11-27 08:43:00",259
"2019-11-27 09:43:00",259
"2019-11-27 10:42:54",259
"2019-11-27 11:42:51",259
"2019-11-27 12:43:00",259
"2019-11-27 13:42:54",259
"2019-11-27 14:42:56",259
"2019-11-27 15:42:59",259
"2019-11-27 16:42:55",259
"2019-11-27 17:42:54",258
"2019-11-27 18:42:56",259
"2019-11-27 19:42:56",259
"2019-11-27 20:42:54",259
"2019-11-27 21:42:54",256
"2019-11-27 22:42:55",256
"2019-11-27 23:42:54",256
"2019-11-28 00:42:55",256
"2019-11-28 01:42:55",256
"2019-11-28 02:42:59",256
"2019-11-28 03:42:57",256
"2019-11-28 04:42:56",256
"2019-11-28 05:42:54",256
"2019-11-28 06:42:55",256
"2019-11-28 07:42:57",256
"2019-11-28 08:42:55",256
"2019-11-28 09:43:00",256
"2019-11-28 10:42:57",256
"2019-11-28 11:42:55",256
"2019-11-28 12:42:53",256
"2019-11-28 13:42:53",256
"2019-11-28 14:42:54",256
"2019-11-28 15:42:55",256
"2019-11-28 16:42:54",256
"2019-11-28 17:42:55",256
"2019-11-28 18:42:55",256
"2019-11-28 19:42:54",256
"2019-11-28 20:42:53",256
"2019-11-28 21:42:54",256
"2019-11-28 22:42:53",256
"2019-11-28 23:42:55",256
"2019-11-29 00:42:55",256
"2019-11-29 01:42:54",256
"2019-11-29 02:42:54",256
"2019-11-29 03:42:53",256
"2019-11-29 04:42:56",256
"2019-11-29 05:42:56",256
"2019-11-29 06:42:54",256
"2019-11-29 07:42:56",256
"2019-11-29 08:43:02",256
"2019-11-29 09:43:04",256
"2019-11-29 10:43:11",256
"2019-11-29 11:42:58",256
"2019-11-29 12:42:57",256
"2019-11-29 13:43:02",256
"2019-11-29 14:43:02",256
"2019-11-29 15:42:59",255
"2019-11-29 16:43:03",256
"2019-11-29 17:43:02",256
"2019-11-29 18:43:00",256
"2019-11-29 20:42:59",256
"2019-11-29 21:42:54",256
"2019-11-29 22:43:00",256
"2019-11-29 23:42:58",256
"2019-11-30 00:42:56",256
"2019-11-30 01:42:54",256
"2019-11-30 02:42:56",256
"2019-11-30 03:42:57",256
"2019-11-30 04:42:56",256
"2019-11-30 05:42:59",256
"2019-11-30 06:42:58",256
"2019-11-30 07:42:58",256
"2019-11-30 08:42:57",256
"2019-11-30 21:43:13",256
"2019-11-30 22:43:01",256
"2019-11-30 23:42:57",256
"2019-12-01 00:42:57",256
"2019-12-01 01:42:54",256
"2019-12-01 02:43:00",256
"2019-12-01 22:43:03",256
"2019-12-01 23:42:55",256
"2019-12-02 00:42:53",256
"2019-12-02 01:42:58",256
"2019-12-02 02:42:56",256
"2019-12-02 06:15:40",256
"2019-12-02 06:44:17",256
"2019-12-02 07:44:25",256
"2019-12-02 08:44:16",256
"2019-12-02 09:44:16",256
"2019-12-02 10:44:16",256
"2019-12-02 11:44:17",256
"2019-12-02 12:44:13",256
"2019-12-02 14:07:34",256
"2019-12-02 14:44:20",256
"2019-12-02 15:44:22",256
"2019-12-02 16:44:17",255
"2019-12-02 17:44:29",255
"2019-12-02 18:44:29",255
"2019-12-02 19:44:32",255
"2019-12-02 20:44:26",255
"2019-12-02 21:44:28",255
"2019-12-02 22:44:33",255
"2019-12-02 23:44:30",255
"2019-12-03 00:44:25",255
"2019-12-03 01:44:28",255
"2019-12-03 02:44:29",255
"2019-12-03 03:44:28",255
"2019-12-03 04:44:28",255
"2019-12-03 05:44:29",255
"2019-12-03 06:44:17",255
"2019-12-03 07:44:17",255
"2019-12-03 08:44:15",255
"2019-12-03 09:44:25",255
"2019-12-03 10:44:29",255
"2019-12-03 11:44:25",255
"2019-12-03 12:44:14",255
"2019-12-03 13:44:14",255
"2019-12-03 14:44:29",255
"2019-12-03 15:44:16",255
"2019-12-03 16:44:30",255
"2019-12-03 17:44:27",255
"2019-12-03 18:44:27",255
"2019-12-03 19:44:27",254
"2019-12-03 20:44:27",254
"2019-12-03 21:44:42",254
"2019-12-03 22:44:29",254
"2019-12-03 23:44:31",254
"2019-12-04 00:44:47",254
"2019-12-04 01:44:52",254
"2019-12-04 02:44:47",254
"2019-12-04 03:44:34",254
"2019-12-04 04:44:32",254
"2019-12-04 05:44:33",254
"2019-12-04 06:44:32",254
"2019-12-04 07:44:33",254
"2019-12-04 08:44:22",254
"2019-12-04 09:44:21",254
"2019-12-04 10:44:20",254
"2019-12-04 11:44:23",254
"2019-12-04 12:44:21",254
"2019-12-04 14:07:05",254
"2019-12-04 14:44:38",254
"2019-12-04 15:44:37",255
"2019-12-04 16:44:32",255
"2019-12-04 17:44:32",255
"2019-12-04 18:44:33",255
"2019-12-04 19:44:32",254
"2019-12-04 20:44:31",254
"2019-12-04 21:44:28",254
"2019-12-04 22:44:28",254
"2019-12-04 23:44:29",254
"2019-12-05 00:44:31",254
"2019-12-05 01:44:32",254
"2019-12-05 02:44:30",254
"2019-12-05 03:44:30",254
"2019-12-05 04:44:31",254
"2019-12-05 05:44:28",254
"2019-12-05 06:44:32",254
"2019-12-05 07:44:19",254
"2019-12-05 08:44:30",254
"2019-12-05 09:44:16",254
"2019-12-05 10:44:16",254
"2019-12-05 11:44:17",254
"2019-12-05 12:44:16",254
"2019-12-05 13:44:30",254
"2019-12-05 14:44:32",255
"2019-12-05 15:44:30",255
"2019-12-05 16:44:29",255
"2019-12-05 17:44:29",256
"2019-12-05 18:44:30",255
"2019-12-05 20:07:36",256
"2019-12-05 20:44:41",256
"2019-12-05 21:44:28",256
"2019-12-05 22:44:30",256
"2019-12-05 23:44:21",256
"2019-12-06 00:44:29",256
"2019-12-06 01:44:28",256
"2019-12-06 02:44:32",256
"2019-12-06 03:44:30",256
"2019-12-06 04:44:28",256
"2019-12-06 05:44:37",256
"2019-12-06 06:44:29",256
"2019-12-06 07:44:32",256
"2019-12-06 08:44:31",256
"2019-12-06 09:44:29",256
"2019-12-06 10:44:30",256
"2019-12-06 11:44:30",256
"2019-12-06 12:44:17",256
"2019-12-06 13:45:10",256
"2019-12-06 14:44:35",256
"2019-12-06 15:44:46",255
"2019-12-06 16:44:31",255
"2019-12-06 17:44:28",256
"2019-12-06 18:44:30",256
"2019-12-06 19:44:30",256
"2019-12-06 20:44:29",255
"2019-12-06 21:44:16",255
"2019-12-06 22:44:17",255
"2019-12-06 23:44:20",255
"2019-12-07 00:44:19",255
"2019-12-07 01:44:32",255
"2019-12-07 02:44:33",255
"2019-12-07 03:44:29",255
"2019-12-07 04:44:26",255
"2019-12-07 05:44:46",255
"2019-12-07 06:44:19",255
"2019-12-07 07:44:19",255
"2019-12-07 08:44:19",255
"2019-12-07 09:44:16",255
"2019-12-07 10:44:17",255
"2019-12-07 11:44:16",255
"2019-12-07 12:44:29",255
"2019-12-07 13:44:46",255
"2019-12-07 14:44:31",255
"2019-12-07 15:44:32",255
"2019-12-07 16:44:30",255
"2019-12-07 17:44:33",255
"2019-12-07 18:44:30",255
"2019-12-07 19:44:18",255
"2019-12-07 20:44:30",255
"2019-12-07 21:44:33",255
"2019-12-07 22:44:19",255
"2019-12-07 23:44:18",255
"2019-12-08 00:44:24",255
"2019-12-08 01:44:18",255
"2019-12-08 02:44:32",255
"2019-12-08 03:44:31",255
"2019-12-08 04:44:28",255
"2019-12-08 05:44:33",255
"2019-12-08 06:44:31",255
"2019-12-08 07:44:29",255
"2019-12-08 08:44:29",255
"2019-12-08 09:44:29",255
"2019-12-08 10:44:29",255
"2019-12-08 11:44:17",255
"2019-12-08 12:44:19",255
"2019-12-08 13:44:29",255
"2019-12-08 14:44:23",255
"2019-12-08 15:44:21",255
"2019-12-08 16:44:29",255
"2019-12-08 17:44:32",255
"2019-12-08 18:44:17",255
"2019-12-08 19:44:27",255
"2019-12-08 20:44:28",255
"2019-12-08 21:44:35",255
"2019-12-08 22:44:31",255
"2019-12-08 23:44:29",255
"2019-12-09 00:44:29",255
"2019-12-09 01:44:17",255
"2019-12-09 02:44:19",255
"2019-12-09 03:44:31",255
"2019-12-09 04:44:19",255
"2019-12-09 05:44:23",255
"2019-12-09 06:44:33",255
"2019-12-09 07:44:19",255
"2019-12-09 08:44:20",255
"2019-12-09 09:44:16",255
"2019-12-09 10:44:18",255
"2019-12-09 11:44:14",255
"2019-12-09 12:44:16",255
"2019-12-09 14:08:06",255
"2019-12-09 14:44:24",255
"2019-12-09 15:44:24",255
"2019-12-09 16:44:35",255
"2019-12-09 17:44:44",255
"2019-12-09 18:44:26",255
"2019-12-09 19:44:18",255
"2019-12-09 20:44:33",255
"2019-12-09 21:44:32",255
"2019-12-09 22:44:18",255
"2019-12-09 23:44:29",255
"2019-12-10 00:44:36",255
"2019-12-10 01:44:29",255
"2019-12-10 02:44:32",255
"2019-12-10 03:44:37",255
"2019-12-10 04:44:30",255
"2019-12-10 05:44:38",255
"2019-12-10 06:44:33",255
"2019-12-10 07:44:31",255
"2019-12-10 08:44:35",255
"2019-12-10 09:44:19",255
"2019-12-10 10:44:18",255
"2019-12-10 11:44:18",255
"2019-12-10 12:44:36",255
"2019-12-10 13:44:17",255
"2019-12-10 14:44:21",255
"2019-12-10 15:44:19",256
"2019-12-10 16:44:34",258
"2019-12-10 17:44:27",258
"2019-12-10 18:44:28",258
"2019-12-10 19:44:20",258
"2019-12-10 20:44:29",258
"2019-12-10 21:44:29",258
"2019-12-10 22:44:34",258
"2019-12-10 23:44:33",258
"2019-12-11 00:44:34",258
"2019-12-11 01:44:40",258
"2019-12-11 02:44:47",258
"2019-12-11 03:44:31",258
"2019-12-11 04:44:35",258
"2019-12-11 05:44:37",258
"2019-12-11 06:44:25",258
"2019-12-11 07:44:21",258
"2019-12-11 08:44:31",258
"2019-12-11 09:44:17",258
"2019-12-11 10:44:23",258
"2019-12-11 11:44:21",258
"2019-12-11 12:44:32",258
"2019-12-11 13:44:28",258
"2019-12-11 14:44:52",258
"2019-12-11 15:44:28",258
"2019-12-11 16:44:41",258
"2019-12-11 17:44:40",259
"2019-12-11 18:44:32",259
"2019-12-11 19:44:39",259
"2019-12-11 20:44:23",259
"2019-12-11 21:44:32",259
"2019-12-11 22:44:34",259
"2019-12-11 23:44:34",259
"2019-12-12 00:44:28",259
"2019-12-12 01:44:39",259
"2019-12-12 02:44:36",259
"2019-12-12 03:44:23",259
"2019-12-12 04:44:34",259
"2019-12-12 05:44:36",259
"2019-12-12 06:44:37",259
"2019-12-12 07:44:35",259
"2019-12-12 08:44:23",259
"2019-12-12 09:44:31",259
"2019-12-12 10:44:32",259
"2019-12-12 11:44:24",259
"2019-12-12 12:44:18",259
"2019-12-12 14:06:37",259
"2019-12-12 14:44:49",259
"2019-12-12 15:44:27",258
"2019-12-12 16:44:42",259
"2019-12-12 17:44:24",259
"2019-12-12 18:44:26",259
"2019-12-12 19:44:29",259
"2019-12-12 20:44:28",259
"2019-12-12 21:44:29",259
"2019-12-12 22:44:22",259
"2019-12-12 23:44:25",259
"2019-12-13 00:44:58",259
"2019-12-13 01:44:55",259
"2019-12-13 02:44:47",259
"2019-12-13 03:44:45",259
"2019-12-13 04:44:49",259
"2019-12-13 05:44:58",259
"2019-12-13 06:45:07",259
"2019-12-13 07:44:55",259
"2019-12-13 08:44:45",259
"2019-12-13 09:44:57",259
"2019-12-13 10:44:48",259
"2019-12-13 11:44:40",259
"2019-12-13 12:44:44",259
"2019-12-13 14:38:43",259
"2019-12-13 14:46:26",259
"2019-12-13 15:44:56",258
"2019-12-13 16:44:45",258
"2019-12-13 17:44:53",257
"2019-12-13 18:44:48",257
"2019-12-13 19:44:47",257
"2019-12-13 20:45:20",257
"2019-12-13 21:44:47",256
"2019-12-13 22:44:48",256
"2019-12-13 23:44:40",256
"2019-12-14 00:44:46",256
"2019-12-14 01:44:36",256
"2019-12-14 02:44:49",256
"2019-12-14 03:44:45",256
"2019-12-14 04:44:53",256
"2019-12-14 05:44:48",256
"2019-12-14 06:44:43",256
"2019-12-14 07:44:35",256
"2019-12-14 08:44:37",256
"2019-12-14 09:44:46",256
"2019-12-14 10:44:41",256
"2019-12-14 11:44:41",256
"2019-12-14 12:44:34",256
"2019-12-14 13:44:51",256
"2019-12-14 14:44:41",256
"2019-12-14 15:44:59",256
"2019-12-14 16:44:53",256
"2019-12-14 17:44:36",256
"2019-12-14 18:45:02",256
"2019-12-14 19:44:41",256
"2019-12-14 20:44:46",256
"2019-12-14 22:44:54",256
"2019-12-14 23:44:47",256
"2019-12-15 00:44:51",256
"2019-12-15 01:44:56",256
"2019-12-15 02:44:48",256
"2019-12-15 03:44:48",256
"2019-12-15 04:44:52",256
"2019-12-15 05:44:40",256
"2019-12-15 06:44:46",256
"2019-12-15 07:44:42",256
"2019-12-15 08:44:45",256
"2019-12-15 09:44:31",256
"2019-12-15 10:44:41",256
"2019-12-15 11:44:44",256
"2019-12-15 13:44:44",256
"2019-12-15 14:44:29",256
"2019-12-15 15:44:47",256
"2019-12-15 16:44:50",256
"2019-12-15 17:44:46",256
"2019-12-15 19:44:41",256
"2019-12-15 20:44:49",256
"2019-12-15 21:44:42",256
"2019-12-15 22:44:51",256
"2019-12-15 23:44:47",256
"2019-12-16 00:44:40",256
"2019-12-16 01:44:55",256
"2019-12-16 02:44:45",256
"2019-12-16 04:45:11",256
"2019-12-16 05:44:50",256
"2019-12-16 06:44:50",256
"2019-12-16 07:44:36",256
"2019-12-16 08:44:44",256
"2019-12-16 09:44:45",256
"2019-12-16 10:44:36",256
"2019-12-16 11:44:51",256
"2019-12-16 12:44:44",256
"2019-12-16 13:44:47",256
"2019-12-16 14:45:42",256
"2019-12-16 16:06:06",256
"2019-12-16 16:44:59",256
"2019-12-16 17:44:57",256
"2019-12-16 18:44:51",256
"2019-12-16 19:44:47",256
"2019-12-16 20:44:52",256
"2019-12-16 21:44:49",256
"2019-12-16 22:44:46",256
"2019-12-16 23:44:47",256
"2019-12-17 00:44:39",256
"2019-12-17 01:44:36",256
"2019-12-17 02:45:03",256
"2019-12-17 03:44:45",256
"2019-12-17 04:44:49",256
"2019-12-17 05:44:42",256
"2019-12-17 06:44:46",256
"2019-12-17 07:44:44",256
"2019-12-17 08:45:01",256
"2019-12-17 09:44:29",256
"2019-12-17 10:44:43",256
"2019-12-17 11:44:35",256
"2019-12-17 12:44:33",256
"2019-12-17 14:07:35",256
"2019-12-17 14:45:08",256
"2019-12-17 15:45:02",255
"2019-12-17 16:44:48",255
"2019-12-17 17:44:51",255
"2019-12-17 18:44:45",255
"2019-12-17 19:44:57",254
"2019-12-17 20:44:51",254
"2019-12-17 21:44:37",254
"2019-12-17 22:44:40",254
"2019-12-17 23:44:53",254
"2019-12-18 01:44:55",254
"2019-12-18 02:44:58",254
"2019-12-18 03:44:40",254
"2019-12-18 04:44:33",254
"2019-12-18 05:44:50",254
"2019-12-18 06:44:44",254
"2019-12-18 07:44:32",254
"2019-12-18 08:44:45",254
"2019-12-18 09:44:42",254
"2019-12-18 10:44:46",254
"2019-12-18 11:44:35",254
"2019-12-18 12:44:40",254
"2019-12-18 14:06:36",254
"2019-12-18 14:45:10",254
"2019-12-18 15:44:45",254
"2019-12-18 16:44:52",255
"2019-12-18 17:44:51",254
"2019-12-18 18:44:43",254
"2019-12-18 19:44:42",254
"2019-12-18 20:44:46",254
"2019-12-18 21:44:40",254
"2019-12-18 22:44:35",254
"2019-12-18 23:44:39",254
"2019-12-19 00:44:51",254
"2019-12-19 01:44:48",254
"2019-12-19 02:45:06",254
"2019-12-19 03:44:42",254
"2019-12-19 04:44:46",254
"2019-12-19 05:44:44",254
"2019-12-19 06:44:47",254
"2019-12-19 07:44:47",254
"2019-12-19 08:44:37",254
"2019-12-19 09:44:42",254
"2019-12-19 10:44:33",254
"2019-12-19 11:44:33",254
"2019-12-19 12:44:45",254
"2019-12-19 14:08:08",254
"2019-12-19 14:45:08",254
"2019-12-19 15:45:13",254
"2019-12-19 16:45:00",254
"2019-12-19 17:45:02",254
"2019-12-19 18:45:03",254
"2019-12-19 19:44:53",253
"2019-12-19 21:08:10",253
"2019-12-19 21:44:59",253
"2019-12-19 22:45:03",253
"2019-12-19 23:44:58",253
"2019-12-20 00:44:57",253
"2019-12-20 01:44:53",253
"2019-12-20 02:44:59",253
"2019-12-20 03:44:50",253
"2019-12-20 04:45:01",253
"2019-12-20 05:44:57",253
"2019-12-20 06:45:04",253
"2019-12-20 07:44:56",253
"2019-12-20 08:45:03",253
"2019-12-20 09:44:58",253
"2019-12-20 10:44:32",253
"2019-12-20 11:44:54",253
"2019-12-20 12:44:58",253
"2019-12-20 14:07:07",253
"2019-12-20 14:45:23",253
"2019-12-20 15:45:27",253
"2019-12-20 16:45:13",253
"2019-12-20 17:45:17",253
"2019-12-20 18:45:00",253
"2019-12-20 19:45:16",253
"2019-12-20 20:45:16",253
"2019-12-20 21:44:55",252
"2019-12-20 22:44:56",252
"2019-12-20 23:45:00",252
"2019-12-21 00:45:06",252
"2019-12-21 01:45:03",252
"2019-12-21 02:45:04",252
"2019-12-21 03:44:50",252
"2019-12-21 04:45:01",252
"2019-12-21 05:44:53",252
"2019-12-21 06:44:45",252
"2019-12-21 07:44:53",252
"2019-12-21 08:44:53",252
"2019-12-21 09:44:38",252
"2019-12-21 10:44:40",252
"2019-12-21 11:44:39",252
"2019-12-21 12:44:34",252
"2019-12-21 13:44:37",252
"2019-12-21 14:44:52",252
"2019-12-21 15:44:43",252
"2019-12-21 16:44:55",252
"2019-12-21 17:44:49",252
"2019-12-21 18:44:43",252
"2019-12-21 19:44:40",252
"2019-12-21 20:44:41",252
"2019-12-21 22:44:56",252
"2019-12-21 23:44:38",252
"2019-12-22 00:44:45",252
"2019-12-22 01:44:51",252
"2019-12-22 02:44:40",252
"2019-12-22 04:44:44",252
"2019-12-22 05:44:32",252
"2019-12-22 06:44:30",252
"2019-12-22 07:44:41",252
"2019-12-22 08:44:40",252
"2019-12-22 09:44:35",252
"2019-12-22 10:44:38",252
"2019-12-22 11:44:42",252
"2019-12-22 12:44:45",252
"2019-12-22 13:44:30",252
"2019-12-22 14:44:49",252
"2019-12-22 15:44:52",252
"2019-12-22 16:44:41",252
"2019-12-22 17:44:46",252
"2019-12-22 18:44:44",252
"2019-12-22 19:44:46",252
"2019-12-22 20:44:58",252
"2019-12-22 22:44:49",252
"2019-12-22 23:44:57",252
"2019-12-23 00:44:54",252
"2019-12-23 01:44:56",252
"2019-12-23 02:44:56",252
"2019-12-23 03:44:52",252
"2019-12-23 04:44:57",252
"2019-12-23 05:44:51",252
"2019-12-23 06:44:57",252
"2019-12-23 07:44:40",252
"2019-12-23 08:44:37",252
"2019-12-23 09:44:36",252
"2019-12-23 10:44:38",252
"2019-12-23 11:44:41",252
"2019-12-23 12:44:38",252
"2019-12-23 14:08:11",252
"2019-12-23 14:45:27",252
"2019-12-23 15:44:58",252
"2019-12-23 16:44:50",252
"2019-12-23 17:45:07",252
"2019-12-23 18:45:08",252
"2019-12-23 19:45:04",252
"2019-12-23 20:45:15",252
"2019-12-23 21:44:58",252
"2019-12-23 22:44:40",252
"2019-12-23 23:44:56",252
"2019-12-24 00:44:49",252
"2019-12-24 01:44:47",252
"2019-12-24 02:45:07",252
"2019-12-24 03:45:05",252
"2019-12-24 04:45:14",252
"2019-12-24 05:44:47",252
"2019-12-24 06:45:10",252
"2019-12-24 07:44:41",252
"2019-12-24 08:44:42",252
"2019-12-24 09:44:48",252
"2019-12-24 10:44:35",252
"2019-12-24 11:44:46",252
"2019-12-24 12:44:38",252
"2019-12-24 13:44:37",252
"2019-12-24 14:45:18",253
"2019-12-24 15:44:59",253
"2019-12-24 16:44:49",253
"2019-12-24 17:44:45",253
"2019-12-24 18:44:50",253
"2019-12-24 19:44:54",253
"2019-12-24 20:44:45",253
"2019-12-24 21:44:39",253
"2019-12-24 22:45:00",253
"2019-12-24 23:44:56",253
"2019-12-25 00:44:59",253
"2019-12-25 01:44:44",253
"2019-12-25 02:44:28",253
"2019-12-25 03:44:52",253
"2019-12-25 04:44:56",253
"2019-12-25 05:45:02",253
"2019-12-25 06:44:38",253
"2019-12-25 07:44:47",253
"2019-12-25 08:45:04",253
"2019-12-25 09:44:49",253
"2019-12-25 10:44:43",253
"2019-12-25 11:44:34",253
"2019-12-25 12:44:46",253
"2019-12-25 13:44:40",253
"2019-12-25 14:44:48",253
"2019-12-25 15:45:01",253
"2019-12-25 16:44:46",253
"2019-12-25 17:44:56",253
"2019-12-25 18:44:41",253
"2019-12-25 19:44:38",253
"2019-12-25 20:44:44",253
"2019-12-25 21:44:41",253
"2019-12-25 22:44:52",253
"2019-12-25 23:44:45",253
"2019-12-26 00:44:56",253
"2019-12-26 01:44:59",253
"2019-12-26 02:45:01",253
"2019-12-26 03:44:58",253
"2019-12-26 04:45:00",253
"2019-12-26 05:44:43",253
"2019-12-26 06:44:52",253
"2019-12-26 07:44:49",253
"2019-12-26 08:44:38",253
"2019-12-26 09:44:38",253
"2019-12-26 10:44:39",253
"2019-12-26 11:44:37",253
"2019-12-26 12:44:36",253
"2019-12-26 13:44:42",253
"2019-12-26 14:45:08",253
"2019-12-26 15:45:04",250
"2019-12-26 16:45:01",250
"2019-12-26 17:45:10",250
"2019-12-26 18:44:54",250
"2019-12-26 19:44:47",251
"2019-12-26 20:45:16",251
"2019-12-26 21:44:56",251
"2019-12-26 22:45:14",251
"2019-12-26 23:44:57",251
"2019-12-27 00:44:47",251
"2019-12-27 01:44:58",251
"2019-12-27 02:45:10",251
"2019-12-27 03:44:48",251
"2019-12-27 04:45:07",251
"2019-12-27 05:45:01",251
"2019-12-27 06:45:06",251
"2019-12-27 07:44:37",251
"2019-12-27 08:44:56",251
"2019-12-27 09:44:42",251
"2019-12-27 10:44:35",251
"2019-12-27 11:44:38",251
"2019-12-27 12:44:44",251
"2019-12-27 14:08:09",251
"2019-12-27 14:45:05",251
"2019-12-27 15:44:57",251
"2019-12-27 16:45:00",251
"2019-12-27 17:45:00",252
"2019-12-27 18:45:00",252
"2019-12-27 19:45:25",252
"2019-12-27 20:44:55",252
"2019-12-27 21:45:09",252
"2019-12-27 22:45:00",252
"2019-12-27 23:44:48",252
"2019-12-28 00:44:57",252
"2019-12-28 01:44:54",252
"2019-12-28 02:45:04",252
"2019-12-28 03:44:51",252
"2019-12-28 04:45:01",252
"2019-12-28 05:45:04",252
"2019-12-28 06:44:56",252
"2019-12-28 07:44:41",252
"2019-12-28 08:45:06",252
"2019-12-28 09:44:52",252
"2019-12-28 10:44:47",252
"2019-12-28 11:44:42",252
"2019-12-28 12:44:36",252
"2019-12-28 13:44:43",252
"2019-12-28 14:44:51",252
"2019-12-28 15:45:08",252
"2019-12-28 16:44:45",252
"2019-12-28 17:45:08",252
"2019-12-28 18:44:51",252
"2019-12-28 19:44:48",252
"2019-12-28 20:44:58",252
"2019-12-28 21:44:42",252
"2019-12-28 22:44:55",252
"2019-12-28 23:45:10",252
"2019-12-29 00:44:48",252
"2019-12-29 01:45:06",252
"2019-12-29 02:44:58",252
"2019-12-29 03:45:13",252
"2019-12-29 04:44:59",252
"2019-12-29 05:45:06",252
"2019-12-29 06:45:11",252
"2019-12-29 07:44:55",252
"2019-12-29 08:45:06",252
"2019-12-29 09:44:50",252
"2019-12-29 10:44:49",252
"2019-12-29 11:44:52",252
"2019-12-29 12:44:46",252
"2019-12-29 13:44:48",252
"2019-12-29 14:44:52",252
"2019-12-29 15:44:58",252
"2019-12-29 16:45:00",252
"2019-12-29 17:44:49",252
"2019-12-29 18:44:55",252
"2019-12-29 19:44:58",252
"2019-12-29 20:44:45",252
"2019-12-29 21:45:18",252
"2019-12-29 22:44:58",252
"2019-12-29 23:44:39",252
"2019-12-30 00:44:44",252
"2019-12-30 01:45:11",252
"2019-12-30 02:45:14",252
"2019-12-30 03:44:50",252
"2019-12-30 04:45:22",252
"2019-12-30 05:44:53",252
"2019-12-30 06:44:37",252
"2019-12-30 07:44:37",252
"2019-12-30 08:44:49",252
"2019-12-30 09:44:59",252
"2019-12-30 10:44:35",252
"2019-12-30 11:44:52",252
"2019-12-30 12:44:45",252
"2019-12-30 14:08:07",253
"2019-12-30 14:45:31",253
"2019-12-30 15:45:06",253
"2019-12-30 16:44:59",253
"2019-12-30 17:45:00",253
"2019-12-30 18:45:06",254
"2019-12-30 19:44:59",254
"2019-12-30 20:44:46",255
"2019-12-30 21:44:51",256
"2019-12-30 22:44:41",256
"2019-12-30 23:44:50",256
"2019-12-31 00:44:52",256
"2019-12-31 01:44:43",256
"2019-12-31 02:45:03",256
"2019-12-31 03:44:58",256
"2019-12-31 04:44:55",256
"2019-12-31 05:44:47",256
"2019-12-31 06:44:50",256
"2019-12-31 07:44:42",256
"2019-12-31 08:45:00",256
"2019-12-31 09:44:59",256
"2019-12-31 10:45:08",256
"2019-12-31 11:44:51",256
"2019-12-31 12:44:45",256
"2019-12-31 14:09:09",256
"2019-12-31 14:45:32",256
"2019-12-31 15:45:13",257
"2019-12-31 16:44:59",257
"2019-12-31 17:44:42",257
"2019-12-31 18:44:49",256
"2019-12-31 19:45:00",256
"2019-12-31 20:44:59",256
"2019-12-31 21:44:46",256
"2019-12-31 22:44:45",256
"2019-12-31 23:44:47",256
"2020-01-01 00:44:53",256
"2020-01-01 01:44:46",256
"2020-01-01 02:44:49",256
"2020-01-01 03:44:49",256
"2020-01-01 04:44:39",256
"2020-01-01 05:45:07",256
"2020-01-01 06:45:01",256
"2020-01-01 07:44:48",256
"2020-01-01 08:44:50",256
"2020-01-01 09:44:44",256
"2020-01-01 10:44:35",256
"2020-01-01 11:44:41",256
"2020-01-01 12:44:49",256
"2020-01-01 13:44:40",256
"2020-01-01 14:44:42",256
"2020-01-01 15:44:48",256
"2020-01-01 16:44:50",256
"2020-01-01 17:44:52",256
"2020-01-01 18:44:50",256
"2020-01-01 19:44:39",256
"2020-01-01 20:44:51",256
"2020-01-01 21:44:50",256
"2020-01-01 22:44:56",256
"2020-01-01 23:45:16",256
"2020-01-02 00:45:03",256
"2020-01-02 01:44:58",256
"2020-01-02 02:45:21",256
"2020-01-02 03:44:55",256
"2020-01-02 04:44:52",256
"2020-01-02 05:44:46",256
"2020-01-02 06:44:39",256
"2020-01-02 07:44:45",256
"2020-01-02 08:44:52",256
"2020-01-02 09:44:43",256
"2020-01-02 10:44:47",256
"2020-01-02 11:44:47",256
"2020-01-02 12:44:45",256
"2020-01-02 14:09:39",256
"2020-01-02 14:46:12",256
"2020-01-02 15:45:10",257
"2020-01-02 16:44:58",257
"2020-01-02 17:45:05",257
"2020-01-02 18:45:07",257
"2020-01-02 19:44:54",257
"2020-01-02 20:45:00",257
"2020-01-02 21:44:56",258
"2020-01-02 22:45:40",258
"2020-01-02 23:44:42",258
"2020-01-03 00:45:04",258
"2020-01-03 01:44:59",258
"2020-01-03 02:45:02",258
"2020-01-03 03:44:57",258
"2020-01-03 04:44:51",258
"2020-01-03 05:45:03",258
"2020-01-03 06:44:57",258
"2020-01-03 07:44:47",258
"2020-01-03 08:45:01",258
"2020-01-03 09:44:42",258
"2020-01-03 10:44:44",258
"2020-01-03 11:44:45",258
"2020-01-03 12:44:46",258
"2020-01-03 14:09:38",258
"2020-01-03 14:48:53",258
"2020-01-03 15:44:54",259
"2020-01-03 16:45:06",262
"2020-01-03 17:45:45",262
"2020-01-03 18:45:04",262
"2020-01-03 19:44:57",264
"2020-01-03 20:45:02",264
"2020-01-03 21:44:44",264
"2020-01-03 22:44:52",264
"2020-01-03 23:44:47",264
"2020-01-04 00:44:58",264
"2020-01-04 01:44:43",264
"2020-01-04 02:44:49",264
"2020-01-04 03:44:57",264
"2020-01-04 04:44:50",264
"2020-01-04 05:44:50",264
"2020-01-04 06:44:56",264
"2020-01-04 07:44:38",264
"2020-01-04 08:44:49",264
"2020-01-04 09:44:44",264
"2020-01-04 10:44:44",264
"2020-01-04 11:44:42",264
"2020-01-04 12:44:45",264
"2020-01-04 13:44:46",264
"2020-01-04 14:44:38",264
"2020-01-04 15:44:51",264
"2020-01-04 16:44:45",264
"2020-01-04 17:44:57",264
"2020-01-04 18:44:48",264
"2020-01-04 19:44:51",264
"2020-01-04 20:44:53",264
"2020-01-04 21:45:20",264
"2020-01-04 22:44:46",264
"2020-01-04 23:45:09",264
"2020-01-05 00:44:43",264
"2020-01-05 01:45:19",264
"2020-01-05 02:45:07",264
"2020-01-05 03:45:06",264
"2020-01-05 04:44:46",264
"2020-01-05 05:44:45",264
"2020-01-05 06:44:42",264
"2020-01-05 07:44:41",264
"2020-01-05 08:44:32",264
"2020-01-05 09:44:36",264
"2020-01-05 10:44:33",264
"2020-01-05 11:44:48",264
"2020-01-05 12:44:37",264
"2020-01-05 13:44:44",264
"2020-01-05 14:44:43",264
"2020-01-05 15:44:43",264
"2020-01-05 16:44:48",264
"2020-01-05 17:45:27",264
"2020-01-05 18:45:00",264
"2020-01-05 20:44:53",264
"2020-01-05 21:45:12",264
"2020-01-05 22:44:51",264
"2020-01-05 23:44:55",264
"2020-01-06 00:44:55",264
"2020-01-06 01:44:56",264
"2020-01-06 02:45:07",264
"2020-01-06 03:45:04",264
"2020-01-06 04:45:07",264
"2020-01-06 05:45:00",264
"2020-01-06 06:44:53",264
"2020-01-06 07:44:49",264
"2020-01-06 08:44:52",264
"2020-01-16 06:44:42",265
"2020-01-16 07:44:39",265
"2020-01-16 08:44:45",265
"2020-01-16 09:44:40",265
"2020-01-16 10:44:41",265
"2020-01-16 11:44:45",265
"2020-01-16 12:44:40",265
"2020-01-16 14:09:39",265
"2020-01-16 15:44:44",264
"2020-01-16 16:44:51",264
"2020-01-16 17:44:53",264
"2020-01-16 18:44:40",264
"2020-01-16 19:44:46",264
"2020-01-16 20:44:45",264
"2020-01-16 21:44:42",264
"2020-01-16 22:44:44",264
"2020-01-16 23:44:41",264
"2020-01-17 00:45:01",264
"2020-01-17 01:45:09",264
"2020-01-17 02:44:41",264
"2020-01-17 03:44:40",264
"2020-01-17 04:44:37",264
"2020-01-17 05:44:34",264
"2020-01-17 06:44:42",264
"2020-01-17 07:44:29",264
"2020-01-17 08:44:34",264
"2020-01-17 09:45:12",264
"2020-01-17 10:44:25",264
"2020-01-17 11:44:27",264
"2020-01-17 12:44:32",264
"2020-01-17 14:07:41",264
"2020-01-17 14:44:48",264
"2020-01-17 15:44:43",264
"2020-01-17 16:44:46",264
"2020-01-17 17:44:38",264
"2020-01-17 18:44:42",264
"2020-01-17 19:44:40",264
"2020-01-17 20:44:38",264
"2020-01-17 21:44:33",264
"2020-01-17 22:44:39",264
"2020-01-17 23:44:36",264
"2020-01-18 00:44:57",264
"2020-01-18 01:44:36",264
"2020-01-18 02:44:37",264
"2020-01-18 03:44:40",264
"2020-01-18 04:44:40",264
"2020-01-18 05:44:46",264
"2020-01-18 06:44:25",264
"2020-01-18 07:44:38",264
"2020-01-18 08:44:38",264
"2020-01-18 09:44:28",264
"2020-01-18 10:44:32",264
"2020-01-18 11:44:28",264
"2020-01-18 12:44:32",264
"2020-01-18 13:44:36",264
"2020-01-18 14:44:41",264
"2020-01-18 15:44:41",264
"2020-01-18 16:44:27",264
"2020-01-18 17:44:44",264
"2020-01-18 18:44:33",264
"2020-01-18 19:45:04",264
"2020-01-18 20:44:40",264
"2020-01-18 21:44:40",264
"2020-01-18 22:44:37",264
"2020-01-18 23:44:35",264
"2020-01-19 00:44:28",264
"2020-01-19 01:44:37",264
"2020-01-19 02:44:39",264
"2020-01-19 03:44:46",264
"2020-01-19 04:44:35",264
"2020-01-19 05:44:36",264
"2020-01-19 06:44:35",264
"2020-01-19 07:44:28",264
"2020-01-19 08:44:51",264
"2020-01-19 09:44:36",264
"2020-01-19 10:44:24",264
"2020-01-19 11:44:29",264
"2020-01-19 12:44:39",264
"2020-01-19 13:44:32",264
"2020-01-19 14:44:52",264
"2020-01-19 15:45:05",264
"2020-01-19 16:44:33",264
"2020-01-19 17:44:32",264
"2020-01-19 18:44:25",264
"2020-01-19 19:45:10",264
"2020-01-19 20:44:32",264
"2020-01-19 21:44:38",264
"2020-01-19 22:44:40",264
"2020-01-19 23:45:18",264
"2020-01-20 00:45:09",264
"2020-01-20 01:45:04",264
"2020-01-20 02:44:52",264
"2020-01-20 03:45:06",264
"2020-01-20 04:44:59",264
"2020-01-20 05:44:27",264
"2020-01-20 06:45:05",264
"2020-01-20 07:44:32",264
"2020-01-20 08:45:04",264
"2020-01-20 09:52:33",264
"2020-01-20 10:44:51",264
"2020-01-20 11:44:27",264
"2020-01-20 12:44:32",264
"2020-01-20 13:44:56",264
"2020-01-20 14:44:56",264
"2020-01-20 15:45:05",264
"2020-01-20 16:44:38",264
"2020-01-20 17:45:02",264
"2020-01-20 18:44:35",264
"2020-01-20 19:45:01",264
"2020-01-20 20:45:05",264
"2020-01-20 21:45:05",264
"2020-01-20 22:45:07",264
"2020-01-20 23:45:02",264
"2020-01-21 00:45:06",264
"2020-01-21 01:45:00",264
"2020-01-21 02:45:06",264
"2020-01-21 03:44:32",264
"2020-01-21 04:44:42",264
"2020-01-21 05:44:34",264
"2020-01-21 06:44:32",264
"2020-01-21 07:44:29",264
"2020-01-21 08:44:39",264
"2020-01-21 10:01:03",264
"2020-01-21 10:45:05",264
"2020-01-21 11:44:39",264
"2020-01-21 12:44:33",264
"2020-01-21 13:44:37",264
"2020-01-21 15:45:17",264
"2020-01-21 16:44:45",265
"2020-01-21 17:45:10",265
"2020-01-21 18:44:48",265
"2020-01-21 19:45:09",265
"2020-01-21 20:44:42",265
"2020-01-21 21:45:10",265
"2020-01-21 22:44:58",265
"2020-01-21 23:44:36",265
"2020-01-22 00:44:39",265
"2020-01-22 01:44:39",265
"2020-01-22 02:45:03",265
"2020-01-22 03:44:44",265
"2020-01-22 04:44:47",265
"2020-01-22 05:44:44",265
"2020-01-22 06:44:37",265
"2020-01-22 07:44:38",265
"2020-01-22 08:44:43",265
"2020-01-22 09:57:14",265
"2020-01-22 10:44:26",265
"2020-01-22 11:44:31",265
"2020-01-22 12:45:01",265
"2020-01-22 13:45:05",265
"2020-01-22 14:45:00",265
"2020-01-22 15:44:45",265
"2020-01-22 16:45:10",266
"2020-01-22 17:44:57",265
"2020-01-22 18:45:00",266
"2020-01-22 19:45:10",266
"2020-01-22 20:45:05",266
"2020-01-22 21:45:12",265
"2020-01-22 22:44:51",265
"2020-01-22 23:45:03",265
"2020-01-23 00:45:10",265
"2020-01-23 01:45:08",265
"2020-01-23 02:44:44",265
"2020-01-23 03:44:42",265
"2020-01-23 04:44:48",265
"2020-01-23 05:44:32",265
"2020-01-23 06:44:38",265
"2020-01-23 07:44:36",265
"2020-01-23 08:44:38",265
"2020-01-23 10:44:30",265
"2020-01-23 11:44:39",265
"2020-01-23 12:44:36",265
"2020-01-23 14:09:11",265
"2020-01-23 14:45:00",265
"2020-01-23 15:44:44",265
"2020-01-23 16:44:40",265
"2020-01-23 17:44:37",265
"2020-01-23 18:44:47",265
"2020-01-23 19:44:37",265
"2020-01-23 20:44:46",265
"2020-01-23 21:44:51",265
"2020-01-23 22:44:37",265
"2020-01-23 23:44:44",265
"2020-01-24 00:44:36",265
"2020-01-24 01:44:42",265
"2020-01-24 02:45:04",265
"2020-01-24 03:44:33",265
"2020-01-24 04:44:35",265
"2020-01-24 05:44:48",265
"2020-01-24 06:44:29",265
"2020-01-24 07:44:45",265
"2020-01-24 08:44:34",265
"2020-01-24 09:55:18",265
"2020-01-24 10:44:33",265
"2020-01-24 11:44:26",265
"2020-01-24 12:44:34",265
"2020-01-24 14:08:11",265
"2020-01-24 14:44:48",265
"2020-01-24 15:44:42",266
"2020-01-24 16:44:44",266
"2020-01-24 17:44:39",266
"2020-01-24 18:44:41",266
"2020-01-24 19:44:46",266
"2020-01-24 20:44:45",267
"2020-01-24 21:44:40",267
"2020-01-24 22:44:33",267
"2020-01-24 23:44:39",267
"2020-01-25 00:44:35",267
"2020-01-25 01:44:41",267
"2020-01-25 02:44:53",267
"2020-01-25 03:44:45",267
"2020-01-25 04:44:41",267
"2020-01-25 05:44:46",267
"2020-01-25 06:44:35",267
"2020-01-25 07:44:41",267
"2020-01-25 08:44:41",267
"2020-01-25 09:55:45",267
"2020-01-25 10:44:34",267
"2020-01-25 11:44:33",267
"2020-01-25 12:44:39",267
"2020-01-25 14:44:30",267
"2020-01-25 15:44:34",267
"2020-01-25 16:44:39",267
"2020-01-25 17:44:43",267
"2020-01-25 18:44:41",267
"2020-01-25 19:44:38",267
"2020-01-25 20:44:39",267
"2020-01-25 21:44:31",267
"2020-01-25 22:44:39",267
"2020-01-25 23:44:33",267
"2020-01-26 00:44:40",267
"2020-01-26 01:44:37",267
"2020-01-26 02:44:42",267
"2020-01-26 03:44:43",267
"2020-01-26 04:44:38",267
"2020-01-26 06:44:30",267
"2020-01-26 07:44:30",267
"2020-01-27 02:44:37",267
"2020-01-27 03:44:40",267
"2020-01-27 04:44:44",267
"2020-01-27 05:44:44",267
"2020-01-27 06:44:46",267
"2020-01-27 07:44:36",267
"2020-01-27 08:44:39",267
"2020-01-27 09:44:46",267
"2020-01-27 10:44:35",267
"2020-01-27 11:44:38",267
"2020-01-27 12:44:28",267
"2020-01-27 13:44:42",267
"2020-01-27 14:45:31",266
"2020-01-27 15:45:06",264
"2020-01-27 16:44:50",264
"2020-01-27 17:44:53",264
"2020-01-27 18:44:48",264
"2020-01-27 19:45:02",264
"2020-01-27 20:44:50",264
"2020-01-27 21:44:48",264
"2020-01-27 22:45:16",264
"2020-01-27 23:44:55",264
"2020-01-28 00:44:37",264
"2020-01-28 01:44:53",264
"2020-01-28 02:44:55",264
"2020-01-28 03:44:46",264
"2020-01-28 04:44:46",264
"2020-01-28 05:44:46",264
"2020-01-28 06:44:32",264
"2020-01-28 07:44:30",264
"2020-01-28 08:44:43",264
"2020-01-28 09:45:00",264
"2020-01-28 10:44:30",264
"2020-01-28 11:44:37",264
"2020-01-28 12:44:33",264
"2020-01-28 14:08:43",264
"2020-01-28 14:45:10",264
"2020-01-28 15:44:53",264
"2020-01-28 16:44:55",264
"2020-01-28 17:44:49",264
"2020-01-28 18:44:50",265
"2020-01-28 19:44:50",265
"2020-01-28 21:45:06",265
"2020-01-28 22:44:54",265
"2020-01-28 23:44:40",265
"2020-01-29 00:44:44",265
"2020-01-29 01:44:47",265
"2020-01-29 02:45:07",265
"2020-01-29 03:44:52",265
"2020-01-29 04:44:50",265
"2020-01-29 05:44:46",264
"2020-01-29 06:44:39",264
"2020-01-29 07:44:29",264
"2020-01-29 08:44:42",264
"2020-01-29 09:44:50",264
"2020-01-29 10:44:35",264
"2020-01-29 11:44:34",264
"2020-01-29 12:44:38",264
"2020-01-29 13:44:55",264
"2020-01-29 14:45:03",264
"2020-01-29 15:45:04",264
"2020-01-29 16:44:52",263
"2020-01-29 17:45:04",263
"2020-01-29 18:44:54",263
"2020-01-29 19:44:56",263
"2020-01-29 20:44:58",263
"2020-01-29 21:44:52",264
"2020-01-29 22:44:45",264
"2020-01-29 23:44:42",264
"2020-01-30 00:44:55",264
"2020-01-30 01:45:02",264
"2020-01-30 02:44:58",264
"2020-01-30 03:44:41",264
"2020-01-30 04:45:03",264
"2020-01-30 05:45:04",264
"2020-01-30 06:44:56",264
"2020-01-30 07:44:39",264
"2020-01-30 08:44:41",264
"2020-01-30 09:44:47",264
"2020-01-30 10:44:28",264
"2020-01-30 11:44:34",264
"2020-01-30 12:44:40",264
"2020-01-30 13:44:39",264
"2020-01-30 14:45:05",264
"2020-01-30 15:44:59",264
"2020-01-30 16:45:00",264
"2020-01-30 17:44:57",264
"2020-01-30 18:44:54",264
"2020-01-30 19:45:00",264
"2020-01-30 20:44:43",264
"2020-01-30 21:45:01",264
"2020-01-30 22:44:33",264
"2020-01-30 23:44:38",264
"2020-01-31 00:44:42",264
"2020-01-31 01:44:56",264
"2020-01-31 02:44:48",264
"2020-01-31 03:44:49",264
"2020-01-31 04:44:43",264
"2020-01-31 05:44:39",264
"2020-01-31 06:44:33",264
"2020-01-31 07:44:37",264
"2020-01-31 08:44:54",264
"2020-01-31 09:44:49",264
"2020-01-31 10:44:39",264
"2020-01-31 11:44:34",264
"2020-01-31 12:44:38",264
"2020-01-31 13:44:48",264
"2020-01-31 14:44:53",264
"2020-01-31 15:44:45",264
"2020-01-31 16:44:45",264
"2020-01-31 17:44:44",264
"2020-01-31 18:44:49",264
"2020-01-31 19:44:45",264
"2020-01-31 20:44:48",264
"2020-01-31 21:44:36",264
"2020-01-31 22:44:39",264
"2020-01-31 23:44:43",264
"2020-02-01 00:44:34",264
"2020-02-01 01:44:57",264
"2020-02-01 02:44:39",264
"2020-02-01 03:44:39",264
"2020-02-01 04:44:48",264
"2020-02-01 05:44:52",264
"2020-02-01 06:44:49",264
"2020-02-01 07:44:40",264
"2020-02-01 08:44:41",264
"2020-02-01 09:44:49",264
"2020-02-01 10:44:34",264
"2020-02-01 11:44:35",264
"2020-02-01 12:44:35",264
"2020-02-01 13:44:40",264
"2020-02-01 14:44:46",264
"2020-02-01 15:44:40",264
"2020-02-01 16:44:37",264
"2020-02-01 17:44:47",264
"2020-02-01 18:44:40",264
"2020-02-01 19:44:46",264
"2020-02-01 20:44:45",264
"2020-02-01 21:44:59",264
"2020-02-01 22:44:51",264
"2020-02-01 23:44:54",264
"2020-02-02 00:44:52",264
"2020-02-02 01:44:59",264
"2020-02-02 02:44:47",264
"2020-02-02 03:44:44",264
"2020-02-02 04:44:47",264
"2020-02-02 05:44:49",264
"2020-02-02 06:44:48",264
"2020-02-02 07:44:44",264
"2020-02-02 08:44:51",264
"2020-02-02 09:44:47",264
"2020-02-02 10:44:42",264
"2020-02-02 11:44:43",264
"2020-02-02 12:44:49",264
"2020-02-02 13:44:50",264
"2020-02-02 14:44:47",264
"2020-02-02 15:44:46",264
"2020-02-02 16:44:46",264
"2020-02-02 17:44:58",264
"2020-02-02 18:44:43",264
"2020-02-02 19:44:51",264
"2020-02-02 20:44:54",264
"2020-02-02 21:44:48",264
"2020-02-02 22:44:51",264
"2020-02-02 23:45:01",264
"2020-02-03 00:45:10",264
"2020-02-03 01:45:02",264
"2020-02-03 02:44:54",264
"2020-02-03 03:44:52",264
"2020-02-03 04:44:54",264
"2020-02-03 05:44:53",264
"2020-02-03 06:44:41",264
"2020-02-03 07:44:46",264
"2020-02-03 08:44:49",264
"2020-02-03 09:44:53",264
"2020-02-03 10:44:44",264
"2020-02-03 11:44:46",264
"2020-02-03 12:44:40",264
"2020-02-03 14:45:22",264
"2020-02-03 14:53:09",264
"2020-02-03 15:45:04",263
"2020-02-03 16:44:56",263
"2020-02-03 17:44:59",263
"2020-02-03 18:45:04",263
"2020-02-03 19:45:00",263
"2020-02-03 20:44:57",263
"2020-02-03 21:44:52",263
"2020-02-03 22:44:50",263
"2020-02-03 23:44:54",263
"2020-02-04 00:44:54",263
"2020-02-04 01:44:56",263
"2020-02-04 02:45:03",263
"2020-02-04 03:45:00",263
"2020-02-04 04:44:59",263
"2020-02-04 05:45:00",263
"2020-02-04 06:44:53",263
"2020-02-04 07:44:56",263
"2020-02-04 08:44:38",263
"2020-02-04 09:44:58",263
"2020-02-04 10:44:46",263
"2020-02-04 11:44:57",263
"2020-02-04 12:44:52",263
"2020-02-04 14:12:17",263
"2020-02-04 15:44:58",261
"2020-02-04 16:44:55",261
"2020-02-04 17:44:57",261
"2020-02-04 18:44:56",261
"2020-02-04 19:44:50",261
"2020-02-04 20:44:50",261
"2020-02-04 21:44:56",261
"2020-02-04 22:44:55",261
"2020-02-04 23:44:57",261
"2020-02-05 00:44:55",261
"2020-02-05 01:44:57",261
"2020-02-05 02:44:56",261
"2020-02-05 03:44:52",261
"2020-02-05 04:45:20",261
"2020-02-05 05:44:51",261
"2020-02-05 06:45:02",261
"2020-02-05 07:44:56",261
"2020-02-05 08:44:57",261
"2020-02-05 09:44:52",261
"2020-02-05 10:44:53",261
"2020-02-05 11:44:53",261
"2020-02-05 12:44:58",261
"2020-02-05 14:06:16",261
"2020-02-05 14:45:08",261
"2020-02-05 15:45:06",261
"2020-02-05 16:45:02",261
"2020-02-05 17:44:56",261
"2020-02-05 18:44:46",261
"2020-02-05 19:44:59",261
"2020-02-05 20:45:06",261
"2020-02-05 21:44:54",261
"2020-02-05 22:44:55",261
"2020-02-05 23:44:54",261
"2020-02-06 00:45:04",261
"2020-02-06 01:45:02",261
"2020-02-06 02:45:04",261
"2020-02-06 03:45:15",261
"2020-02-06 04:45:10",261
"2020-02-06 05:44:59",261
"2020-02-06 06:44:49",261
"2020-02-06 07:44:57",261
"2020-02-06 08:44:52",261
"2020-02-06 09:44:49",261
"2020-02-06 10:44:41",261
"2020-02-06 11:44:47",261
"2020-02-06 12:44:51",261
"2020-02-06 13:44:48",261
"2020-02-06 14:44:59",261
"2020-02-06 15:45:11",261
"2020-02-06 16:44:55",261
"2020-02-06 17:44:54",261
"2020-02-06 18:44:59",261
"2020-02-06 19:45:02",261
"2020-02-06 20:45:00",261
"2020-02-06 21:44:53",261
"2020-02-06 22:45:01",261
"2020-02-06 23:44:55",261
"2020-02-07 00:44:53",261
"2020-02-07 01:45:10",261
"2020-02-07 02:44:55",261
"2020-02-07 03:45:05",261
"2020-02-07 04:45:00",261
"2020-02-07 05:45:06",261
"2020-02-07 06:45:09",261
"2020-02-07 07:45:01",261
"2020-02-07 08:44:59",261
"2020-02-07 09:45:04",261
"2020-02-07 10:44:55",261
"2020-02-07 11:44:54",261
"2020-02-07 12:44:49",261
"2020-02-07 14:07:46",261
"2020-02-07 14:45:10",261
"2020-02-07 15:44:59",261
"2020-02-07 16:45:03",261
"2020-02-07 17:45:12",261
"2020-02-07 18:44:55",261
"2020-02-07 19:45:07",261
"2020-02-07 20:45:02",261
"2020-02-07 21:44:55",262
"2020-02-07 22:45:02",262
"2020-02-07 23:44:49",262
"2020-02-08 00:44:54",262
"2020-02-08 01:44:49",262
"2020-02-08 02:44:58",262
"2020-02-08 03:45:00",262
"2020-02-08 04:44:59",262
"2020-02-08 05:44:55",262
"2020-02-08 06:44:51",262
"2020-02-08 07:45:01",262
"2020-02-08 08:44:47",262
"2020-02-08 09:44:55",262
"2020-02-08 10:44:42",262
"2020-02-08 11:44:52",262
"2020-02-08 12:44:48",262
"2020-02-08 13:44:50",262
"2020-02-08 14:45:03",262
"2020-02-08 15:44:59",262
"2020-02-08 16:44:59",262
"2020-02-08 17:45:03",262
"2020-02-08 18:47:42",262
"2020-02-08 19:44:52",262
"2020-02-08 20:45:01",262
"2020-02-08 21:44:58",262
"2020-02-08 22:44:58",262
"2020-02-08 23:44:56",262
"2020-02-09 00:44:51",262
"2020-02-09 01:44:55",262
"2020-02-09 02:45:04",262
"2020-02-09 03:44:58",262
"2020-02-09 04:44:49",262
"2020-02-09 05:44:51",262
"2020-02-09 06:44:53",262
"2020-02-09 07:44:52",262
"2020-02-09 08:44:52",262
"2020-02-09 09:44:57",262
"2020-02-09 10:44:56",262
"2020-02-09 11:44:56",262
"2020-02-09 12:44:49",262
"2020-02-09 13:44:52",262
"2020-02-09 14:44:50",262
"2020-02-09 15:44:57",262
"2020-02-09 16:44:53",262
"2020-02-09 17:45:00",262
"2020-02-09 18:44:53",262
"2020-02-09 19:45:00",262
"2020-02-09 20:44:57",262
"2020-02-09 21:45:11",262
"2020-02-09 22:44:54",262
"2020-02-09 23:45:31",262
"2020-02-10 00:45:01",262
"2020-02-10 01:44:55",262
"2020-02-10 02:44:56",262
"2020-02-10 03:44:57",262
"2020-02-10 04:44:53",262
"2020-02-10 05:45:07",262
"2020-02-10 06:45:04",262
"2020-02-10 07:44:58",262
"2020-02-10 08:44:53",262
"2020-02-10 09:45:01",262
"2020-02-10 10:44:55",262
"2020-02-10 11:44:52",262
"2020-02-10 12:44:51",262
"2020-02-10 13:44:53",262
"2020-02-10 14:45:04",262
"2020-02-10 15:45:10",265
"2020-02-10 16:45:07",266
"2020-02-10 17:44:57",265
"2020-02-10 18:45:01",265
"2020-02-10 19:45:00",265
"2020-02-10 20:45:08",265
"2020-02-10 21:45:04",265
"2020-02-10 22:44:59",265
"2020-02-10 23:44:53",265
"2020-02-11 00:45:02",265
"2020-02-11 01:45:18",265
"2020-02-11 02:45:00",265
"2020-02-11 03:45:00",265
"2020-02-11 04:45:03",265
"2020-02-11 05:44:56",265
"2020-02-11 06:45:03",265
"2020-02-11 07:44:53",265
"2020-02-11 08:45:00",265
"2020-02-11 09:45:03",265
"2020-02-11 10:44:47",265
"2020-02-11 11:44:48",265
"2020-02-11 12:44:42",265
"2020-02-11 14:08:16",265
"2020-02-11 14:45:12",265
"2020-02-11 15:45:03",268
"2020-02-11 16:45:13",268
"2020-02-11 17:44:59",268
"2020-02-11 18:45:03",268
"2020-02-11 19:45:02",268
"2020-02-11 20:45:04",268
"2020-02-11 21:47:11",268
"2020-02-11 22:45:16",268
"2020-02-11 23:44:54",268
"2020-02-12 00:45:17",268
"2020-02-12 01:45:00",268
"2020-02-12 02:45:25",268
"2020-02-12 03:44:56",268
"2020-02-12 04:45:04",268
"2020-02-12 05:44:57",268
"2020-02-12 06:45:02",268
"2020-02-12 07:44:54",268
"2020-02-12 08:44:56",268
"2020-02-12 09:45:03",268
"2020-02-12 10:44:47",268
"2020-02-12 11:44:54",268
"2020-02-12 12:44:50",268
"2020-02-12 14:08:16",268
"2020-02-12 14:45:12",268
"2020-02-12 15:45:04",269
"2020-02-12 16:44:59",269
"2020-02-12 17:45:00",269
"2020-02-12 18:45:05",269
"2020-02-12 19:45:02",269
"2020-02-12 20:45:08",270
"2020-02-12 21:45:00",269
"2020-02-12 22:44:43",269
"2020-02-12 23:44:37",269
"2020-02-13 00:45:04",269
"2020-02-13 01:44:50",269
"2020-02-13 02:45:10",269
"2020-02-13 03:45:04",269
"2020-02-13 04:44:57",269
"2020-02-13 05:44:59",269
"2020-02-13 06:45:06",269
"2020-02-13 07:44:46",269
"2020-02-13 08:44:54",269
"2020-02-13 09:44:44",269
"2020-02-13 10:44:36",269
"2020-02-13 11:44:55",269
"2020-02-13 12:44:46",269
"2020-02-13 14:08:14",270
"2020-02-13 14:44:55",270
"2020-02-13 15:44:58",272
"2020-02-13 16:44:55",272
"2020-02-13 17:45:12",272
"2020-02-13 18:45:11",272
"2020-02-13 19:45:02",272
"2020-02-13 20:44:52",272
"2020-02-13 21:44:56",272
"2020-02-13 22:44:44",272
"2020-02-13 23:44:48",272
"2020-02-14 00:44:40",272
"2020-02-14 01:45:00",272
"2020-02-14 02:44:57",272
"2020-02-14 03:44:50",272
"2020-02-14 04:44:53",272
"2020-02-14 05:44:50",272
"2020-02-14 06:44:36",272
"2020-02-14 07:44:33",272
"2020-02-14 08:44:50",272
"2020-02-14 09:44:47",272
"2020-02-14 10:44:44",272
"2020-02-14 11:44:38",272
"2020-02-14 12:44:44",272
"2020-02-14 13:44:52",272
"2020-02-14 14:45:01",272
"2020-02-14 15:45:09",272
"2020-02-14 16:44:53",273
"2020-02-14 17:44:55",274
"2020-02-14 18:44:42",275
"2020-02-14 19:44:51",275
"2020-02-14 20:44:58",275
"2020-02-14 21:44:45",275
"2020-02-14 22:44:39",275
"2020-02-14 23:44:54",275
"2020-02-15 00:44:40",275
"2020-02-15 01:44:56",275
"2020-02-15 02:44:53",275
"2020-02-15 03:44:44",275
"2020-02-15 04:44:49",275
"2020-02-15 05:44:24",275
"2020-02-15 06:44:40",275
"2020-02-15 07:44:28",275
"2020-02-15 08:44:25",275
"2020-02-15 09:44:29",275
"2020-02-15 10:44:23",275
"2020-02-15 11:44:26",275
"2020-02-15 12:44:35",275
"2020-02-15 13:44:26",275
"2020-02-15 14:44:29",275
"2020-02-15 15:44:30",275
"2020-02-15 16:44:24",275
"2020-02-15 17:44:26",275
"2020-02-15 18:44:42",275
"2020-02-15 19:44:25",275
"2020-02-15 20:44:26",275
"2020-02-15 21:44:25",275
"2020-02-15 22:44:27",275
"2020-02-15 23:44:27",275
"2020-02-16 00:44:26",275
"2020-02-16 01:44:26",275
"2020-02-16 02:44:25",275
"2020-02-16 03:44:23",275
"2020-02-16 04:44:27",275
"2020-02-16 05:44:28",275
"2020-02-16 06:44:25",275
"2020-02-16 07:44:24",275
"2020-02-16 08:44:25",275
"2020-02-16 09:44:28",275
"2020-02-16 10:44:25",275
"2020-02-16 11:44:26",275
"2020-02-16 12:44:26",275
"2020-02-16 13:44:25",275
"2020-02-16 14:44:28",275
"2020-02-16 15:44:41",275
"2020-02-16 16:44:39",275
"2020-02-16 17:44:27",275
"2020-02-16 18:44:29",275
"2020-02-16 19:44:26",275
"2020-02-16 20:44:27",275
"2020-02-16 21:44:26",275
"2020-02-16 22:44:26",275
"2020-02-16 23:44:28",275
"2020-02-17 00:44:27",275
"2020-02-17 01:44:23",275
"2020-02-17 02:44:30",275
"2020-02-17 03:44:25",275
"2020-02-17 04:44:27",275
"2020-02-17 05:44:27",275
"2020-02-17 06:44:28",275
"2020-02-17 07:44:25",275
"2020-02-17 08:44:27",275
"2020-02-17 09:44:28",275
"2020-02-17 10:44:25",275
"2020-02-17 11:44:24",275
"2020-02-17 12:44:36",275
"2020-02-17 13:44:24",275
"2020-02-17 14:44:22",275
"2020-02-17 15:44:26",275
"2020-02-17 16:44:34",275
"2020-02-17 17:44:25",275
"2020-02-17 18:44:26",275
"2020-02-17 19:44:23",275
"2020-02-17 20:44:24",275
"2020-02-17 22:44:32",275
"2020-02-17 23:44:38",275
"2020-02-18 00:44:24",275
"2020-02-18 01:44:25",275
"2020-02-18 02:44:30",275
"2020-02-18 03:44:27",275
"2020-02-18 04:44:27",275
"2020-02-18 05:44:52",275
"2020-02-18 06:44:37",275
"2020-02-18 07:44:36",275
"2020-02-18 08:44:46",275
"2020-02-18 09:44:46",275
"2020-02-18 10:44:41",275
"2020-02-18 11:44:38",275
"2020-02-18 12:44:59",275
"2020-02-18 14:08:44",275
"2020-02-18 14:45:00",275
"2020-02-18 15:44:56",274
"2020-02-18 16:44:56",275
"2020-02-18 17:44:49",276
"2020-02-18 18:44:46",276
"2020-02-18 19:44:52",276
"2020-02-18 20:44:50",276
"2020-02-18 21:44:42",276
"2020-02-18 22:44:40",276
"2020-02-18 23:44:49",276
"2020-02-19 01:44:49",276
"2020-02-19 02:44:48",276
"2020-02-19 03:44:55",276
"2020-02-19 04:44:46",276
"2020-02-19 05:44:38",276
"2020-02-19 06:44:49",276
"2020-02-19 07:44:43",276
"2020-02-19 08:44:39",276
"2020-02-19 09:44:51",276
"2020-02-19 10:44:35",276
"2020-02-19 11:44:34",276
"2020-02-19 12:44:42",276
"2020-02-19 14:10:15",276
"2020-02-19 14:45:00",276
"2020-02-19 15:45:00",276
"2020-02-19 16:44:40",276
"2020-02-19 17:44:52",277
"2020-02-19 18:44:48",277
"2020-02-19 19:44:35",277
"2020-02-19 20:44:40",277
"2020-02-19 21:45:00",277
"2020-02-19 22:44:50",277
"2020-02-19 23:44:42",277
"2020-02-20 00:44:45",277
"2020-02-20 01:44:48",277
"2020-02-20 02:44:56",277
"2020-02-20 03:44:46",277
"2020-02-20 04:44:52",277
"2020-02-20 05:44:43",277
"2020-02-20 06:44:59",277
"2020-02-20 07:44:51",277
"2020-02-20 08:44:59",277
"2020-02-20 09:44:42",277
"2020-02-20 10:44:47",277
"2020-02-20 11:44:48",277
"2020-02-20 12:44:53",277
"2020-02-20 13:44:55",277
"2020-02-20 14:44:36",277
"2020-02-20 15:44:44",278
"2020-02-20 16:44:36",278
"2020-02-20 17:44:47",278
"2020-02-20 18:45:00",278
"2020-02-20 19:45:12",278
"2020-02-20 20:45:06",278
"2020-02-20 21:45:02",278
"2020-02-20 22:45:06",278
"2020-02-20 23:44:59",278
"2020-02-21 00:44:59",278
"2020-02-21 01:45:00",278
"2020-02-21 02:45:10",278
"2020-02-21 03:45:30",278
"2020-02-21 04:45:33",278
"2020-02-21 05:45:08",278
"2020-02-21 06:45:08",278
"2020-02-21 07:45:14",278
"2020-02-21 08:45:05",277
"2020-02-21 09:45:34",277
"2020-02-21 10:45:59",277
"2020-02-21 11:45:25",277
"2020-02-21 12:45:24",277
"2020-02-21 13:45:29",277
"2020-02-21 14:45:28",277
"2020-02-21 15:45:42",277
"2020-02-21 16:45:58",279
"2020-02-21 17:45:53",279
"2020-02-21 18:45:30",279
"2020-02-21 19:45:13",279
"2020-02-21 20:45:09",279
"2020-02-21 21:45:32",279
"2020-02-21 22:45:12",279
"2020-02-21 23:46:45",279
"2020-02-22 00:45:47",279
"2020-02-22 01:45:17",279
"2020-02-22 02:45:17",279
"2020-02-22 03:45:43",279
"2020-02-22 04:45:28",279
"2020-02-22 05:45:07",279
"2020-02-22 06:44:43",279
"2020-02-22 07:45:05",279
"2020-02-22 08:45:27",279
"2020-02-22 09:44:43",279
"2020-02-22 10:44:58",279
"2020-02-22 11:44:43",279
"2020-02-22 12:45:12",279
"2020-02-22 13:46:24",279
"2020-02-22 14:44:43",279
"2020-02-22 15:44:51",279
"2020-02-22 16:45:44",279
"2020-02-22 17:45:21",279
"2020-02-22 18:44:50",279
"2020-02-22 19:44:48",279
"2020-02-22 20:45:13",279
"2020-02-22 21:46:03",279
"2020-02-22 22:45:27",279
"2020-02-22 23:44:43",279
"2020-02-23 00:44:49",279
"2020-02-23 01:44:57",279
"2020-02-23 02:45:06",279
"2020-02-23 03:44:52",279
"2020-02-23 04:45:14",279
"2020-02-23 05:45:11",279
"2020-02-23 06:44:50",279
"2020-02-23 07:44:56",279
"2020-02-23 08:45:27",279
"2020-02-23 09:44:52",279
"2020-02-23 10:44:53",279
"2020-02-23 11:44:55",279
"2020-02-23 12:44:51",279
"2020-02-23 13:44:53",279
"2020-02-23 14:45:13",279
"2020-02-23 15:44:51",279
"2020-02-23 16:44:55",279
"2020-02-23 17:44:45",279
"2020-02-23 18:44:53",279
"2020-02-23 19:44:53",279
"2020-02-23 20:44:52",279
"2020-02-23 21:45:14",279
"2020-02-23 22:44:39",279
"2020-02-23 23:44:55",279
"2020-02-24 00:45:24",279
"2020-02-24 01:44:44",279
"2020-02-24 02:45:19",279
"2020-02-24 03:44:52",279
"2020-02-24 04:44:59",279
"2020-02-24 05:45:43",279
"2020-02-24 06:45:10",279
"2020-02-24 07:45:04",279
"2020-02-24 08:45:14",279
"2020-02-24 09:56:40",279
"2020-02-24 10:45:00",279
"2020-02-24 11:45:32",279
"2020-02-24 12:45:02",279
"2020-02-24 13:45:23",279
"2020-02-24 14:45:57",279
"2020-02-24 15:45:12",279
"2020-02-24 16:45:39",280
"2020-02-24 17:45:14",279
"2020-02-24 18:45:22",276
"2020-02-24 19:45:44",275
"2020-02-24 20:45:40",275
"2020-02-24 21:45:34",275
"2020-02-24 22:45:36",275
"2020-02-24 23:45:07",275
"2020-02-25 00:45:08",275
"2020-02-25 01:45:04",275
"2020-02-25 02:45:21",275
"2020-02-25 03:45:13",275
"2020-02-25 04:45:16",275
"2020-02-25 05:45:53",275
"2020-02-25 06:45:19",275
"2020-02-25 07:45:19",275
"2020-02-25 08:45:34",275
"2020-02-25 09:57:24",275
"2020-02-25 10:45:26",275
"2020-02-25 11:45:11",275
"2020-02-25 12:45:18",275
"2020-02-25 14:09:41",275
"2020-02-25 14:45:21",275
"2020-02-25 15:45:21",275
"2020-02-25 16:45:20",274
"2020-02-25 17:45:19",274
"2020-02-25 18:45:33",274
"2020-02-25 19:45:09",274
"2020-02-25 20:45:42",272
"2020-02-25 21:45:39",272
"2020-02-25 22:45:10",272
"2020-02-25 23:45:16",272
"2020-02-26 00:45:09",272
"2020-02-26 01:45:15",272
"2020-02-26 02:45:12",272
"2020-02-26 03:45:10",272
"2020-02-26 04:45:47",272
"2020-02-26 05:45:38",272
"2020-02-26 06:45:41",272
"2020-02-26 07:45:56",272
"2020-02-26 08:45:28",272
"2020-02-26 09:45:19",272
"2020-02-26 10:45:14",272
"2020-02-26 11:45:30",272
"2020-02-26 12:45:05",272
"2020-02-26 13:45:40",272
"2020-02-26 14:45:57",272
"2020-02-26 15:45:40",274
"2020-02-26 16:45:16",274
"2020-02-26 17:45:23",275
"2020-02-26 18:45:19",275
"2020-02-26 19:45:33",275
"2020-02-26 20:45:34",273
"2020-02-26 21:45:32",273
"2020-02-26 22:45:34",272
"2020-02-26 23:45:35",272
"2020-02-27 00:45:09",272
"2020-02-27 01:45:13",272
"2020-02-27 02:45:05",272
"2020-02-27 03:45:46",272
"2020-02-27 04:45:09",272
"2020-02-27 05:45:12",272
"2020-02-27 06:45:10",272
"2020-02-27 07:45:01",272
"2020-02-27 08:45:34",272
"2020-02-27 09:45:20",272
"2020-02-27 10:45:38",272
"2020-02-27 11:45:19",272
"2020-02-27 12:45:33",272
"2020-02-27 14:08:13",272
"2020-02-27 14:46:00",272
"2020-02-27 15:45:38",271
"2020-02-27 16:45:41",271
"2020-02-27 17:45:24",272
"2020-02-27 18:45:33",274
"2020-02-27 19:45:08",274
"2020-02-27 20:45:23",274
"2020-02-27 21:45:14",273
"2020-02-27 22:45:42",274
"2020-02-27 23:45:20",274
"2020-02-28 00:45:49",274
"2020-02-28 01:45:12",274
"2020-02-28 02:45:09",274
"2020-02-28 03:45:43",274
"2020-02-28 04:45:54",274
"2020-02-28 05:45:34",274
"2020-02-28 06:45:30",274
"2020-02-28 07:45:35",274
"2020-02-28 08:45:43",274
"2020-02-28 09:45:46",274
"2020-02-28 10:45:09",274
"2020-02-28 11:45:20",274
"2020-02-28 12:45:29",274
"2020-02-28 14:08:47",274
"2020-02-28 14:45:21",274
"2020-02-28 15:45:15",273
"2020-02-28 16:45:21",274
"2020-02-28 17:45:18",274
"2020-02-28 18:45:21",275
"2020-02-28 19:45:47",275
"2020-02-28 20:45:13",276
"2020-02-28 21:45:10",277
"2020-02-28 22:45:35",277
"2020-02-28 23:45:13",277
"2020-02-29 00:45:16",277
"2020-02-29 01:45:14",277
"2020-02-29 02:45:18",277
"2020-02-29 03:45:07",277
"2020-02-29 04:45:21",277
"2020-02-29 05:45:26",277
"2020-02-29 06:45:11",277
"2020-02-29 07:46:04",277
"2020-02-29 08:46:29",277
"2020-02-29 09:46:03",277
"2020-02-29 10:44:50",277
"2020-02-29 11:44:45",277
"2020-02-29 12:46:07",277
"2020-02-29 13:46:04",277
"2020-02-29 14:44:54",277
"2020-02-29 15:44:53",277
"2020-02-29 16:45:20",277
"2020-02-29 17:45:15",277
"2020-02-29 18:44:55",277
"2020-02-29 19:44:53",277
"2020-02-29 20:44:47",277
"2020-02-29 21:45:05",277
"2020-02-29 22:46:30",277
"2020-02-29 23:45:59",277
"2020-03-01 00:46:01",277
"2020-03-01 01:46:03",277
"2020-03-01 02:44:56",277
"2020-03-01 03:46:02",277
"2020-03-01 04:44:50",277
"2020-03-01 05:45:15",277
"2020-03-01 06:44:53",277
"2020-03-01 07:45:10",277
"2020-03-01 08:44:47",277
"2020-03-01 09:46:02",277
"2020-03-01 10:45:58",277
"2020-03-01 11:45:07",277
"2020-03-01 12:45:15",277
"2020-03-01 13:44:49",277
"2020-03-01 14:44:44",277
"2020-03-01 15:46:04",277
"2020-03-01 16:45:19",277
"2020-03-01 17:45:59",277
"2020-03-01 18:46:06",277
"2020-03-01 19:46:08",277
"2020-03-01 20:46:06",277
"2020-03-01 21:44:51",277
"2020-03-01 22:44:52",277
"2020-03-01 23:46:04",277
"2020-03-02 00:44:43",277
"2020-03-02 01:45:17",277
"2020-03-02 02:46:01",277
"2020-03-02 03:46:31",277
"2020-03-02 04:45:21",277
"2020-03-02 05:46:28",277
"2020-03-02 07:45:14",277
"2020-03-02 08:46:28",277
"2020-03-02 09:46:18",277
"2020-03-02 10:45:25",277
"2020-03-02 11:45:13",277
"2020-03-02 12:45:31",277
"2020-03-02 13:46:31",277
"2020-03-02 18:47:00",279
"2020-03-03 00:45:33",281
"2020-03-03 01:45:50",281
"2020-03-03 02:45:38",281
"2020-03-03 03:46:01",281
"2020-03-03 04:46:28",281
"2020-03-03 06:46:46",281
"2020-03-03 07:45:33",281
"2020-03-03 08:46:55",281
"2020-03-03 09:47:02",281
"2020-03-03 10:45:36",281
"2020-03-03 11:47:18",281
"2020-03-03 12:45:33",281
"2020-03-03 13:47:02",281
"2020-03-03 14:46:45",281
"2020-03-03 16:47:30",282
"2020-03-03 17:47:06",285
"2020-03-03 18:45:14",285
"2020-03-03 19:45:09",285
"2020-03-03 20:45:44",284
"2020-03-03 21:45:35",284
"2020-03-03 22:47:36",284
"2020-03-03 23:46:24",284
"2020-03-04 00:46:49",284
"2020-03-04 01:46:31",284
"2020-03-04 02:45:19",284
"2020-03-04 03:45:29",284
"2020-03-04 04:46:56",284
"2020-03-04 05:45:21",284
"2020-03-04 06:46:46",284
"2020-03-04 07:45:36",284
"2020-03-04 08:46:28",284
"2020-03-04 09:45:34",284
"2020-03-04 10:45:06",284
"2020-03-04 11:46:49",284
"2020-03-04 12:46:45",284
"2020-03-04 13:47:04",284
"2020-03-04 14:45:13",284
"2020-03-04 15:47:00",286
"2020-03-04 16:45:19",286
"2020-03-04 17:45:33",288
"2020-03-04 18:46:26",288
"2020-03-04 19:46:34",289
"2020-03-04 20:46:32",289
"2020-03-04 21:45:06",289
"2020-03-04 22:46:28",289
"2020-03-04 23:45:21",289
"2020-03-05 00:45:29",289
"2020-03-05 01:45:38",289
"2020-03-05 02:45:18",289
"2020-03-05 03:45:18",289
"2020-03-05 04:45:42",289
"2020-03-05 05:45:39",289
"2020-03-05 06:45:22",289
"2020-03-05 07:45:12",289
"2020-03-05 08:46:44",289
"2020-03-05 09:45:42",289
"2020-03-05 10:45:11",289
"2020-03-05 11:46:14",289
"2020-03-05 12:45:31",289
"2020-03-05 13:45:41",289
"2020-03-05 14:46:33",289
"2020-03-05 15:45:42",289
"2020-03-05 16:46:32",287
"2020-03-05 17:45:19",287
"2020-03-05 18:45:26",287
"2020-03-05 19:45:18",288
"2020-03-05 20:45:17",288
"2020-03-05 21:45:14",288
"2020-03-05 22:46:30",288
"2020-03-05 23:46:30",288
"2020-03-06 00:45:12",288
"2020-03-06 01:45:22",288
"2020-03-06 02:46:38",288
"2020-03-06 03:46:31",288
"2020-03-06 04:46:33",288
"2020-03-06 05:46:35",288
"2020-03-06 06:46:55",288
"2020-03-06 07:46:26",288
"2020-03-06 08:45:34",288
"2020-03-06 09:46:39",288
"2020-03-06 10:45:17",288
"2020-03-06 11:46:51",288
"2020-03-06 12:45:24",288
"2020-03-06 13:45:05",288
"2020-03-06 14:47:13",288
"2020-03-06 15:45:44",286
"2020-03-06 16:45:45",286
"2020-03-06 17:45:27",286
"2020-03-06 18:45:14",286
"2020-03-06 19:45:34",286
"2020-03-06 20:45:22",286
"2020-03-06 21:45:13",286
"2020-03-06 22:45:17",286
"2020-03-06 23:45:39",286
"2020-03-07 00:45:13",286
"2020-03-07 01:45:41",286
"2020-03-07 02:45:16",286
"2020-03-07 03:46:55",286
"2020-03-07 04:47:03",286
"2020-03-07 05:46:39",286
"2020-03-07 06:46:33",286
"2020-03-07 07:45:45",286
"2020-03-07 08:46:29",286
"2020-03-07 09:45:34",286
"2020-03-07 10:45:39",286
"2020-03-07 11:46:30",286
"2020-03-07 12:45:35",286
"2020-03-07 13:45:11",286
"2020-03-07 14:45:25",286
"2020-03-07 15:45:19",286
"2020-03-07 16:45:19",286
"2020-03-07 17:45:42",286
"2020-03-07 18:45:23",286
"2020-03-07 19:45:21",286
"2020-03-07 20:46:35",286
"2020-03-07 21:47:00",286
"2020-03-07 22:46:38",286
"2020-03-07 23:46:38",286
"2020-03-08 00:45:21",286
"2020-03-08 01:45:36",286
"2020-03-08 02:45:40",286
"2020-03-08 03:46:40",286
"2020-03-08 04:46:34",286
"2020-03-08 05:46:40",286
"2020-03-08 06:46:03",286
"2020-03-08 07:46:33",286
"2020-03-08 08:46:41",286
"2020-03-08 09:45:47",286
"2020-03-08 10:46:39",286
"2020-03-08 11:45:43",286
"2020-03-08 12:46:57",286
"2020-03-08 13:47:01",286
"2020-03-08 14:45:17",286
"2020-03-08 15:46:40",286
"2020-03-08 16:45:14",286
"2020-03-08 17:45:23",286
"2020-03-08 18:47:02",286
"2020-03-08 19:46:06",286
"2020-03-08 20:45:47",286
"2020-03-08 21:45:10",286
"2020-03-08 22:46:32",286
"2020-03-08 23:45:24",286
"2020-03-09 00:46:49",286
"2020-03-09 01:45:24",286
"2020-03-09 02:46:48",286
"2020-03-09 03:46:41",286
"2020-03-09 04:46:34",286
"2020-03-09 05:45:12",286
"2020-03-09 06:45:14",286
"2020-03-09 07:45:19",286
"2020-03-09 08:45:15",286
"2020-03-09 09:45:37",286
"2020-03-09 10:46:24",286
"2020-03-09 11:46:30",286
"2020-03-09 12:45:56",286
"2020-03-09 13:45:05",286
"2020-03-09 14:46:36",287
"2020-03-09 15:45:40",285
"2020-03-09 16:45:24",286
"2020-03-09 17:44:56",287
"2020-03-09 18:45:01",287
"2020-03-09 19:45:16",286
"2020-03-09 20:45:22",286
"2020-03-09 21:46:28",286
"2020-03-09 22:46:27",286
"2020-03-09 23:47:00",286
"2020-03-10 00:45:07",286
"2020-03-10 01:46:30",286
"2020-03-10 02:45:42",286
"2020-03-10 03:46:55",286
"2020-03-10 04:45:36",286
"2020-03-10 06:46:49",286
"2020-03-10 07:46:48",286
"2020-03-10 08:45:24",286
"2020-03-10 09:46:24",286
"2020-03-10 10:46:14",286
"2020-03-10 11:46:30",286
"2020-03-10 12:45:35",286
"2020-03-10 13:45:52",286
"2020-03-10 14:46:56",286
"2020-03-10 15:46:59",288
"2020-03-10 16:45:09",288
"2020-03-10 17:46:36",289
"2020-03-10 18:46:33",289
"2020-03-10 19:46:37",289
"2020-03-10 20:48:01",289
"2020-03-10 21:46:50",289
"2020-03-10 22:46:29",289
"2020-03-10 23:45:35",289
"2020-03-11 00:46:40",289
"2020-03-11 01:46:46",289
"2020-03-11 02:46:58",289
"2020-03-11 03:45:38",289
"2020-03-11 04:45:44",289
"2020-03-11 05:46:50",289
"2020-03-11 06:46:31",289
"2020-03-11 07:45:16",289
"2020-03-11 08:45:43",289
"2020-03-11 09:45:06",289
"2020-03-11 10:45:13",289
"2020-03-11 11:46:36",289
"2020-03-11 12:46:47",289
"2020-03-11 13:46:35",289
"2020-03-11 14:45:41",290
"2020-03-11 15:45:19",290
"2020-03-11 16:46:55",289
"2020-03-11 17:45:39",289
"2020-03-11 18:45:16",290
"2020-03-11 19:46:52",290
"2020-03-11 20:46:58",290
"2020-03-11 21:45:40",290
"2020-03-11 22:45:41",290
"2020-03-11 23:45:56",290
"2020-03-12 00:45:10",290
"2020-03-12 01:46:33",290
"2020-03-12 02:45:32",290
"2020-03-12 03:46:34",290
"2020-03-12 04:46:50",290
"2020-03-12 05:45:45",290
"2020-03-12 06:45:29",290
"2020-03-12 07:45:35",290
"2020-03-12 08:46:45",290
"2020-03-12 09:46:01",290
"2020-03-12 10:46:32",290
"2020-03-12 11:46:31",290
"2020-03-12 12:46:29",290
"2020-03-12 13:47:06",290
"2020-03-12 14:45:13",290
"2020-03-12 15:45:13",293
"2020-03-12 16:45:25",292
"2020-03-12 17:45:18",293
"2020-03-12 18:46:53",294
"2020-03-12 19:45:45",295
"2020-03-12 20:45:23",295
"2020-03-12 21:47:08",295
"2020-03-12 22:45:11",295
"2020-03-12 23:46:58",295
"2020-03-13 00:46:59",295
"2020-03-13 01:45:12",295
"2020-03-13 02:46:38",295
"2020-03-13 03:46:41",295
"2020-03-13 04:45:38",295
"2020-03-13 05:45:50",295
"2020-03-13 06:47:17",295
"2020-03-13 07:47:09",295
"2020-03-13 08:47:16",295
"2020-03-13 09:47:23",295
"2020-03-13 10:45:43",295
"2020-03-13 11:46:26",295
"2020-03-13 13:08:17",295
"2020-03-13 13:45:55",295
"2020-03-13 14:45:53",295
"2020-03-13 15:45:48",297
"2020-03-13 16:46:40",297
"2020-03-13 17:46:33",298
"2020-03-13 18:47:02",299
"2020-03-13 19:46:38",299
"2020-03-13 20:45:21",299
"2020-03-13 21:45:41",299
"2020-03-13 22:45:21",299
"2020-03-13 23:46:30",299
"2020-03-14 00:45:43",299
"2020-03-14 01:46:58",299
"2020-03-14 02:46:43",299
"2020-03-14 03:45:42",299
"2020-03-14 04:46:57",299
"2020-03-14 05:46:39",299
"2020-03-14 06:45:45",299
"2020-03-14 07:46:54",299
"2020-03-14 08:46:36",299
"2020-03-14 09:46:39",299
"2020-03-14 10:45:33",299
"2020-03-14 11:45:30",299
"2020-03-14 12:45:35",299
"2020-03-14 13:45:19",299
"2020-03-14 14:46:38",299
"2020-03-14 15:45:23",299
"2020-03-14 16:46:31",299
"2020-03-14 17:45:39",299
"2020-03-14 18:46:37",299
"2020-03-14 19:45:45",299
"2020-03-14 20:46:43",299
"2020-03-14 21:46:35",299
"2020-03-14 22:47:02",299
"2020-03-14 23:46:28",299
"2020-03-15 00:45:35",299
"2020-03-15 01:45:38",299
"2020-03-15 02:46:54",299
"2020-03-15 03:46:57",299
"2020-03-15 04:45:25",299
"2020-03-15 05:46:58",299
"2020-03-15 06:45:48",299
"2020-03-15 07:47:06",299
"2020-03-15 09:01:07",299
"2020-03-15 09:46:01",299
"2020-03-15 10:46:29",299
"2020-03-15 11:47:00",299
"2020-03-15 12:46:31",299
"2020-03-15 13:45:23",299
"2020-03-15 14:46:02",299
"2020-03-15 15:45:36",299
"2020-03-15 16:46:29",299
"2020-03-15 17:45:47",299
"2020-03-15 18:46:57",299
"2020-03-15 19:46:35",299
"2020-03-15 20:45:42",299
"2020-03-15 21:45:48",299
"2020-03-15 22:46:35",299
"2020-03-15 23:46:28",299
"2020-03-16 00:45:22",299
"2020-03-16 01:45:20",299
"2020-03-16 02:45:17",299
"2020-03-16 03:46:17",299
"2020-03-16 04:46:37",299
"2020-03-16 05:46:58",299
"2020-03-16 06:45:37",299
"2020-03-16 07:46:55",299
"2020-03-16 08:59:43",299
"2020-03-16 09:46:29",299
"2020-03-16 10:45:44",299
"2020-03-16 11:46:33",299
"2020-03-16 13:09:53",299
"2020-03-16 13:46:46",299
"2020-03-16 14:45:30",301
"2020-03-16 15:46:25",302
"2020-03-16 16:45:29",302
"2020-03-16 17:45:46",301
"2020-03-16 18:45:23",302
"2020-03-16 19:46:56",302
"2020-03-16 20:45:13",302
"2020-03-16 21:45:47",302
"2020-03-16 22:45:26",302
"2020-03-16 23:46:43",302
"2020-03-17 00:46:38",302
"2020-03-17 01:45:30",302
"2020-03-17 02:46:39",302
"2020-03-17 20:11:43",299
"2020-03-17 20:19:30",299
"2020-03-17 20:45:46",299
"2020-03-17 21:45:30",299
"2020-03-17 22:45:23",299
"2020-03-17 23:45:33",299
"2020-03-18 00:45:42",299
"2020-03-18 01:45:51",299
"2020-03-18 02:45:49",299
"2020-03-18 03:45:54",299
"2020-03-18 04:45:45",299
"2020-03-18 05:45:50",299
"2020-03-18 06:45:32",299
"2020-03-18 07:45:51",299
"2020-03-18 08:45:14",299
"2020-03-18 09:45:41",299
"2020-03-18 10:45:22",299
"2020-03-18 11:45:20",299
"2020-03-18 13:09:50",299
"2020-03-18 13:45:59",299
"2020-03-18 14:45:31",302
"2020-03-18 15:45:38",303
"2020-03-18 16:45:32",301
"2020-03-18 17:45:55",301
"2020-03-18 18:45:26",301
"2020-03-18 19:45:39",299
"2020-03-18 20:45:27",299
"2020-03-18 21:45:28",299
"2020-03-18 22:45:21",299
"2020-03-18 23:45:41",299
"2020-03-19 00:45:33",299
"2020-03-19 01:45:39",299
"2020-03-19 02:45:19",299
"2020-03-19 03:45:13",299
"2020-03-19 04:45:23",299
"2020-03-19 05:47:01",299
"2020-03-19 06:45:32",299
"2020-03-19 07:45:32",299
"2020-03-19 08:45:24",299
"2020-03-19 09:45:40",299
"2020-03-19 10:45:12",299
"2020-03-19 11:45:20",299
"2020-03-19 12:45:20",299
"2020-03-19 13:45:27",299
"2020-03-19 14:45:30",300
"2020-03-19 15:45:31",301
"2020-03-19 16:45:31",303
"2020-03-19 17:45:29",304
"2020-03-19 18:45:18",304
"2020-03-19 19:45:36",304
"2020-03-19 20:45:53",304
"2020-03-19 21:45:42",304
"2020-03-19 22:45:23",304
"2020-03-19 23:46:07",304
"2020-03-20 00:45:22",304
"2020-03-20 01:45:24",304
"2020-03-20 02:46:10",304
"2020-03-20 03:45:35",304
"2020-03-20 04:45:30",304
"2020-03-20 06:45:48",304
"2020-03-20 07:45:29",304
"2020-03-20 08:46:12",304
"2020-03-20 09:45:44",304
"2020-03-20 10:45:25",304
"2020-03-20 11:45:27",304
"2020-03-20 13:08:45",304
"2020-03-20 13:45:56",304
"2020-03-20 14:45:28",308
"2020-03-20 15:45:22",309
"2020-03-20 16:45:29",310
"2020-03-20 17:45:29",311
"2020-03-20 18:45:18",312
"2020-03-20 19:45:30",313
"2020-03-20 20:45:25",315
"2020-03-20 21:45:20",315
"2020-03-20 22:45:51",315
"2020-03-20 23:45:51",315
"2020-03-21 00:45:30",315
"2020-03-21 01:45:29",315
"2020-03-21 02:45:43",315
"2020-03-21 03:45:50",315
"2020-03-21 04:45:22",315
"2020-03-21 05:45:21",315
"2020-03-21 06:45:25",315
"2020-03-21 07:45:42",315
"2020-03-21 08:45:48",315
"2020-03-21 09:45:22",315
"2020-03-21 10:45:29",315
"2020-03-21 11:45:37",315
"2020-03-21 12:45:13",315
"2020-03-21 13:45:24",315
"2020-03-21 14:46:01",315
"2020-03-21 15:45:42",315
"2020-03-21 16:45:38",315
"2020-03-21 17:45:51",315
"2020-03-21 18:45:30",315
"2020-03-21 19:45:31",315
"2020-03-21 20:45:17",315
"2020-03-21 21:45:32",315
"2020-03-21 22:45:18",315
"2020-03-21 23:45:25",315
"2020-03-22 00:45:18",315
"2020-03-22 01:45:45",315
"2020-03-22 02:45:19",315
"2020-03-22 03:46:02",315
"2020-03-22 04:45:30",315
"2020-03-22 05:45:34",315
"2020-03-22 06:45:49",315
"2020-03-22 07:45:46",315
"2020-03-22 09:15:27",315
"2020-03-22 09:45:30",315
"2020-03-22 10:45:42",315
"2020-03-22 11:45:19",315
"2020-03-22 12:45:41",315
"2020-03-22 21:55:22",315
"2020-03-22 22:45:42",315
"2020-03-22 23:45:26",315
"2020-03-23 00:45:59",315
"2020-03-23 01:45:45",315
"2020-03-23 02:45:19",315
"2020-03-23 03:45:27",315
"2020-03-23 04:45:59",315
"2020-03-23 05:45:44",315
"2020-03-23 06:45:42",315
"2020-03-23 07:45:26",315
"2020-03-23 08:45:31",315
"2020-03-23 09:45:47",315
"2020-03-23 10:45:25",315
"2020-03-23 11:45:45",315
"2020-03-23 13:08:15",315
"2020-03-23 13:45:34",315
"2020-03-23 14:45:47",315
"2020-03-23 15:45:36",315
"2020-03-23 16:45:52",314
"2020-03-23 17:45:27",313
"2020-03-23 18:45:19",312
"2020-03-23 19:45:42",312
"2020-03-23 20:45:46",312
"2020-03-23 21:45:29",312
"2020-03-23 22:45:26",312
"2020-03-23 23:45:21",312
"2020-03-24 00:45:24",312
"2020-03-24 01:45:22",312
"2020-03-24 02:45:24",312
"2020-03-24 03:45:30",312
"2020-03-24 04:45:49",312
"2020-03-24 05:46:58",312
"2020-03-24 06:45:50",312
"2020-03-24 07:45:58",312
"2020-03-24 09:09:46",312
"2020-03-24 09:45:16",312
"2020-03-24 10:45:14",312
"2020-03-24 11:45:25",312
"2020-03-24 12:45:06",312
"2020-03-24 13:46:14",312
"2020-03-24 14:46:27",315
"2020-03-24 15:46:03",315
"2020-03-24 16:46:21",318
"2020-03-24 17:45:48",318
"2020-03-24 18:45:46",320
"2020-03-24 19:45:33",321
"2020-03-24 20:45:18",323
"2020-03-24 21:45:14",323
"2020-03-24 22:45:49",323
"2020-03-24 23:45:43",323
"2020-03-25 00:45:23",323
"2020-03-25 01:45:26",323
"2020-03-25 02:45:19",323
"2020-03-25 03:45:19",323
"2020-03-25 04:45:10",323
"2020-03-25 06:45:54",323
"2020-03-25 07:45:22",323
"2020-03-25 09:46:33",323
"2020-03-25 10:45:26",323
"2020-03-25 11:45:40",323
"2020-03-25 12:45:45",323
"2020-03-25 13:45:55",323
"2020-03-25 14:45:56",321
"2020-03-25 15:46:10",324
"2020-03-25 16:45:52",326
"2020-03-25 17:45:32",329
"2020-03-25 18:45:23",329
"2020-03-25 19:45:23",328
"2020-03-25 20:45:33",327
"2020-03-25 21:45:17",326
"2020-03-25 22:45:19",326
"2020-03-25 23:45:28",326
"2020-03-26 02:06:37",326
"2020-03-26 02:45:25",326
"2020-03-26 03:45:39",326
"2020-03-26 04:46:14",326
"2020-03-26 05:45:35",326
"2020-03-26 06:45:31",326
"2020-03-26 07:45:35",326
"2020-03-26 08:45:23",326
"2020-03-26 09:45:42",326
"2020-03-26 10:45:13",326
"2020-03-26 11:45:28",326
"2020-03-26 12:45:27",326
"2020-03-26 13:45:31",326
"2020-03-26 14:45:39",327
"2020-03-26 15:45:35",327
"2020-03-26 16:45:29",327
"2020-03-26 17:45:44",326
"2020-03-26 18:45:24",326
"2020-03-26 19:45:24",325
"2020-03-26 20:45:27",325
"2020-03-26 21:45:37",326
"2020-03-26 22:45:17",326
"2020-03-26 23:45:47",326
"2020-03-27 00:45:32",326
"2020-03-27 01:45:38",326
"2020-03-27 02:45:51",326
"2020-03-27 03:45:27",326
"2020-03-27 04:45:35",326
"2020-03-27 05:45:27",326
"2020-03-27 06:45:47",326
"2020-03-27 07:45:50",326
"2020-03-27 08:47:11",326
"2020-03-27 09:46:05",326
"2020-03-27 10:45:36",326
"2020-03-27 11:45:22",326
"2020-03-27 12:45:20",326
"2020-03-27 13:45:43",326
"2020-03-27 14:45:28",325
"2020-03-27 15:45:30",323
"2020-03-27 16:45:39",323
"2020-03-27 17:45:27",323
"2020-03-27 18:45:53",323
"2020-03-27 19:45:29",323
"2020-03-27 20:45:24",323
"2020-03-27 21:45:51",323
"2020-03-27 22:45:30",323
"2020-03-27 23:45:39",323
"2020-03-28 00:45:42",323
"2020-03-28 01:45:12",323
"2020-03-28 02:45:16",323
"2020-03-28 03:45:31",323
"2020-03-28 04:45:23",323
"2020-03-28 05:46:07",323
"2020-03-28 06:45:29",323
"2020-03-28 07:45:15",323
"2020-03-28 08:45:29",323
"2020-03-28 09:45:43",323
"2020-03-28 10:45:51",323
"2020-03-28 11:45:24",323
"2020-03-28 12:45:44",323
"2020-03-28 13:45:41",323
"2020-03-28 14:45:27",323
"2020-03-28 15:45:24",323
"2020-03-28 16:45:18",323
"2020-03-28 17:45:29",323
"2020-03-28 18:45:32",323
"2020-03-28 19:45:18",323
"2020-03-28 20:45:29",323
"2020-03-28 21:45:17",323
"2020-03-28 22:46:06",323
"2020-03-28 23:45:30",323
"2020-03-29 00:45:35",323
"2020-03-29 01:45:45",323
"2020-03-29 02:46:06",323
"2020-03-29 03:46:13",323
"2020-03-29 04:45:45",323
"2020-03-29 05:45:39",323
"2020-03-29 06:46:16",323
"2020-03-29 07:45:42",323
"2020-03-29 08:45:31",323
"2020-03-29 09:45:28",323
"2020-03-29 10:46:03",323
"2020-03-29 11:45:29",323
"2020-03-29 12:45:24",323
"2020-03-29 13:45:21",323
"2020-03-29 14:45:21",323
"2020-03-29 15:45:27",323
"2020-03-29 16:45:29",323
"2020-03-29 17:45:48",323
"2020-03-29 18:45:21",323
"2020-03-29 19:45:23",323
"2020-03-29 20:45:21",323
"2020-03-29 21:46:03",323
"2020-03-29 22:45:31",323
"2020-03-29 23:45:30",323
"2020-03-30 00:45:30",323
"2020-03-30 01:45:25",323
"2020-03-30 02:45:54",323
"2020-03-30 03:45:31",323
"2020-03-30 04:45:52",323
"2020-03-30 05:45:19",323
"2020-03-30 06:45:35",323
"2020-03-30 07:45:50",323
"2020-03-30 08:45:29",323
"2020-03-30 09:45:19",323
"2020-03-30 10:45:23",323
"2020-03-30 11:45:11",323
"2020-03-30 12:45:22",323
"2020-03-30 13:45:55",323
"2020-03-30 14:45:23",326
"2020-03-30 15:45:48",326
"2020-03-30 16:45:30",326
"2020-03-30 17:45:43",326
"2020-03-30 18:45:32",326
"2020-03-30 19:45:46",326
"2020-03-30 20:45:24",327
"2020-03-30 21:45:40",327
"2020-03-30 22:45:17",327
"2020-03-30 23:45:18",327
"2020-03-31 00:45:10",327
"2020-03-31 01:45:24",327
"2020-03-31 02:45:23",327
"2020-03-31 03:45:36",327
"2020-03-31 04:45:19",327
"2020-03-31 05:45:22",327
"2020-03-31 06:45:20",327
"2020-03-31 07:45:30",327
"2020-03-31 08:45:26",327
"2020-03-31 09:45:26",327
"2020-03-31 10:45:21",327
"2020-03-31 11:45:52",327
"2020-03-31 13:07:16",327
"2020-03-31 13:45:24",327
"2020-03-31 14:45:58",328
"2020-03-31 15:45:27",327
"2020-03-31 16:45:57",327
"2020-03-31 17:45:29",327
"2020-03-31 18:45:45",326
"2020-03-31 19:45:24",327
"2020-03-31 20:45:43",327
"2020-03-31 21:45:23",327
"2020-03-31 22:45:30",327
"2020-03-31 23:45:19",327
"2020-04-01 00:45:01",327
"2020-04-01 01:45:02",327
"2020-04-01 02:44:59",327
"2020-04-01 03:45:06",327
"2020-04-01 04:45:18",327
"2020-04-01 05:45:33",327
"2020-04-01 06:45:09",327
"2020-04-01 07:45:25",327
"2020-04-01 08:44:59",327
"2020-04-01 09:45:11",327
"2020-04-01 10:44:51",327
"2020-04-01 11:45:38",327
"2020-04-01 13:10:17",327
"2020-04-01 13:45:04",327
"2020-04-01 14:45:39",327
"2020-04-01 15:45:21",327
"2020-04-01 16:44:54",327
"2020-04-01 17:44:52",327
"2020-04-01 18:44:55",326
"2020-04-01 19:45:00",326
"2020-04-01 20:45:03",327
"2020-04-01 21:44:54",327
"2020-04-01 22:44:54",327
"2020-04-01 23:45:22",327
"2020-04-02 00:44:59",327
"2020-04-02 01:45:23",327
"2020-04-02 02:44:59",327
"2020-04-02 03:45:20",327
"2020-04-02 04:45:02",327
"2020-04-02 05:45:08",327
"2020-04-02 06:44:48",327
"2020-04-02 07:45:22",327
"2020-04-02 08:45:49",327
"2020-04-02 09:45:21",327
"2020-04-02 10:45:01",327
"2020-04-02 11:44:57",327
"2020-04-02 13:11:18",327
"2020-04-02 13:45:27",327
"2020-04-02 14:44:52",329
"2020-04-02 15:45:08",329
"2020-04-02 16:44:49",331
"2020-04-02 17:44:54",331
"2020-04-02 18:45:40",331
"2020-04-02 19:44:55",331
"2020-04-02 20:45:16",331
"2020-04-02 21:45:42",331
"2020-04-02 22:45:27",331
"2020-04-02 23:44:54",331
"2020-04-03 00:45:05",331
"2020-04-03 01:45:23",331
"2020-04-03 02:45:03",331
"2020-04-03 03:44:57",331
"2020-04-03 04:45:14",331
"2020-04-03 05:45:22",331
"2020-04-03 06:45:00",331
"2020-04-03 08:45:03",331
"2020-04-03 09:45:00",331
"2020-04-03 10:45:20",331
"2020-04-03 11:44:55",331
"2020-04-03 13:12:20",331
"2020-04-03 13:45:11",331
"2020-04-03 14:45:13",331
"2020-04-03 15:45:27",333
"2020-04-03 16:45:24",334
"2020-04-03 17:45:26",335
"2020-04-03 18:45:26",335
"2020-04-03 19:45:00",335
"2020-04-03 20:44:58",335
"2020-04-03 21:45:08",335
"2020-04-03 22:45:41",335
"2020-04-03 23:45:04",335
"2020-04-04 00:44:56",335
"2020-04-04 01:45:21",335
"2020-04-04 02:45:05",335
"2020-04-04 03:45:09",335
"2020-04-04 04:45:14",335
"2020-04-04 05:45:21",335
"2020-04-04 06:44:56",335
"2020-04-04 07:45:28",335
"2020-04-04 08:45:18",335
"2020-04-04 09:45:16",335
"2020-04-04 10:45:01",335
"2020-04-04 11:45:02",335
"2020-04-04 12:45:00",335
"2020-04-04 13:44:59",335
"2020-04-04 14:45:13",335
"2020-04-04 15:44:54",335
"2020-04-04 16:45:01",335
"2020-04-04 17:45:01",335
"2020-04-04 18:44:58",335
"2020-04-04 19:45:01",335
"2020-04-04 20:44:55",335
"2020-04-04 21:44:56",335
"2020-04-04 22:45:27",335
"2020-04-04 23:44:57",335
"2020-04-05 00:45:37",335
"2020-04-05 01:45:21",335
"2020-04-05 02:44:55",335
"2020-04-05 03:45:01",335
"2020-04-05 04:45:21",335
"2020-04-05 05:45:16",335
"2020-04-05 06:45:19",335
"2020-04-05 07:45:02",335
"2020-04-05 08:45:07",335
"2020-04-05 09:44:58",335
"2020-04-05 10:45:27",335
"2020-04-05 11:45:21",335
"2020-04-05 12:44:56",335
"2020-04-05 13:45:24",335
"2020-04-05 14:45:01",335
"2020-04-05 15:44:54",335
"2020-04-05 16:45:23",335
"2020-04-05 17:44:51",335
"2020-04-05 18:45:03",335
"2020-04-05 19:44:56",335
"2020-04-05 20:45:02",335
"2020-04-05 21:45:05",335
"2020-04-05 22:45:17",335
"2020-04-05 23:44:55",335
"2020-04-06 00:44:54",335
"2020-04-06 01:45:03",335
"2020-04-06 02:45:18",335
"2020-04-06 03:45:45",335
"2020-04-06 04:44:50",335
"2020-04-06 05:45:11",335
"2020-04-06 06:45:12",335
"2020-04-06 07:45:02",335
"2020-04-06 08:45:21",335
"2020-04-06 09:44:59",335
"2020-04-06 10:45:11",335
"2020-04-06 11:44:51",335
"2020-04-06 12:45:10",335
"2020-04-06 13:45:06",335
"2020-04-06 14:45:01",334
"2020-04-06 15:45:02",335
"2020-04-06 16:44:56",334
"2020-04-06 17:44:56",334
"2020-04-06 18:47:16",335
"2020-04-06 19:45:20",334
"2020-04-06 20:44:58",333
"2020-04-06 21:44:52",333
"2020-04-06 22:45:03",333
"2020-04-06 23:45:13",333
"2020-04-07 00:45:03",333
"2020-04-07 01:45:11",333
"2020-04-07 02:45:03",333
"2020-04-07 03:44:57",333
"2020-04-07 04:44:56",333
"2020-04-07 05:44:51",333
"2020-04-07 06:45:08",333
"2020-04-07 07:45:02",333
"2020-04-07 08:45:18",333
"2020-04-07 09:44:57",333
"2020-04-07 10:44:48",333
"2020-04-07 11:44:55",333
"2020-04-07 12:44:57",333
"2020-04-07 13:45:01",333
"2020-04-07 14:44:47",333
"2020-04-07 15:44:52",331
"2020-04-07 16:45:05",332
"2020-04-07 17:44:50",333
"2020-04-07 18:44:52",334
"2020-04-07 19:44:49",334
"2020-04-07 20:45:00",334
"2020-04-07 21:45:05",334
"2020-04-07 22:44:54",334
"2020-04-07 23:44:58",334
"2020-04-08 00:45:04",334
"2020-04-08 01:44:52",334
"2020-04-08 02:44:44",334
"2020-04-08 03:45:05",334
"2020-04-08 04:44:48",334
"2020-04-08 06:45:00",334
"2020-04-08 07:45:08",334
"2020-04-08 08:45:12",334
"2020-04-08 09:44:59",334
"2020-04-08 10:44:53",334
"2020-04-08 11:44:51",334
"2020-04-08 12:44:51",334
"2020-04-08 13:44:56",334
"2020-04-08 14:44:48",335
"2020-04-08 15:45:02",335
"2020-04-08 16:44:52",334
"2020-04-08 17:45:09",334
"2020-04-08 18:44:51",334
"2020-04-08 19:45:07",334
"2020-04-08 20:44:58",334
"2020-04-08 21:44:53",334
"2020-04-08 22:44:46",334
"2020-04-08 23:44:55",334
"2020-04-09 00:44:50",334
"2020-04-09 02:44:54",334
"2020-04-09 03:44:51",334
"2020-04-09 04:45:11",334
"2020-04-09 05:45:01",334
"2020-04-09 06:45:13",334
"2020-04-09 07:44:46",334
"2020-04-09 08:44:48",334
"2020-04-09 09:44:46",334
"2020-04-09 10:44:53",334
"2020-04-09 11:44:51",334
"2020-04-09 12:44:49",334
"2020-04-09 13:45:02",334
"2020-04-09 14:45:00",334
"2020-04-09 15:44:41",335
"2020-04-09 16:44:52",335
"2020-04-09 17:44:51",335
"2020-04-09 18:44:41",335
"2020-04-09 19:45:05",336
"2020-04-09 20:44:51",336
"2020-04-09 21:44:51",336
"2020-04-09 22:44:48",336
"2020-04-09 23:44:47",336
"2020-04-10 00:44:51",336
"2020-04-10 01:44:46",336
"2020-04-10 02:44:57",336
"2020-04-10 03:44:55",336
"2020-04-10 04:44:48",336
"2020-04-10 05:44:58",336
"2020-04-10 06:44:48",336
"2020-04-10 07:44:51",336
"2020-04-10 08:44:57",336
"2020-04-10 09:44:51",336
"2020-04-10 10:44:55",336
"2020-04-10 11:44:53",336
"2020-04-10 12:44:51",336
"2020-04-10 13:44:54",336
"2020-04-10 14:45:03",336
"2020-04-10 15:44:52",336
"2020-04-10 16:44:46",336
"2020-04-10 17:44:52",336
"2020-04-10 18:44:51",336
"2020-04-10 19:44:51",336
"2020-04-10 20:45:07",336
"2020-04-10 21:44:37",336
"2020-04-10 22:44:35",336
"2020-04-10 23:44:35",336
"2020-04-11 00:44:40",336
"2020-04-11 01:44:32",336
"2020-04-11 02:44:36",336
"2020-04-11 03:44:36",336
"2020-04-11 04:44:40",336
"2020-04-11 05:44:34",336
"2020-04-11 06:44:36",336
"2020-04-11 07:44:35",336
"2020-04-11 08:44:30",336
"2020-04-11 09:44:31",336
"2020-04-11 10:44:41",336
"2020-04-11 11:44:30",336
"2020-04-11 12:44:34",336
"2020-04-11 13:44:40",336
"2020-04-11 14:44:30",336
"2020-04-11 15:44:41",336
"2020-04-11 16:44:39",336
"2020-04-11 17:44:38",336
"2020-04-11 18:44:38",336
"2020-04-11 19:44:34",336
"2020-04-11 20:44:29",336
"2020-04-11 21:44:35",336
"2020-04-11 22:44:35",336
"2020-04-11 23:44:35",336
"2020-04-12 00:44:43",336
"2020-04-12 01:44:34",336
"2020-04-12 02:44:34",336
"2020-04-12 03:44:32",336
"2020-04-12 04:44:44",336
"2020-04-12 05:44:39",336
"2020-04-12 06:44:37",336
"2020-04-12 07:44:33",336
"2020-04-12 08:44:34",336
"2020-04-12 09:44:37",336
"2020-04-12 10:44:36",336
"2020-04-12 11:44:32",336
"2020-04-12 12:44:35",336
"2020-04-12 13:44:40",336
"2020-04-12 14:44:38",336
"2020-04-12 15:44:36",336
"2020-04-12 16:44:34",336
"2020-04-12 17:44:31",336
"2020-04-12 18:44:36",336
"2020-04-12 19:44:35",336
"2020-04-12 20:44:48",336
"2020-04-12 21:44:38",336
"2020-04-12 22:44:43",336
"2020-04-12 23:44:47",336
"2020-04-13 00:44:54",336
"2020-04-13 01:44:44",336
"2020-04-13 02:44:46",336
"2020-04-13 03:44:59",336
"2020-04-13 04:44:48",336
"2020-04-13 05:44:51",336
"2020-04-13 06:44:36",336
"2020-04-13 07:44:30",336
"2020-04-13 08:44:39",336
"2020-04-13 09:44:33",336
"2020-04-13 10:44:33",336
"2020-04-13 11:44:41",336
"2020-04-13 13:09:14",337
"2020-04-13 13:44:33",337
"2020-04-13 14:44:32",339
"2020-04-13 15:44:37",339
"2020-04-13 16:44:38",339
"2020-04-13 17:44:45",340
"2020-04-13 18:44:31",342
"2020-04-13 19:44:33",342
"2020-04-13 20:44:37",341
"2020-04-13 21:44:43",341
"2020-04-13 22:44:33",341
"2020-04-13 23:44:37",341
"2020-04-14 00:44:58",341
"2020-04-14 01:44:52",341
"2020-04-14 02:44:49",341
"2020-04-14 03:44:48",341
"2020-04-14 04:44:49",341
"2020-04-14 05:44:54",341
"2020-04-14 06:44:41",341
"2020-04-14 07:44:36",341
"2020-04-14 08:44:38",341
"2020-04-14 09:44:38",341
"2020-04-14 10:44:38",341
"2020-04-14 11:44:38",341
"2020-04-14 12:44:35",341
"2020-04-14 13:44:39",341
"2020-04-14 14:44:45",342
"2020-04-14 15:44:47",342
"2020-04-14 16:44:55",342
"2020-04-14 17:44:30",341
"2020-04-14 18:44:50",342
"2020-04-14 19:44:37",342
"2020-04-14 20:44:35",342
"2020-04-14 21:44:37",342
"2020-04-14 22:44:35",342
"2020-04-14 23:44:49",342
"2020-04-15 00:44:45",342
"2020-04-15 01:44:46",342
"2020-04-15 02:44:42",342
"2020-04-15 03:44:46",342
"2020-04-15 04:44:49",342
"2020-04-15 05:44:33",342
"2020-04-15 06:44:33",342
"2020-04-15 07:44:38",342
"2020-04-15 08:44:39",342
"2020-04-15 09:44:36",342
"2020-04-15 10:44:32",342
"2020-04-15 11:44:31",342
"2020-04-15 13:12:17",343
"2020-04-15 14:44:36",345
"2020-04-15 15:44:32",347
"2020-04-15 16:44:45",348
"2020-04-15 17:44:34",348
"2020-04-15 18:44:34",350
"2020-04-15 19:44:42",350
"2020-04-15 20:44:35",350
"2020-04-15 21:44:40",350
"2020-04-15 22:44:41",350
"2020-04-15 23:44:39",350
"2020-04-16 00:44:46",350
"2020-04-16 01:44:50",350
"2020-04-16 02:44:52",350
"2020-04-16 03:44:52",350
"2020-04-16 04:44:53",350
"2020-04-16 05:44:40",350
"2020-04-16 06:44:50",350
"2020-04-16 07:44:37",350
"2020-04-16 08:44:37",350
"2020-04-16 09:44:34",350
"2020-04-16 10:44:38",350
"2020-04-16 11:44:37",350
"2020-04-16 12:44:38",350
"2020-04-16 13:44:40",350
"2020-04-16 14:44:35",350
"2020-04-16 15:44:52",351
"2020-04-16 16:44:52",351
"2020-04-16 17:44:39",352
"2020-04-16 18:44:49",353
"2020-04-16 19:44:35",353
"2020-04-16 20:44:37",353
"2020-04-16 21:44:52",353
"2020-04-16 22:44:38",353
"2020-04-16 23:44:52",353
"2020-04-17 00:44:48",353
"2020-04-17 01:44:44",353
"2020-04-17 02:44:51",353
"2020-04-17 03:44:42",353
"2020-04-17 04:44:38",353
"2020-04-17 05:44:41",353
"2020-04-17 06:44:43",353
"2020-04-17 07:44:56",353
"2020-04-17 08:44:41",353
"2020-04-17 09:44:37",353
"2020-04-17 10:44:38",353
"2020-04-17 11:44:33",353
"2020-04-17 13:09:16",353
"2020-04-17 13:44:49",353
"2020-04-17 14:44:39",355
"2020-04-17 15:44:43",355
"2020-04-17 16:44:33",355
"2020-04-17 17:44:36",354
"2020-04-17 18:44:51",354
"2020-04-17 19:44:46",355
"2020-04-17 20:44:50",355
"2020-04-17 21:44:48",355
"2020-04-17 22:44:43",355
"2020-04-17 23:44:48",355
"2020-04-18 00:44:47",355
"2020-04-18 01:44:44",355
"2020-04-18 02:44:43",355
"2020-04-18 03:44:42",355
"2020-04-18 04:44:50",355
"2020-04-18 05:44:49",355
"2020-04-18 06:44:39",355
"2020-04-18 07:44:34",355
"2020-04-18 08:44:49",355
"2020-04-18 09:44:30",355
"2020-04-18 10:44:37",355
"2020-04-18 11:44:39",355
"2020-04-18 12:44:30",355
"2020-04-18 13:44:45",355
"2020-04-18 14:44:39",355
"2020-04-18 15:44:36",355
"2020-04-18 16:44:31",355
"2020-04-18 17:44:44",355
"2020-04-18 18:44:40",355
"2020-04-18 19:44:31",355
"2020-04-18 20:44:43",355
"2020-04-18 21:44:35",355
"2020-04-18 22:44:43",355
"2020-04-18 23:44:56",355
"2020-04-19 00:44:52",355
"2020-04-19 01:45:02",355
"2020-04-19 02:44:49",355
"2020-04-19 03:44:50",355
"2020-04-19 04:45:02",355
"2020-04-19 05:44:47",355
"2020-04-19 06:44:49",355
"2020-04-19 07:44:46",355
"2020-04-19 08:44:38",355
"2020-04-19 09:44:38",355
"2020-04-19 10:44:37",355
"2020-04-19 11:44:31",355
"2020-04-19 12:44:34",355
"2020-04-19 13:44:48",355
"2020-04-19 14:44:31",355
"2020-04-19 15:44:42",355
"2020-04-19 16:44:41",355
"2020-04-19 17:44:57",355
"2020-04-19 18:44:39",355
"2020-04-19 19:44:36",355
"2020-04-19 20:44:32",355
"2020-04-19 21:44:59",355
"2020-04-19 22:44:53",355
"2020-04-19 23:44:46",355
"2020-04-20 00:44:58",355
"2020-04-20 01:44:54",355
"2020-04-20 02:45:01",355
"2020-04-20 03:45:01",355
"2020-04-20 04:44:54",355
"2020-04-20 05:45:02",355
"2020-04-20 06:44:50",355
"2020-04-20 07:44:37",355
"2020-04-20 08:44:36",355
"2020-04-20 09:44:37",355
"2020-04-20 10:44:36",355
"2020-04-20 11:44:36",355
"2020-04-20 12:44:37",355
"2020-04-20 13:44:36",355
"2020-04-20 14:44:55",356
"2020-04-20 15:44:39",357
"2020-04-20 16:44:44",357
"2020-04-20 17:44:39",357
"2020-04-20 18:44:49",357
"2020-04-20 20:45:20",358
"2020-04-20 21:45:14",358
"2020-04-20 22:45:23",358
"2020-04-20 23:44:53",358
"2020-04-21 00:44:56",358
"2020-04-21 01:44:52",358
"2020-04-21 02:44:51",358
"2020-04-21 03:46:02",358
"2020-04-21 04:46:16",358
"2020-04-21 05:46:18",358
"2020-04-21 06:44:52",358
"2020-04-21 07:44:45",358
"2020-04-21 08:44:43",358
"2020-04-21 09:44:40",358
"2020-04-21 10:44:38",358
"2020-04-21 11:44:38",358
"2020-04-21 12:44:38",358
"2020-04-21 13:44:54",358
"2020-04-21 14:44:53",358
"2020-04-21 15:44:32",357
"2020-04-21 16:44:31",355
"2020-04-21 17:44:50",355
"2020-04-21 18:44:32",355
"2020-04-21 19:44:37",355
"2020-04-21 20:44:55",356
"2020-04-21 21:44:59",356
"2020-04-21 22:44:58",356
"2020-04-21 23:44:36",356
"2020-04-22 00:44:48",356
"2020-04-22 01:44:55",356
"2020-04-22 02:44:56",356
"2020-04-22 03:44:46",356
"2020-04-22 04:44:36",356
"2020-04-22 05:44:37",356
"2020-04-22 06:44:47",356
"2020-04-22 07:44:44",356
"2020-04-22 08:44:34",356
"2020-04-22 09:44:41",356
"2020-04-22 10:44:59",356
"2020-04-22 11:44:34",356
"2020-04-22 12:44:38",356
"2020-04-22 13:44:32",356
"2020-04-22 14:44:39",359
"2020-04-22 15:44:35",359
"2020-04-22 16:44:52",359
"2020-04-22 17:44:59",359
"2020-04-22 18:44:48",358
"2020-04-22 19:44:35",358
"2020-04-22 20:44:37",358
"2020-04-22 21:44:50",358
"2020-04-22 22:44:42",358
"2020-04-22 23:44:49",358
"2020-04-23 00:44:35",358
"2020-04-23 01:44:47",358
"2020-04-23 02:44:52",358
"2020-04-23 03:44:51",358
"2020-04-23 04:44:50",358
"2020-04-23 05:44:32",358
"2020-04-23 06:44:36",358
"2020-04-23 07:44:40",358
"2020-04-23 08:44:37",358
"2020-04-23 09:44:30",358
"2020-04-23 10:44:35",358
"2020-04-23 11:44:47",358
"2020-04-23 12:44:31",358
"2020-04-23 13:44:33",358
"2020-04-23 14:44:34",360
"2020-04-23 15:44:38",359
"2020-04-23 16:44:52",361
"2020-04-23 17:44:33",361
"2020-04-23 18:44:40",362
"2020-04-23 19:44:33",363
"2020-04-23 20:44:54",364
"2020-04-23 21:44:41",364
"2020-04-23 22:44:35",364
"2020-04-23 23:44:40",364
"2020-04-24 00:44:48",364
"2020-04-24 01:45:14",364
"2020-04-24 02:44:31",364
"2020-04-24 03:44:53",364
"2020-04-24 04:44:38",364
"2020-04-24 05:44:34",364
"2020-04-24 06:44:35",364
"2020-04-24 07:44:31",364
"2020-04-24 08:44:46",364
"2020-04-24 09:44:36",364
"2020-04-24 10:44:35",364
"2020-04-24 11:44:31",364
"2020-04-24 13:10:18",364
"2020-04-24 13:44:58",364
"2020-04-24 14:44:42",364
"2020-04-24 15:44:36",363
"2020-04-24 16:44:36",363
"2020-04-24 17:44:39",365
"2020-04-24 18:44:43",365
"2020-04-24 19:44:36",365
"2020-04-24 20:44:42",366
"2020-04-24 21:44:52",366
"2020-04-24 22:45:01",366
"2020-04-24 23:44:41",366
"2020-04-25 00:45:00",366
"2020-04-25 01:44:56",366
"2020-04-25 02:44:52",366
"2020-04-25 03:44:49",366
"2020-04-25 04:44:54",366
"2020-04-25 05:44:59",366
"2020-04-25 06:44:43",366
"2020-04-25 07:44:37",366
"2020-04-25 08:44:43",366
"2020-04-25 09:44:39",366
"2020-04-25 10:44:34",366
"2020-04-25 11:44:39",366
"2020-04-25 12:44:35",366
"2020-04-25 13:44:48",366
"2020-04-25 14:44:40",366
"2020-04-25 15:44:43",366
"2020-04-25 16:44:44",366
"2020-04-25 17:44:43",366
"2020-04-25 18:44:36",366
"2020-04-25 19:44:44",366
"2020-04-25 20:44:39",366
"2020-04-25 21:44:37",366
"2020-04-25 22:44:42",366
"2020-04-25 23:44:49",366
"2020-04-26 00:44:38",366
"2020-04-26 01:44:50",366
"2020-04-26 02:44:50",366
"2020-04-26 03:44:55",366
"2020-04-26 04:44:35",366
"2020-04-26 05:45:02",366
"2020-04-26 06:44:44",366
"2020-04-26 07:44:41",366
"2020-04-26 08:44:38",366
"2020-04-26 09:44:38",366
"2020-04-26 10:44:35",366
"2020-04-26 11:44:43",366
"2020-04-26 12:44:38",366
"2020-04-26 13:44:32",366
"2020-04-26 14:44:36",366
"2020-04-26 15:44:41",366
"2020-04-26 16:44:39",366
"2020-04-26 17:44:38",366
"2020-04-26 18:44:39",366
"2020-04-26 19:44:36",366
"2020-04-26 20:44:36",366
"2020-04-26 21:44:37",366
"2020-04-26 22:44:49",366
"2020-04-26 23:45:01",366
"2020-04-27 00:45:00",366
"2020-04-27 01:44:58",366
"2020-04-27 02:44:53",366
"2020-04-27 03:44:55",366
"2020-04-27 04:44:58",366
"2020-04-27 05:44:44",366
"2020-04-27 06:44:40",366
"2020-04-27 07:44:36",366
"2020-04-27 08:44:43",366
"2020-04-27 09:44:42",366
"2020-04-27 10:44:42",366
"2020-04-27 11:44:31",366
"2020-04-27 12:44:37",366
"2020-04-27 13:45:00",366
"2020-04-27 14:44:44",368
"2020-04-27 15:44:40",369
"2020-04-27 16:44:32",369
"2020-04-27 17:44:39",369
"2020-04-27 18:44:36",368
"2020-04-27 19:44:36",368
"2020-04-27 20:44:37",369
"2020-04-27 21:44:51",369
"2020-04-27 22:44:39",369
"2020-04-27 23:44:51",369
"2020-04-28 00:45:15",369
"2020-04-28 01:44:42",369
"2020-04-28 02:45:03",369
"2020-04-28 03:44:57",369
"2020-04-28 04:44:56",369
"2020-04-28 05:44:38",369
"2020-04-28 06:44:36",369
"2020-04-28 07:44:59",369
"2020-04-28 08:44:54",369
"2020-04-28 09:44:41",369
"2020-04-28 10:44:32",369
"2020-04-28 11:44:40",369
"2020-04-28 12:44:42",369
"2020-04-28 13:44:39",369
"2020-04-28 14:45:01",371
"2020-04-28 15:44:54",373
"2020-04-28 16:44:35",372
"2020-04-28 17:44:43",371
"2020-04-28 18:44:40",371
"2020-04-28 19:44:37",372
"2020-04-28 20:44:38",372
"2020-04-28 21:44:42",372
"2020-04-28 22:44:33",372
"2020-04-28 23:44:35",372
"2020-04-29 00:45:03",372
"2020-04-29 01:45:07",372
"2020-04-29 02:44:56",372
"2020-04-29 03:44:37",372
"2020-04-29 04:44:45",372
"2020-04-29 05:44:35",372
"2020-04-29 06:44:43",372
"2020-04-29 07:44:43",372
"2020-04-29 08:44:37",372
"2020-04-29 09:44:51",372
"2020-04-29 10:44:43",372
"2020-04-29 11:44:31",372
"2020-04-29 13:08:15",372
"2020-04-29 13:44:45",372
"2020-04-29 14:44:37",372
"2020-04-29 15:44:35",371
"2020-04-29 16:44:45",371
"2020-04-29 17:44:41",372
"2020-04-29 18:45:04",372
"2020-04-29 19:45:03",372
"2020-04-29 20:44:41",371
"2020-04-29 21:45:04",371
"2020-04-29 22:45:03",372
"2020-04-29 23:44:51",372
"2020-04-30 00:45:03",372
"2020-04-30 01:45:02",372
"2020-04-30 02:45:24",372
"2020-04-30 03:45:17",372
"2020-04-30 04:44:56",372
"2020-04-30 05:44:50",372
"2020-04-30 06:44:43",372
"2020-04-30 07:44:42",372
"2020-04-30 08:44:45",372
"2020-04-30 09:44:40",372
"2020-04-30 10:44:35",372
"2020-04-30 11:44:54",372
"2020-04-30 12:44:36",372
"2020-04-30 13:44:38",372
"2020-04-30 14:44:52",374
"2020-04-30 15:44:37",373
"2020-04-30 16:44:36",374
"2020-04-30 17:46:58",374
"2020-04-30 18:44:47",376
"2020-04-30 20:44:39",377
"2020-04-30 21:44:41",377
"2020-04-30 22:44:44",377
"2020-04-30 23:44:40",377
"2020-05-01 00:45:00",377
"2020-05-01 01:44:57",377
"2020-05-01 02:44:39",377
"2020-05-01 03:44:35",377
"2020-05-01 04:44:42",377
"2020-05-01 05:44:47",377
"2020-05-01 06:44:43",377
"2020-05-01 07:44:44",377
"2020-05-01 08:44:39",377
"2020-05-01 09:44:39",377
"2020-05-01 10:44:36",377
"2020-05-01 11:44:38",377
"2020-05-01 13:09:17",377
"2020-05-01 13:45:07",377
"2020-05-01 14:44:37",378
"2020-05-01 15:44:38",379
"2020-05-01 16:44:40",379
"2020-05-01 17:44:41",379
"2020-05-01 18:44:37",381
"2020-05-01 19:44:45",382
"2020-05-01 20:44:35",381
"2020-05-01 21:45:00",381
"2020-05-01 22:44:39",381
"2020-05-01 23:44:39",381
"2020-05-02 00:44:40",381
"2020-05-02 01:44:58",381
"2020-05-02 02:44:54",381
"2020-05-02 03:44:50",381
"2020-05-02 04:44:41",381
"2020-05-02 05:44:52",380
"2020-05-02 06:44:43",380
"2020-05-02 07:44:50",380
"2020-05-02 08:44:45",380
"2020-05-02 09:44:42",380
"2020-05-02 10:44:36",380
"2020-05-02 11:44:42",380
"2020-05-02 12:44:36",380
"2020-05-02 13:44:44",380
"2020-05-02 14:44:45",380
"2020-05-02 15:44:47",380
"2020-05-02 16:44:45",380
"2020-05-02 17:44:42",380
"2020-05-02 18:44:54",380
"2020-05-02 19:44:44",380
"2020-05-02 20:44:43",380
"2020-05-02 21:44:42",380
"2020-05-02 22:44:36",380
"2020-05-02 23:44:57",380
"2020-05-03 00:44:42",380
"2020-05-03 01:44:59",380
"2020-05-03 02:44:56",380
"2020-05-03 03:44:55",380
"2020-05-03 04:44:49",380
"2020-05-03 05:44:41",380
"2020-05-03 06:44:40",380
"2020-05-03 07:44:46",380
"2020-05-03 08:44:43",380
"2020-05-03 09:45:06",380
"2020-05-03 10:44:44",380
"2020-05-03 11:44:43",380
"2020-05-03 12:44:41",380
"2020-05-03 13:44:42",380
"2020-05-03 14:44:48",380
"2020-05-03 15:44:45",380
"2020-05-03 16:44:58",380
"2020-05-03 17:45:03",380
"2020-05-03 18:44:38",380
"2020-05-03 19:45:17",380
"2020-05-03 20:45:01",380
"2020-05-03 21:44:54",380
"2020-05-03 22:45:00",380
"2020-05-03 23:45:01",380
"2020-05-04 00:44:58",380
"2020-05-04 01:45:01",380
"2020-05-04 02:44:59",380
"2020-05-04 03:45:00",380
"2020-05-04 04:44:41",380
"2020-05-04 05:44:44",380
"2020-05-04 06:44:47",380
"2020-05-04 09:30:44",380
"2020-05-04 10:49:21",380
"2020-05-04 10:57:08",380
"2020-05-04 11:04:42",380
"2020-05-04 11:44:50",380
"2020-05-04 13:08:21",380
"2020-05-04 13:44:42",380
"2020-05-04 14:44:47",380
"2020-05-04 15:44:43",377
"2020-05-04 16:44:44",377
"2020-05-04 17:44:42",378
"2020-05-04 18:45:01",379
"2020-05-04 19:44:59",379
"2020-05-04 20:44:57",379
"2020-05-04 21:44:59",379
"2020-05-04 22:44:38",379
"2020-05-04 23:44:41",379
"2020-05-05 00:44:38",379
"2020-05-05 01:44:54",379
"2020-05-05 02:44:36",379
"2020-05-05 03:45:00",379
"2020-05-05 04:44:41",379
"2020-05-05 05:44:42",379
"2020-05-05 06:44:44",379
"2020-05-05 07:44:49",379
"2020-05-05 08:45:02",379
"2020-05-05 09:44:37",379
"2020-05-05 10:44:37",379
"2020-05-05 11:45:02",379
"2020-05-05 12:44:45",379
"2020-05-05 13:44:44",379
"2020-05-05 14:44:42",377
"2020-05-05 15:44:40",377
"2020-05-05 16:44:47",377
"2020-05-05 17:44:41",376
"2020-05-05 18:44:38",377
"2020-05-05 19:45:02",377
"2020-05-05 20:44:46",377
"2020-05-05 21:44:34",377
"2020-05-05 22:44:35",377
"2020-05-05 23:45:00",377
"2020-05-06 00:44:45",377
"2020-05-06 01:44:46",377
"2020-05-06 02:44:40",377
"2020-05-06 03:44:35",377
"2020-05-06 04:44:45",377
"2020-05-06 05:44:43",377
"2020-05-06 06:44:36",377
"2020-05-06 17:44:57",380
"2020-05-06 18:45:09",380
"2020-05-06 19:44:39",382
"2020-05-06 20:44:53",382
"2020-05-06 21:44:59",382
"2020-05-06 22:45:01",382
"2020-05-06 23:45:04",382
"2020-05-07 00:44:48",382
"2020-05-07 01:44:47",382
"2020-05-07 02:44:34",382
"2020-05-07 03:44:44",382
"2020-05-07 04:44:47",382
"2020-05-07 05:44:38",382
"2020-05-07 06:44:44",382
"2020-05-07 08:44:46",382
"2020-05-07 09:44:42",382
"2020-05-07 10:44:55",382
"2020-05-07 11:44:46",382
"2020-05-07 12:44:45",382
"2020-05-07 13:44:51",382
"2020-05-07 14:44:56",384
"2020-05-07 15:44:41",384
"2020-05-07 16:44:46",384
"2020-05-07 17:44:40",385
"2020-05-07 18:44:36",385
"2020-05-07 19:45:09",386
"2020-05-07 20:44:36",387
"2020-05-07 21:44:35",387
"2020-05-07 22:44:35",387
"2020-05-07 23:44:46",387
"2020-05-08 00:44:41",387
"2020-05-08 01:44:34",387
"2020-05-08 02:44:39",387
"2020-05-08 03:44:45",387
"2020-05-08 04:44:36",387
"2020-05-08 05:44:38",387
"2020-05-08 06:44:38",387
"2020-05-08 07:44:43",387
"2020-05-08 08:44:49",387
"2020-05-08 09:44:44",387
"2020-05-08 10:44:41",387
"2020-05-08 11:44:45",387
"2020-05-08 13:08:18",387
"2020-05-08 13:44:48",387
"2020-05-08 14:44:42",388
"2020-05-08 15:44:42",389
"2020-05-08 16:44:59",389
"2020-05-08 17:44:55",389
"2020-05-08 18:44:46",389
"2020-05-08 19:44:37",389
"2020-05-08 20:44:45",389
"2020-05-08 21:44:41",389
"2020-05-08 22:44:46",389
"2020-05-08 23:44:43",389
"2020-05-09 00:44:39",389
"2020-05-09 01:44:52",389
"2020-05-09 02:44:42",389
"2020-05-09 03:45:04",389
"2020-05-09 04:44:39",389
"2020-05-09 05:44:44",389
"2020-05-09 06:44:49",389
"2020-05-09 07:44:37",389
"2020-05-09 08:44:49",389
"2020-05-09 09:44:42",389
"2020-05-09 10:44:42",389
"2020-05-09 11:44:36",389
"2020-05-09 12:44:38",389
"2020-05-09 13:44:40",389
"2020-05-09 14:44:38",389
"2020-05-09 15:44:41",389
"2020-05-09 16:44:36",389
"2020-05-09 17:44:43",389
"2020-05-09 18:44:43",389
"2020-05-09 19:44:41",389
"2020-05-09 20:44:38",389
"2020-05-09 21:44:46",389
"2020-05-09 22:44:44",389
"2020-05-09 23:44:40",389
"2020-05-10 00:44:57",389
"2020-05-10 01:44:41",389
"2020-05-10 02:45:03",389
"2020-05-10 03:44:46",389
"2020-05-10 04:44:46",389
"2020-05-10 05:44:52",389
"2020-05-10 06:44:42",389
"2020-05-10 07:44:49",389
"2020-05-10 08:44:44",389
"2020-05-10 09:44:46",389
"2020-05-10 10:44:45",389
"2020-05-10 11:44:48",389
"2020-05-10 12:44:41",389
"2020-05-10 13:44:46",389
"2020-05-10 14:44:38",389
"2020-05-10 15:44:43",389
"2020-05-10 16:44:42",389
"2020-05-10 17:44:39",389
"2020-05-10 18:44:44",389
"2020-05-10 19:44:41",389
"2020-05-10 20:44:48",389
"2020-05-10 21:44:41",389
"2020-05-10 22:44:43",389
"2020-05-10 23:44:44",389
"2020-05-11 00:44:44",389
"2020-05-11 01:44:37",389
"2020-05-11 02:44:44",389
"2020-05-11 03:45:05",389
"2020-05-11 04:44:44",389
"2020-05-11 05:44:42",389
"2020-05-11 06:44:42",389
"2020-05-11 07:44:47",389
"2020-05-11 08:44:53",389
"2020-05-11 09:45:45",389
"2020-05-11 10:44:42",389
"2020-05-11 11:44:37",389
"2020-05-11 13:07:18",389
"2020-05-11 13:44:52",389
"2020-05-11 14:44:47",387
"2020-05-11 15:45:02",387
"2020-05-11 16:44:46",389
"2020-05-11 17:44:47",388
"2020-05-11 18:44:45",388
"2020-05-11 19:44:40",388
"2020-05-11 20:44:41",388
"2020-05-11 21:44:43",388
"2020-05-11 22:44:34",388
"2020-05-11 23:44:49",388
"2020-05-12 00:44:44",388
"2020-05-12 01:44:44",388
"2020-05-12 02:44:41",388
"2020-05-12 03:44:37",388
"2020-05-12 04:44:41",388
"2020-05-12 05:44:40",388
"2020-05-12 06:44:50",388
"2020-05-12 07:44:40",388
"2020-05-12 08:44:42",388
"2020-05-12 09:44:55",388
"2020-05-12 10:44:46",388
"2020-05-12 11:44:38",388
"2020-05-12 13:13:18",388
"2020-05-12 17:44:38",389
"2020-05-12 18:44:38",389
"2020-05-12 19:44:54",389
"2020-05-12 20:45:01",389
"2020-05-12 21:44:55",389
"2020-05-12 22:44:36",389
"2020-05-12 23:44:37",389
"2020-05-13 00:44:56",389
"2020-05-13 01:44:44",389
"2020-05-13 02:44:58",389
"2020-05-13 03:45:01",389
"2020-05-13 06:44:41",389
"2020-05-13 07:44:59",389
"2020-05-13 08:44:52",389
"2020-05-13 09:44:36",389
"2020-05-13 10:44:39",389
"2020-05-13 11:44:37",389
"2020-05-13 12:44:37",389
"2020-05-13 13:44:37",389
"2020-05-13 14:44:37",389
"2020-05-13 15:44:43",388
"2020-05-13 16:44:57",390
"2020-05-13 17:44:39",390
"2020-05-13 18:44:51",390
"2020-05-13 19:44:40",390
"2020-05-13 20:44:40",390
"2020-05-13 21:44:38",390
"2020-05-13 22:44:42",390
"2020-05-13 23:44:45",390
"2020-05-14 00:44:37",390
"2020-05-14 01:44:45",390
"2020-05-14 02:44:39",390
"2020-05-14 03:44:44",390
"2020-05-14 04:44:39",390
"2020-05-14 05:44:44",390
"2020-05-14 06:44:48",390
"2020-05-14 07:44:41",390
"2020-05-14 08:44:49",390
"2020-05-14 09:44:38",390
"2020-05-14 10:44:43",390
"2020-05-14 11:44:47",390
"2020-05-14 12:44:43",390
"2020-05-14 13:44:46",390
"2020-05-14 14:44:45",390
"2020-05-14 15:44:41",390
"2020-05-14 16:44:36",390
"2020-05-14 17:44:38",390
"2020-05-14 18:44:51",390
"2020-05-14 19:44:50",390
"2020-05-14 20:44:38",390
"2020-05-14 21:44:41",390
"2020-05-14 22:44:55",390
"2020-05-14 23:44:45",390
"2020-05-15 00:45:02",390
"2020-05-15 01:45:05",390
"2020-05-15 02:44:59",390
"2020-05-15 03:44:58",390
"2020-05-15 04:44:59",390
"2020-05-15 05:44:43",390
"2020-05-15 06:44:55",390
"2020-05-15 07:44:38",390
"2020-05-15 08:44:46",390
"2020-05-15 09:44:53",390
"2020-05-15 10:44:37",390
"2020-05-15 11:44:41",390
"2020-05-15 12:44:40",390
"2020-05-15 13:44:44",390
"2020-05-15 14:44:37",390
"2020-05-15 15:44:42",390
"2020-05-15 16:44:36",390
"2020-05-15 17:44:56",389
"2020-05-15 18:44:38",389
"2020-05-15 19:44:46",389
"2020-05-15 20:44:42",389
"2020-05-15 21:44:42",389
"2020-05-15 22:44:37",389
"2020-05-15 23:44:35",389
"2020-05-16 00:44:53",389
"2020-05-16 01:44:58",389
"2020-05-16 02:45:02",389
"2020-05-16 03:44:47",389
"2020-05-16 04:44:41",389
"2020-05-16 05:44:40",389
"2020-05-16 06:45:01",389
"2020-05-16 07:44:59",389
"2020-05-16 08:44:40",389
"2020-05-16 09:44:47",389
"2020-05-16 10:44:38",389
"2020-05-16 11:44:36",389
"2020-05-16 12:44:44",389
"2020-05-16 13:44:41",389
"2020-05-16 14:44:37",389
"2020-05-16 15:44:45",389
"2020-05-16 16:44:41",389
"2020-05-16 17:44:38",389
"2020-05-16 18:44:41",389
"2020-05-16 19:44:37",389
"2020-05-16 20:44:43",389
"2020-05-16 21:44:41",389
"2020-05-16 22:44:44",389
"2020-05-16 23:44:43",389
"2020-05-17 00:44:42",389
"2020-05-17 01:44:47",389
"2020-05-18 08:54:16",389
"2020-05-18 09:00:11",389
"2020-05-18 09:00:21",389
"2020-05-18 09:01:00",389
"2020-05-18 09:01:11",389
"2020-05-18 09:03:08",389
"2020-05-18 09:04:23",389
"2020-05-18 09:04:56",389
"2020-05-18 09:05:43",389
"2020-05-18 09:06:46",389
"2020-05-18 09:07:26",389
"2020-05-18 09:07:45",389
"2020-05-18 09:07:47",389
"2020-05-18 09:07:51",389
"2020-05-18 09:08:28",389
"2020-05-18 09:09:07",389
"2020-05-18 09:14:37",389
"2020-05-18 09:54:28",389
"2020-05-18 09:56:18",389
"2020-05-18 09:57:52",389
"2020-05-18 10:45:08",389
"2020-05-18 10:47:39",389
"2020-05-18 10:51:11",389
"2020-05-18 10:55:08",389
"2020-05-18 10:55:40",389
"2020-05-18 10:56:29",389
"2020-05-18 11:07:05",389
"2020-05-18 11:14:14",389
"2020-05-18 11:16:48",389
"2020-05-18 11:26:21",389
"2020-05-18 11:44:59",389
"2020-05-18 11:52:35",389
"2020-05-18 12:00:12",389
"2020-05-18 12:07:49",389
"2020-05-18 13:07:47",389
"2020-05-18 13:44:49",389
"2020-05-18 14:44:41",392
"2020-05-18 15:45:05",392
"2020-05-18 16:45:12",392
"2020-05-18 17:44:40",394
"2020-05-18 18:44:58",394
"2020-05-18 19:44:53",394
"2020-05-18 20:44:45",394
"2020-05-18 21:45:01",394
"2020-05-18 22:45:02",394
"2020-05-18 23:45:05",394
"2020-05-19 00:46:21",394
"2020-05-19 01:44:39",394
"2020-05-19 02:44:48",394
"2020-05-19 03:44:46",394
"2020-05-19 04:44:46",393
"2020-05-19 05:44:46",393
"2020-05-19 06:44:45",393
"2020-05-19 07:44:47",393
"2020-05-19 08:44:54",393
"2020-05-19 09:45:11",393
"2020-05-19 10:44:45",393
"2020-05-19 11:44:58",393
"2020-05-19 13:08:20",393
"2020-05-19 13:44:46",393
"2020-05-19 14:44:40",393
"2020-05-19 15:44:40",393
"2020-05-19 16:44:48",393
"2020-05-19 17:44:39",394
"2020-05-19 18:44:45",394
"2020-05-19 19:44:44",395
"2020-05-19 20:44:47",395
"2020-05-19 21:44:48",395
"2020-05-19 22:45:03",395
"2020-05-19 23:44:43",395
"2020-05-20 00:45:03",395
"2020-05-20 01:45:10",395
"2020-05-20 02:45:01",395
"2020-05-20 03:45:02",395
"2020-05-20 04:44:49",395
"2020-05-20 05:44:45",395
"2020-05-20 06:44:41",395
"2020-05-20 07:44:51",395
"2020-05-20 08:44:41",395
"2020-05-20 09:44:47",395
"2020-05-20 10:44:40",395
"2020-05-20 11:44:42",395
"2020-05-20 12:44:39",395
"2020-05-20 13:44:45",395
"2020-05-20 14:44:43",395
"2020-05-20 15:44:58",394
"2020-05-20 16:44:41",394
"2020-05-20 17:45:02",394
"2020-05-20 18:44:45",394
"2020-05-20 19:44:44",394
"2020-05-20 20:44:38",396
"2020-05-20 21:44:46",396
"2020-05-20 22:44:36",396
"2020-05-20 23:44:42",396
"2020-05-21 00:44:59",396
"2020-05-21 01:44:39",396
"2020-05-21 02:44:45",396
"2020-05-21 03:44:45",396
"2020-05-21 04:44:40",396
"2020-05-21 05:44:42",396
"2020-05-21 06:44:49",396
"2020-05-21 07:44:40",396
"2020-05-21 08:44:47",396
"2020-05-21 09:44:40",396
"2020-05-21 10:44:43",396
"2020-05-21 11:44:47",396
"2020-05-21 12:44:42",396
"2020-05-21 13:44:46",396
"2020-05-21 14:44:37",397
"2020-05-21 15:44:40",397
"2020-05-21 16:44:54",397
"2020-05-21 17:44:47",395
"2020-05-21 18:44:43",395
"2020-05-21 19:44:40",396
"2020-05-21 20:44:44",397
"2020-05-21 21:44:46",397
"2020-05-21 22:44:48",397
"2020-05-21 23:45:03",397
"2020-05-22 00:45:47",397
"2020-05-22 01:44:45",397
"2020-05-22 02:44:48",397
"2020-05-22 03:45:03",397
"2020-05-22 04:44:47",397
"2020-05-22 05:44:50",397
"2020-05-22 06:44:40",397
"2020-05-22 07:44:45",397
"2020-05-22 08:44:53",397
"2020-05-22 09:44:47",397
"2020-05-22 10:44:43",397
"2020-05-22 11:44:41",397
"2020-05-22 12:44:45",397
"2020-05-22 13:44:51",397
"2020-05-22 14:44:42",397
"2020-05-22 15:44:42",397
"2020-05-22 16:44:43",397
"2020-05-22 17:44:44",397
"2020-05-22 18:45:00",397
"2020-05-22 19:44:42",398
"2020-05-22 20:44:38",398
"2020-05-22 21:44:39",398
"2020-05-22 22:44:42",398
"2020-05-22 23:44:40",398
"2020-05-23 00:44:44",398
"2020-05-23 01:44:42",398
"2020-05-23 02:44:52",398
"2020-05-23 03:44:46",398
"2020-05-23 04:45:00",398
"2020-05-23 05:44:43",398
"2020-05-23 06:44:53",398
"2020-05-23 07:44:51",398
"2020-05-23 08:44:50",398
"2020-05-23 09:44:46",398
"2020-05-23 10:44:42",398
"2020-05-23 11:44:52",398
"2020-05-23 12:44:45",398
"2020-05-23 13:44:48",398
"2020-05-23 14:44:45",398
"2020-05-23 15:44:41",398
"2020-05-23 16:44:50",398
"2020-05-23 17:44:46",398
"2020-05-23 18:44:53",398
"2020-05-23 19:44:42",398
"2020-05-23 20:44:39",398
"2020-05-23 21:44:40",398
"2020-05-23 22:44:44",398
"2020-05-23 23:44:45",398
"2020-05-24 00:44:55",398
"2020-05-24 01:44:43",398
"2020-05-24 02:44:41",398
"2020-05-24 03:44:46",398
"2020-05-24 04:44:44",398
"2020-05-24 05:44:42",398
"2020-05-24 06:44:42",398
"2020-05-24 07:44:42",398
"2020-05-24 08:44:49",398
"2020-05-24 09:44:40",398
"2020-05-24 10:44:50",398
"2020-05-24 11:44:47",398
"2020-05-24 12:44:44",398
"2020-05-24 13:44:48",398
"2020-05-24 14:44:46",398
"2020-05-24 15:44:39",398
"2020-05-24 16:44:49",398
"2020-05-24 17:44:48",398
"2020-05-24 18:44:49",398
"2020-05-24 19:44:46",398
"2020-05-24 20:44:47",398
"2020-05-24 21:44:52",398
"2020-05-24 22:44:49",398
"2020-05-24 23:44:40",398
"2020-05-25 00:44:42",398
"2020-05-25 01:44:54",398
"2020-05-25 02:44:46",398
"2020-05-25 03:45:03",398
"2020-05-25 04:44:45",398
"2020-05-25 05:47:20",398
"2020-05-25 06:45:33",398
"2020-05-25 07:44:47",398
"2020-05-25 08:44:54",398
"2020-05-25 09:44:46",398
"2020-05-25 10:44:43",398
"2020-05-25 11:45:00",398
"2020-05-25 12:44:44",398
"2020-05-25 13:44:40",398
"2020-05-25 14:44:51",398
"2020-05-25 15:44:43",398
"2020-05-25 16:44:38",398
"2020-05-25 17:44:44",398
"2020-05-25 18:44:44",398
"2020-05-25 19:44:47",398
"2020-05-25 20:44:48",398
"2020-05-25 21:44:39",398
"2020-05-25 22:44:39",398
"2020-05-25 23:44:39",398
"2020-05-26 00:44:47",398
"2020-05-26 01:44:40",398
"2020-05-26 02:44:38",398
"2020-05-26 03:44:47",398
"2020-05-26 04:44:51",398
"2020-05-26 05:44:43",398
"2020-05-26 06:44:47",398
"2020-05-26 07:44:49",398
"2020-05-26 08:44:51",398
"2020-05-26 09:44:46",398
"2020-05-26 10:44:44",398
"2020-05-26 11:44:50",398
"2020-05-26 12:44:43",398
"2020-05-26 13:44:49",398
"2020-05-26 14:44:46",400
"2020-05-26 15:44:42",400
"2020-05-26 16:44:41",402
"2020-05-26 17:44:45",402
"2020-05-26 18:44:39",401
"2020-05-26 19:44:43",401
"2020-05-26 20:44:44",401
"2020-05-26 21:44:56",401
"2020-05-26 22:44:40",401
"2020-05-26 23:44:42",401
"2020-05-27 00:45:09",401
"2020-05-27 01:44:39",401
"2020-05-27 02:44:42",401
"2020-05-27 03:44:44",401
"2020-05-27 04:44:45",401
"2020-05-27 05:44:42",401
"2020-05-27 06:44:48",401
"2020-05-27 07:44:47",401
"2020-05-27 08:44:41",401
"2020-05-27 09:44:39",401
"2020-05-27 10:44:40",401
"2020-05-27 11:44:38",401
"2020-05-27 13:08:48",401
"2020-05-27 13:44:53",401
"2020-05-27 14:44:45",400
"2020-05-27 15:44:39",400
"2020-05-27 16:44:42",405
"2020-05-27 17:44:40",405
"2020-05-27 18:44:39",405
"2020-05-27 19:44:48",405
"2020-05-27 20:44:44",405
"2020-05-27 21:44:43",405
"2020-05-27 22:44:42",405
"2020-05-27 23:44:40",405
"2020-05-28 00:44:45",405
"2020-05-28 01:44:49",405
"2020-05-28 02:44:42",405
"2020-05-28 03:44:41",405
"2020-05-28 04:44:42",405
"2020-05-28 05:44:39",405
"2020-05-28 06:44:43",405
"2020-05-28 07:44:52",405
"2020-05-28 08:44:46",405
"2020-05-28 09:44:39",405
"2020-05-28 10:44:50",405
"2020-05-28 11:44:52",405
"2020-05-28 13:09:21",405
"2020-05-28 13:44:48",405
"2020-05-28 14:44:49",405
"2020-05-28 15:44:47",406
"2020-05-28 16:44:49",406
"2020-05-28 17:44:46",405
"2020-05-28 18:44:46",404
"2020-05-28 19:44:44",404
"2020-05-28 20:44:55",404
"2020-05-28 21:44:59",404
"2020-05-28 22:44:46",404
"2020-05-28 23:44:56",404
"2020-05-29 00:44:50",404
"2020-05-29 01:44:48",404
"2020-05-29 02:45:06",404
"2020-05-29 03:44:45",404
"2020-05-29 04:44:48",404
"2020-05-29 05:45:04",404
"2020-05-29 06:44:57",404
"2020-05-29 07:44:57",404
"2020-05-29 08:44:54",404
"2020-05-29 09:51:47",404
"2020-05-29 10:44:51",404
"2020-05-29 11:44:47",404
"2020-05-29 12:44:59",404
"2020-05-29 13:44:54",404
"2020-05-29 14:44:52",405
"2020-05-29 15:44:46",406
"2020-05-29 16:44:41",406
"2020-05-29 17:44:51",405
"2020-05-29 18:44:50",407
"2020-05-29 19:44:47",405
"2020-05-29 20:44:55",406
"2020-05-29 21:44:45",406
"2020-05-29 22:44:46",406
"2020-05-29 23:44:57",406
"2020-05-30 00:44:42",406
"2020-05-30 01:44:41",406
"2020-05-30 02:44:45",406
"2020-05-30 03:44:47",406
"2020-05-30 04:44:45",406
"2020-05-30 05:44:49",406
"2020-05-30 06:44:51",406
"2020-05-30 07:45:07",406
"2020-05-30 08:44:50",406
"2020-05-30 09:44:43",406
"2020-05-30 10:44:51",406
"2020-05-30 11:44:47",406
"2020-05-30 12:44:46",406
"2020-05-30 13:44:47",406
"2020-05-30 14:44:42",406
"2020-05-30 15:44:45",406
"2020-05-30 16:44:59",406
"2020-05-30 17:44:47",406
"2020-05-30 18:44:47",406
"2020-05-30 19:44:51",406
"2020-05-30 20:44:46",406
"2020-05-30 21:44:52",406
"2020-05-30 22:44:47",406
"2020-05-30 23:44:52",406
"2020-05-31 00:44:52",406
"2020-05-31 01:44:52",406
"2020-05-31 02:44:49",406
"2020-05-31 03:44:49",406
"2020-05-31 04:44:47",406
"2020-05-31 05:44:52",406
"2020-05-31 06:44:51",406
"2020-05-31 07:44:53",406
"2020-05-31 09:29:48",406
"2020-05-31 09:44:48",406
"2020-05-31 13:09:10",406
"2020-05-31 13:11:33",406
"2020-05-31 13:19:14",406
"2020-06-01 05:01:32",406
"2020-06-01 05:21:05",406
"2020-06-01 05:21:17",406
"2020-06-01 05:23:54",406
"2020-06-01 05:26:09",406
"2020-06-01 05:30:45",406
"2020-06-01 05:31:09",406
"2020-06-01 05:37:56",406
"2020-06-01 05:45:15",406
"2020-06-01 05:46:23",406
"2020-06-01 05:48:26",406
"2020-06-01 05:48:51",406
"2020-06-01 05:49:17",406
"2020-06-01 05:55:56",406
"2020-06-01 06:02:03",406
"2020-06-01 06:38:26",406
"2020-06-01 06:46:02",406
"2020-06-01 06:53:38",406
"2020-06-01 07:44:47",406
"2020-06-01 08:44:55",406
"2020-06-01 09:44:57",406
"2020-06-01 10:44:45",406
"2020-06-01 11:44:47",406
"2020-06-01 13:07:22",406
"2020-06-01 13:45:17",406
"2020-06-01 14:44:50",407
"2020-06-01 15:44:48",408
"2020-06-01 16:45:09",408
"2020-06-01 17:45:06",407
"2020-06-01 18:45:04",407
"2020-06-01 19:44:51",408
"2020-06-01 20:44:49",410
"2020-06-01 21:44:46",410
"2020-06-01 22:44:43",410
"2020-06-01 23:44:50",410
"2020-06-02 00:44:52",410
"2020-06-02 01:44:43",410
"2020-06-02 02:44:42",410
"2020-06-02 03:44:47",410
"2020-06-02 04:44:45",410
"2020-06-02 05:44:47",410
"2020-06-02 06:44:45",410
"2020-06-02 07:44:50",410
"2020-06-02 08:44:53",410
"2020-06-02 09:44:45",410
"2020-06-02 10:44:52",410
"2020-06-02 11:44:47",410
"2020-06-02 12:44:56",410
"2020-06-02 13:44:52",410
"2020-06-02 14:45:10",410
"2020-06-02 15:45:11",409
"2020-06-02 16:44:46",408
"2020-06-02 17:45:08",408
"2020-06-02 18:44:45",409
"2020-06-02 19:45:06",408
"2020-06-02 20:45:09",407
"2020-06-02 21:44:41",407
"2020-06-02 22:44:49",407
"2020-06-02 23:44:42",407
"2020-06-03 00:44:53",407
"2020-06-03 01:45:10",407
"2020-06-03 02:44:40",407
"2020-06-03 03:45:01",407
"2020-06-03 04:44:59",407
"2020-06-03 05:44:42",407
"2020-06-03 06:44:47",407
"2020-06-03 07:45:05",407
"2020-06-03 08:44:46",407
"2020-06-03 09:44:48",407
"2020-06-03 10:44:47",407
"2020-06-03 11:44:47",407
"2020-06-03 13:10:54",407
"2020-06-03 13:44:50",407
"2020-06-03 14:44:43",407
"2020-06-03 15:45:09",407
"2020-06-03 16:45:04",407
"2020-06-03 17:45:09",407
"2020-06-03 18:45:14",407
"2020-06-03 19:45:11",408
"2020-06-03 20:44:46",408
"2020-06-03 21:44:47",409
"2020-06-03 22:44:45",409
"2020-06-03 23:44:41",409
"2020-06-04 00:45:05",409
"2020-06-04 01:44:52",409
"2020-06-04 02:44:47",409
"2020-06-04 03:44:51",409
"2020-06-04 04:44:52",409
"2020-06-04 05:44:47",409
"2020-06-04 06:44:48",409
"2020-06-04 07:44:57",409
"2020-06-04 08:44:57",409
"2020-06-04 09:44:52",409
"2020-06-04 10:44:46",409
"2020-06-04 11:44:45",409
"2020-06-04 12:44:48",409
"2020-06-04 13:45:04",409
"2020-06-04 14:45:26",411
"2020-06-04 15:45:13",411
"2020-06-04 17:09:26",410
"2020-06-04 17:44:51",410
"2020-06-04 18:45:06",412
"2020-06-04 19:44:43",411
"2020-06-04 20:45:09",411
"2020-06-04 21:45:09",411
"2020-06-04 22:44:48",411
"2020-06-04 23:44:51",411
"2020-06-05 00:44:53",411
"2020-06-05 01:44:46",411
"2020-06-05 02:44:45",411
"2020-06-05 03:44:47",411
"2020-06-05 04:44:51",411
"2020-06-05 05:44:54",411
"2020-06-05 06:44:52",411
"2020-06-05 07:44:51",411
"2020-06-05 08:44:50",411
"2020-06-05 09:44:46",411
"2020-06-05 10:44:46",411
"2020-06-05 11:44:48",411
"2020-06-05 13:11:54",411
"2020-06-05 13:45:12",411
"2020-06-05 14:44:53",406
"2020-06-05 15:44:51",407
"2020-06-05 16:45:14",408
"2020-06-05 17:44:50",409
"2020-06-05 18:44:51",409
"2020-06-05 19:44:50",409
"2020-06-05 20:45:14",409
"2020-06-05 21:44:51",409
"2020-06-05 22:44:50",409
"2020-06-05 23:44:50",409
"2020-06-06 00:44:56",409
"2020-06-06 01:44:45",409
"2020-06-06 02:44:47",409
"2020-06-06 03:44:53",409
"2020-06-06 04:44:57",409
"2020-06-06 05:44:57",409
"2020-06-06 06:44:51",409
"2020-06-06 07:45:18",409
"2020-06-06 08:44:54",409
"2020-06-06 09:55:10",409
"2020-06-06 10:44:46",409
"2020-06-06 11:44:51",409
"2020-06-06 12:44:53",409
"2020-06-06 13:44:48",409
"2020-06-06 14:45:12",409
"2020-06-06 15:44:49",409
"2020-06-06 16:45:07",409
"2020-06-06 18:44:51",409
"2020-06-06 19:44:46",409
"2020-06-06 20:44:49",409
"2020-06-06 21:44:48",409
"2020-06-06 22:44:49",409
"2020-06-06 23:44:56",409
"2020-06-07 00:44:56",409
"2020-06-07 01:44:48",409
"2020-06-07 02:44:50",409
"2020-06-07 03:44:50",409
"2020-06-07 04:44:50",409
"2020-06-07 05:44:49",409
"2020-06-07 06:44:49",409
"2020-06-07 07:44:53",409
"2020-06-07 08:44:53",409
"2020-06-08 04:44:45",409
"2020-06-08 05:44:43",409
"2020-06-08 06:45:07",409
"2020-06-08 07:44:42",409
"2020-06-08 08:44:52",409
"2020-06-08 09:44:46",409
"2020-06-08 10:44:45",409
"2020-06-08 11:44:49",409
"2020-06-08 12:45:12",409
"2020-06-08 13:44:51",409
"2020-06-08 14:45:25",411
"2020-06-08 15:44:47",409
"2020-06-08 16:44:58",410
"2020-06-08 17:44:56",409
"2020-06-08 18:45:19",410
"2020-06-08 19:45:13",409
"2020-06-08 20:45:02",410
"2020-06-08 21:44:54",410
"2020-06-08 22:44:51",410
"2020-06-08 23:44:50",410
"2020-06-09 00:44:53",410
"2020-06-09 01:45:00",410
"2020-06-09 02:44:58",410
"2020-06-09 03:44:48",410
"2020-06-09 04:45:12",410
"2020-06-09 05:45:24",410
"2020-06-09 06:45:20",410
"2020-06-09 07:44:58",410
"2020-06-09 08:44:57",410
"2020-06-09 09:45:08",410
"2020-06-09 10:44:54",410
"2020-06-09 11:44:58",410
"2020-06-09 12:45:27",410
"2020-06-09 13:45:07",410
"2020-06-09 14:45:07",411
"2020-06-09 15:45:14",411
"2020-06-09 16:45:20",411
"2020-06-09 17:44:53",411
"2020-06-09 18:45:12",412
"2020-06-09 19:45:31",410
"2020-06-09 20:45:31",410
"2020-06-09 21:45:12",410
"2020-06-09 22:45:16",410
"2020-06-09 23:45:19",410
"2020-06-10 00:45:25",410
"2020-06-10 01:45:10",410
"2020-06-10 02:45:15",410
"2020-06-10 03:45:19",410
"2020-06-10 04:45:08",410
"2020-06-10 05:45:17",410
"2020-06-10 06:44:56",410
"2020-06-10 07:44:47",410
"2020-06-10 08:44:55",410
"2020-06-10 09:44:44",410
"2020-06-10 10:44:47",410
"2020-06-10 11:44:54",410
"2020-06-10 12:45:01",410
"2020-06-10 13:45:19",410
"2020-06-10 15:44:53",411
"2020-06-10 16:45:04",411
"2020-06-10 17:45:01",411
"2020-06-10 18:45:02",411
"2020-06-10 19:44:57",411
"2020-06-10 20:44:53",411
"2020-06-10 21:45:03",411
"2020-06-10 22:44:49",411
"2020-06-10 23:45:12",411
"2020-06-11 00:46:19",411
"2020-06-11 01:44:50",411
"2020-06-11 02:45:31",411
"2020-06-11 03:45:31",411
"2020-06-11 04:44:54",411
"2020-06-11 05:45:27",411
"2020-06-11 06:45:02",411
"2020-06-11 07:45:17",411
"2020-06-11 08:44:55",411
"2020-06-11 09:44:57",411
"2020-06-11 10:44:56",411
"2020-06-11 11:44:48",411
"2020-06-11 12:44:59",411
"2020-06-11 13:45:23",411
"2020-06-11 14:45:08",410
"2020-06-11 15:45:21",409
"2020-06-11 16:45:39",411
"2020-06-11 17:45:15",411
"2020-06-11 18:45:19",410
"2020-06-11 19:45:13",410
"2020-06-11 20:44:50",410
"2020-06-11 21:44:49",410
"2020-06-11 22:44:44",410
"2020-06-11 23:44:43",410
"2020-06-12 00:44:53",410
"2020-06-12 01:44:54",410
"2020-06-12 02:44:52",410
"2020-06-12 03:44:53",410
"2020-06-12 04:44:50",410
"2020-06-12 05:44:48",410
"2020-06-12 06:44:56",410
"2020-06-12 07:44:56",410
"2020-06-12 08:44:45",410
"2020-06-12 09:44:57",410
"2020-06-12 10:44:57",410
"2020-06-12 11:44:50",410
"2020-06-12 14:11:32",411
"2020-06-12 14:19:30",411
"2020-06-12 14:45:24",411
"2020-06-12 15:44:55",411
"2020-06-12 16:45:00",411
"2020-06-12 17:44:54",412
"2020-06-12 18:44:56",413
"2020-06-12 19:45:11",414
"2020-06-12 20:45:10",415
"2020-06-12 21:45:03",415
"2020-06-12 22:44:49",415
"2020-06-12 23:44:49",415
"2020-06-13 00:44:45",415
"2020-06-13 01:44:48",415
"2020-06-13 02:44:49",415
"2020-06-13 03:44:48",415
"2020-06-13 04:44:48",415
"2020-06-13 05:44:47",415
"2020-06-13 06:44:51",415
"2020-06-13 07:44:51",415
"2020-06-13 08:44:47",415
"2020-06-13 09:44:49",415
"2020-06-13 10:44:48",415
"2020-06-13 11:44:45",415
"2020-06-13 12:44:46",415
"2020-06-13 13:44:44",415
"2020-06-13 14:44:48",415
"2020-06-13 15:44:47",415
"2020-06-13 16:44:57",415
"2020-06-13 17:44:49",415
"2020-06-13 18:44:50",415
"2020-06-13 19:44:47",415
"2020-06-13 20:44:50",415
"2020-06-13 21:44:54",415
"2020-06-13 22:44:53",415
"2020-06-13 23:44:53",415
"2020-06-14 00:44:52",415
"2020-06-14 01:44:46",415
"2020-06-14 02:44:51",415
"2020-06-14 03:44:54",415
"2020-06-14 04:44:42",415
"2020-06-14 05:45:06",415
"2020-06-14 06:44:47",415
"2020-06-14 07:44:52",415
"2020-06-14 08:44:48",415
"2020-06-14 09:44:49",415
"2020-06-14 10:44:50",415
"2020-06-14 11:44:46",415
"2020-06-14 12:44:47",415
"2020-06-14 13:44:48",415
"2020-06-14 14:44:51",415
"2020-06-14 15:44:49",415
"2020-06-14 16:44:47",415
"2020-06-14 17:44:51",415
"2020-06-14 18:44:54",415
"2020-06-14 19:44:47",415
"2020-06-14 20:44:50",415
"2020-06-14 21:45:01",415
"2020-06-14 22:44:46",415
"2020-06-14 23:44:49",415
"2020-06-15 00:45:03",415
"2020-06-15 01:44:55",415
"2020-06-15 02:44:54",415
"2020-06-15 03:44:48",415
"2020-06-15 04:44:56",415
"2020-06-15 05:45:11",415
"2020-06-15 06:44:48",415
"2020-06-15 07:44:49",415
"2020-06-15 08:44:59",415
"2020-06-15 09:44:53",415
"2020-06-15 10:44:45",415
"2020-06-15 11:44:46",415
"2020-06-15 12:44:56",415
"2020-06-15 13:45:26",415
"2020-06-15 14:45:16",415
"2020-06-15 15:44:56",416
"2020-06-15 16:45:06",416
"2020-06-15 17:44:56",416
"2020-06-15 18:42:28",416
"2020-06-15 18:50:08",416
"2020-06-15 18:57:47",416
"2020-06-15 19:05:29",416
"2020-06-15 19:13:15",416
"2020-06-15 19:21:03",416
"2020-06-15 19:28:45",416
"2020-06-15 19:36:24",416
"2020-06-15 19:44:04",416
"2020-06-15 19:51:44",416
"2020-06-15 19:59:29",416
"2020-06-15 20:07:14",417
"2020-06-15 20:12:16",417
"2020-06-15 20:19:54",417
"2020-06-15 20:27:33",417
"2020-06-15 20:35:12",417
"2020-06-15 20:42:50",417
"2020-06-15 20:50:27",417
"2020-06-15 20:58:08",417
"2020-06-15 21:05:50",417
"2020-06-15 21:13:31",417
"2020-06-15 21:21:09",417
"2020-06-15 21:28:45",417
"2020-06-15 21:36:24",417
"2020-06-15 21:44:00",417
"2020-06-15 21:51:40",417
"2020-06-15 22:44:51",417
"2020-06-15 23:44:46",417
"2020-06-16 00:44:50",417
"2020-06-16 01:44:45",417
"2020-06-16 02:45:26",417
"2020-06-16 03:44:49",417
"2020-06-16 04:44:44",417
"2020-06-16 05:44:48",417
"2020-06-16 06:45:13",417
"2020-06-16 07:45:08",417
"2020-06-16 08:44:47",417
"2020-06-16 09:44:46",417
"2020-06-16 10:44:50",417
"2020-06-16 11:44:45",417
"2020-06-16 12:44:53",417
"2020-06-16 13:44:52",417
"2020-06-16 14:45:08",417
"2020-06-16 15:44:53",418
"2020-06-16 16:44:52",420
"2020-06-16 17:45:23",421
"2020-06-16 18:44:51",423
"2020-06-16 19:44:52",423
"2020-06-16 20:44:52",424
"2020-06-16 21:44:48",424
"2020-06-16 22:44:42",424
"2020-06-16 23:44:43",424
"2020-06-17 00:44:48",424
"2020-06-17 01:45:05",424
"2020-06-17 02:44:52",424
"2020-06-17 03:45:15",424
"2020-06-17 04:44:53",424
"2020-06-17 05:44:50",424
"2020-06-17 06:45:06",424
"2020-06-17 07:44:50",424
"2020-06-17 08:44:47",424
"2020-06-17 09:44:45",424
"2020-06-17 10:44:43",424
"2020-06-17 11:44:51",424
"2020-06-17 12:44:52",424
"2020-06-17 13:44:57",424
"2020-06-17 14:44:52",424
"2020-06-17 15:44:55",425
"2020-06-17 16:44:58",425
"2020-06-17 17:44:55",425
"2020-06-17 18:45:01",425
"2020-06-17 19:45:13",425
"2020-06-17 20:45:14",425
"2020-06-17 21:45:05",425
"2020-06-17 22:44:49",425
"2020-06-17 23:44:52",425
"2020-06-18 00:44:49",425
"2020-06-18 01:44:53",425
"2020-06-18 02:44:46",425
"2020-06-18 03:45:06",425
"2020-06-18 04:44:51",425
"2020-06-18 05:44:46",425
"2020-06-18 06:44:53",425
"2020-06-18 07:45:06",425
"2020-06-18 08:44:47",425
"2020-06-18 09:44:50",425
"2020-06-18 10:44:44",425
"2020-06-18 11:44:57",425
"2020-06-18 12:44:52",425
"2020-06-18 13:45:06",425
"2020-06-18 14:45:05",425
"2020-06-18 17:06:50",425
"2020-06-18 17:44:52",425
"2020-06-18 18:45:03",425
"2020-06-18 19:45:00",425
"2020-06-18 20:44:54",428
"2020-06-18 21:45:14",428
"2020-06-18 22:44:51",428
"2020-06-18 23:44:56",428
"2020-06-19 00:45:13",428
"2020-06-19 01:44:52",428
"2020-06-19 02:44:50",428
"2020-06-19 03:45:12",428
"2020-06-19 04:47:25",428
"2020-06-19 05:44:51",428
"2020-06-19 06:44:47",428
"2020-06-19 07:45:10",428
"2020-06-19 08:45:16",428
"2020-06-19 09:45:08",428
"2020-06-19 10:44:50",428
"2020-06-19 11:44:43",428
"2020-06-19 13:09:24",428
"2020-06-19 13:45:05",428
"2020-06-19 14:44:53",429
"2020-06-19 15:44:56",430
"2020-06-19 16:44:53",430
"2020-06-19 17:45:05",430
"2020-06-19 18:44:47",429
"2020-06-19 19:44:56",430
"2020-06-19 20:44:52",430
"2020-06-19 21:44:43",430
"2020-06-19 22:45:01",430
"2020-06-19 23:45:07",430
"2020-06-20 00:44:55",430
"2020-06-20 01:45:01",430
"2020-06-20 02:45:02",430
"2020-06-20 03:44:47",430
"2020-06-20 04:44:43",430
"2020-06-20 05:44:53",430
"2020-06-20 06:44:48",430
"2020-06-20 07:44:51",430
"2020-06-20 08:44:52",430
"2020-06-20 09:44:51",430
"2020-06-20 10:44:50",430
"2020-06-20 11:44:52",430
"2020-06-20 12:44:53",430
"2020-06-20 13:44:55",430
"2020-06-20 14:44:53",430
"2020-06-20 15:44:45",430
"2020-06-20 16:45:10",430
"2020-06-20 17:44:48",430
"2020-06-20 18:44:49",430
"2020-06-20 19:45:03",430
"2020-06-20 20:44:52",430
"2020-06-20 21:44:53",430
"2020-06-20 22:44:55",430
"2020-06-20 23:44:57",430
"2020-06-21 00:44:57",430
"2020-06-21 01:44:52",430
"2020-06-21 02:44:52",430
"2020-06-21 03:45:14",430
"2020-06-21 04:44:51",430
"2020-06-21 05:45:13",430
"2020-06-21 06:44:50",430
"2020-06-21 07:44:52",430
"2020-06-21 08:44:47",430
"2020-06-21 09:44:47",430
"2020-06-21 10:44:45",430
"2020-06-21 11:44:52",430
"2020-06-21 12:44:57",430
"2020-06-21 13:44:55",430
"2020-06-21 14:45:17",430
"2020-06-21 15:44:53",430
"2020-06-21 16:44:47",430
"2020-06-21 17:44:50",430
"2020-06-21 18:44:53",430
"2020-06-21 19:44:54",430
"2020-06-21 20:44:52",430
"2020-06-21 21:44:55",430
"2020-06-21 22:45:10",430
"2020-06-21 23:44:59",430
"2020-06-22 00:44:49",430
"2020-06-22 01:45:01",430
"2020-06-22 02:44:57",430
"2020-06-22 03:44:53",430
"2020-06-22 04:44:54",430
"2020-06-22 05:45:12",430
"2020-06-22 06:44:52",430
"2020-06-22 07:44:46",430
"2020-06-22 08:44:54",430
"2020-06-22 09:44:56",430
"2020-06-22 10:45:15",430
"2020-06-22 11:44:48",430
"2020-06-22 12:44:54",430
"2020-06-22 13:44:56",431
"2020-06-22 14:44:58",433
"2020-06-22 15:45:12",433
"2020-06-22 16:44:57",433
"2020-06-22 17:45:16",434
"2020-06-22 18:44:52",437
"2020-06-22 19:44:59",438
"2020-06-22 20:44:49",437
"2020-06-22 21:44:48",437
"2020-06-22 22:44:45",437
"2020-06-22 23:44:49",437
"2020-06-23 00:44:49",437
"2020-06-23 01:44:53",437
"2020-06-23 02:44:57",437
"2020-06-23 03:44:58",437
"2020-06-23 04:45:07",437
"2020-06-23 05:45:09",437
"2020-06-23 06:44:50",437
"2020-06-23 07:44:58",437
"2020-06-23 08:45:27",437
"2020-06-23 09:44:52",437
"2020-06-23 10:44:58",437
"2020-06-23 11:44:54",437
"2020-06-23 12:44:59",437
"2020-06-23 13:44:56",437
"2020-06-23 14:44:59",439
"2020-06-23 15:45:11",439
"2020-06-23 16:44:54",438
"2020-06-23 17:45:01",439
"2020-06-23 18:45:13",439
"2020-06-23 19:44:50",439
"2020-06-23 20:44:57",439
"2020-06-23 21:44:49",439
"2020-06-23 22:45:09",439
"2020-06-23 23:45:15",439
"2020-06-24 00:45:13",439
"2020-06-24 01:45:14",439
"2020-06-24 02:45:12",439
"2020-06-24 03:44:51",439
"2020-06-24 04:45:07",439
"2020-06-24 05:45:16",439
"2020-06-24 06:44:58",439
"2020-06-24 07:44:54",439
"2020-06-24 08:45:07",439
"2020-06-24 09:44:57",439
"2020-06-24 10:45:04",439
"2020-06-24 11:44:48",439
"2020-06-24 12:44:54",439
"2020-06-24 13:45:01",439
"2020-06-24 14:44:57",440
"2020-06-24 15:44:50",439
"2020-06-24 16:44:54",438
"2020-06-24 17:45:13",439
"2020-06-24 18:45:07",439
"2020-06-24 19:45:12",440
"2020-06-24 20:44:56",440
"2020-06-24 21:44:52",440
"2020-06-24 22:44:51",440
"2020-06-24 23:44:54",440
"2020-06-25 00:44:58",440
"2020-06-25 01:44:54",440
"2020-06-25 02:44:46",440
"2020-06-25 03:44:52",440
"2020-06-25 04:44:54",440
"2020-06-25 05:44:53",440
"2020-06-25 06:44:59",440
"2020-06-25 07:45:01",440
"2020-06-25 08:44:55",440
"2020-06-25 09:45:11",440
"2020-06-25 10:44:49",440
"2020-06-25 11:45:24",440
"2020-06-25 13:08:26",440
"2020-06-25 13:45:16",440
"2020-06-25 14:45:36",442
"2020-06-25 15:45:17",442
"2020-06-25 16:45:16",442
"2020-06-25 17:45:17",442
"2020-06-25 18:44:54",443
"2020-06-25 19:45:05",444
"2020-06-25 20:44:53",445
"2020-06-25 21:45:10",445
"2020-06-25 22:45:18",445
"2020-06-25 23:44:50",445
"2020-06-26 00:45:19",445
"2020-06-26 01:45:04",445
"2020-06-26 02:45:00",445
"2020-06-26 03:45:10",445
"2020-06-26 04:44:51",445
"2020-06-26 05:44:56",445
"2020-06-26 06:45:00",445
"2020-06-26 07:45:01",445
"2020-06-26 08:45:02",445
"2020-06-26 09:44:53",445
"2020-06-26 10:44:51",445
"2020-06-26 11:44:56",445
"2020-06-26 12:44:59",445
"2020-06-26 13:45:27",445
"2020-06-26 14:44:57",444
"2020-06-26 15:44:54",443
"2020-06-26 16:44:58",443
"2020-06-26 17:44:55",443
"2020-06-26 18:44:58",443
"2020-06-26 19:45:00",442
"2020-06-26 20:44:53",442
"2020-06-26 21:44:56",442
"2020-06-26 22:45:13",442
"2020-06-26 23:44:50",442
"2020-06-27 00:45:24",442
"2020-06-27 01:45:12",442
"2020-06-27 02:45:10",442
"2020-06-27 03:45:11",442
"2020-06-27 04:45:16",442
"2020-06-27 05:44:50",442
"2020-06-27 06:44:55",442
"2020-06-27 07:44:57",442
"2020-06-27 08:44:50",442
"2020-06-27 09:44:54",442
"2020-06-27 10:44:55",442
"2020-06-27 11:44:48",442
"2020-06-27 12:45:00",442
"2020-06-27 13:44:56",442
"2020-06-27 14:44:46",442
"2020-06-27 15:45:16",442
"2020-06-27 16:44:55",442
"2020-06-27 17:44:52",442
"2020-06-27 18:44:54",442
"2020-06-27 19:44:55",442
"2020-06-27 20:44:49",442
"2020-06-27 21:44:51",442
"2020-06-27 22:44:53",442
"2020-06-27 23:44:50",442
"2020-06-28 00:45:03",442
"2020-06-28 01:44:50",442
"2020-06-28 02:44:57",442
"2020-06-28 03:44:51",442
"2020-06-28 04:44:49",442
"2020-06-28 05:44:53",442
"2020-06-28 06:44:50",442
"2020-06-28 07:45:04",442
"2020-06-28 08:44:57",442
"2020-06-28 09:44:51",442
"2020-06-28 10:44:53",442
"2020-06-28 11:44:48",442
"2020-06-28 12:44:55",442
"2020-06-28 13:44:55",442
"2020-06-28 14:44:49",442
"2020-06-28 15:44:58",442
"2020-06-28 16:44:55",442
"2020-06-28 17:44:53",442
"2020-06-28 18:44:57",442
"2020-06-28 19:44:56",442
"2020-06-28 20:44:49",442
"2020-06-28 21:44:59",442
"2020-06-28 22:45:12",442
"2020-06-28 23:44:58",442
"2020-06-29 00:45:09",442
"2020-06-29 01:44:48",442
"2020-06-29 02:44:57",442
"2020-06-29 03:44:54",442
"2020-06-29 04:44:58",442
"2020-06-29 05:44:51",442
"2020-06-29 06:45:00",442
"2020-06-29 07:45:04",442
"2020-06-29 08:44:57",442
"2020-06-29 09:44:59",442
"2020-06-29 10:44:56",442
"2020-06-29 11:44:54",442
"2020-06-29 12:45:01",442
"2020-06-29 13:45:11",442
"2020-06-29 14:45:24",442
"2020-06-29 15:44:58",443
"2020-06-29 16:44:56",443
"2020-06-29 17:44:54",443
"2020-06-29 18:44:54",443
"2020-06-29 19:44:57",444
"2020-06-29 20:44:57",444
"2020-06-29 21:44:56",444
"2020-06-29 22:44:52",444
"2020-06-29 23:45:00",444
"2020-06-30 00:45:21",444
"2020-06-30 01:45:03",444
"2020-06-30 02:45:22",444
"2020-06-30 03:44:54",444
"2020-06-30 04:45:17",444
"2020-06-30 05:45:00",444
"2020-06-30 06:45:13",444
"2020-06-30 07:44:54",444
"2020-06-30 08:44:54",444
"2020-06-30 09:45:01",444
"2020-06-30 10:46:59",444
"2020-06-30 11:44:55",444
"2020-06-30 12:44:54",444
"2020-06-30 13:45:34",444
"2020-06-30 14:45:07",444
"2020-06-30 15:45:11",446
"2020-06-30 16:45:31",447
"2020-06-30 17:44:56",447
"2020-06-30 18:45:08",447
"2020-06-30 19:44:58",448
"2020-06-30 20:45:05",448
"2020-06-30 21:45:18",448
"2020-06-30 22:44:48",448
"2020-06-30 23:44:55",448
"2020-07-01 00:45:54",448
"2020-07-01 01:44:57",448
"2020-07-01 02:45:17",448
"2020-07-01 03:44:59",448
"2020-07-01 04:45:05",448
"2020-07-01 05:45:07",448
"2020-07-01 06:44:59",448
"2020-07-01 07:45:02",448
"2020-07-01 08:45:19",448
"2020-07-01 09:45:32",448
"2020-07-01 10:45:26",448
"2020-07-01 11:44:57",448
"2020-07-01 13:08:02",448
"2020-07-01 13:45:29",448
"2020-07-01 14:45:32",447
"2020-07-01 15:45:28",449
"2020-07-01 16:45:25",449
"2020-07-01 17:45:17",449
"2020-07-01 18:45:20",450
"2020-07-01 19:45:30",451
"2020-07-01 20:45:21",451
"2020-07-01 21:45:00",453
"2020-07-01 22:45:22",453
"2020-07-01 23:45:03",453
"2020-07-02 00:46:01",453
"2020-07-02 01:45:06",453
"2020-07-02 02:45:09",453
"2020-07-02 03:45:09",453
"2020-07-02 04:45:05",453
"2020-07-02 05:45:06",453
"2020-07-02 06:45:04",453
"2020-07-02 07:44:57",453
"2020-07-02 08:45:02",453
"2020-07-02 09:46:22",453
"2020-07-02 10:45:02",453
"2020-07-02 11:45:04",453
"2020-07-02 13:11:02",453
"2020-07-02 13:45:30",453
"2020-07-02 14:45:01",454
"2020-07-02 15:45:07",454
"2020-07-02 16:45:20",454
"2020-07-02 17:45:14",455
"2020-07-02 18:45:20",456
"2020-07-02 19:45:09",456
"2020-07-02 20:44:54",456
"2020-07-02 21:45:03",456
"2020-07-02 22:44:56",456
"2020-07-02 23:44:53",456
"2020-07-03 00:45:23",456
"2020-07-03 01:45:00",456
"2020-07-03 02:45:16",456
"2020-07-03 03:44:58",456
"2020-07-03 04:45:19",456
"2020-07-03 05:45:00",456
"2020-07-03 06:44:59",456
"2020-07-03 07:45:00",456
"2020-07-03 08:44:59",456
"2020-07-03 09:45:20",456
"2020-07-03 10:45:03",456
"2020-07-03 11:44:57",456
"2020-07-03 12:44:55",456
"2020-07-03 13:44:59",456
"2020-07-03 14:45:07",456
"2020-07-03 15:44:57",456
"2020-07-03 16:44:59",456
"2020-07-03 17:44:58",456
"2020-07-03 18:45:08",456
"2020-07-03 19:45:01",456
"2020-07-03 20:45:03",456
"2020-07-03 21:44:59",456
"2020-07-03 22:44:57",456
"2020-07-03 23:44:57",456
"2020-07-04 00:44:58",456
"2020-07-04 01:45:08",456
"2020-07-04 02:45:16",456
"2020-07-04 03:44:57",456
"2020-07-04 04:44:54",456
"2020-07-04 05:45:02",456
"2020-07-04 06:45:05",456
"2020-07-04 07:44:59",456
"2020-07-04 08:45:03",456
"2020-07-04 09:45:02",456
"2020-07-04 11:38:03",456
"2020-07-04 11:45:49",456
"2020-07-04 12:45:05",456
"2020-07-04 13:44:57",456
"2020-07-04 14:45:03",456
"2020-07-04 15:44:52",456
"2020-07-04 16:45:24",456
"2020-07-04 17:44:58",456
"2020-07-04 18:45:00",456
"2020-07-04 19:44:54",456
"2020-07-04 20:45:00",456
"2020-07-04 21:45:02",456
"2020-07-04 22:44:55",456
"2020-07-04 23:45:07",456
"2020-07-05 00:45:04",456
"2020-07-05 01:45:01",456
"2020-07-05 02:44:52",456
"2020-07-05 03:44:58",456
"2020-07-05 04:44:54",456
"2020-07-05 05:45:03",456
"2020-07-05 06:45:01",456
"2020-07-05 07:45:06",456
"2020-07-05 08:45:01",456
"2020-07-05 11:32:18",456
"2020-07-05 11:37:48",456
"2020-07-05 11:47:18",456
"2020-07-05 12:44:57",456
"2020-07-05 13:45:01",456
"2020-07-05 14:44:54",456
"2020-07-05 15:45:11",456
"2020-07-05 16:45:03",456
"2020-07-05 17:44:56",456
"2020-07-05 18:44:54",456
"2020-07-05 19:45:00",456
"2020-07-05 20:44:57",456
"2020-07-05 21:45:01",456
"2020-07-05 22:44:52",456
"2020-07-05 23:44:55",456
"2020-07-06 00:45:01",456
"2020-07-06 01:45:05",456
"2020-07-06 02:44:59",456
"2020-07-06 03:44:58",456
"2020-07-06 04:44:57",456
"2020-07-06 05:44:49",456
"2020-07-06 06:45:06",456
"2020-07-06 07:45:16",456
"2020-07-06 08:45:05",456
"2020-07-06 09:45:00",456
"2020-07-06 11:41:18",456
"2020-07-06 11:51:47",456
"2020-07-06 14:09:37",465
"2020-07-06 14:17:40",465
"2020-07-06 14:45:19",465
"2020-07-06 15:45:06",465
"2020-07-06 16:45:27",466
"2020-07-06 17:45:05",466
"2020-07-06 18:44:57",466
"2020-07-06 19:44:54",465
"2020-07-06 20:45:08",465
"2020-07-06 21:44:55",465
"2020-07-06 22:45:15",465
"2020-07-06 23:44:55",465
"2020-07-07 00:45:00",465
"2020-07-07 01:44:52",465
"2020-07-07 02:44:59",465
"2020-07-07 03:45:20",465
"2020-07-07 04:44:57",465
"2020-07-07 05:44:52",465
"2020-07-07 06:44:52",465
"2020-07-07 07:44:50",465
"2020-07-07 08:44:51",465
"2020-07-07 11:24:44",465
"2020-07-07 11:31:17",465
"2020-07-07 11:44:58",465
"2020-07-07 12:45:03",465
"2020-07-07 13:45:04",465
"2020-07-07 14:44:57",465
"2020-07-07 15:45:30",466
"2020-07-07 16:46:10",467
"2020-07-07 17:45:15",467
"2020-07-07 18:44:53",467
"2020-07-07 19:45:27",466
"2020-07-07 20:45:03",466
"2020-07-07 21:45:27",466
"2020-07-07 22:45:04",466
"2020-07-07 23:45:03",466
"2020-07-08 00:45:58",466
"2020-07-08 01:45:17",466
"2020-07-08 02:45:03",466
"2020-07-08 03:45:09",466
"2020-07-08 04:45:00",466
"2020-07-08 05:45:19",466
"2020-07-08 06:45:08",466
"2020-07-08 07:45:04",466
"2020-07-08 08:45:06",466
"2020-07-08 11:50:54",466
"2020-07-08 11:55:39",466
"2020-07-08 11:58:20",466
"2020-07-08 13:12:05",466
"2020-07-08 13:45:21",466
"2020-07-08 14:45:02",466
"2020-07-08 15:45:00",466
"2020-07-08 16:45:00",465
"2020-07-08 17:45:06",465
"2020-07-08 18:45:18",465
"2020-07-08 19:45:22",464
"2020-07-08 20:45:03",465
"2020-07-08 21:45:03",465
"2020-07-08 22:45:02",465
"2020-07-08 23:45:08",465
"2020-07-09 00:46:05",465
"2020-07-09 01:45:03",465
"2020-07-09 18:45:22",465
"2020-07-09 18:49:32",465
"2020-07-09 18:59:23",465
"2020-07-09 19:46:49",465
"2020-07-09 20:45:08",465
"2020-07-09 21:45:12",465
"2020-07-09 22:45:15",465
"2020-07-09 23:45:00",465
"2020-07-10 00:45:52",465
"2020-07-10 01:45:02",465
"2020-07-10 02:45:17",465
"2020-07-10 03:45:02",465
"2020-07-10 04:44:51",465
"2020-07-10 05:44:56",465
"2020-07-10 06:45:04",465
"2020-07-10 07:45:00",465
"2020-07-10 08:45:00",465
"2020-07-10 11:43:38",465
"2020-07-10 11:51:25",465
"2020-07-10 11:59:01",465
"2020-07-10 13:12:01",465
"2020-07-10 13:45:07",465
"2020-07-10 14:44:55",465
"2020-07-10 15:45:07",469
"2020-07-10 16:45:09",469
"2020-07-10 17:44:58",469
"2020-07-10 18:45:08",468
"2020-07-10 19:45:05",468
"2020-07-10 20:44:57",468
"2020-07-10 21:45:20",468
"2020-07-10 22:44:55",468
"2020-07-10 23:45:10",468
"2020-07-11 00:44:59",468
"2020-07-11 01:45:03",468
"2020-07-11 02:44:53",468
"2020-07-11 03:45:08",468
"2020-07-11 04:45:04",468
"2020-07-11 05:44:57",468
"2020-07-11 06:44:58",468
"2020-07-11 07:45:10",468
"2020-07-11 08:45:08",468
"2020-07-11 11:48:24",468
"2020-07-11 11:54:53",468
"2020-07-11 12:02:34",468
"2020-07-11 12:45:04",468
"2020-07-11 13:45:04",468
"2020-07-11 14:45:05",468
"2020-07-11 15:45:05",468
"2020-07-11 16:44:54",468
"2020-07-11 17:45:02",468
"2020-07-11 18:45:01",468
"2020-07-11 19:45:00",468
"2020-07-11 20:44:52",468
"2020-07-11 21:45:10",468
"2020-07-11 22:45:05",468
"2020-07-11 23:44:58",468
"2020-07-12 00:45:00",468
"2020-07-12 01:45:23",468
"2020-07-12 02:44:59",468
"2020-07-12 03:45:07",468
"2020-07-12 04:44:55",468
"2020-07-12 05:45:02",468
"2020-07-12 06:45:10",468
"2020-07-12 07:45:00",468
"2020-07-12 08:44:53",468
"2020-07-12 11:37:00",468
"2020-07-12 11:37:39",468
"2020-07-12 11:53:20",468
"2020-07-12 12:44:55",468
"2020-07-12 13:45:02",468
"2020-07-12 14:44:53",468
"2020-07-12 15:45:00",468
"2020-07-12 16:45:05",468
"2020-07-12 17:44:53",468
"2020-07-12 18:44:57",468
"2020-07-12 19:45:00",468
"2020-07-12 20:45:04",468
"2020-07-12 21:44:54",468
"2020-07-12 22:45:12",468
"2020-07-12 23:44:59",468
"2020-07-13 00:45:15",468
"2020-07-13 01:45:19",468
"2020-07-13 02:45:27",468
"2020-07-13 03:45:06",468
"2020-07-13 04:45:05",468
"2020-07-13 05:44:56",468
"2020-07-13 06:45:17",468
"2020-07-13 07:45:00",468
"2020-07-13 08:45:05",468
"2020-07-13 12:01:51",468
"2020-07-13 12:02:50",468
"2020-07-13 12:07:07",468
"2020-07-13 12:45:34",468
"2020-07-13 13:45:05",468
"2020-07-13 14:44:58",470
"2020-07-13 15:45:16",470
"2020-07-13 16:45:25",469
"2020-07-13 17:45:04",470
"2020-07-13 18:45:05",471
"2020-07-13 19:45:15",470
"2020-07-13 20:45:13",469
"2020-07-13 21:45:14",469
"2020-07-13 22:45:20",469
"2020-07-13 23:45:15",469
"2020-07-14 00:45:31",469
"2020-07-14 01:45:22",469
"2020-07-14 02:45:21",469
"2020-07-14 03:45:06",469
"2020-07-14 04:45:00",469
"2020-07-14 05:45:02",469
"2020-07-14 06:45:05",469
"2020-07-14 07:45:10",469
"2020-07-14 08:45:12",469
"2020-07-14 12:07:28",469
"2020-07-14 12:15:27",469
"2020-07-14 12:18:20",469
"2020-07-14 12:45:17",469
"2020-07-14 13:45:29",469
"2020-07-14 14:45:23",471
"2020-07-14 15:45:34",471
"2020-07-14 16:45:48",470
"2020-07-14 17:45:48",471
"2020-07-14 18:45:25",472
"2020-07-14 19:45:16",472
"2020-07-14 20:45:15",473
"2020-07-14 21:45:17",473
"2020-07-14 22:45:23",473
"2020-07-14 23:45:28",473
"2020-07-15 00:45:38",473
"2020-07-15 01:45:27",473
"2020-07-15 02:30:29",473
"2020-07-15 02:38:13",473
"2020-07-15 02:45:52",473
"2020-07-15 02:53:39",473
"2020-07-15 03:15:14",473
"2020-07-15 03:23:04",473
"2020-07-15 03:30:55",473
"2020-07-15 03:38:40",473
"2020-07-15 03:46:24",473
"2020-07-15 03:54:08",473
"2020-07-15 04:01:55",473
"2020-07-15 04:09:43",473
"2020-07-15 04:17:28",473
"2020-07-15 04:25:13",473
"2020-07-15 04:33:06",473
"2020-07-15 04:40:51",473
"2020-07-15 04:48:33",473
"2020-07-15 04:56:25",473
"2020-07-15 05:04:34",473
"2020-07-15 05:12:20",473
"2020-07-15 12:18:46",473
"2020-07-15 12:27:08",473
"2020-07-15 12:35:04",473
"2020-07-15 12:42:55",473
"2020-07-15 12:50:51",473
"2020-07-15 12:58:44",473
"2020-07-15 13:06:42",473
"2020-07-15 13:14:59",473
"2020-07-15 13:23:03",473
"2020-07-15 13:31:15",473
"2020-07-15 13:39:12",473
"2020-07-15 13:47:17",473
"2020-07-15 13:55:13",473
"2020-07-15 14:03:14",473
"2020-07-15 14:11:18",473
"2020-07-15 14:19:19",473
"2020-07-15 14:27:22",473
"2020-07-15 14:35:24",473
"2020-07-15 14:45:18",473
"2020-07-15 14:55:13",473
"2020-07-15 15:05:19",473
"2020-07-15 15:15:20",472
"2020-07-15 15:25:16",472
"2020-07-15 15:35:12",472
"2020-07-15 15:45:17",472
"2020-07-15 15:55:29",472
"2020-07-15 16:05:29",472
"2020-07-15 16:15:33",472
"2020-07-15 16:25:36",472
"2020-07-15 16:35:49",472
"2020-07-15 16:46:01",472
"2020-07-15 16:56:08",472
"2020-07-15 17:06:18",472
"2020-07-15 17:13:29",472
"2020-07-15 17:21:23",472
"2020-07-15 17:29:06",472
"2020-07-15 17:36:54",472
"2020-07-15 17:44:38",472
"2020-07-15 17:52:26",472
"2020-07-15 18:00:26",472
"2020-07-15 18:08:22",472
"2020-07-15 18:16:18",472
"2020-07-15 18:24:12",472
"2020-07-15 18:32:05",472
"2020-07-15 18:40:06",472
"2020-07-15 18:48:14",472
"2020-07-15 18:56:13",472
"2020-07-15 19:04:25",472
"2020-07-15 19:12:28",471
"2020-07-15 19:20:18",471
"2020-07-15 19:28:11",471
"2020-07-15 19:38:16",471
"2020-07-15 19:48:09",471
"2020-07-15 19:57:59",471
"2020-07-15 20:07:57",471
"2020-07-15 20:18:00",471
"2020-07-15 20:27:57",471
"2020-07-15 20:37:45",471
"2020-07-15 20:47:32",471
"2020-07-15 20:57:16",471
"2020-07-15 21:07:07",471
"2020-07-15 21:16:56",471
"2020-07-15 21:26:41",471
"2020-07-15 21:37:09",471
"2020-07-15 21:47:08",471
"2020-07-15 21:57:19",471
"2020-07-15 22:07:18",471
"2020-07-15 22:17:12",471
"2020-07-15 22:27:03",471
"2020-07-15 22:36:49",471
"2020-07-15 22:46:32",471
"2020-07-15 22:56:18",471
"2020-07-15 23:03:02",471
"2020-07-15 23:10:54",471
"2020-07-15 23:25:58",471
"2020-07-15 23:35:47",471
"2020-07-15 23:45:34",471
"2020-07-15 23:55:24",471
"2020-07-16 00:05:56",471
"2020-07-16 00:16:14",471
"2020-07-16 00:26:43",471
"2020-07-16 00:37:03",471
"2020-07-16 00:46:59",471
"2020-07-16 00:56:47",471
"2020-07-16 01:06:38",471
"2020-07-16 01:16:33",471
"2020-07-16 01:26:29",471
"2020-07-16 01:36:13",471
"2020-07-16 01:45:59",471
"2020-07-16 01:55:50",471
"2020-07-16 02:05:44",471
"2020-07-16 02:15:48",471
"2020-07-16 02:26:11",471
"2020-07-16 02:36:12",471
"2020-07-16 02:46:21",471
"2020-07-16 02:59:44",471
"2020-07-16 03:00:26",471
"2020-07-16 03:16:57",471
"2020-07-16 03:27:09",471
"2020-07-16 03:37:12",471
"2020-07-16 03:47:12",471
"2020-07-16 03:57:22",471
"2020-07-16 04:07:49",471
"2020-07-16 04:17:47",471
"2020-07-16 04:27:43",471
"2020-07-16 04:37:40",471
"2020-07-16 04:47:33",471
"2020-07-16 04:57:28",471
"2020-07-16 05:07:24",471
"2020-07-16 05:17:17",471
"2020-07-16 05:27:09",471
"2020-07-16 05:39:38",471
"2020-07-16 05:49:30",471
"2020-07-16 06:00:58",471
"2020-07-16 06:10:52",471
"2020-07-16 06:18:51",471
"2020-07-16 06:27:44",471
"2020-07-16 06:36:53",471
"2020-07-16 06:46:19",471
"2020-07-16 07:02:13",471
"2020-07-16 07:03:34",471
"2020-07-16 07:09:33",471
"2020-07-16 07:28:31",471
"2020-07-16 07:43:17",471
"2020-07-16 07:52:56",471
"2020-07-16 07:59:22",471
"2020-07-16 08:10:42",471
"2020-07-16 08:20:26",471
"2020-07-16 08:29:39",471
"2020-07-16 08:39:25",471
"2020-07-16 08:48:26",471
"2020-07-16 08:57:36",471
"2020-07-16 09:07:15",471
"2020-07-16 09:17:14",471
"2020-07-16 09:27:17",471
"2020-07-16 09:36:57",471
"2020-07-16 09:45:55",471
"2020-07-16 09:54:34",471
"2020-07-16 10:03:36",471
"2020-07-16 10:12:33",471
"2020-07-16 10:21:09",471
"2020-07-16 10:29:25",471
"2020-07-16 10:37:57",471
"2020-07-16 10:48:25",471
"2020-07-16 10:58:53",471
"2020-07-16 11:10:06",471
"2020-07-16 11:20:52",471
"2020-07-16 11:31:24",471
"2020-07-16 11:41:50",471
"2020-07-16 11:52:41",471
"2020-07-16 12:04:18",471
"2020-07-16 12:15:54",471
"2020-07-16 12:26:53",471
"2020-07-16 12:38:09",471
"2020-07-16 12:49:16",471
"2020-07-16 13:00:17",471
"2020-07-16 13:11:57",471
"2020-07-16 13:23:44",471
"2020-07-16 13:35:45",471
"2020-07-16 13:47:08",471
"2020-07-16 13:57:44",471
"2020-07-16 14:09:02",471
"2020-07-16 14:20:13",471
"2020-07-16 14:31:26",471
"2020-07-16 14:38:43",471
"2020-07-16 14:47:04",471
"2020-07-16 15:03:42",471
"2020-07-16 15:14:48",471
"2020-07-16 16:58:18",472
"2020-07-16 17:06:36",472
"2020-07-16 17:14:52",472
"2020-07-16 17:23:00",472
"2020-07-16 17:31:09",472
"2020-07-16 17:39:22",472
"2020-07-16 17:47:30",472
"2020-07-16 17:55:34",472
"2020-07-16 18:03:47",472
"2020-07-16 18:12:03",472
"2020-07-16 18:20:17",472
"2020-07-16 18:28:24",472
"2020-07-16 18:36:33",472
"2020-07-16 18:44:39",472
"2020-07-16 18:52:57",472
"2020-07-16 19:01:11",472
"2020-07-16 19:09:15",473
"2020-07-16 19:17:26",473
"2020-07-16 19:27:30",473
"2020-07-16 19:37:38",473
"2020-07-16 19:47:45",473
"2020-07-16 19:57:46",473
"2020-07-16 20:07:53",473
"2020-07-16 20:17:55",473
"2020-07-16 20:27:54",473
"2020-07-16 20:37:56",473
"2020-07-16 20:48:01",473
"2020-07-16 20:58:03",473
"2020-07-16 21:08:11",473
"2020-07-16 21:18:15",473
"2020-07-16 21:28:38",473
"2020-07-16 21:38:47",473
"2020-07-16 21:48:50",473
"2020-07-16 21:58:52",473
"2020-07-16 22:09:01",473
"2020-07-16 22:19:03",473
"2020-07-16 22:29:04",473
"2020-07-16 22:39:07",473
"2020-07-16 22:49:08",473
"2020-07-16 22:55:52",473
"2020-07-16 23:03:50",473
"2020-07-16 23:19:12",473
"2020-07-16 23:29:12",473
"2020-07-16 23:39:11",473
"2020-07-16 23:49:09",473
"2020-07-16 23:59:16",473
"2020-07-17 00:10:14",473
"2020-07-17 00:20:48",473
"2020-07-17 00:31:19",473
"2020-07-17 00:41:52",473
"2020-07-17 00:51:57",473
"2020-07-17 01:02:17",473
"2020-07-17 01:12:25",473
"2020-07-17 01:22:29",473
"2020-07-17 01:32:29",473
"2020-07-17 01:42:32",473
"2020-07-17 01:52:33",473
"2020-07-17 02:02:41",473
"2020-07-17 02:12:43",473
"2020-07-17 02:22:50",473
"2020-07-17 02:32:48",473
"2020-07-17 02:42:45",473
"2020-07-17 02:55:59",473
"2020-07-17 02:56:39",473
"2020-07-17 03:12:51",473
"2020-07-17 03:22:54",473
"2020-07-17 03:33:01",473
"2020-07-17 03:43:05",473
"2020-07-17 03:53:12",473
"2020-07-17 04:03:23",473
"2020-07-17 04:13:33",473
"2020-07-17 04:23:39",473
"2020-07-17 04:33:44",473
"2020-07-17 04:43:47",473
"2020-07-17 04:53:50",473
"2020-07-17 05:03:59",473
"2020-07-17 05:14:03",473
"2020-07-17 05:24:08",473
"2020-07-17 05:34:07",473
"2020-07-17 05:44:08",473
"2020-07-17 05:54:08",473
"2020-07-17 06:04:17",473
"2020-07-17 06:12:28",473
"2020-07-17 06:20:35",473
"2020-07-17 06:28:51",473
"2020-07-17 06:37:03",473
"2020-07-17 06:50:34",473
"2020-07-17 06:51:35",473
"2020-07-17 06:56:02",473
"2020-07-17 07:10:19",473
"2020-07-17 07:18:28",473
"2020-07-17 07:26:36",473
"2020-07-17 07:34:44",473
"2020-07-17 07:42:48",473
"2020-07-17 07:50:55",473
"2020-07-17 07:58:59",473
"2020-07-17 08:07:25",473
"2020-07-17 08:15:56",473
"2020-07-17 08:24:26",473
"2020-07-17 08:32:59",473
"2020-07-17 08:41:29",473
"2020-07-17 08:49:41",473
"2020-07-17 08:57:52",473
"2020-07-17 09:06:10",473
"2020-07-17 09:14:20",473
"2020-07-17 09:22:25",473
"2020-07-17 09:30:34",473
"2020-07-17 09:38:34",473
"2020-07-17 09:46:37",473
"2020-07-17 09:54:45",473
"2020-07-17 10:03:53",473
"2020-07-17 10:12:04",473
"2020-07-17 10:15:04",473
"2020-07-17 10:27:11",473
"2020-07-17 10:37:13",473
"2020-07-17 10:47:17",473
"2020-07-17 10:57:32",473
"2020-07-17 11:07:54",473
"2020-07-17 11:18:00",473
"2020-07-17 11:28:06",473
"2020-07-17 11:38:13",473
"2020-07-17 11:48:16",473
"2020-07-17 11:58:25",473
"2020-07-17 12:08:49",473
"2020-07-17 12:19:11",473
"2020-07-17 12:29:19",473
"2020-07-17 12:39:25",473
"2020-07-17 12:49:27",473
"2020-07-17 12:59:46",473
"2020-07-17 13:10:30",473
"2020-07-17 13:20:57",473
"2020-07-17 13:29:20",473
"2020-07-17 13:37:57",473
"2020-07-17 13:46:12",473
"2020-07-17 13:54:16",473
"2020-07-17 14:03:20",473
"2020-07-17 14:11:46",473
"2020-07-17 14:20:09",473
"2020-07-17 14:28:29",473
"2020-07-17 14:36:45",473
"2020-07-17 14:44:46",473
"2020-07-17 14:52:53",473
"2020-07-17 15:01:42",473
"2020-07-17 15:10:33",473
"2020-07-17 15:19:23",473
"2020-07-17 15:27:53",473
"2020-07-17 15:36:25",473
"2020-07-17 15:44:50",473
"2020-07-17 15:53:08",473
"2020-07-17 15:59:29",473
"2020-07-17 16:08:33",473
"2020-07-17 16:15:59",473
"2020-07-17 16:24:46",473
"2020-07-17 16:33:28",473
"2020-07-17 16:42:02",473
"2020-07-17 16:50:33",473
"2020-07-17 16:59:07",473
"2020-07-17 17:03:35",473
"2020-07-17 17:11:45",472
"2020-07-17 17:20:16",472
"2020-07-17 17:28:39",472
"2020-07-17 17:37:07",472
"2020-07-17 17:45:34",472
"2020-07-17 17:53:59",472
"2020-07-17 18:02:43",472
"2020-07-17 18:11:25",472
"2020-07-17 18:19:56",472
"2020-07-17 18:28:25",472
"2020-07-17 18:36:59",472
"2020-07-17 18:45:27",472
"2020-07-17 18:53:44",472
"2020-07-17 19:06:00",472
"2020-07-17 19:15:01",471
"2020-07-17 19:23:25",471
"2020-07-17 19:31:37",471
"2020-07-17 19:39:41",471
"2020-07-17 19:43:21",471
"2020-07-17 19:51:24",471
"2020-07-17 19:59:29",471
"2020-07-17 20:07:42",471
"2020-07-17 20:15:46",471
"2020-07-17 20:23:45",471
"2020-07-17 20:31:47",471
"2020-07-17 20:39:49",471
"2020-07-17 20:47:48",471
"2020-07-17 20:55:52",471
"2020-07-17 21:04:08",471
"2020-07-17 21:12:16",471
"2020-07-17 21:20:12",471
"2020-07-17 21:28:09",471
"2020-07-17 21:36:12",471
"2020-07-17 21:44:15",471
"2020-07-17 21:52:22",471
"2020-07-17 22:00:34",471
"2020-07-17 22:10:55",471
"2020-07-17 22:21:05",471
"2020-07-17 22:31:11",471
"2020-07-17 22:41:32",471
"2020-07-17 22:51:59",471
"2020-07-17 23:02:45",471
"2020-07-17 23:13:12",471
"2020-07-17 23:23:22",471
"2020-07-17 23:33:25",471
"2020-07-17 23:43:30",471
"2020-07-17 23:53:38",471
"2020-07-18 00:05:15",471
"2020-07-18 00:16:48",471
"2020-07-18 00:27:21",471
"2020-07-18 00:37:52",471
"2020-07-18 00:48:29",471
"2020-07-18 00:58:41",471
"2020-07-18 01:08:54",471
"2020-07-18 01:19:02",471
"2020-07-18 01:29:10",471
"2020-07-18 01:39:18",471
"2020-07-18 01:46:03",471
"2020-07-18 01:54:00",471
"2020-07-18 02:09:27",471
"2020-07-18 02:19:31",471
"2020-07-18 02:29:30",471
"2020-07-18 02:39:29",471
"2020-07-18 02:49:28",471
"2020-07-18 02:59:29",471
"2020-07-18 03:09:47",471
"2020-07-18 03:19:53",471
"2020-07-18 03:29:59",471
"2020-07-18 03:40:10",471
"2020-07-18 03:50:25",471
"2020-07-18 04:00:38",471
"2020-07-18 04:11:17",471
"2020-07-18 04:21:48",471
"2020-07-18 04:32:01",471
"2020-07-18 04:42:05",471
"2020-07-18 04:52:07",471
"2020-07-18 05:02:33",471
"2020-07-18 05:13:10",471
"2020-07-18 05:23:26",471
"2020-07-18 05:33:33",471
"2020-07-18 05:46:47",471
"2020-07-18 05:47:27",471
"2020-07-18 06:03:50",471
"2020-07-18 06:14:06",471
"2020-07-18 08:38:05",471
"2020-07-18 08:46:14",471
"2020-07-18 08:54:17",471
"2020-07-18 09:02:26",471
"2020-07-18 09:10:25",471
"2020-07-18 09:18:24",471
"2020-07-18 09:26:24",471
"2020-07-18 09:34:27",471
"2020-07-18 09:42:27",471
"2020-07-18 09:50:28",471
"2020-07-18 09:58:30",471
"2020-07-18 10:06:35",471
"2020-07-18 10:14:37",471
"2020-07-18 10:22:37",471
"2020-07-18 10:30:43",471
"2020-07-18 10:38:43",471
"2020-07-18 10:46:38",471
"2020-07-18 10:54:36",471
"2020-07-18 11:04:38",471
"2020-07-18 11:14:38",471
"2020-07-18 11:24:36",471
"2020-07-18 11:34:36",471
"2020-07-18 11:44:34",471
"2020-07-18 11:54:31",471
"2020-07-18 12:04:40",471
"2020-07-18 12:14:48",471
"2020-07-18 12:24:53",471
"2020-07-18 12:34:55",471
"2020-07-18 12:44:55",471
"2020-07-18 12:55:00",471
"2020-07-18 13:05:16",471
"2020-07-18 13:15:29",471
"2020-07-18 13:25:34",471
"2020-07-18 13:35:33",471
"2020-07-18 13:45:28",471
"2020-07-18 13:55:26",471
"2020-07-18 14:05:23",471
"2020-07-18 14:15:20",471
"2020-07-18 14:25:20",471
"2020-07-18 14:32:04",471
"2020-07-18 14:39:59",471
"2020-07-18 14:55:20",471
"2020-07-18 15:05:27",471
"2020-07-18 15:15:30",471
"2020-07-18 15:25:31",471
"2020-07-18 15:35:29",471
"2020-07-18 15:45:29",471
"2020-07-18 15:55:28",471
"2020-07-18 16:05:29",471
"2020-07-18 16:15:29",471
"2020-07-18 16:25:31",471
"2020-07-18 16:35:32",471
"2020-07-18 16:45:30",471
"2020-07-18 16:55:28",471
"2020-07-18 17:05:33",471
"2020-07-18 17:15:38",471
"2020-07-18 17:25:36",471
"2020-07-18 17:35:35",471
"2020-07-18 17:45:33",471
"2020-07-18 17:55:30",471
"2020-07-18 18:05:31",471
"2020-07-18 18:15:32",471
"2020-07-18 18:28:41",471
"2020-07-18 18:29:20",471
"2020-07-18 18:45:23",471
"2020-07-18 18:55:21",471
"2020-07-18 19:05:28",471
"2020-07-18 19:15:51",471
"2020-07-18 19:25:47",471
"2020-07-18 19:36:06",471
"2020-07-18 19:46:06",471
"2020-07-18 22:10:21",471
"2020-07-18 22:17:53",471
"2020-07-18 22:25:26",471
"2020-07-18 22:32:59",471
"2020-07-18 22:40:31",471
"2020-07-18 22:48:04",471
"2020-07-18 22:55:37",471
"2020-07-18 23:03:11",471
"2020-07-18 23:10:46",471
"2020-07-18 23:18:19",471
"2020-07-18 23:25:51",471
"2020-07-18 23:33:24",471
"2020-07-18 23:41:04",471
"2020-07-18 23:48:45",471
"2020-07-18 23:56:33",471
"2020-07-19 00:04:16",471
"2020-07-19 00:11:47",471
"2020-07-19 00:19:22",471
"2020-07-19 00:28:58",471
"2020-07-19 00:38:32",471
"2020-07-19 00:48:07",471
"2020-07-19 00:57:42",471
"2020-07-19 01:07:17",471
"2020-07-19 01:16:53",471
"2020-07-19 01:26:29",471
"2020-07-19 01:36:05",471
"2020-07-19 01:45:40",471
"2020-07-19 01:55:15",471
"2020-07-19 02:04:50",471
"2020-07-19 02:14:25",471
"2020-07-19 02:23:58",471
"2020-07-19 02:33:32",471
"2020-07-19 02:43:05",471
"2020-07-19 02:52:39",471
"2020-07-19 03:02:13",471
"2020-07-19 03:11:48",471
"2020-07-19 03:21:22",471
"2020-07-19 03:30:57",471
"2020-07-19 03:40:32",471
"2020-07-19 03:46:53",471
"2020-07-19 03:54:30",471
"2020-07-19 04:09:14",471
"2020-07-19 04:18:48",471
"2020-07-19 04:28:21",471
"2020-07-19 04:37:54",471
"2020-07-19 04:47:28",471
"2020-07-19 04:57:02",471
"2020-07-19 05:06:34",471
"2020-07-19 05:16:07",471
"2020-07-19 05:25:40",471
"2020-07-19 05:35:12",471
"2020-07-19 05:44:45",471
"2020-07-19 05:54:16",471
"2020-07-19 06:03:49",471
"2020-07-19 06:13:24",471
"2020-07-19 06:23:00",471
"2020-07-19 06:32:36",471
"2020-07-19 06:43:44",471
"2020-07-19 06:51:20",471
"2020-07-19 06:58:54",471
"2020-07-19 07:06:30",471
"2020-07-19 07:14:07",471
"2020-07-19 07:21:43",471
"2020-07-19 07:29:16",471
"2020-07-19 07:36:50",471
"2020-07-19 07:44:25",471
"2020-07-19 07:52:00",471
"2020-07-19 07:59:33",471
"2020-07-19 08:07:07",471
"2020-07-19 08:14:41",471
"2020-07-19 08:22:14",471
"2020-07-19 08:29:54",471
"2020-07-19 08:37:28",471
"2020-07-19 08:44:56",471
"2020-07-19 08:52:30",471
"2020-07-19 09:02:06",471
"2020-07-19 09:11:41",471
"2020-07-19 09:21:16",471
"2020-07-19 09:30:51",471
"2020-07-19 09:40:32",471
"2020-07-19 09:50:15",471
"2020-07-19 09:59:57",471
"2020-07-19 10:09:39",471
"2020-07-19 10:19:13",471
"2020-07-19 10:28:48",471
"2020-07-19 10:38:24",471
"2020-07-19 10:48:02",471
"2020-07-19 10:57:38",471
"2020-07-19 11:07:13",471
"2020-07-19 11:16:48",471
"2020-07-19 11:26:23",471
"2020-07-19 11:35:59",471
"2020-07-19 11:45:36",471
"2020-07-19 11:55:11",471
"2020-07-19 12:04:46",471
"2020-07-19 12:14:24",471
"2020-07-19 12:20:47",471
"2020-07-19 12:28:24",471
"2020-07-19 12:43:10",471
"2020-07-19 12:52:49",471
"2020-07-19 13:02:25",471
"2020-07-19 13:12:00",471
"2020-07-19 13:21:36",471
"2020-07-19 13:31:14",471
"2020-07-19 13:40:49",471
"2020-07-19 13:50:24",471
"2020-07-19 13:59:58",471
"2020-07-19 14:09:34",471
"2020-07-19 14:19:08",471
"2020-07-19 14:28:42",471
"2020-07-19 14:38:18",471
"2020-07-19 14:47:52",471
"2020-07-19 14:57:27",471
"2020-07-19 15:07:04",471
"2020-07-19 15:16:40",471
"2020-07-19 15:26:16",471
"2020-07-19 15:35:51",471
"2020-07-19 15:45:26",471
"2020-07-19 15:55:01",471
"2020-07-19 16:07:42",471
"2020-07-19 16:08:20",471
"2020-07-19 16:23:52",471
"2020-07-19 16:33:27",471
"2020-07-19 16:43:03",471
"2020-07-19 16:52:42",471
"2020-07-19 17:02:22",471
"2020-07-19 17:11:58",471
"2020-07-19 17:21:33",471
"2020-07-19 17:31:07",471
"2020-07-19 17:40:42",471
"2020-07-19 17:50:16",471
"2020-07-19 17:59:50",471
"2020-07-19 18:09:26",471
"2020-07-19 18:19:00",471
"2020-07-19 18:28:36",471
"2020-07-19 18:38:11",471
"2020-07-19 18:47:45",471
"2020-07-19 18:57:20",471
"2020-07-19 19:06:56",471
"2020-07-19 19:14:31",471
"2020-07-19 19:22:06",471
"2020-07-19 19:29:40",471
"2020-07-19 19:37:18",471
"2020-07-19 19:49:38",471
"2020-07-19 19:50:37",471
"2020-07-19 19:54:46",471
"2020-07-19 20:07:40",471
"2020-07-19 20:15:16",471
"2020-07-19 20:22:51",471
"2020-07-19 20:30:26",471
"2020-07-19 20:38:02",471
"2020-07-19 20:45:38",471
"2020-07-19 20:53:13",471
"2020-07-19 21:00:49",471
"2020-07-19 21:08:24",471
"2020-07-19 21:15:59",471
"2020-07-19 21:23:32",471
"2020-07-19 21:31:07",471
"2020-07-19 21:38:41",471
"2020-07-19 21:46:16",471
"2020-07-19 21:53:51",471
"2020-07-19 22:01:27",471
"2020-07-19 22:09:04",471
"2020-07-19 22:16:39",471
"2020-07-19 22:24:13",471
"2020-07-19 22:31:48",471
"2020-07-19 22:39:22",471
"2020-07-19 22:47:50",471
"2020-07-19 22:55:31",471
"2020-07-19 22:58:20",471
"2020-07-19 23:09:42",471
"2020-07-19 23:19:16",471
"2020-07-19 23:28:50",471
"2020-07-19 23:38:23",471
"2020-07-19 23:47:57",471
"2020-07-19 23:57:32",471
"2020-07-20 00:07:08",471
"2020-07-20 00:16:44",471
"2020-07-20 00:26:20",471
"2020-07-20 00:35:56",471
"2020-07-20 00:45:30",471
"2020-07-20 00:55:06",471
"2020-07-20 01:04:40",471
"2020-07-20 01:14:15",471
"2020-07-20 01:23:51",471
"2020-07-20 01:33:26",471
"2020-07-20 01:43:02",471
"2020-07-20 01:52:39",471
"2020-07-20 02:00:15",471
"2020-07-20 02:07:52",471
"2020-07-20 02:15:29",471
"2020-07-20 02:23:05",471
"2020-07-20 02:30:41",471
"2020-07-20 02:38:16",471
"2020-07-20 02:45:53",471
"2020-07-20 02:53:29",471
"2020-07-20 03:01:04",471
"2020-07-20 03:08:39",471
"2020-07-20 03:16:16",471
"2020-07-20 03:23:52",471
"2020-07-20 03:31:28",471
"2020-07-20 03:39:05",471
"2020-07-20 03:46:40",471
"2020-07-20 03:54:15",471
"2020-07-20 04:01:52",471
"2020-07-20 04:09:26",471
"2020-07-20 04:14:53",471
"2020-07-20 04:22:28",471
"2020-07-20 04:28:53",471
"2020-07-20 04:36:30",471
"2020-07-20 04:44:07",471
"2020-07-20 04:51:47",471
"2020-07-20 04:59:29",471
"2020-07-20 05:07:17",471
"2020-07-20 05:15:02",471
"2020-07-20 05:22:48",471
"2020-07-20 05:30:32",471
"2020-07-20 05:38:17",471
"2020-07-20 05:46:02",471
"2020-07-20 05:53:47",471
"2020-07-20 06:01:32",471
"2020-07-20 06:09:17",471
"2020-07-20 06:17:02",471
"2020-07-20 06:24:45",471
"2020-07-20 06:32:31",471
"2020-07-20 06:40:14",471
"2020-07-20 06:47:59",471
"2020-07-20 06:55:42",471
"2020-07-20 07:03:27",471
"2020-07-20 07:11:10",471
"2020-07-20 07:18:52",471
"2020-07-20 07:26:35",471
"2020-07-20 07:34:18",471
"2020-07-20 07:42:02",471
"2020-07-20 07:49:45",471
"2020-07-20 07:57:29",471
"2020-07-20 08:05:14",471
"2020-07-20 08:12:57",471
"2020-07-20 08:20:39",471
"2020-07-20 08:28:21",471
"2020-07-20 08:36:03",471
"2020-07-20 08:43:45",471
"2020-07-20 08:51:29",471
"2020-07-20 08:59:13",471
"2020-07-20 09:06:59",471
"2020-07-20 09:14:43",471
"2020-07-20 09:22:26",471
"2020-07-20 09:30:10",471
"2020-07-20 09:37:53",471
"2020-07-20 09:45:37",471
"2020-07-20 09:53:20",471
"2020-07-20 10:01:05",471
"2020-07-20 10:08:49",471
"2020-07-20 10:16:34",471
"2020-07-20 10:24:17",471
"2020-07-20 10:32:00",471
"2020-07-20 10:39:47",471
"2020-07-20 10:47:33",471
"2020-07-20 10:55:17",471
"2020-07-20 11:03:03",471
"2020-07-20 11:10:48",471
"2020-07-20 11:18:33",471
"2020-07-20 11:26:16",471
"2020-07-20 11:34:00",471
"2020-07-20 11:41:42",471
"2020-07-20 11:49:25",471
"2020-07-20 11:57:09",471
"2020-07-20 12:04:54",471
"2020-07-20 12:12:38",471
"2020-07-20 12:20:24",471
"2020-07-20 12:28:08",471
"2020-07-20 12:35:53",471
"2020-07-20 12:43:38",471
"2020-07-20 12:51:21",471
"2020-07-20 12:59:05",471
"2020-07-20 13:06:50",471
"2020-07-20 13:14:37",471
"2020-07-20 13:22:20",471
"2020-07-20 13:30:09",471
"2020-07-20 13:37:55",471
"2020-07-20 13:45:43",471
"2020-07-20 13:53:29",471
"2020-07-20 14:01:13",471
"2020-07-20 14:08:57",471
"2020-07-20 14:16:43",471
"2020-07-20 14:24:27",471
"2020-07-20 14:44:06",471
"2020-07-20 15:44:20",471
"2020-07-20 16:43:59",473
"2020-07-20 17:43:57",473
"2020-07-20 18:44:13",472
"2020-07-20 19:44:22",472
"2020-07-20 20:44:22",472
"2020-07-20 21:44:19",472
"2020-07-20 22:44:09",472
"2020-07-20 23:44:07",472
"2020-07-21 00:44:07",472
"2020-07-21 01:44:14",472
"2020-07-21 02:44:11",472
"2020-07-21 03:44:15",472
"2020-07-21 04:44:23",472
"2020-07-21 05:44:20",472
"2020-07-21 06:44:24",472
"2020-07-21 07:44:19",472
"2020-07-21 08:44:10",472
"2020-07-21 09:43:56",472
"2020-07-21 10:44:08",472
"2020-07-21 11:44:09",472
"2020-07-21 12:43:57",472
"2020-07-21 13:44:10",472
"2020-07-21 14:44:08",471
"2020-07-21 15:44:00",471
"2020-07-21 16:44:20",470
"2020-07-21 17:44:24",470
"2020-07-21 18:44:10",470
"2020-07-21 19:43:59",470
"2020-07-21 20:44:09",470
"2020-07-21 21:43:55",470
"2020-07-21 22:44:17",470
"2020-07-21 23:44:22",470
"2020-07-22 00:44:09",470
"2020-07-22 01:44:10",470
"2020-07-22 02:43:56",470
"2020-07-22 03:44:23",470
"2020-07-22 04:43:56",470
"2020-07-22 05:43:56",470
"2020-07-22 06:43:54",470
"2020-07-22 07:43:54",470
"2020-07-22 08:43:54",470
"2020-07-22 09:43:55",470
"2020-07-22 10:43:57",470
"2020-07-22 11:43:54",470
"2020-07-22 12:44:02",470
"2020-07-22 13:44:01",470
"2020-07-22 14:44:05",471
"2020-07-22 15:43:58",472
"2020-07-22 16:44:15",473
"2020-07-22 17:44:05",475
"2020-07-22 18:44:19",475
"2020-07-22 19:43:54",475
"2020-07-22 20:44:08",475
"2020-07-22 21:44:07",475
"2020-07-22 22:44:09",475
"2020-07-22 23:43:54",475
"2020-07-23 00:44:07",475
"2020-07-23 01:44:10",475
"2020-07-23 02:44:08",475
"2020-07-23 03:44:12",475
"2020-07-23 04:44:05",475
"2020-07-23 05:44:18",475
"2020-07-23 06:43:54",475
"2020-07-23 07:43:59",475
"2020-07-23 08:44:05",475
"2020-07-23 09:44:10",475
"2020-07-23 10:44:22",475
"2020-07-23 11:44:11",475
"2020-07-23 13:09:26",475
"2020-07-23 13:44:54",475
"2020-07-23 14:44:08",473
"2020-07-23 15:44:19",472
"2020-07-23 16:43:58",470
"2020-07-23 17:44:08",469
"2020-07-23 18:43:58",469
"2020-07-23 19:44:19",469
"2020-07-23 20:44:06",469
"2020-07-23 21:44:08",468
"2020-07-23 22:44:09",468
"2020-07-23 23:43:57",468
"2020-07-24 00:44:22",468
"2020-07-24 01:44:03",468
"2020-07-24 02:44:06",468
"2020-07-24 03:44:11",468
"2020-07-24 04:44:06",468
"2020-07-24 05:44:20",468
"2020-07-24 06:43:57",468
"2020-07-24 07:44:22",468
"2020-07-24 08:44:11",468
"2020-07-24 09:44:13",468
"2020-07-24 10:44:10",468
"2020-07-24 11:44:08",468
"2020-07-24 12:44:17",468
"2020-07-24 13:43:59",468
"2020-07-24 14:44:08",469
"2020-07-24 15:44:21",471
"2020-07-24 16:44:10",471
"2020-07-24 17:43:57",470
"2020-07-24 18:44:07",470
"2020-07-24 19:44:05",470
"2020-07-24 20:44:09",472
"2020-07-24 21:43:54",472
"2020-07-24 22:44:15",472
"2020-07-24 23:44:09",472
"2020-07-25 00:43:59",472
"2020-07-25 01:43:59",472
"2020-07-25 02:44:08",472
"2020-07-25 03:44:13",472
"2020-07-25 04:44:08",472
"2020-07-25 05:44:12",472
"2020-07-25 06:44:08",472
"2020-07-25 07:44:26",472
"2020-07-25 08:44:20",472
"2020-07-25 09:44:07",472
"2020-07-25 10:43:58",472
"2020-07-25 11:44:21",472
"2020-07-25 12:44:11",472
"2020-07-25 13:44:20",472
"2020-07-25 14:44:09",472
"2020-07-25 15:44:09",472
"2020-07-25 16:44:14",472
"2020-07-25 17:44:10",472
"2020-07-25 18:44:10",472
"2020-07-25 19:44:00",472
"2020-07-25 20:44:21",472
"2020-07-25 21:44:14",472
"2020-07-25 22:44:09",472
"2020-07-25 23:44:11",472
"2020-07-26 00:44:10",472
"2020-07-26 01:44:13",472
"2020-07-26 02:44:21",472
"2020-07-26 03:44:09",472
"2020-07-26 04:44:10",472
"2020-07-26 05:44:11",472
"2020-07-26 06:44:09",472
"2020-07-26 07:44:09",472
"2020-07-26 08:44:11",472
"2020-07-26 09:44:11",472
"2020-07-26 10:44:00",472
"2020-07-26 11:44:13",472
"2020-07-26 12:44:25",472
"2020-07-26 13:44:22",472
"2020-07-26 14:43:58",472
"2020-07-26 15:44:17",472
"2020-07-26 16:44:10",472
"2020-07-26 17:44:10",472
"2020-07-26 18:44:12",472
"2020-07-26 19:44:10",472
"2020-07-26 20:44:11",472
"2020-07-26 21:44:23",472
"2020-07-26 22:44:21",472
"2020-07-26 23:44:11",472
"2020-07-27 00:44:22",472
"2020-07-27 01:44:15",472
"2020-07-27 02:44:25",472
"2020-07-27 03:44:27",472
"2020-07-27 04:44:15",472
"2020-07-27 05:44:27",472
"2020-07-27 06:44:21",472
"2020-07-27 07:44:19",472
"2020-07-27 08:44:11",472
"2020-07-27 09:44:12",472
"2020-07-27 10:43:58",472
"2020-07-27 11:44:20",472
"2020-07-27 12:44:10",472
"2020-07-27 13:44:13",472
"2020-07-27 14:44:16",472
"2020-07-27 15:44:16",472
"2020-07-27 16:44:19",472
"2020-07-27 17:44:27",474
"2020-07-27 18:44:24",474
"2020-07-27 19:44:10",474
"2020-07-27 20:44:25",474
"2020-07-27 21:44:12",474
"2020-07-27 22:44:12",474
"2020-07-27 23:44:16",474
"2020-07-28 00:44:32",474
"2020-07-28 01:44:29",474
"2020-07-28 02:44:40",474
"2020-07-28 03:44:22",474
"2020-07-28 04:44:29",474
"2020-07-28 07:07:14",474
"2020-07-28 07:13:24",474
"2020-07-28 07:44:19",474
"2020-07-28 08:44:06",474
"2020-07-28 09:44:07",474
"2020-07-28 10:44:17",474
"2020-07-28 11:44:17",474
"2020-07-28 13:12:59",474
"2020-07-28 13:44:16",474
"2020-07-28 14:44:04",473
"2020-07-28 15:44:13",474
"2020-07-28 16:44:08",475
"2020-07-28 17:43:58",475
"2020-07-28 18:44:03",476
"2020-07-28 19:44:11",474
"2020-07-28 20:44:10",474
"2020-07-28 21:44:01",474
"2020-07-28 22:44:14",474
"2020-07-28 23:44:27",474
"2020-07-29 00:44:09",474
"2020-07-29 01:44:24",474
"2020-07-29 02:43:59",474
"2020-07-29 03:44:10",474
"2020-07-29 04:43:58",474
"2020-07-29 05:44:21",474
"2020-07-29 06:43:56",474
"2020-07-29 07:44:10",474
"2020-07-29 08:44:12",474
"2020-07-29 09:44:13",474
"2020-07-29 10:44:18",474
"2020-07-29 11:44:21",474
"2020-07-29 13:15:30",474
"2020-07-29 13:44:16",474
"2020-07-29 14:44:25",475
"2020-07-29 15:44:30",475
"2020-07-29 16:44:48",475
"2020-07-29 17:44:31",475
"2020-07-29 18:44:29",475
"2020-07-29 19:44:26",475
"2020-07-29 20:44:24",475
"2020-07-29 21:44:23",475
"2020-07-29 22:44:25",475
"2020-07-29 23:44:28",475
"2020-07-30 00:44:26",475
"2020-07-30 01:44:28",475
"2020-07-30 02:44:27",475
"2020-07-30 03:44:24",475
"2020-07-30 04:44:40",475
"2020-07-30 05:44:36",475
"2020-07-30 06:44:19",475
"2020-07-30 07:44:23",475
"2020-07-30 08:44:29",475
"2020-07-30 09:44:22",475
"2020-07-30 10:44:18",475
"2020-07-30 11:44:25",475
"2020-07-30 13:07:59",475
"2020-07-30 13:44:28",475
"2020-07-30 14:44:24",475
"2020-07-30 15:44:24",475
"2020-07-30 16:44:07",475
"2020-07-30 17:44:23",475
"2020-07-30 18:44:25",475
"2020-07-30 19:44:23",474
"2020-07-30 20:44:11",474
"2020-07-30 21:44:13",474
"2020-07-30 22:44:21",474
"2020-07-30 23:44:05",474
"2020-07-31 00:44:26",474
"2020-07-31 01:44:07",474
"2020-07-31 02:44:24",474
"2020-07-31 03:44:13",474
"2020-07-31 04:44:02",474
"2020-07-31 05:44:11",474
"2020-07-31 06:43:58",474
"2020-07-31 07:44:14",474
"2020-07-31 08:44:13",474
"2020-07-31 09:44:12",474
"2020-07-31 10:44:02",474
"2020-07-31 11:43:58",474
"2020-07-31 12:43:57",474
"2020-07-31 13:44:25",474
"2020-07-31 14:44:01",472
"2020-07-31 15:44:09",472
"2020-07-31 16:44:14",472
"2020-07-31 17:44:11",472
"2020-07-31 18:44:12",473
"2020-07-31 19:44:11",474
"2020-07-31 20:44:10",475
"2020-07-31 21:44:11",475
"2020-07-31 22:44:01",475
"2020-07-31 23:44:17",475
"2020-08-01 00:44:21",475
"2020-08-01 01:43:58",475
"2020-08-01 02:43:59",475
"2020-08-01 03:44:11",475
"2020-08-01 04:44:19",475
"2020-08-01 05:44:12",475
"2020-08-01 06:44:11",475
"2020-08-01 07:44:21",475
"2020-08-01 08:44:21",475
"2020-08-01 09:44:18",475
"2020-08-01 10:44:09",475
"2020-08-01 11:44:07",475
"2020-08-01 12:44:11",475
"2020-08-01 13:44:10",475
"2020-08-01 14:43:57",475
"2020-08-01 15:44:33",475
"2020-08-01 16:44:25",475
"2020-08-01 17:44:09",475
"2020-08-01 18:44:09",475
"2020-08-01 19:44:09",475
"2020-08-01 20:44:07",475
"2020-08-01 21:44:07",475
"2020-08-01 22:44:07",475
"2020-08-01 23:44:11",475
"2020-08-02 00:44:25",475
"2020-08-02 01:44:08",475
"2020-08-02 02:43:57",475
"2020-08-02 03:44:23",475
"2020-08-02 04:43:58",475
"2020-08-02 05:44:13",475
"2020-08-02 06:44:20",475
"2020-08-02 07:44:19",475
"2020-08-02 08:44:18",475
"2020-08-02 09:44:23",475
"2020-08-02 10:44:20",475
"2020-08-02 11:43:58",475
"2020-08-02 12:44:08",475
"2020-08-02 13:44:01",475
"2020-08-02 14:43:58",475
"2020-08-02 15:44:25",475
"2020-08-02 16:43:55",475
"2020-08-02 17:44:10",475
"2020-08-02 18:44:10",475
"2020-08-02 19:44:10",475
"2020-08-02 20:43:58",475
"2020-08-02 21:44:10",475
"2020-08-02 22:44:11",475
"2020-08-02 23:44:13",475
"2020-08-03 00:44:19",475
"2020-08-03 01:44:12",475
"2020-08-03 02:44:11",475
"2020-08-03 03:44:09",475
"2020-08-03 04:44:08",475
"2020-08-03 05:44:18",475
"2020-08-03 06:43:57",475
"2020-08-03 07:44:08",475
"2020-08-03 08:44:01",475
"2020-08-03 09:44:22",475
"2020-08-03 10:44:17",475
"2020-08-03 11:44:06",475
"2020-08-03 12:44:18",475
"2020-08-03 13:44:13",475
"2020-08-03 14:44:03",471
"2020-08-03 15:44:23",477
"2020-08-03 16:44:14",478
"2020-08-03 17:44:12",482
"2020-08-03 18:44:01",481
"2020-08-03 19:44:14",481
"2020-08-03 20:44:07",482
"2020-08-03 21:43:57",482
"2020-08-03 22:44:07",482
"2020-08-03 23:44:15",482
"2020-08-04 00:44:23",482
"2020-08-04 01:44:15",482
"2020-08-04 02:44:20",482
"2020-08-04 03:44:18",482
"2020-08-04 04:44:41",482
"2020-08-04 05:44:10",482
"2020-08-04 06:44:11",482
"2020-08-04 07:44:00",482
"2020-08-04 08:44:18",482
"2020-08-04 09:44:10",482
"2020-08-04 10:43:57",482
"2020-08-04 11:44:07",482
"2020-08-04 12:43:56",482
"2020-08-04 13:44:24",482
"2020-08-04 14:44:10",484
"2020-08-04 15:44:13",487
"2020-08-04 16:44:12",486
"2020-08-04 17:44:15",486
"2020-08-04 18:44:23",486
"2020-08-04 19:44:07",487
"2020-08-04 20:44:08",488
"2020-08-04 21:44:12",488
"2020-08-04 22:44:10",488
"2020-08-04 23:44:26",488
"2020-08-05 00:44:17",488
"2020-08-05 01:44:22",488
"2020-08-05 02:44:04",488
"2020-08-05 03:44:23",488
"2020-08-05 04:44:17",488
"2020-08-05 05:44:12",488
"2020-08-05 06:43:58",488
"2020-08-05 07:43:59",488
"2020-08-05 08:44:13",488
"2020-08-05 09:44:25",488
"2020-08-05 10:44:09",488
"2020-08-05 11:44:10",488
"2020-08-05 13:11:31",488
"2020-08-05 13:44:26",488
"2020-08-05 14:44:13",488
"2020-08-05 15:44:02",488
"2020-08-05 16:44:09",490
"2020-08-05 17:44:08",489
"2020-08-05 18:44:11",489
"2020-08-05 19:44:20",490
"2020-08-05 20:44:07",490
"2020-08-05 21:44:04",490
"2020-08-05 22:44:19",490
"2020-08-05 23:44:12",490
"2020-08-06 00:44:29",490
"2020-08-06 01:44:13",490
"2020-08-06 02:44:06",490
"2020-08-06 03:44:15",490
"2020-08-06 04:44:11",490
"2020-08-06 05:44:33",490
"2020-08-06 06:44:15",490
"2020-08-06 07:44:21",490
"2020-08-06 08:44:28",490
"2020-08-06 09:44:11",490
"2020-08-06 10:44:23",490
"2020-08-06 11:44:08",490
"2020-08-06 12:44:22",490
"2020-08-06 13:44:02",490
"2020-08-06 14:43:57",489
"2020-08-06 15:44:10",491
"2020-08-06 16:44:22",490
"2020-08-06 17:44:11",491
"2020-08-06 18:44:11",491
"2020-08-06 19:44:11",489
"2020-08-06 20:44:22",489
"2020-08-06 21:44:12",489
"2020-08-06 22:43:59",489
"2020-08-06 23:44:25",489
"2020-08-07 00:44:12",489
"2020-08-07 01:44:19",489
"2020-08-07 02:44:10",489
"2020-08-07 03:44:09",489
"2020-08-07 04:44:21",489
"2020-08-07 05:44:19",489
"2020-08-07 06:43:59",489
"2020-08-07 07:44:18",489
"2020-08-07 08:44:10",489
"2020-08-07 09:44:09",489
"2020-08-07 10:44:09",489
"2020-08-07 11:43:57",489
"2020-08-07 12:43:57",489
"2020-08-07 13:44:09",489
"2020-08-07 14:43:58",488
"2020-08-07 15:44:21",488
"2020-08-07 16:44:08",489
"2020-08-07 17:44:09",489
"2020-08-07 18:44:11",488
"2020-08-07 19:43:57",488
"2020-08-07 20:44:13",488
"2020-08-07 21:44:08",488
"2020-08-07 22:44:09",488
"2020-08-07 23:44:09",488
"2020-08-08 00:43:59",488
"2020-08-08 01:44:20",488
"2020-08-08 02:44:03",488
"2020-08-08 03:43:56",488
"2020-08-08 04:43:58",488
"2020-08-08 05:44:01",488
"2020-08-08 06:44:11",488
"2020-08-08 07:44:11",488
"2020-08-08 08:44:23",488
"2020-08-08 09:44:09",488
"2020-08-08 10:44:13",488
"2020-08-08 11:44:14",488
"2020-08-08 12:44:06",488
"2020-08-08 13:44:09",488
"2020-08-08 14:44:09",488
"2020-08-08 15:44:09",488
"2020-08-08 16:44:10",488
"2020-08-08 17:43:59",488
"2020-08-08 18:43:59",488
"2020-08-08 19:44:11",488
"2020-08-08 20:44:21",488
"2020-08-08 21:44:10",488
"2020-08-08 22:44:11",488
"2020-08-08 23:44:17",488
"2020-08-09 00:44:25",488
"2020-08-09 01:44:16",488
"2020-08-09 02:44:20",488
"2020-08-09 03:44:24",488
"2020-08-09 04:44:11",488
"2020-08-09 05:44:24",488
"2020-08-09 06:44:19",488
"2020-08-09 07:44:13",488
"2020-08-09 08:43:59",488
"2020-08-09 09:44:14",488
"2020-08-09 10:44:01",488
"2020-08-09 11:43:58",488
"2020-08-09 12:44:15",488
"2020-08-09 13:44:24",488
"2020-08-09 14:44:15",488
"2020-08-09 15:44:11",488
"2020-08-09 16:44:22",488
"2020-08-09 17:44:12",488
"2020-08-09 18:44:12",488
"2020-08-09 19:44:22",488
"2020-08-09 20:44:15",488
"2020-08-09 21:44:11",488
"2020-08-09 22:44:11",488
"2020-08-09 23:44:12",488
"2020-08-10 00:44:22",488
"2020-08-10 01:44:12",488
"2020-08-10 02:44:23",488
"2020-08-10 03:44:09",488
"2020-08-10 04:44:00",488
"2020-08-10 05:44:10",488
"2020-08-10 06:43:56",488
"2020-08-10 07:43:57",488
"2020-08-10 08:44:16",488
"2020-08-10 09:44:10",488
"2020-08-10 10:44:10",488
"2020-08-10 11:44:12",488
"2020-08-10 12:43:56",488
"2020-08-10 13:44:16",488
"2020-08-10 14:44:12",493
"2020-08-10 15:44:24",495
"2020-08-10 16:44:10",495
"2020-08-10 17:44:21",498
"2020-08-10 18:44:12",499
"2020-08-10 19:44:21",499
"2020-08-10 20:44:07",498
"2020-08-10 21:44:23",498
"2020-08-10 22:44:01",498
"2020-08-10 23:44:03",498
"2020-08-11 00:44:02",498
"2020-08-11 01:44:13",498
"2020-08-11 02:44:12",498
"2020-08-11 03:44:24",498
"2020-08-11 04:44:12",498
"2020-08-11 05:44:12",498
"2020-08-11 06:44:10",498
"2020-08-11 07:44:20",498
"2020-08-11 08:44:00",498
"2020-08-11 09:44:10",498
"2020-08-11 10:44:12",498
"2020-08-11 11:44:00",498
"2020-08-11 12:44:08",498
"2020-08-11 13:44:27",498
"2020-08-11 14:44:19",498
"2020-08-11 15:44:10",499
"2020-08-11 16:43:57",499
"2020-08-11 17:44:12",501
"2020-08-11 18:44:10",501
"2020-08-11 19:43:59",500
"2020-08-11 20:44:09",500
"2020-08-11 21:44:23",500
"2020-08-11 22:44:11",500
"2020-08-11 23:44:11",500
"2020-08-12 00:44:02",500
"2020-08-12 01:44:15",500
"2020-08-12 02:44:10",500
"2020-08-12 03:44:17",500
"2020-08-12 04:44:09",500
"2020-08-12 05:44:19",500
"2020-08-12 06:44:07",500
"2020-08-12 07:44:21",500
"2020-08-12 08:44:00",500
"2020-08-12 09:44:20",500
"2020-08-12 10:44:09",500
"2020-08-12 11:44:08",500
"2020-08-12 12:44:09",500
"2020-08-12 13:43:58",500
"2020-08-12 14:44:08",499
"2020-08-12 15:44:19",499
"2020-08-12 16:44:10",499
"2020-08-12 22:43:56",499
"2020-08-12 23:44:25",499
"2020-08-13 00:44:15",499
"2020-08-13 01:44:04",499
"2020-08-13 02:43:56",499
"2020-08-13 03:48:36",499
"2020-08-13 04:47:00",499
"2020-08-13 05:47:24",499
"2020-08-13 06:50:55",499
"2020-08-13 07:47:25",499
"2020-08-13 08:48:36",499
"2020-08-13 09:49:27",499
"2020-08-13 10:48:04",499
"2020-08-13 11:49:58",499
"2020-08-13 12:48:28",499
"2020-08-13 13:48:57",499
"2020-08-13 14:49:25",501
"2020-08-13 15:47:28",500
"2020-08-13 16:48:54",500
"2020-08-13 20:47:54",497
"2020-08-13 21:46:55",497
"2020-08-13 22:50:56",497
